
[0;36m╔══════════════════════════════════════════════════════╗[0m
[0;36m║  LAL10 Fashion Intelligence — Daily Pipeline         ║[0m
[0;36m║  Tue 29 Sep 2026, 12:12 PM                          ║[0m
[0;36m╚══════════════════════════════════════════════════════╝[0m
  [1;33mDRY RUN — EC2 sync skipped[0m
  [1;33mOnly running: Kids[0m

[1m[0;36m[3/9] Kidswear[0m  [2m(Kids → kids_gtm :3010)[0m
  [0;36m→[0m Scraping...
2026-09-29 12:12:04 | INFO    | GENERAL   | Pre-loaded 0 existing products from DB into seen cache.
2026-09-29 12:12:05 | INFO    | BRAND     | Resolving brand routes. | run_id=run_20260929_121204_794270_9f761b | brand=Kidbea
2026-09-29 12:12:06 | INFO    | BRAND     | Resolved Kidbea -> 1 routes (best brand total=864): https://www.myntra.com/kidbea | run_id=run_20260929_121204_794270_9f761b | brand=Kidbea | expected=864
2026-09-29 12:12:06 | INFO    | BRAND     | Starting brand scrape. | run_id=run_20260929_121204_794270_9f761b | brand=Kidbea | expected=864
2026-09-29 12:12:06 | INFO    | LISTING   | Listing Kidbea route https://www.myntra.com/kidbea page 1 -> https://www.myntra.com/gateway/v4/search/kidbea?rows=50&o=0&plaEnabled=false&xdEnabled=false&isFacet=true&p=1 | run_id=run_20260929_121204_794270_9f761b | brand=Kidbea | page=1 | route=https://www.myntra.com/kidbea | seen=0 | expected=864
2026-09-29 12:12:09 | INFO    | PDP       | Processed 40 target products for Kidbea in 2s (1244.25 products/min). | run_id=run_20260929_121204_794270_9f761b | brand=Kidbea | saved=40 | elapsed_label=2s | products_per_minute=1244.25
2026-09-29 12:12:09 | INFO    | LISTING   | Listing Kidbea route https://www.myntra.com/kidbea page 2 -> https://www.myntra.com/gateway/v4/search/kidbea?rows=50&o=50&plaEnabled=false&xdEnabled=false&isFacet=true&p=2 | run_id=run_20260929_121204_794270_9f761b | brand=Kidbea | page=2 | route=https://www.myntra.com/kidbea | seen=40 | expected=864
2026-09-29 12:12:12 | INFO    | PDP       | Processed 49 target products for Kidbea in 3s (1040.94 products/min). | run_id=run_20260929_121204_794270_9f761b | brand=Kidbea | saved=49 | elapsed_label=3s | products_per_minute=1040.94
2026-09-29 12:12:12 | INFO    | LISTING   | Listing Kidbea route https://www.myntra.com/kidbea page 3 -> https://www.myntra.com/gateway/v4/search/kidbea?rows=50&o=100&plaEnabled=false&xdEnabled=false&isFacet=true&p=3 | run_id=run_20260929_121204_794270_9f761b | brand=Kidbea | page=3 | route=https://www.myntra.com/kidbea | seen=89 | expected=864
2026-09-29 12:12:16 | INFO    | PDP       | Processed 47 target products for Kidbea in 3s (1015.24 products/min). | run_id=run_20260929_121204_794270_9f761b | brand=Kidbea | saved=47 | elapsed_label=3s | products_per_minute=1015.24
2026-09-29 12:12:16 | INFO    | LISTING   | Listing Kidbea route https://www.myntra.com/kidbea page 4 -> https://www.myntra.com/gateway/v4/search/kidbea?rows=50&o=150&plaEnabled=false&xdEnabled=false&isFacet=true&p=4 | run_id=run_20260929_121204_794270_9f761b | brand=Kidbea | page=4 | route=https://www.myntra.com/kidbea | seen=136 | expected=864
2026-09-29 12:12:19 | INFO    | PDP       | Processed 50 target products for Kidbea in 3s (1183.73 products/min). | run_id=run_20260929_121204_794270_9f761b | brand=Kidbea | saved=50 | elapsed_label=3s | products_per_minute=1183.73
2026-09-29 12:12:19 | INFO    | LISTING   | Listing Kidbea route https://www.myntra.com/kidbea page 5 -> https://www.myntra.com/gateway/v4/search/kidbea?rows=50&o=200&plaEnabled=false&xdEnabled=false&isFacet=true&p=5 | run_id=run_20260929_121204_794270_9f761b | brand=Kidbea | page=5 | route=https://www.myntra.com/kidbea | seen=186 | expected=864
2026-09-29 12:12:22 | INFO    | PDP       | Processed 45 target products for Kidbea in 2s (1097.28 products/min). | run_id=run_20260929_121204_794270_9f761b | brand=Kidbea | saved=45 | elapsed_label=2s | products_per_minute=1097.28
2026-09-29 12:12:22 | INFO    | LISTING   | Listing Kidbea route https://www.myntra.com/kidbea page 6 -> https://www.myntra.com/gateway/v4/search/kidbea?rows=50&o=250&plaEnabled=false&xdEnabled=false&isFacet=true&p=6 | run_id=run_20260929_121204_794270_9f761b | brand=Kidbea | page=6 | route=https://www.myntra.com/kidbea | seen=231 | expected=864
2026-09-29 12:12:25 | INFO    | PDP       | Processed 33 target products for Kidbea in 2s (891.14 products/min). | run_id=run_20260929_121204_794270_9f761b | brand=Kidbea | saved=33 | elapsed_label=2s | products_per_minute=891.14
2026-09-29 12:12:25 | INFO    | LISTING   | Listing Kidbea route https://www.myntra.com/kidbea page 7 -> https://www.myntra.com/gateway/v4/search/kidbea?rows=50&o=300&plaEnabled=false&xdEnabled=false&isFacet=true&p=7 | run_id=run_20260929_121204_794270_9f761b | brand=Kidbea | page=7 | route=https://www.myntra.com/kidbea | seen=264 | expected=864
2026-09-29 12:12:28 | INFO    | PDP       | Processed 39 target products for Kidbea in 2s (1022.29 products/min). | run_id=run_20260929_121204_794270_9f761b | brand=Kidbea | saved=39 | elapsed_label=2s | products_per_minute=1022.29
2026-09-29 12:12:29 | INFO    | LISTING   | Listing Kidbea route https://www.myntra.com/kidbea page 8 -> https://www.myntra.com/gateway/v4/search/kidbea?rows=50&o=350&plaEnabled=false&xdEnabled=false&isFacet=true&p=8 | run_id=run_20260929_121204_794270_9f761b | brand=Kidbea | page=8 | route=https://www.myntra.com/kidbea | seen=303 | expected=864
2026-09-29 12:12:32 | INFO    | PDP       | Processed 43 target products for Kidbea in 3s (1001.66 products/min). | run_id=run_20260929_121204_794270_9f761b | brand=Kidbea | saved=43 | elapsed_label=3s | products_per_minute=1001.66
2026-09-29 12:12:32 | INFO    | LISTING   | Listing Kidbea route https://www.myntra.com/kidbea page 9 -> https://www.myntra.com/gateway/v4/search/kidbea?rows=50&o=400&plaEnabled=false&xdEnabled=false&isFacet=true&p=9 | run_id=run_20260929_121204_794270_9f761b | brand=Kidbea | page=9 | route=https://www.myntra.com/kidbea | seen=346 | expected=864
2026-09-29 12:12:35 | INFO    | PDP       | Processed 42 target products for Kidbea in 2s (1049.88 products/min). | run_id=run_20260929_121204_794270_9f761b | brand=Kidbea | saved=42 | elapsed_label=2s | products_per_minute=1049.88
2026-09-29 12:12:35 | INFO    | LISTING   | Listing Kidbea route https://www.myntra.com/kidbea page 10 -> https://www.myntra.com/gateway/v4/search/kidbea?rows=50&o=450&plaEnabled=false&xdEnabled=false&isFacet=true&p=10 | run_id=run_20260929_121204_794270_9f761b | brand=Kidbea | page=10 | route=https://www.myntra.com/kidbea | seen=388 | expected=864
2026-09-29 12:12:38 | INFO    | PDP       | Processed 44 target products for Kidbea in 3s (989.95 products/min). | run_id=run_20260929_121204_794270_9f761b | brand=Kidbea | saved=44 | elapsed_label=3s | products_per_minute=989.95
2026-09-29 12:12:38 | INFO    | LISTING   | Listing Kidbea route https://www.myntra.com/kidbea page 11 -> https://www.myntra.com/gateway/v4/search/kidbea?rows=50&o=500&plaEnabled=false&xdEnabled=false&isFacet=true&p=11 | run_id=run_20260929_121204_794270_9f761b | brand=Kidbea | page=11 | route=https://www.myntra.com/kidbea | seen=432 | expected=864
2026-09-29 12:12:41 | INFO    | PDP       | Processed 24 target products for Kidbea in 2s (779.99 products/min). | run_id=run_20260929_121204_794270_9f761b | brand=Kidbea | saved=24 | elapsed_label=2s | products_per_minute=779.99
2026-09-29 12:12:41 | INFO    | LISTING   | Listing Kidbea route https://www.myntra.com/kidbea page 12 -> https://www.myntra.com/gateway/v4/search/kidbea?rows=50&o=550&plaEnabled=false&xdEnabled=false&isFacet=true&p=12 | run_id=run_20260929_121204_794270_9f761b | brand=Kidbea | page=12 | route=https://www.myntra.com/kidbea | seen=456 | expected=864
2026-09-29 12:12:43 | INFO    | PDP       | Processed 32 target products for Kidbea in 2s (1006.51 products/min). | run_id=run_20260929_121204_794270_9f761b | brand=Kidbea | saved=32 | elapsed_label=2s | products_per_minute=1006.51
2026-09-29 12:12:43 | INFO    | LISTING   | Listing Kidbea route https://www.myntra.com/kidbea page 13 -> https://www.myntra.com/gateway/v4/search/kidbea?rows=50&o=600&plaEnabled=false&xdEnabled=false&isFacet=true&p=13 | run_id=run_20260929_121204_794270_9f761b | brand=Kidbea | page=13 | route=https://www.myntra.com/kidbea | seen=488 | expected=864
2026-09-29 12:12:45 | INFO    | PDP       | Processed 13 target products for Kidbea in 2s (517.42 products/min). | run_id=run_20260929_121204_794270_9f761b | brand=Kidbea | saved=13 | elapsed_label=2s | products_per_minute=517.42
2026-09-29 12:12:46 | INFO    | LISTING   | Listing Kidbea route https://www.myntra.com/kidbea page 14 -> https://www.myntra.com/gateway/v4/search/kidbea?rows=50&o=650&plaEnabled=false&xdEnabled=false&isFacet=true&p=14 | run_id=run_20260929_121204_794270_9f761b | brand=Kidbea | page=14 | route=https://www.myntra.com/kidbea | seen=501 | expected=864
2026-09-29 12:12:49 | INFO    | PDP       | Processed 43 target products for Kidbea in 3s (947.59 products/min). | run_id=run_20260929_121204_794270_9f761b | brand=Kidbea | saved=43 | elapsed_label=3s | products_per_minute=947.59
2026-09-29 12:12:49 | INFO    | LISTING   | Listing Kidbea route https://www.myntra.com/kidbea page 15 -> https://www.myntra.com/gateway/v4/search/kidbea?rows=50&o=700&plaEnabled=false&xdEnabled=false&isFacet=true&p=15 | run_id=run_20260929_121204_794270_9f761b | brand=Kidbea | page=15 | route=https://www.myntra.com/kidbea | seen=544 | expected=864
2026-09-29 12:12:52 | INFO    | PDP       | Processed 38 target products for Kidbea in 2s (989.67 products/min). | run_id=run_20260929_121204_794270_9f761b | brand=Kidbea | saved=38 | elapsed_label=2s | products_per_minute=989.67
2026-09-29 12:12:52 | INFO    | LISTING   | Listing Kidbea route https://www.myntra.com/kidbea page 16 -> https://www.myntra.com/gateway/v4/search/kidbea?rows=50&o=750&plaEnabled=false&xdEnabled=false&isFacet=true&p=16 | run_id=run_20260929_121204_794270_9f761b | brand=Kidbea | page=16 | route=https://www.myntra.com/kidbea | seen=582 | expected=864
2026-09-29 12:12:54 | INFO    | PDP       | Processed 27 target products for Kidbea in 2s (872.93 products/min). | run_id=run_20260929_121204_794270_9f761b | brand=Kidbea | saved=27 | elapsed_label=2s | products_per_minute=872.93
2026-09-29 12:12:55 | INFO    | LISTING   | Listing Kidbea route https://www.myntra.com/kidbea page 17 -> https://www.myntra.com/gateway/v4/search/kidbea?rows=50&o=800&plaEnabled=false&xdEnabled=false&isFacet=true&p=17 | run_id=run_20260929_121204_794270_9f761b | brand=Kidbea | page=17 | route=https://www.myntra.com/kidbea | seen=609 | expected=864
2026-09-29 12:12:58 | INFO    | PDP       | Processed 48 target products for Kidbea in 3s (958.6 products/min). | run_id=run_20260929_121204_794270_9f761b | brand=Kidbea | saved=48 | elapsed_label=3s | products_per_minute=958.6
2026-09-29 12:12:58 | INFO    | LISTING   | Listing Kidbea route https://www.myntra.com/kidbea page 18 -> https://www.myntra.com/gateway/v4/search/kidbea?rows=50&o=850&plaEnabled=false&xdEnabled=false&isFacet=true&p=18 | run_id=run_20260929_121204_794270_9f761b | brand=Kidbea | page=18 | route=https://www.myntra.com/kidbea | seen=657 | expected=864
2026-09-29 12:13:02 | INFO    | PDP       | Processed 44 target products for Kidbea in 3s (895.84 products/min). | run_id=run_20260929_121204_794270_9f761b | brand=Kidbea | saved=44 | elapsed_label=3s | products_per_minute=895.84
2026-09-29 12:13:02 | INFO    | LISTING   | Listing Kidbea route https://www.myntra.com/kidbea page 19 -> https://www.myntra.com/gateway/v4/search/kidbea?rows=50&o=900&plaEnabled=false&xdEnabled=false&isFacet=true&p=19 | run_id=run_20260929_121204_794270_9f761b | brand=Kidbea | page=19 | route=https://www.myntra.com/kidbea | seen=701 | expected=864
2026-09-29 12:13:06 | INFO    | PDP       | Processed 49 target products for Kidbea in 3s (989.66 products/min). | run_id=run_20260929_121204_794270_9f761b | brand=Kidbea | saved=49 | elapsed_label=3s | products_per_minute=989.66
2026-09-29 12:13:06 | INFO    | LISTING   | Listing Kidbea route https://www.myntra.com/kidbea page 20 -> https://www.myntra.com/gateway/v4/search/kidbea?rows=50&o=950&plaEnabled=false&xdEnabled=false&isFacet=true&p=20 | run_id=run_20260929_121204_794270_9f761b | brand=Kidbea | page=20 | route=https://www.myntra.com/kidbea | seen=750 | expected=864
2026-09-29 12:13:07 | INFO    | PDP       | Processed 11 target products for Kidbea in 1s (597.73 products/min). | run_id=run_20260929_121204_794270_9f761b | brand=Kidbea | saved=11 | elapsed_label=1s | products_per_minute=597.73
2026-09-29 12:13:07 | INFO    | LISTING   | Listing Kidbea route https://www.myntra.com/kidbea page 21 -> https://www.myntra.com/gateway/v4/search/kidbea?rows=50&o=1000&plaEnabled=false&xdEnabled=false&isFacet=true&p=21 | run_id=run_20260929_121204_794270_9f761b | brand=Kidbea | page=21 | route=https://www.myntra.com/kidbea | seen=761 | expected=864
2026-09-29 12:13:08 | WARNING | LISTING   | Empty listing page for Kidbea on page 21 before expected end; continuing. | run_id=run_20260929_121204_794270_9f761b | brand=Kidbea | page=21 | route=https://www.myntra.com/kidbea
2026-09-29 12:13:08 | INFO    | LISTING   | Listing Kidbea route https://www.myntra.com/kidbea page 22 -> https://www.myntra.com/gateway/v4/search/kidbea?rows=50&o=1050&plaEnabled=false&xdEnabled=false&isFacet=true&p=22 | run_id=run_20260929_121204_794270_9f761b | brand=Kidbea | page=22 | route=https://www.myntra.com/kidbea | seen=761 | expected=864
2026-09-29 12:13:08 | WARNING | NETWORK   | JSON request failed for https://www.myntra.com/gateway/v4/search/kidbea?rows=50&o=1050&plaEnabled=false&xdEnabled=false&isFacet=true&p=22 on attempt 1/3: HTTP Error 400:  | run_id=run_20260929_121204_794270_9f761b | route=https://www.myntra.com/gateway/v4/search/kidbea?rows=50&o=1050&plaEnabled=false&xdEnabled=false&isFacet=true&p=22 | attempt=1/3
2026-09-29 12:13:10 | WARNING | NETWORK   | JSON request failed for https://www.myntra.com/gateway/v4/search/kidbea?rows=50&o=1050&plaEnabled=false&xdEnabled=false&isFacet=true&p=22 on attempt 2/3: HTTP Error 400:  | run_id=run_20260929_121204_794270_9f761b | route=https://www.myntra.com/gateway/v4/search/kidbea?rows=50&o=1050&plaEnabled=false&xdEnabled=false&isFacet=true&p=22 | attempt=2/3
2026-09-29 12:13:12 | WARNING | NETWORK   | JSON request failed for https://www.myntra.com/gateway/v4/search/kidbea?rows=50&o=1050&plaEnabled=false&xdEnabled=false&isFacet=true&p=22 on attempt 3/3: HTTP Error 400:  | run_id=run_20260929_121204_794270_9f761b | route=https://www.myntra.com/gateway/v4/search/kidbea?rows=50&o=1050&plaEnabled=false&xdEnabled=false&isFacet=true&p=22 | attempt=3/3
2026-09-29 12:13:13 | WARNING | NETWORK   | JSON request failed for https://www.myntra.com/gateway/v4/search/kidbea?rows=50&o=1049&plaEnabled=false&xdEnabled=false&isFacet=true&p=22 on attempt 1/3: HTTP Error 400:  | run_id=run_20260929_121204_794270_9f761b | route=https://www.myntra.com/gateway/v4/search/kidbea?rows=50&o=1049&plaEnabled=false&xdEnabled=false&isFacet=true&p=22 | attempt=1/3
2026-09-29 12:13:14 | WARNING | NETWORK   | JSON request failed for https://www.myntra.com/gateway/v4/search/kidbea?rows=50&o=1049&plaEnabled=false&xdEnabled=false&isFacet=true&p=22 on attempt 2/3: HTTP Error 400:  | run_id=run_20260929_121204_794270_9f761b | route=https://www.myntra.com/gateway/v4/search/kidbea?rows=50&o=1049&plaEnabled=false&xdEnabled=false&isFacet=true&p=22 | attempt=2/3
2026-09-29 12:13:17 | WARNING | NETWORK   | JSON request failed for https://www.myntra.com/gateway/v4/search/kidbea?rows=50&o=1049&plaEnabled=false&xdEnabled=false&isFacet=true&p=22 on attempt 3/3: HTTP Error 400:  | run_id=run_20260929_121204_794270_9f761b | route=https://www.myntra.com/gateway/v4/search/kidbea?rows=50&o=1049&plaEnabled=false&xdEnabled=false&isFacet=true&p=22 | attempt=3/3
2026-09-29 12:13:17 | WARNING | LISTING   | Route fetch failed for https://www.myntra.com/kidbea page 22 (Failed to fetch JSON payload from https://www.myntra.com/gateway/v4/search/kidbea?rows=50&o=1049&plaEnabled=false&xdEnabled=false&isFacet=true&p=22: HTTP Error 400: ). Will retry with another pass or fallback route. | run_id=run_20260929_121204_794270_9f761b | brand=Kidbea | page=22 | route=https://www.myntra.com/kidbea
2026-09-29 12:13:17 | WARNING | LISTING   | Retrying route https://www.myntra.com/kidbea for Kidbea (pass 1/2) after incomplete coverage: 761/864 unique products seen. | run_id=run_20260929_121204_794270_9f761b | brand=Kidbea | route=https://www.myntra.com/kidbea | seen=761 | expected=864 | attempt=1/2
2026-09-29 12:13:17 | INFO    | LISTING   | Listing Kidbea route https://www.myntra.com/kidbea page 1 -> https://www.myntra.com/gateway/v4/search/kidbea?rows=50&o=0&plaEnabled=false&xdEnabled=false&isFacet=true&p=1 | run_id=run_20260929_121204_794270_9f761b | brand=Kidbea | page=1 | route=https://www.myntra.com/kidbea | seen=761 | expected=864
2026-09-29 12:13:18 | INFO    | LISTING   | Listing Kidbea route https://www.myntra.com/kidbea page 2 -> https://www.myntra.com/gateway/v4/search/kidbea?rows=50&o=50&plaEnabled=false&xdEnabled=false&isFacet=true&p=2 | run_id=run_20260929_121204_794270_9f761b | brand=Kidbea | page=2 | route=https://www.myntra.com/kidbea | seen=761 | expected=864
2026-09-29 12:13:19 | INFO    | LISTING   | Listing Kidbea route https://www.myntra.com/kidbea page 3 -> https://www.myntra.com/gateway/v4/search/kidbea?rows=50&o=100&plaEnabled=false&xdEnabled=false&isFacet=true&p=3 | run_id=run_20260929_121204_794270_9f761b | brand=Kidbea | page=3 | route=https://www.myntra.com/kidbea | seen=761 | expected=864
2026-09-29 12:13:20 | WARNING | LISTING   | Route https://www.myntra.com/kidbea for Kidbea stalled for 3 consecutive pages before reaching expected total; restarting route pass. | run_id=run_20260929_121204_794270_9f761b | brand=Kidbea | page=3 | route=https://www.myntra.com/kidbea | seen=761 | expected=864
2026-09-29 12:13:20 | WARNING | LISTING   | Retrying route https://www.myntra.com/kidbea for Kidbea (pass 2/2) after incomplete coverage: 761/864 unique products seen. | run_id=run_20260929_121204_794270_9f761b | brand=Kidbea | route=https://www.myntra.com/kidbea | seen=761 | expected=864 | attempt=2/2
2026-09-29 12:13:20 | INFO    | LISTING   | Listing Kidbea route https://www.myntra.com/kidbea page 1 -> https://www.myntra.com/gateway/v4/search/kidbea?rows=50&o=0&plaEnabled=false&xdEnabled=false&isFacet=true&p=1 | run_id=run_20260929_121204_794270_9f761b | brand=Kidbea | page=1 | route=https://www.myntra.com/kidbea | seen=761 | expected=864
2026-09-29 12:13:21 | INFO    | LISTING   | Listing Kidbea route https://www.myntra.com/kidbea page 2 -> https://www.myntra.com/gateway/v4/search/kidbea?rows=50&o=50&plaEnabled=false&xdEnabled=false&isFacet=true&p=2 | run_id=run_20260929_121204_794270_9f761b | brand=Kidbea | page=2 | route=https://www.myntra.com/kidbea | seen=761 | expected=864
2026-09-29 12:13:22 | INFO    | LISTING   | Listing Kidbea route https://www.myntra.com/kidbea page 3 -> https://www.myntra.com/gateway/v4/search/kidbea?rows=50&o=100&plaEnabled=false&xdEnabled=false&isFacet=true&p=3 | run_id=run_20260929_121204_794270_9f761b | brand=Kidbea | page=3 | route=https://www.myntra.com/kidbea | seen=761 | expected=864
2026-09-29 12:13:22 | WARNING | LISTING   | Route https://www.myntra.com/kidbea for Kidbea stalled for 3 consecutive pages before reaching expected total; restarting route pass. | run_id=run_20260929_121204_794270_9f761b | brand=Kidbea | page=3 | route=https://www.myntra.com/kidbea | seen=761 | expected=864
2026-09-29 12:13:22 | WARNING | BRAND     | Brand Kidbea finished below expected count: saw 761 unique shirts products vs expected 864. | run_id=run_20260929_121204_794270_9f761b | brand=Kidbea | seen=761 | expected=864
2026-09-29 12:13:22 | INFO    | BRAND     | Brand scrape completed in 1m 17s (591.89 products/min). | run_id=run_20260929_121204_794270_9f761b | brand=Kidbea | status=COMPLETED | saved=761 | seen=761 | expected=864 | elapsed_label=1m 17s | products_per_minute=591.89
2026-09-29 12:13:23 | INFO    | SNAPSHOT  | Periodic snapshot created after Kidbea. | run_id=run_20260929_121204_794270_9f761b | brand=Kidbea
2026-09-29 12:13:23 | INFO    | BRAND     | Resolving brand routes. | run_id=run_20260929_121204_794270_9f761b | brand=Hopscotch
2026-09-29 12:13:23 | INFO    | BRAND     | Resolved Hopscotch -> 1 routes (best brand total=5158): https://www.myntra.com/hopscotch | run_id=run_20260929_121204_794270_9f761b | brand=Hopscotch | expected=5158
2026-09-29 12:13:23 | INFO    | BRAND     | Starting brand scrape. | run_id=run_20260929_121204_794270_9f761b | brand=Hopscotch | expected=5158
2026-09-29 12:13:23 | INFO    | LISTING   | Listing Hopscotch route https://www.myntra.com/hopscotch page 1 -> https://www.myntra.com/gateway/v4/search/hopscotch?rows=50&o=0&plaEnabled=false&xdEnabled=false&isFacet=true&p=1 | run_id=run_20260929_121204_794270_9f761b | brand=Hopscotch | page=1 | route=https://www.myntra.com/hopscotch | seen=0 | expected=5158
2026-09-29 12:13:26 | INFO    | PDP       | Processed 42 target products for Hopscotch in 2s (1091.67 products/min). | run_id=run_20260929_121204_794270_9f761b | brand=Hopscotch | saved=42 | elapsed_label=2s | products_per_minute=1091.67
2026-09-29 12:13:26 | INFO    | LISTING   | Listing Hopscotch route https://www.myntra.com/hopscotch page 2 -> https://www.myntra.com/gateway/v4/search/hopscotch?rows=50&o=50&plaEnabled=false&xdEnabled=false&isFacet=true&p=2 | run_id=run_20260929_121204_794270_9f761b | brand=Hopscotch | page=2 | route=https://www.myntra.com/hopscotch | seen=42 | expected=5158
2026-09-29 12:13:30 | INFO    | PDP       | Processed 49 target products for Hopscotch in 2s (1193.31 products/min). | run_id=run_20260929_121204_794270_9f761b | brand=Hopscotch | saved=49 | elapsed_label=2s | products_per_minute=1193.31
2026-09-29 12:13:30 | INFO    | LISTING   | Listing Hopscotch route https://www.myntra.com/hopscotch page 3 -> https://www.myntra.com/gateway/v4/search/hopscotch?rows=50&o=100&plaEnabled=false&xdEnabled=false&isFacet=true&p=3 | run_id=run_20260929_121204_794270_9f761b | brand=Hopscotch | page=3 | route=https://www.myntra.com/hopscotch | seen=91 | expected=5158
2026-09-29 12:13:34 | INFO    | PDP       | Processed 50 target products for Hopscotch in 4s (804.38 products/min). | run_id=run_20260929_121204_794270_9f761b | brand=Hopscotch | saved=50 | elapsed_label=4s | products_per_minute=804.38
2026-09-29 12:13:34 | INFO    | LISTING   | Listing Hopscotch route https://www.myntra.com/hopscotch page 4 -> https://www.myntra.com/gateway/v4/search/hopscotch?rows=50&o=150&plaEnabled=false&xdEnabled=false&isFacet=true&p=4 | run_id=run_20260929_121204_794270_9f761b | brand=Hopscotch | page=4 | route=https://www.myntra.com/hopscotch | seen=141 | expected=5158
2026-09-29 12:13:39 | INFO    | PDP       | Processed 47 target products for Hopscotch in 4s (704.98 products/min). | run_id=run_20260929_121204_794270_9f761b | brand=Hopscotch | saved=47 | elapsed_label=4s | products_per_minute=704.98
2026-09-29 12:13:39 | INFO    | LISTING   | Listing Hopscotch route https://www.myntra.com/hopscotch page 5 -> https://www.myntra.com/gateway/v4/search/hopscotch?rows=50&o=200&plaEnabled=false&xdEnabled=false&isFacet=true&p=5 | run_id=run_20260929_121204_794270_9f761b | brand=Hopscotch | page=5 | route=https://www.myntra.com/hopscotch | seen=188 | expected=5158
2026-09-29 12:13:43 | INFO    | PDP       | Processed 48 target products for Hopscotch in 3s (889.85 products/min). | run_id=run_20260929_121204_794270_9f761b | brand=Hopscotch | saved=48 | elapsed_label=3s | products_per_minute=889.85
2026-09-29 12:13:43 | INFO    | LISTING   | Listing Hopscotch route https://www.myntra.com/hopscotch page 6 -> https://www.myntra.com/gateway/v4/search/hopscotch?rows=50&o=250&plaEnabled=false&xdEnabled=false&isFacet=true&p=6 | run_id=run_20260929_121204_794270_9f761b | brand=Hopscotch | page=6 | route=https://www.myntra.com/hopscotch | seen=236 | expected=5158
2026-09-29 12:13:48 | INFO    | PDP       | Processed 48 target products for Hopscotch in 4s (730.64 products/min). | run_id=run_20260929_121204_794270_9f761b | brand=Hopscotch | saved=48 | elapsed_label=4s | products_per_minute=730.64
2026-09-29 12:13:48 | INFO    | LISTING   | Listing Hopscotch route https://www.myntra.com/hopscotch page 7 -> https://www.myntra.com/gateway/v4/search/hopscotch?rows=50&o=300&plaEnabled=false&xdEnabled=false&isFacet=true&p=7 | run_id=run_20260929_121204_794270_9f761b | brand=Hopscotch | page=7 | route=https://www.myntra.com/hopscotch | seen=284 | expected=5158
2026-09-29 12:13:53 | INFO    | PDP       | Processed 50 target products for Hopscotch in 4s (754.97 products/min). | run_id=run_20260929_121204_794270_9f761b | brand=Hopscotch | saved=50 | elapsed_label=4s | products_per_minute=754.97
2026-09-29 12:13:53 | INFO    | LISTING   | Listing Hopscotch route https://www.myntra.com/hopscotch page 8 -> https://www.myntra.com/gateway/v4/search/hopscotch?rows=50&o=350&plaEnabled=false&xdEnabled=false&isFacet=true&p=8 | run_id=run_20260929_121204_794270_9f761b | brand=Hopscotch | page=8 | route=https://www.myntra.com/hopscotch | seen=334 | expected=5158
2026-09-29 12:13:56 | INFO    | PDP       | Processed 47 target products for Hopscotch in 3s (1068.97 products/min). | run_id=run_20260929_121204_794270_9f761b | brand=Hopscotch | saved=47 | elapsed_label=3s | products_per_minute=1068.97
2026-09-29 12:13:57 | INFO    | LISTING   | Listing Hopscotch route https://www.myntra.com/hopscotch page 9 -> https://www.myntra.com/gateway/v4/search/hopscotch?rows=50&o=400&plaEnabled=false&xdEnabled=false&isFacet=true&p=9 | run_id=run_20260929_121204_794270_9f761b | brand=Hopscotch | page=9 | route=https://www.myntra.com/hopscotch | seen=381 | expected=5158
2026-09-29 12:14:00 | INFO    | PDP       | Processed 49 target products for Hopscotch in 2s (1220.74 products/min). | run_id=run_20260929_121204_794270_9f761b | brand=Hopscotch | saved=49 | elapsed_label=2s | products_per_minute=1220.74
2026-09-29 12:14:00 | INFO    | LISTING   | Listing Hopscotch route https://www.myntra.com/hopscotch page 10 -> https://www.myntra.com/gateway/v4/search/hopscotch?rows=50&o=450&plaEnabled=false&xdEnabled=false&isFacet=true&p=10 | run_id=run_20260929_121204_794270_9f761b | brand=Hopscotch | page=10 | route=https://www.myntra.com/hopscotch | seen=430 | expected=5158
2026-09-29 12:14:03 | INFO    | PDP       | Processed 50 target products for Hopscotch in 3s (1107.06 products/min). | run_id=run_20260929_121204_794270_9f761b | brand=Hopscotch | saved=50 | elapsed_label=3s | products_per_minute=1107.06
2026-09-29 12:14:03 | INFO    | LISTING   | Listing Hopscotch route https://www.myntra.com/hopscotch page 11 -> https://www.myntra.com/gateway/v4/search/hopscotch?rows=50&o=500&plaEnabled=false&xdEnabled=false&isFacet=true&p=11 | run_id=run_20260929_121204_794270_9f761b | brand=Hopscotch | page=11 | route=https://www.myntra.com/hopscotch | seen=480 | expected=5158
2026-09-29 12:14:06 | INFO    | PDP       | Processed 48 target products for Hopscotch in 2s (1202.32 products/min). | run_id=run_20260929_121204_794270_9f761b | brand=Hopscotch | saved=48 | elapsed_label=2s | products_per_minute=1202.32
2026-09-29 12:14:07 | INFO    | LISTING   | Listing Hopscotch route https://www.myntra.com/hopscotch page 12 -> https://www.myntra.com/gateway/v4/search/hopscotch?rows=50&o=550&plaEnabled=false&xdEnabled=false&isFacet=true&p=12 | run_id=run_20260929_121204_794270_9f761b | brand=Hopscotch | page=12 | route=https://www.myntra.com/hopscotch | seen=528 | expected=5158
2026-09-29 12:14:10 | INFO    | PDP       | Processed 50 target products for Hopscotch in 2s (1307.62 products/min). | run_id=run_20260929_121204_794270_9f761b | brand=Hopscotch | saved=50 | elapsed_label=2s | products_per_minute=1307.62
2026-09-29 12:14:10 | INFO    | LISTING   | Listing Hopscotch route https://www.myntra.com/hopscotch page 13 -> https://www.myntra.com/gateway/v4/search/hopscotch?rows=50&o=600&plaEnabled=false&xdEnabled=false&isFacet=true&p=13 | run_id=run_20260929_121204_794270_9f761b | brand=Hopscotch | page=13 | route=https://www.myntra.com/hopscotch | seen=578 | expected=5158
2026-09-29 12:14:13 | INFO    | PDP       | Processed 48 target products for Hopscotch in 3s (1022.97 products/min). | run_id=run_20260929_121204_794270_9f761b | brand=Hopscotch | saved=48 | elapsed_label=3s | products_per_minute=1022.97
2026-09-29 12:14:13 | INFO    | LISTING   | Listing Hopscotch route https://www.myntra.com/hopscotch page 14 -> https://www.myntra.com/gateway/v4/search/hopscotch?rows=50&o=650&plaEnabled=false&xdEnabled=false&isFacet=true&p=14 | run_id=run_20260929_121204_794270_9f761b | brand=Hopscotch | page=14 | route=https://www.myntra.com/hopscotch | seen=626 | expected=5158
2026-09-29 12:14:17 | INFO    | PDP       | Processed 50 target products for Hopscotch in 3s (1163.27 products/min). | run_id=run_20260929_121204_794270_9f761b | brand=Hopscotch | saved=50 | elapsed_label=3s | products_per_minute=1163.27
2026-09-29 12:14:17 | INFO    | LISTING   | Listing Hopscotch route https://www.myntra.com/hopscotch page 15 -> https://www.myntra.com/gateway/v4/search/hopscotch?rows=50&o=700&plaEnabled=false&xdEnabled=false&isFacet=true&p=15 | run_id=run_20260929_121204_794270_9f761b | brand=Hopscotch | page=15 | route=https://www.myntra.com/hopscotch | seen=676 | expected=5158
2026-09-29 12:14:20 | INFO    | PDP       | Processed 50 target products for Hopscotch in 3s (1127.33 products/min). | run_id=run_20260929_121204_794270_9f761b | brand=Hopscotch | saved=50 | elapsed_label=3s | products_per_minute=1127.33
2026-09-29 12:14:20 | INFO    | LISTING   | Listing Hopscotch route https://www.myntra.com/hopscotch page 16 -> https://www.myntra.com/gateway/v4/search/hopscotch?rows=50&o=750&plaEnabled=false&xdEnabled=false&isFacet=true&p=16 | run_id=run_20260929_121204_794270_9f761b | brand=Hopscotch | page=16 | route=https://www.myntra.com/hopscotch | seen=726 | expected=5158
2026-09-29 12:14:24 | INFO    | PDP       | Processed 49 target products for Hopscotch in 3s (1130.58 products/min). | run_id=run_20260929_121204_794270_9f761b | brand=Hopscotch | saved=49 | elapsed_label=3s | products_per_minute=1130.58
2026-09-29 12:14:24 | INFO    | LISTING   | Listing Hopscotch route https://www.myntra.com/hopscotch page 17 -> https://www.myntra.com/gateway/v4/search/hopscotch?rows=50&o=800&plaEnabled=false&xdEnabled=false&isFacet=true&p=17 | run_id=run_20260929_121204_794270_9f761b | brand=Hopscotch | page=17 | route=https://www.myntra.com/hopscotch | seen=775 | expected=5158
2026-09-29 12:14:28 | INFO    | PDP       | Processed 50 target products for Hopscotch in 4s (779.95 products/min). | run_id=run_20260929_121204_794270_9f761b | brand=Hopscotch | saved=50 | elapsed_label=4s | products_per_minute=779.95
2026-09-29 12:14:29 | INFO    | LISTING   | Listing Hopscotch route https://www.myntra.com/hopscotch page 18 -> https://www.myntra.com/gateway/v4/search/hopscotch?rows=50&o=850&plaEnabled=false&xdEnabled=false&isFacet=true&p=18 | run_id=run_20260929_121204_794270_9f761b | brand=Hopscotch | page=18 | route=https://www.myntra.com/hopscotch | seen=825 | expected=5158
2026-09-29 12:14:32 | INFO    | PDP       | Processed 49 target products for Hopscotch in 3s (1046.34 products/min). | run_id=run_20260929_121204_794270_9f761b | brand=Hopscotch | saved=49 | elapsed_label=3s | products_per_minute=1046.34
2026-09-29 12:14:32 | INFO    | LISTING   | Listing Hopscotch route https://www.myntra.com/hopscotch page 19 -> https://www.myntra.com/gateway/v4/search/hopscotch?rows=50&o=900&plaEnabled=false&xdEnabled=false&isFacet=true&p=19 | run_id=run_20260929_121204_794270_9f761b | brand=Hopscotch | page=19 | route=https://www.myntra.com/hopscotch | seen=874 | expected=5158
2026-09-29 12:14:36 | INFO    | PDP       | Processed 45 target products for Hopscotch in 3s (1029.41 products/min). | run_id=run_20260929_121204_794270_9f761b | brand=Hopscotch | saved=45 | elapsed_label=3s | products_per_minute=1029.41
2026-09-29 12:14:36 | INFO    | LISTING   | Listing Hopscotch route https://www.myntra.com/hopscotch page 20 -> https://www.myntra.com/gateway/v4/search/hopscotch?rows=50&o=950&plaEnabled=false&xdEnabled=false&isFacet=true&p=20 | run_id=run_20260929_121204_794270_9f761b | brand=Hopscotch | page=20 | route=https://www.myntra.com/hopscotch | seen=919 | expected=5158
2026-09-29 12:14:39 | INFO    | PDP       | Processed 50 target products for Hopscotch in 3s (1019.81 products/min). | run_id=run_20260929_121204_794270_9f761b | brand=Hopscotch | saved=50 | elapsed_label=3s | products_per_minute=1019.81
2026-09-29 12:14:39 | INFO    | LISTING   | Listing Hopscotch route https://www.myntra.com/hopscotch page 21 -> https://www.myntra.com/gateway/v4/search/hopscotch?rows=50&o=1000&plaEnabled=false&xdEnabled=false&isFacet=true&p=21 | run_id=run_20260929_121204_794270_9f761b | brand=Hopscotch | page=21 | route=https://www.myntra.com/hopscotch | seen=969 | expected=5158
2026-09-29 12:14:43 | INFO    | PDP       | Processed 48 target products for Hopscotch in 3s (1081.51 products/min). | run_id=run_20260929_121204_794270_9f761b | brand=Hopscotch | saved=48 | elapsed_label=3s | products_per_minute=1081.51
2026-09-29 12:14:43 | INFO    | LISTING   | Listing Hopscotch route https://www.myntra.com/hopscotch page 22 -> https://www.myntra.com/gateway/v4/search/hopscotch?rows=50&o=1050&plaEnabled=false&xdEnabled=false&isFacet=true&p=22 | run_id=run_20260929_121204_794270_9f761b | brand=Hopscotch | page=22 | route=https://www.myntra.com/hopscotch | seen=1017 | expected=5158
2026-09-29 12:14:46 | INFO    | PDP       | Processed 50 target products for Hopscotch in 2s (1273.93 products/min). | run_id=run_20260929_121204_794270_9f761b | brand=Hopscotch | saved=50 | elapsed_label=2s | products_per_minute=1273.93
2026-09-29 12:14:46 | INFO    | LISTING   | Listing Hopscotch route https://www.myntra.com/hopscotch page 23 -> https://www.myntra.com/gateway/v4/search/hopscotch?rows=50&o=1100&plaEnabled=false&xdEnabled=false&isFacet=true&p=23 | run_id=run_20260929_121204_794270_9f761b | brand=Hopscotch | page=23 | route=https://www.myntra.com/hopscotch | seen=1067 | expected=5158
2026-09-29 12:14:49 | INFO    | PDP       | Processed 44 target products for Hopscotch in 2s (1227.47 products/min). | run_id=run_20260929_121204_794270_9f761b | brand=Hopscotch | saved=44 | elapsed_label=2s | products_per_minute=1227.47
2026-09-29 12:14:49 | INFO    | LISTING   | Listing Hopscotch route https://www.myntra.com/hopscotch page 24 -> https://www.myntra.com/gateway/v4/search/hopscotch?rows=50&o=1150&plaEnabled=false&xdEnabled=false&isFacet=true&p=24 | run_id=run_20260929_121204_794270_9f761b | brand=Hopscotch | page=24 | route=https://www.myntra.com/hopscotch | seen=1111 | expected=5158
2026-09-29 12:14:52 | INFO    | PDP       | Processed 49 target products for Hopscotch in 2s (1368.5 products/min). | run_id=run_20260929_121204_794270_9f761b | brand=Hopscotch | saved=49 | elapsed_label=2s | products_per_minute=1368.5
2026-09-29 12:14:52 | INFO    | LISTING   | Listing Hopscotch route https://www.myntra.com/hopscotch page 25 -> https://www.myntra.com/gateway/v4/search/hopscotch?rows=50&o=1200&plaEnabled=false&xdEnabled=false&isFacet=true&p=25 | run_id=run_20260929_121204_794270_9f761b | brand=Hopscotch | page=25 | route=https://www.myntra.com/hopscotch | seen=1160 | expected=5158
2026-09-29 12:14:55 | INFO    | PDP       | Processed 50 target products for Hopscotch in 2s (1231.99 products/min). | run_id=run_20260929_121204_794270_9f761b | brand=Hopscotch | saved=50 | elapsed_label=2s | products_per_minute=1231.99
2026-09-29 12:14:56 | INFO    | LISTING   | Listing Hopscotch route https://www.myntra.com/hopscotch page 26 -> https://www.myntra.com/gateway/v4/search/hopscotch?rows=50&o=1250&plaEnabled=false&xdEnabled=false&isFacet=true&p=26 | run_id=run_20260929_121204_794270_9f761b | brand=Hopscotch | page=26 | route=https://www.myntra.com/hopscotch | seen=1210 | expected=5158
2026-09-29 12:15:03 | INFO    | PDP       | Processed 50 target products for Hopscotch in 7s (439.92 products/min). | run_id=run_20260929_121204_794270_9f761b | brand=Hopscotch | saved=50 | elapsed_label=7s | products_per_minute=439.92
2026-09-29 12:15:03 | INFO    | LISTING   | Listing Hopscotch route https://www.myntra.com/hopscotch page 27 -> https://www.myntra.com/gateway/v4/search/hopscotch?rows=50&o=1300&plaEnabled=false&xdEnabled=false&isFacet=true&p=27 | run_id=run_20260929_121204_794270_9f761b | brand=Hopscotch | page=27 | route=https://www.myntra.com/hopscotch | seen=1260 | expected=5158
2026-09-29 12:15:07 | INFO    | PDP       | Processed 50 target products for Hopscotch in 3s (1093.32 products/min). | run_id=run_20260929_121204_794270_9f761b | brand=Hopscotch | saved=50 | elapsed_label=3s | products_per_minute=1093.32
2026-09-29 12:15:07 | INFO    | LISTING   | Listing Hopscotch route https://www.myntra.com/hopscotch page 28 -> https://www.myntra.com/gateway/v4/search/hopscotch?rows=50&o=1350&plaEnabled=false&xdEnabled=false&isFacet=true&p=28 | run_id=run_20260929_121204_794270_9f761b | brand=Hopscotch | page=28 | route=https://www.myntra.com/hopscotch | seen=1310 | expected=5158
2026-09-29 12:15:10 | INFO    | PDP       | Processed 49 target products for Hopscotch in 3s (1013.38 products/min). | run_id=run_20260929_121204_794270_9f761b | brand=Hopscotch | saved=49 | elapsed_label=3s | products_per_minute=1013.38
2026-09-29 12:15:10 | INFO    | LISTING   | Listing Hopscotch route https://www.myntra.com/hopscotch page 29 -> https://www.myntra.com/gateway/v4/search/hopscotch?rows=50&o=1400&plaEnabled=false&xdEnabled=false&isFacet=true&p=29 | run_id=run_20260929_121204_794270_9f761b | brand=Hopscotch | page=29 | route=https://www.myntra.com/hopscotch | seen=1359 | expected=5158
2026-09-29 12:15:14 | INFO    | PDP       | Processed 40 target products for Hopscotch in 3s (760.06 products/min). | run_id=run_20260929_121204_794270_9f761b | brand=Hopscotch | saved=40 | elapsed_label=3s | products_per_minute=760.06
2026-09-29 12:15:14 | INFO    | LISTING   | Listing Hopscotch route https://www.myntra.com/hopscotch page 30 -> https://www.myntra.com/gateway/v4/search/hopscotch?rows=50&o=1450&plaEnabled=false&xdEnabled=false&isFacet=true&p=30 | run_id=run_20260929_121204_794270_9f761b | brand=Hopscotch | page=30 | route=https://www.myntra.com/hopscotch | seen=1399 | expected=5158
2026-09-29 12:15:19 | INFO    | PDP       | Processed 50 target products for Hopscotch in 4s (817.17 products/min). | run_id=run_20260929_121204_794270_9f761b | brand=Hopscotch | saved=50 | elapsed_label=4s | products_per_minute=817.17
2026-09-29 12:15:19 | INFO    | LISTING   | Listing Hopscotch route https://www.myntra.com/hopscotch page 31 -> https://www.myntra.com/gateway/v4/search/hopscotch?rows=50&o=1500&plaEnabled=false&xdEnabled=false&isFacet=true&p=31 | run_id=run_20260929_121204_794270_9f761b | brand=Hopscotch | page=31 | route=https://www.myntra.com/hopscotch | seen=1449 | expected=5158
2026-09-29 12:15:23 | INFO    | PDP       | Processed 50 target products for Hopscotch in 3s (896.92 products/min). | run_id=run_20260929_121204_794270_9f761b | brand=Hopscotch | saved=50 | elapsed_label=3s | products_per_minute=896.92
2026-09-29 12:15:23 | INFO    | LISTING   | Listing Hopscotch route https://www.myntra.com/hopscotch page 32 -> https://www.myntra.com/gateway/v4/search/hopscotch?rows=50&o=1550&plaEnabled=false&xdEnabled=false&isFacet=true&p=32 | run_id=run_20260929_121204_794270_9f761b | brand=Hopscotch | page=32 | route=https://www.myntra.com/hopscotch | seen=1499 | expected=5158
2026-09-29 12:15:28 | INFO    | PDP       | Processed 50 target products for Hopscotch in 3s (1031.2 products/min). | run_id=run_20260929_121204_794270_9f761b | brand=Hopscotch | saved=50 | elapsed_label=3s | products_per_minute=1031.2
2026-09-29 12:15:28 | INFO    | LISTING   | Listing Hopscotch route https://www.myntra.com/hopscotch page 33 -> https://www.myntra.com/gateway/v4/search/hopscotch?rows=50&o=1600&plaEnabled=false&xdEnabled=false&isFacet=true&p=33 | run_id=run_20260929_121204_794270_9f761b | brand=Hopscotch | page=33 | route=https://www.myntra.com/hopscotch | seen=1549 | expected=5158
2026-09-29 12:15:31 | INFO    | PDP       | Processed 50 target products for Hopscotch in 3s (1006.53 products/min). | run_id=run_20260929_121204_794270_9f761b | brand=Hopscotch | saved=50 | elapsed_label=3s | products_per_minute=1006.53
2026-09-29 12:15:32 | INFO    | LISTING   | Listing Hopscotch route https://www.myntra.com/hopscotch page 34 -> https://www.myntra.com/gateway/v4/search/hopscotch?rows=50&o=1650&plaEnabled=false&xdEnabled=false&isFacet=true&p=34 | run_id=run_20260929_121204_794270_9f761b | brand=Hopscotch | page=34 | route=https://www.myntra.com/hopscotch | seen=1599 | expected=5158
2026-09-29 12:15:36 | INFO    | PDP       | Processed 50 target products for Hopscotch in 3s (879.81 products/min). | run_id=run_20260929_121204_794270_9f761b | brand=Hopscotch | saved=50 | elapsed_label=3s | products_per_minute=879.81
2026-09-29 12:15:36 | INFO    | LISTING   | Listing Hopscotch route https://www.myntra.com/hopscotch page 35 -> https://www.myntra.com/gateway/v4/search/hopscotch?rows=50&o=1700&plaEnabled=false&xdEnabled=false&isFacet=true&p=35 | run_id=run_20260929_121204_794270_9f761b | brand=Hopscotch | page=35 | route=https://www.myntra.com/hopscotch | seen=1649 | expected=5158
2026-09-29 12:15:40 | INFO    | PDP       | Processed 50 target products for Hopscotch in 4s (782.57 products/min). | run_id=run_20260929_121204_794270_9f761b | brand=Hopscotch | saved=50 | elapsed_label=4s | products_per_minute=782.57
2026-09-29 12:15:41 | INFO    | LISTING   | Listing Hopscotch route https://www.myntra.com/hopscotch page 36 -> https://www.myntra.com/gateway/v4/search/hopscotch?rows=50&o=1750&plaEnabled=false&xdEnabled=false&isFacet=true&p=36 | run_id=run_20260929_121204_794270_9f761b | brand=Hopscotch | page=36 | route=https://www.myntra.com/hopscotch | seen=1699 | expected=5158
2026-09-29 12:15:44 | INFO    | PDP       | Processed 49 target products for Hopscotch in 3s (930.44 products/min). | run_id=run_20260929_121204_794270_9f761b | brand=Hopscotch | saved=49 | elapsed_label=3s | products_per_minute=930.44
2026-09-29 12:15:45 | INFO    | LISTING   | Listing Hopscotch route https://www.myntra.com/hopscotch page 37 -> https://www.myntra.com/gateway/v4/search/hopscotch?rows=50&o=1800&plaEnabled=false&xdEnabled=false&isFacet=true&p=37 | run_id=run_20260929_121204_794270_9f761b | brand=Hopscotch | page=37 | route=https://www.myntra.com/hopscotch | seen=1748 | expected=5158
2026-09-29 12:15:49 | INFO    | PDP       | Processed 49 target products for Hopscotch in 4s (803.72 products/min). | run_id=run_20260929_121204_794270_9f761b | brand=Hopscotch | saved=49 | elapsed_label=4s | products_per_minute=803.72
2026-09-29 12:15:49 | INFO    | LISTING   | Listing Hopscotch route https://www.myntra.com/hopscotch page 38 -> https://www.myntra.com/gateway/v4/search/hopscotch?rows=50&o=1850&plaEnabled=false&xdEnabled=false&isFacet=true&p=38 | run_id=run_20260929_121204_794270_9f761b | brand=Hopscotch | page=38 | route=https://www.myntra.com/hopscotch | seen=1797 | expected=5158
2026-09-29 12:15:53 | INFO    | PDP       | Processed 50 target products for Hopscotch in 3s (926.78 products/min). | run_id=run_20260929_121204_794270_9f761b | brand=Hopscotch | saved=50 | elapsed_label=3s | products_per_minute=926.78
2026-09-29 12:15:53 | INFO    | LISTING   | Listing Hopscotch route https://www.myntra.com/hopscotch page 39 -> https://www.myntra.com/gateway/v4/search/hopscotch?rows=50&o=1900&plaEnabled=false&xdEnabled=false&isFacet=true&p=39 | run_id=run_20260929_121204_794270_9f761b | brand=Hopscotch | page=39 | route=https://www.myntra.com/hopscotch | seen=1847 | expected=5158
2026-09-29 12:15:56 | INFO    | PDP       | Processed 13 target products for Hopscotch in 2s (317.77 products/min). | run_id=run_20260929_121204_794270_9f761b | brand=Hopscotch | saved=13 | elapsed_label=2s | products_per_minute=317.77
2026-09-29 12:15:57 | INFO    | LISTING   | Listing Hopscotch route https://www.myntra.com/hopscotch page 40 -> https://www.myntra.com/gateway/v4/search/hopscotch?rows=50&o=1950&plaEnabled=false&xdEnabled=false&isFacet=true&p=40 | run_id=run_20260929_121204_794270_9f761b | brand=Hopscotch | page=40 | route=https://www.myntra.com/hopscotch | seen=1860 | expected=5158
2026-09-29 12:16:01 | INFO    | PDP       | Processed 47 target products for Hopscotch in 4s (793.75 products/min). | run_id=run_20260929_121204_794270_9f761b | brand=Hopscotch | saved=47 | elapsed_label=4s | products_per_minute=793.75
2026-09-29 12:16:01 | INFO    | LISTING   | Listing Hopscotch route https://www.myntra.com/hopscotch page 41 -> https://www.myntra.com/gateway/v4/search/hopscotch?rows=50&o=2000&plaEnabled=false&xdEnabled=false&isFacet=true&p=41 | run_id=run_20260929_121204_794270_9f761b | brand=Hopscotch | page=41 | route=https://www.myntra.com/hopscotch | seen=1907 | expected=5158
2026-09-29 12:16:05 | INFO    | PDP       | Processed 50 target products for Hopscotch in 4s (801.86 products/min). | run_id=run_20260929_121204_794270_9f761b | brand=Hopscotch | saved=50 | elapsed_label=4s | products_per_minute=801.86
2026-09-29 12:16:05 | INFO    | LISTING   | Listing Hopscotch route https://www.myntra.com/hopscotch page 42 -> https://www.myntra.com/gateway/v4/search/hopscotch?rows=50&o=2050&plaEnabled=false&xdEnabled=false&isFacet=true&p=42 | run_id=run_20260929_121204_794270_9f761b | brand=Hopscotch | page=42 | route=https://www.myntra.com/hopscotch | seen=1957 | expected=5158
2026-09-29 12:16:10 | INFO    | PDP       | Processed 50 target products for Hopscotch in 4s (710.94 products/min). | run_id=run_20260929_121204_794270_9f761b | brand=Hopscotch | saved=50 | elapsed_label=4s | products_per_minute=710.94
2026-09-29 12:16:10 | INFO    | LISTING   | Listing Hopscotch route https://www.myntra.com/hopscotch page 43 -> https://www.myntra.com/gateway/v4/search/hopscotch?rows=50&o=2100&plaEnabled=false&xdEnabled=false&isFacet=true&p=43 | run_id=run_20260929_121204_794270_9f761b | brand=Hopscotch | page=43 | route=https://www.myntra.com/hopscotch | seen=2007 | expected=5158
2026-09-29 12:16:15 | INFO    | PDP       | Processed 49 target products for Hopscotch in 4s (786.16 products/min). | run_id=run_20260929_121204_794270_9f761b | brand=Hopscotch | saved=49 | elapsed_label=4s | products_per_minute=786.16
2026-09-29 12:16:15 | INFO    | LISTING   | Listing Hopscotch route https://www.myntra.com/hopscotch page 44 -> https://www.myntra.com/gateway/v4/search/hopscotch?rows=50&o=2150&plaEnabled=false&xdEnabled=false&isFacet=true&p=44 | run_id=run_20260929_121204_794270_9f761b | brand=Hopscotch | page=44 | route=https://www.myntra.com/hopscotch | seen=2056 | expected=5158
2026-09-29 12:16:19 | INFO    | PDP       | Processed 48 target products for Hopscotch in 4s (739.76 products/min). | run_id=run_20260929_121204_794270_9f761b | brand=Hopscotch | saved=48 | elapsed_label=4s | products_per_minute=739.76
2026-09-29 12:16:20 | INFO    | LISTING   | Listing Hopscotch route https://www.myntra.com/hopscotch page 45 -> https://www.myntra.com/gateway/v4/search/hopscotch?rows=50&o=2200&plaEnabled=false&xdEnabled=false&isFacet=true&p=45 | run_id=run_20260929_121204_794270_9f761b | brand=Hopscotch | page=45 | route=https://www.myntra.com/hopscotch | seen=2104 | expected=5158
2026-09-29 12:16:23 | INFO    | PDP       | Processed 48 target products for Hopscotch in 3s (953.67 products/min). | run_id=run_20260929_121204_794270_9f761b | brand=Hopscotch | saved=48 | elapsed_label=3s | products_per_minute=953.67
2026-09-29 12:16:23 | INFO    | LISTING   | Listing Hopscotch route https://www.myntra.com/hopscotch page 46 -> https://www.myntra.com/gateway/v4/search/hopscotch?rows=50&o=2250&plaEnabled=false&xdEnabled=false&isFacet=true&p=46 | run_id=run_20260929_121204_794270_9f761b | brand=Hopscotch | page=46 | route=https://www.myntra.com/hopscotch | seen=2152 | expected=5158
2026-09-29 12:16:28 | INFO    | PDP       | Processed 50 target products for Hopscotch in 3s (889.46 products/min). | run_id=run_20260929_121204_794270_9f761b | brand=Hopscotch | saved=50 | elapsed_label=3s | products_per_minute=889.46
2026-09-29 12:16:28 | INFO    | LISTING   | Listing Hopscotch route https://www.myntra.com/hopscotch page 47 -> https://www.myntra.com/gateway/v4/search/hopscotch?rows=50&o=2300&plaEnabled=false&xdEnabled=false&isFacet=true&p=47 | run_id=run_20260929_121204_794270_9f761b | brand=Hopscotch | page=47 | route=https://www.myntra.com/hopscotch | seen=2202 | expected=5158
2026-09-29 12:16:34 | INFO    | PDP       | Processed 49 target products for Hopscotch in 5s (545.03 products/min). | run_id=run_20260929_121204_794270_9f761b | brand=Hopscotch | saved=49 | elapsed_label=5s | products_per_minute=545.03
2026-09-29 12:16:34 | INFO    | LISTING   | Listing Hopscotch route https://www.myntra.com/hopscotch page 48 -> https://www.myntra.com/gateway/v4/search/hopscotch?rows=50&o=2350&plaEnabled=false&xdEnabled=false&isFacet=true&p=48 | run_id=run_20260929_121204_794270_9f761b | brand=Hopscotch | page=48 | route=https://www.myntra.com/hopscotch | seen=2251 | expected=5158
2026-09-29 12:16:37 | INFO    | PDP       | Processed 41 target products for Hopscotch in 2s (1290.64 products/min). | run_id=run_20260929_121204_794270_9f761b | brand=Hopscotch | saved=41 | elapsed_label=2s | products_per_minute=1290.64
2026-09-29 12:16:37 | INFO    | LISTING   | Listing Hopscotch route https://www.myntra.com/hopscotch page 49 -> https://www.myntra.com/gateway/v4/search/hopscotch?rows=50&o=2400&plaEnabled=false&xdEnabled=false&isFacet=true&p=49 | run_id=run_20260929_121204_794270_9f761b | brand=Hopscotch | page=49 | route=https://www.myntra.com/hopscotch | seen=2292 | expected=5158
2026-09-29 12:16:39 | INFO    | PDP       | Processed 41 target products for Hopscotch in 2s (1266.13 products/min). | run_id=run_20260929_121204_794270_9f761b | brand=Hopscotch | saved=41 | elapsed_label=2s | products_per_minute=1266.13
2026-09-29 12:16:40 | INFO    | LISTING   | Listing Hopscotch route https://www.myntra.com/hopscotch page 50 -> https://www.myntra.com/gateway/v4/search/hopscotch?rows=50&o=2450&plaEnabled=false&xdEnabled=false&isFacet=true&p=50 | run_id=run_20260929_121204_794270_9f761b | brand=Hopscotch | page=50 | route=https://www.myntra.com/hopscotch | seen=2333 | expected=5158
2026-09-29 12:16:41 | INFO    | PDP       | Processed 18 target products for Hopscotch in 1s (1016.52 products/min). | run_id=run_20260929_121204_794270_9f761b | brand=Hopscotch | saved=18 | elapsed_label=1s | products_per_minute=1016.52
2026-09-29 12:16:41 | INFO    | LISTING   | Listing Hopscotch route https://www.myntra.com/hopscotch page 51 -> https://www.myntra.com/gateway/v4/search/hopscotch?rows=50&o=2500&plaEnabled=false&xdEnabled=false&isFacet=true&p=51 | run_id=run_20260929_121204_794270_9f761b | brand=Hopscotch | page=51 | route=https://www.myntra.com/hopscotch | seen=2351 | expected=5158
2026-09-29 12:16:44 | INFO    | PDP       | Processed 37 target products for Hopscotch in 2s (1148.32 products/min). | run_id=run_20260929_121204_794270_9f761b | brand=Hopscotch | saved=37 | elapsed_label=2s | products_per_minute=1148.32
2026-09-29 12:16:44 | INFO    | LISTING   | Listing Hopscotch route https://www.myntra.com/hopscotch page 52 -> https://www.myntra.com/gateway/v4/search/hopscotch?rows=50&o=2550&plaEnabled=false&xdEnabled=false&isFacet=true&p=52 | run_id=run_20260929_121204_794270_9f761b | brand=Hopscotch | page=52 | route=https://www.myntra.com/hopscotch | seen=2388 | expected=5158
2026-09-29 12:16:47 | INFO    | PDP       | Processed 49 target products for Hopscotch in 2s (1277.94 products/min). | run_id=run_20260929_121204_794270_9f761b | brand=Hopscotch | saved=49 | elapsed_label=2s | products_per_minute=1277.94
2026-09-29 12:16:47 | INFO    | LISTING   | Listing Hopscotch route https://www.myntra.com/hopscotch page 53 -> https://www.myntra.com/gateway/v4/search/hopscotch?rows=50&o=2600&plaEnabled=false&xdEnabled=false&isFacet=true&p=53 | run_id=run_20260929_121204_794270_9f761b | brand=Hopscotch | page=53 | route=https://www.myntra.com/hopscotch | seen=2437 | expected=5158
2026-09-29 12:16:50 | INFO    | PDP       | Processed 44 target products for Hopscotch in 2s (1366.3 products/min). | run_id=run_20260929_121204_794270_9f761b | brand=Hopscotch | saved=44 | elapsed_label=2s | products_per_minute=1366.3
2026-09-29 12:16:50 | INFO    | LISTING   | Listing Hopscotch route https://www.myntra.com/hopscotch page 54 -> https://www.myntra.com/gateway/v4/search/hopscotch?rows=50&o=2650&plaEnabled=false&xdEnabled=false&isFacet=true&p=54 | run_id=run_20260929_121204_794270_9f761b | brand=Hopscotch | page=54 | route=https://www.myntra.com/hopscotch | seen=2481 | expected=5158
2026-09-29 12:16:52 | INFO    | PDP       | Processed 34 target products for Hopscotch in 2s (1216.64 products/min). | run_id=run_20260929_121204_794270_9f761b | brand=Hopscotch | saved=34 | elapsed_label=2s | products_per_minute=1216.64
2026-09-29 12:16:53 | INFO    | LISTING   | Listing Hopscotch route https://www.myntra.com/hopscotch page 55 -> https://www.myntra.com/gateway/v4/search/hopscotch?rows=50&o=2700&plaEnabled=false&xdEnabled=false&isFacet=true&p=55 | run_id=run_20260929_121204_794270_9f761b | brand=Hopscotch | page=55 | route=https://www.myntra.com/hopscotch | seen=2515 | expected=5158
2026-09-29 12:16:56 | INFO    | PDP       | Processed 43 target products for Hopscotch in 2s (1126.07 products/min). | run_id=run_20260929_121204_794270_9f761b | brand=Hopscotch | saved=43 | elapsed_label=2s | products_per_minute=1126.07
2026-09-29 12:16:56 | INFO    | LISTING   | Listing Hopscotch route https://www.myntra.com/hopscotch page 56 -> https://www.myntra.com/gateway/v4/search/hopscotch?rows=50&o=2750&plaEnabled=false&xdEnabled=false&isFacet=true&p=56 | run_id=run_20260929_121204_794270_9f761b | brand=Hopscotch | page=56 | route=https://www.myntra.com/hopscotch | seen=2558 | expected=5158
2026-09-29 12:17:03 | INFO    | PDP       | Processed 50 target products for Hopscotch in 6s (472.79 products/min). | run_id=run_20260929_121204_794270_9f761b | brand=Hopscotch | saved=50 | elapsed_label=6s | products_per_minute=472.79
2026-09-29 12:17:03 | INFO    | LISTING   | Listing Hopscotch route https://www.myntra.com/hopscotch page 57 -> https://www.myntra.com/gateway/v4/search/hopscotch?rows=50&o=2800&plaEnabled=false&xdEnabled=false&isFacet=true&p=57 | run_id=run_20260929_121204_794270_9f761b | brand=Hopscotch | page=57 | route=https://www.myntra.com/hopscotch | seen=2608 | expected=5158
2026-09-29 12:17:08 | INFO    | PDP       | Processed 50 target products for Hopscotch in 5s (651.36 products/min). | run_id=run_20260929_121204_794270_9f761b | brand=Hopscotch | saved=50 | elapsed_label=5s | products_per_minute=651.36
2026-09-29 12:17:08 | INFO    | LISTING   | Listing Hopscotch route https://www.myntra.com/hopscotch page 58 -> https://www.myntra.com/gateway/v4/search/hopscotch?rows=50&o=2850&plaEnabled=false&xdEnabled=false&isFacet=true&p=58 | run_id=run_20260929_121204_794270_9f761b | brand=Hopscotch | page=58 | route=https://www.myntra.com/hopscotch | seen=2658 | expected=5158
2026-09-29 12:17:13 | INFO    | PDP       | Processed 49 target products for Hopscotch in 4s (823.51 products/min). | run_id=run_20260929_121204_794270_9f761b | brand=Hopscotch | saved=49 | elapsed_label=4s | products_per_minute=823.51
2026-09-29 12:17:13 | INFO    | LISTING   | Listing Hopscotch route https://www.myntra.com/hopscotch page 59 -> https://www.myntra.com/gateway/v4/search/hopscotch?rows=50&o=2900&plaEnabled=false&xdEnabled=false&isFacet=true&p=59 | run_id=run_20260929_121204_794270_9f761b | brand=Hopscotch | page=59 | route=https://www.myntra.com/hopscotch | seen=2707 | expected=5158
2026-09-29 12:17:18 | INFO    | PDP       | Processed 50 target products for Hopscotch in 4s (678.21 products/min). | run_id=run_20260929_121204_794270_9f761b | brand=Hopscotch | saved=50 | elapsed_label=4s | products_per_minute=678.21
2026-09-29 12:17:18 | INFO    | LISTING   | Listing Hopscotch route https://www.myntra.com/hopscotch page 60 -> https://www.myntra.com/gateway/v4/search/hopscotch?rows=50&o=2950&plaEnabled=false&xdEnabled=false&isFacet=true&p=60 | run_id=run_20260929_121204_794270_9f761b | brand=Hopscotch | page=60 | route=https://www.myntra.com/hopscotch | seen=2757 | expected=5158
2026-09-29 12:17:24 | INFO    | PDP       | Processed 46 target products for Hopscotch in 5s (580.73 products/min). | run_id=run_20260929_121204_794270_9f761b | brand=Hopscotch | saved=46 | elapsed_label=5s | products_per_minute=580.73
2026-09-29 12:17:24 | INFO    | LISTING   | Listing Hopscotch route https://www.myntra.com/hopscotch page 61 -> https://www.myntra.com/gateway/v4/search/hopscotch?rows=50&o=3000&plaEnabled=false&xdEnabled=false&isFacet=true&p=61 | run_id=run_20260929_121204_794270_9f761b | brand=Hopscotch | page=61 | route=https://www.myntra.com/hopscotch | seen=2803 | expected=5158
2026-09-29 12:17:29 | INFO    | PDP       | Processed 46 target products for Hopscotch in 5s (596.56 products/min). | run_id=run_20260929_121204_794270_9f761b | brand=Hopscotch | saved=46 | elapsed_label=5s | products_per_minute=596.56
2026-09-29 12:17:29 | INFO    | LISTING   | Listing Hopscotch route https://www.myntra.com/hopscotch page 62 -> https://www.myntra.com/gateway/v4/search/hopscotch?rows=50&o=3050&plaEnabled=false&xdEnabled=false&isFacet=true&p=62 | run_id=run_20260929_121204_794270_9f761b | brand=Hopscotch | page=62 | route=https://www.myntra.com/hopscotch | seen=2849 | expected=5158
2026-09-29 12:17:36 | INFO    | PDP       | Processed 48 target products for Hopscotch in 6s (492.06 products/min). | run_id=run_20260929_121204_794270_9f761b | brand=Hopscotch | saved=48 | elapsed_label=6s | products_per_minute=492.06
2026-09-29 12:17:36 | INFO    | LISTING   | Listing Hopscotch route https://www.myntra.com/hopscotch page 63 -> https://www.myntra.com/gateway/v4/search/hopscotch?rows=50&o=3100&plaEnabled=false&xdEnabled=false&isFacet=true&p=63 | run_id=run_20260929_121204_794270_9f761b | brand=Hopscotch | page=63 | route=https://www.myntra.com/hopscotch | seen=2897 | expected=5158
2026-09-29 12:17:42 | INFO    | PDP       | Processed 47 target products for Hopscotch in 5s (607.9 products/min). | run_id=run_20260929_121204_794270_9f761b | brand=Hopscotch | saved=47 | elapsed_label=5s | products_per_minute=607.9
2026-09-29 12:17:42 | INFO    | LISTING   | Listing Hopscotch route https://www.myntra.com/hopscotch page 64 -> https://www.myntra.com/gateway/v4/search/hopscotch?rows=50&o=3150&plaEnabled=false&xdEnabled=false&isFacet=true&p=64 | run_id=run_20260929_121204_794270_9f761b | brand=Hopscotch | page=64 | route=https://www.myntra.com/hopscotch | seen=2944 | expected=5158
2026-09-29 12:17:47 | INFO    | PDP       | Processed 45 target products for Hopscotch in 4s (709.73 products/min). | run_id=run_20260929_121204_794270_9f761b | brand=Hopscotch | saved=45 | elapsed_label=4s | products_per_minute=709.73
2026-09-29 12:17:47 | INFO    | LISTING   | Listing Hopscotch route https://www.myntra.com/hopscotch page 65 -> https://www.myntra.com/gateway/v4/search/hopscotch?rows=50&o=3200&plaEnabled=false&xdEnabled=false&isFacet=true&p=65 | run_id=run_20260929_121204_794270_9f761b | brand=Hopscotch | page=65 | route=https://www.myntra.com/hopscotch | seen=2989 | expected=5158
2026-09-29 12:17:52 | INFO    | PDP       | Processed 50 target products for Hopscotch in 5s (660.03 products/min). | run_id=run_20260929_121204_794270_9f761b | brand=Hopscotch | saved=50 | elapsed_label=5s | products_per_minute=660.03
2026-09-29 12:17:52 | INFO    | LISTING   | Listing Hopscotch route https://www.myntra.com/hopscotch page 66 -> https://www.myntra.com/gateway/v4/search/hopscotch?rows=50&o=3250&plaEnabled=false&xdEnabled=false&isFacet=true&p=66 | run_id=run_20260929_121204_794270_9f761b | brand=Hopscotch | page=66 | route=https://www.myntra.com/hopscotch | seen=3039 | expected=5158
2026-09-29 12:17:59 | INFO    | PDP       | Processed 50 target products for Hopscotch in 6s (519.94 products/min). | run_id=run_20260929_121204_794270_9f761b | brand=Hopscotch | saved=50 | elapsed_label=6s | products_per_minute=519.94
2026-09-29 12:18:00 | INFO    | LISTING   | Listing Hopscotch route https://www.myntra.com/hopscotch page 67 -> https://www.myntra.com/gateway/v4/search/hopscotch?rows=50&o=3300&plaEnabled=false&xdEnabled=false&isFacet=true&p=67 | run_id=run_20260929_121204_794270_9f761b | brand=Hopscotch | page=67 | route=https://www.myntra.com/hopscotch | seen=3089 | expected=5158
2026-09-29 12:18:06 | INFO    | PDP       | Processed 48 target products for Hopscotch in 6s (511.33 products/min). | run_id=run_20260929_121204_794270_9f761b | brand=Hopscotch | saved=48 | elapsed_label=6s | products_per_minute=511.33
2026-09-29 12:18:06 | INFO    | LISTING   | Listing Hopscotch route https://www.myntra.com/hopscotch page 68 -> https://www.myntra.com/gateway/v4/search/hopscotch?rows=50&o=3350&plaEnabled=false&xdEnabled=false&isFacet=true&p=68 | run_id=run_20260929_121204_794270_9f761b | brand=Hopscotch | page=68 | route=https://www.myntra.com/hopscotch | seen=3137 | expected=5158
2026-09-29 12:18:11 | INFO    | PDP       | Processed 50 target products for Hopscotch in 5s (661.77 products/min). | run_id=run_20260929_121204_794270_9f761b | brand=Hopscotch | saved=50 | elapsed_label=5s | products_per_minute=661.77
2026-09-29 12:18:12 | INFO    | LISTING   | Listing Hopscotch route https://www.myntra.com/hopscotch page 69 -> https://www.myntra.com/gateway/v4/search/hopscotch?rows=50&o=3400&plaEnabled=false&xdEnabled=false&isFacet=true&p=69 | run_id=run_20260929_121204_794270_9f761b | brand=Hopscotch | page=69 | route=https://www.myntra.com/hopscotch | seen=3187 | expected=5158
2026-09-29 12:18:16 | INFO    | PDP       | Processed 48 target products for Hopscotch in 4s (719.15 products/min). | run_id=run_20260929_121204_794270_9f761b | brand=Hopscotch | saved=48 | elapsed_label=4s | products_per_minute=719.15
2026-09-29 12:18:16 | INFO    | LISTING   | Listing Hopscotch route https://www.myntra.com/hopscotch page 70 -> https://www.myntra.com/gateway/v4/search/hopscotch?rows=50&o=3450&plaEnabled=false&xdEnabled=false&isFacet=true&p=70 | run_id=run_20260929_121204_794270_9f761b | brand=Hopscotch | page=70 | route=https://www.myntra.com/hopscotch | seen=3235 | expected=5158
2026-09-29 12:18:21 | INFO    | PDP       | Processed 49 target products for Hopscotch in 4s (769.09 products/min). | run_id=run_20260929_121204_794270_9f761b | brand=Hopscotch | saved=49 | elapsed_label=4s | products_per_minute=769.09
2026-09-29 12:18:21 | INFO    | LISTING   | Listing Hopscotch route https://www.myntra.com/hopscotch page 71 -> https://www.myntra.com/gateway/v4/search/hopscotch?rows=50&o=3500&plaEnabled=false&xdEnabled=false&isFacet=true&p=71 | run_id=run_20260929_121204_794270_9f761b | brand=Hopscotch | page=71 | route=https://www.myntra.com/hopscotch | seen=3284 | expected=5158
2026-09-29 12:18:28 | INFO    | PDP       | Processed 46 target products for Hopscotch in 5s (566.21 products/min). | run_id=run_20260929_121204_794270_9f761b | brand=Hopscotch | saved=46 | elapsed_label=5s | products_per_minute=566.21
2026-09-29 12:18:28 | INFO    | LISTING   | Listing Hopscotch route https://www.myntra.com/hopscotch page 72 -> https://www.myntra.com/gateway/v4/search/hopscotch?rows=50&o=3550&plaEnabled=false&xdEnabled=false&isFacet=true&p=72 | run_id=run_20260929_121204_794270_9f761b | brand=Hopscotch | page=72 | route=https://www.myntra.com/hopscotch | seen=3330 | expected=5158
2026-09-29 12:18:34 | INFO    | PDP       | Processed 50 target products for Hopscotch in 5s (617.54 products/min). | run_id=run_20260929_121204_794270_9f761b | brand=Hopscotch | saved=50 | elapsed_label=5s | products_per_minute=617.54
2026-09-29 12:18:34 | INFO    | LISTING   | Listing Hopscotch route https://www.myntra.com/hopscotch page 73 -> https://www.myntra.com/gateway/v4/search/hopscotch?rows=50&o=3600&plaEnabled=false&xdEnabled=false&isFacet=true&p=73 | run_id=run_20260929_121204_794270_9f761b | brand=Hopscotch | page=73 | route=https://www.myntra.com/hopscotch | seen=3380 | expected=5158
2026-09-29 12:18:39 | INFO    | PDP       | Processed 46 target products for Hopscotch in 4s (684.01 products/min). | run_id=run_20260929_121204_794270_9f761b | brand=Hopscotch | saved=46 | elapsed_label=4s | products_per_minute=684.01
2026-09-29 12:18:40 | INFO    | LISTING   | Listing Hopscotch route https://www.myntra.com/hopscotch page 74 -> https://www.myntra.com/gateway/v4/search/hopscotch?rows=50&o=3650&plaEnabled=false&xdEnabled=false&isFacet=true&p=74 | run_id=run_20260929_121204_794270_9f761b | brand=Hopscotch | page=74 | route=https://www.myntra.com/hopscotch | seen=3426 | expected=5158
2026-09-29 12:18:45 | INFO    | PDP       | Processed 48 target products for Hopscotch in 5s (636.13 products/min). | run_id=run_20260929_121204_794270_9f761b | brand=Hopscotch | saved=48 | elapsed_label=5s | products_per_minute=636.13
2026-09-29 12:18:46 | INFO    | LISTING   | Listing Hopscotch route https://www.myntra.com/hopscotch page 75 -> https://www.myntra.com/gateway/v4/search/hopscotch?rows=50&o=3700&plaEnabled=false&xdEnabled=false&isFacet=true&p=75 | run_id=run_20260929_121204_794270_9f761b | brand=Hopscotch | page=75 | route=https://www.myntra.com/hopscotch | seen=3474 | expected=5158
2026-09-29 12:18:49 | INFO    | PDP       | Processed 48 target products for Hopscotch in 3s (1016.5 products/min). | run_id=run_20260929_121204_794270_9f761b | brand=Hopscotch | saved=48 | elapsed_label=3s | products_per_minute=1016.5
2026-09-29 12:18:49 | INFO    | LISTING   | Listing Hopscotch route https://www.myntra.com/hopscotch page 76 -> https://www.myntra.com/gateway/v4/search/hopscotch?rows=50&o=3750&plaEnabled=false&xdEnabled=false&isFacet=true&p=76 | run_id=run_20260929_121204_794270_9f761b | brand=Hopscotch | page=76 | route=https://www.myntra.com/hopscotch | seen=3522 | expected=5158
2026-09-29 12:18:53 | INFO    | PDP       | Processed 50 target products for Hopscotch in 3s (1006.49 products/min). | run_id=run_20260929_121204_794270_9f761b | brand=Hopscotch | saved=50 | elapsed_label=3s | products_per_minute=1006.49
2026-09-29 12:18:53 | INFO    | LISTING   | Listing Hopscotch route https://www.myntra.com/hopscotch page 77 -> https://www.myntra.com/gateway/v4/search/hopscotch?rows=50&o=3800&plaEnabled=false&xdEnabled=false&isFacet=true&p=77 | run_id=run_20260929_121204_794270_9f761b | brand=Hopscotch | page=77 | route=https://www.myntra.com/hopscotch | seen=3572 | expected=5158
2026-09-29 12:18:56 | INFO    | PDP       | Processed 44 target products for Hopscotch in 2s (1096.23 products/min). | run_id=run_20260929_121204_794270_9f761b | brand=Hopscotch | saved=44 | elapsed_label=2s | products_per_minute=1096.23
2026-09-29 12:18:57 | INFO    | LISTING   | Listing Hopscotch route https://www.myntra.com/hopscotch page 78 -> https://www.myntra.com/gateway/v4/search/hopscotch?rows=50&o=3850&plaEnabled=false&xdEnabled=false&isFacet=true&p=78 | run_id=run_20260929_121204_794270_9f761b | brand=Hopscotch | page=78 | route=https://www.myntra.com/hopscotch | seen=3616 | expected=5158
2026-09-29 12:19:03 | INFO    | PDP       | Processed 44 target products for Hopscotch in 6s (424.81 products/min). | run_id=run_20260929_121204_794270_9f761b | brand=Hopscotch | saved=44 | elapsed_label=6s | products_per_minute=424.81
2026-09-29 12:19:04 | INFO    | LISTING   | Listing Hopscotch route https://www.myntra.com/hopscotch page 79 -> https://www.myntra.com/gateway/v4/search/hopscotch?rows=50&o=3900&plaEnabled=false&xdEnabled=false&isFacet=true&p=79 | run_id=run_20260929_121204_794270_9f761b | brand=Hopscotch | page=79 | route=https://www.myntra.com/hopscotch | seen=3660 | expected=5158
2026-09-29 12:19:08 | INFO    | PDP       | Processed 43 target products for Hopscotch in 4s (634.03 products/min). | run_id=run_20260929_121204_794270_9f761b | brand=Hopscotch | saved=43 | elapsed_label=4s | products_per_minute=634.03
2026-09-29 12:19:09 | INFO    | LISTING   | Listing Hopscotch route https://www.myntra.com/hopscotch page 80 -> https://www.myntra.com/gateway/v4/search/hopscotch?rows=50&o=3950&plaEnabled=false&xdEnabled=false&isFacet=true&p=80 | run_id=run_20260929_121204_794270_9f761b | brand=Hopscotch | page=80 | route=https://www.myntra.com/hopscotch | seen=3703 | expected=5158
2026-09-29 12:19:15 | INFO    | PDP       | Processed 48 target products for Hopscotch in 5s (530.95 products/min). | run_id=run_20260929_121204_794270_9f761b | brand=Hopscotch | saved=48 | elapsed_label=5s | products_per_minute=530.95
2026-09-29 12:19:16 | INFO    | LISTING   | Listing Hopscotch route https://www.myntra.com/hopscotch page 81 -> https://www.myntra.com/gateway/v4/search/hopscotch?rows=50&o=4000&plaEnabled=false&xdEnabled=false&isFacet=true&p=81 | run_id=run_20260929_121204_794270_9f761b | brand=Hopscotch | page=81 | route=https://www.myntra.com/hopscotch | seen=3751 | expected=5158
2026-09-29 12:19:21 | INFO    | PDP       | Processed 48 target products for Hopscotch in 4s (700.15 products/min). | run_id=run_20260929_121204_794270_9f761b | brand=Hopscotch | saved=48 | elapsed_label=4s | products_per_minute=700.15
2026-09-29 12:19:21 | INFO    | LISTING   | Listing Hopscotch route https://www.myntra.com/hopscotch page 82 -> https://www.myntra.com/gateway/v4/search/hopscotch?rows=50&o=4050&plaEnabled=false&xdEnabled=false&isFacet=true&p=82 | run_id=run_20260929_121204_794270_9f761b | brand=Hopscotch | page=82 | route=https://www.myntra.com/hopscotch | seen=3799 | expected=5158
2026-09-29 12:19:25 | INFO    | PDP       | Processed 45 target products for Hopscotch in 3s (985.91 products/min). | run_id=run_20260929_121204_794270_9f761b | brand=Hopscotch | saved=45 | elapsed_label=3s | products_per_minute=985.91
2026-09-29 12:19:25 | INFO    | LISTING   | Listing Hopscotch route https://www.myntra.com/hopscotch page 83 -> https://www.myntra.com/gateway/v4/search/hopscotch?rows=50&o=4100&plaEnabled=false&xdEnabled=false&isFacet=true&p=83 | run_id=run_20260929_121204_794270_9f761b | brand=Hopscotch | page=83 | route=https://www.myntra.com/hopscotch | seen=3844 | expected=5158
2026-09-29 12:19:29 | INFO    | PDP       | Processed 50 target products for Hopscotch in 3s (1139.42 products/min). | run_id=run_20260929_121204_794270_9f761b | brand=Hopscotch | saved=50 | elapsed_label=3s | products_per_minute=1139.42
2026-09-29 12:19:29 | INFO    | LISTING   | Listing Hopscotch route https://www.myntra.com/hopscotch page 84 -> https://www.myntra.com/gateway/v4/search/hopscotch?rows=50&o=4150&plaEnabled=false&xdEnabled=false&isFacet=true&p=84 | run_id=run_20260929_121204_794270_9f761b | brand=Hopscotch | page=84 | route=https://www.myntra.com/hopscotch | seen=3894 | expected=5158
2026-09-29 12:19:32 | INFO    | PDP       | Processed 43 target products for Hopscotch in 2s (1098.03 products/min). | run_id=run_20260929_121204_794270_9f761b | brand=Hopscotch | saved=43 | elapsed_label=2s | products_per_minute=1098.03
2026-09-29 12:19:33 | INFO    | LISTING   | Listing Hopscotch route https://www.myntra.com/hopscotch page 85 -> https://www.myntra.com/gateway/v4/search/hopscotch?rows=50&o=4200&plaEnabled=false&xdEnabled=false&isFacet=true&p=85 | run_id=run_20260929_121204_794270_9f761b | brand=Hopscotch | page=85 | route=https://www.myntra.com/hopscotch | seen=3937 | expected=5158
2026-09-29 12:19:36 | INFO    | PDP       | Processed 47 target products for Hopscotch in 3s (1121.06 products/min). | run_id=run_20260929_121204_794270_9f761b | brand=Hopscotch | saved=47 | elapsed_label=3s | products_per_minute=1121.06
2026-09-29 12:19:36 | INFO    | LISTING   | Listing Hopscotch route https://www.myntra.com/hopscotch page 86 -> https://www.myntra.com/gateway/v4/search/hopscotch?rows=50&o=4250&plaEnabled=false&xdEnabled=false&isFacet=true&p=86 | run_id=run_20260929_121204_794270_9f761b | brand=Hopscotch | page=86 | route=https://www.myntra.com/hopscotch | seen=3984 | expected=5158
2026-09-29 12:19:40 | INFO    | PDP       | Processed 50 target products for Hopscotch in 3s (1063.32 products/min). | run_id=run_20260929_121204_794270_9f761b | brand=Hopscotch | saved=50 | elapsed_label=3s | products_per_minute=1063.32
2026-09-29 12:19:40 | INFO    | LISTING   | Listing Hopscotch route https://www.myntra.com/hopscotch page 87 -> https://www.myntra.com/gateway/v4/search/hopscotch?rows=50&o=4300&plaEnabled=false&xdEnabled=false&isFacet=true&p=87 | run_id=run_20260929_121204_794270_9f761b | brand=Hopscotch | page=87 | route=https://www.myntra.com/hopscotch | seen=4034 | expected=5158
2026-09-29 12:19:44 | INFO    | PDP       | Processed 50 target products for Hopscotch in 3s (1005.49 products/min). | run_id=run_20260929_121204_794270_9f761b | brand=Hopscotch | saved=50 | elapsed_label=3s | products_per_minute=1005.49
2026-09-29 12:19:45 | INFO    | LISTING   | Listing Hopscotch route https://www.myntra.com/hopscotch page 88 -> https://www.myntra.com/gateway/v4/search/hopscotch?rows=50&o=4350&plaEnabled=false&xdEnabled=false&isFacet=true&p=88 | run_id=run_20260929_121204_794270_9f761b | brand=Hopscotch | page=88 | route=https://www.myntra.com/hopscotch | seen=4084 | expected=5158
2026-09-29 12:19:49 | INFO    | PDP       | Processed 50 target products for Hopscotch in 3s (1080.76 products/min). | run_id=run_20260929_121204_794270_9f761b | brand=Hopscotch | saved=50 | elapsed_label=3s | products_per_minute=1080.76
2026-09-29 12:19:49 | INFO    | LISTING   | Listing Hopscotch route https://www.myntra.com/hopscotch page 89 -> https://www.myntra.com/gateway/v4/search/hopscotch?rows=50&o=4400&plaEnabled=false&xdEnabled=false&isFacet=true&p=89 | run_id=run_20260929_121204_794270_9f761b | brand=Hopscotch | page=89 | route=https://www.myntra.com/hopscotch | seen=4134 | expected=5158
2026-09-29 12:19:53 | INFO    | PDP       | Processed 49 target products for Hopscotch in 3s (1023.34 products/min). | run_id=run_20260929_121204_794270_9f761b | brand=Hopscotch | saved=49 | elapsed_label=3s | products_per_minute=1023.34
2026-09-29 12:19:54 | INFO    | LISTING   | Listing Hopscotch route https://www.myntra.com/hopscotch page 90 -> https://www.myntra.com/gateway/v4/search/hopscotch?rows=50&o=4450&plaEnabled=false&xdEnabled=false&isFacet=true&p=90 | run_id=run_20260929_121204_794270_9f761b | brand=Hopscotch | page=90 | route=https://www.myntra.com/hopscotch | seen=4183 | expected=5158
2026-09-29 12:19:57 | INFO    | PDP       | Processed 50 target products for Hopscotch in 3s (1066.61 products/min). | run_id=run_20260929_121204_794270_9f761b | brand=Hopscotch | saved=50 | elapsed_label=3s | products_per_minute=1066.61
2026-09-29 12:19:57 | INFO    | LISTING   | Listing Hopscotch route https://www.myntra.com/hopscotch page 91 -> https://www.myntra.com/gateway/v4/search/hopscotch?rows=50&o=4500&plaEnabled=false&xdEnabled=false&isFacet=true&p=91 | run_id=run_20260929_121204_794270_9f761b | brand=Hopscotch | page=91 | route=https://www.myntra.com/hopscotch | seen=4233 | expected=5158
2026-09-29 12:20:05 | INFO    | PDP       | Processed 49 target products for Hopscotch in 5s (606.37 products/min). | run_id=run_20260929_121204_794270_9f761b | brand=Hopscotch | saved=49 | elapsed_label=5s | products_per_minute=606.37
2026-09-29 12:20:06 | INFO    | LISTING   | Listing Hopscotch route https://www.myntra.com/hopscotch page 92 -> https://www.myntra.com/gateway/v4/search/hopscotch?rows=50&o=4550&plaEnabled=false&xdEnabled=false&isFacet=true&p=92 | run_id=run_20260929_121204_794270_9f761b | brand=Hopscotch | page=92 | route=https://www.myntra.com/hopscotch | seen=4282 | expected=5158
2026-09-29 12:20:11 | INFO    | PDP       | Processed 43 target products for Hopscotch in 4s (614.01 products/min). | run_id=run_20260929_121204_794270_9f761b | brand=Hopscotch | saved=43 | elapsed_label=4s | products_per_minute=614.01
2026-09-29 12:20:11 | INFO    | LISTING   | Listing Hopscotch route https://www.myntra.com/hopscotch page 93 -> https://www.myntra.com/gateway/v4/search/hopscotch?rows=50&o=4600&plaEnabled=false&xdEnabled=false&isFacet=true&p=93 | run_id=run_20260929_121204_794270_9f761b | brand=Hopscotch | page=93 | route=https://www.myntra.com/hopscotch | seen=4325 | expected=5158
2026-09-29 12:20:16 | INFO    | PDP       | Processed 48 target products for Hopscotch in 4s (679.46 products/min). | run_id=run_20260929_121204_794270_9f761b | brand=Hopscotch | saved=48 | elapsed_label=4s | products_per_minute=679.46
2026-09-29 12:20:16 | INFO    | LISTING   | Listing Hopscotch route https://www.myntra.com/hopscotch page 94 -> https://www.myntra.com/gateway/v4/search/hopscotch?rows=50&o=4650&plaEnabled=false&xdEnabled=false&isFacet=true&p=94 | run_id=run_20260929_121204_794270_9f761b | brand=Hopscotch | page=94 | route=https://www.myntra.com/hopscotch | seen=4373 | expected=5158
2026-09-29 12:20:22 | INFO    | PDP       | Processed 50 target products for Hopscotch in 5s (625.46 products/min). | run_id=run_20260929_121204_794270_9f761b | brand=Hopscotch | saved=50 | elapsed_label=5s | products_per_minute=625.46
2026-09-29 12:20:22 | INFO    | LISTING   | Listing Hopscotch route https://www.myntra.com/hopscotch page 95 -> https://www.myntra.com/gateway/v4/search/hopscotch?rows=50&o=4700&plaEnabled=false&xdEnabled=false&isFacet=true&p=95 | run_id=run_20260929_121204_794270_9f761b | brand=Hopscotch | page=95 | route=https://www.myntra.com/hopscotch | seen=4423 | expected=5158
2026-09-29 12:20:27 | INFO    | PDP       | Processed 44 target products for Hopscotch in 4s (637.04 products/min). | run_id=run_20260929_121204_794270_9f761b | brand=Hopscotch | saved=44 | elapsed_label=4s | products_per_minute=637.04
2026-09-29 12:20:27 | INFO    | LISTING   | Listing Hopscotch route https://www.myntra.com/hopscotch page 96 -> https://www.myntra.com/gateway/v4/search/hopscotch?rows=50&o=4750&plaEnabled=false&xdEnabled=false&isFacet=true&p=96 | run_id=run_20260929_121204_794270_9f761b | brand=Hopscotch | page=96 | route=https://www.myntra.com/hopscotch | seen=4467 | expected=5158
2026-09-29 12:20:32 | INFO    | PDP       | Processed 45 target products for Hopscotch in 4s (632.35 products/min). | run_id=run_20260929_121204_794270_9f761b | brand=Hopscotch | saved=45 | elapsed_label=4s | products_per_minute=632.35
2026-09-29 12:20:32 | INFO    | LISTING   | Listing Hopscotch route https://www.myntra.com/hopscotch page 97 -> https://www.myntra.com/gateway/v4/search/hopscotch?rows=50&o=4800&plaEnabled=false&xdEnabled=false&isFacet=true&p=97 | run_id=run_20260929_121204_794270_9f761b | brand=Hopscotch | page=97 | route=https://www.myntra.com/hopscotch | seen=4512 | expected=5158
2026-09-29 12:20:38 | INFO    | PDP       | Processed 50 target products for Hopscotch in 5s (556.42 products/min). | run_id=run_20260929_121204_794270_9f761b | brand=Hopscotch | saved=50 | elapsed_label=5s | products_per_minute=556.42
2026-09-29 12:20:38 | INFO    | LISTING   | Listing Hopscotch route https://www.myntra.com/hopscotch page 98 -> https://www.myntra.com/gateway/v4/search/hopscotch?rows=50&o=4850&plaEnabled=false&xdEnabled=false&isFacet=true&p=98 | run_id=run_20260929_121204_794270_9f761b | brand=Hopscotch | page=98 | route=https://www.myntra.com/hopscotch | seen=4562 | expected=5158
2026-09-29 12:20:44 | INFO    | PDP       | Processed 48 target products for Hopscotch in 5s (604.79 products/min). | run_id=run_20260929_121204_794270_9f761b | brand=Hopscotch | saved=48 | elapsed_label=5s | products_per_minute=604.79
2026-09-29 12:20:44 | INFO    | LISTING   | Listing Hopscotch route https://www.myntra.com/hopscotch page 99 -> https://www.myntra.com/gateway/v4/search/hopscotch?rows=50&o=4900&plaEnabled=false&xdEnabled=false&isFacet=true&p=99 | run_id=run_20260929_121204_794270_9f761b | brand=Hopscotch | page=99 | route=https://www.myntra.com/hopscotch | seen=4610 | expected=5158
2026-09-29 12:20:49 | INFO    | PDP       | Processed 46 target products for Hopscotch in 5s (605.61 products/min). | run_id=run_20260929_121204_794270_9f761b | brand=Hopscotch | saved=46 | elapsed_label=5s | products_per_minute=605.61
2026-09-29 12:20:49 | INFO    | LISTING   | Listing Hopscotch route https://www.myntra.com/hopscotch page 100 -> https://www.myntra.com/gateway/v4/search/hopscotch?rows=50&o=4950&plaEnabled=false&xdEnabled=false&isFacet=true&p=100 | run_id=run_20260929_121204_794270_9f761b | brand=Hopscotch | page=100 | route=https://www.myntra.com/hopscotch | seen=4656 | expected=5158
2026-09-29 12:20:54 | INFO    | PDP       | Processed 50 target products for Hopscotch in 4s (703.8 products/min). | run_id=run_20260929_121204_794270_9f761b | brand=Hopscotch | saved=50 | elapsed_label=4s | products_per_minute=703.8
2026-09-29 12:20:55 | INFO    | LISTING   | Listing Hopscotch route https://www.myntra.com/hopscotch page 101 -> https://www.myntra.com/gateway/v4/search/hopscotch?rows=50&o=5000&plaEnabled=false&xdEnabled=false&isFacet=true&p=101 | run_id=run_20260929_121204_794270_9f761b | brand=Hopscotch | page=101 | route=https://www.myntra.com/hopscotch | seen=4706 | expected=5158
2026-09-29 12:20:59 | INFO    | PDP       | Processed 47 target products for Hopscotch in 3s (819.04 products/min). | run_id=run_20260929_121204_794270_9f761b | brand=Hopscotch | saved=47 | elapsed_label=3s | products_per_minute=819.04
2026-09-29 12:20:59 | INFO    | LISTING   | Listing Hopscotch route https://www.myntra.com/hopscotch page 102 -> https://www.myntra.com/gateway/v4/search/hopscotch?rows=50&o=5050&plaEnabled=false&xdEnabled=false&isFacet=true&p=102 | run_id=run_20260929_121204_794270_9f761b | brand=Hopscotch | page=102 | route=https://www.myntra.com/hopscotch | seen=4753 | expected=5158
2026-09-29 12:21:04 | INFO    | PDP       | Processed 50 target products for Hopscotch in 4s (760.07 products/min). | run_id=run_20260929_121204_794270_9f761b | brand=Hopscotch | saved=50 | elapsed_label=4s | products_per_minute=760.07
2026-09-29 12:21:04 | INFO    | LISTING   | Listing Hopscotch route https://www.myntra.com/hopscotch page 103 -> https://www.myntra.com/gateway/v4/search/hopscotch?rows=50&o=5100&plaEnabled=false&xdEnabled=false&isFacet=true&p=103 | run_id=run_20260929_121204_794270_9f761b | brand=Hopscotch | page=103 | route=https://www.myntra.com/hopscotch | seen=4803 | expected=5158
2026-09-29 12:21:09 | INFO    | PDP       | Processed 50 target products for Hopscotch in 4s (711.88 products/min). | run_id=run_20260929_121204_794270_9f761b | brand=Hopscotch | saved=50 | elapsed_label=4s | products_per_minute=711.88
2026-09-29 12:21:09 | INFO    | LISTING   | Listing Hopscotch route https://www.myntra.com/hopscotch page 104 -> https://www.myntra.com/gateway/v4/search/hopscotch?rows=50&o=5150&plaEnabled=false&xdEnabled=false&isFacet=true&p=104 | run_id=run_20260929_121204_794270_9f761b | brand=Hopscotch | page=104 | route=https://www.myntra.com/hopscotch | seen=4853 | expected=5158
2026-09-29 12:21:12 | INFO    | PDP       | Processed 46 target products for Hopscotch in 2s (1109.77 products/min). | run_id=run_20260929_121204_794270_9f761b | brand=Hopscotch | saved=46 | elapsed_label=2s | products_per_minute=1109.77
2026-09-29 12:21:12 | WARNING | LISTING   | Retrying route https://www.myntra.com/hopscotch for Hopscotch (pass 1/2) after incomplete coverage: 4899/5158 unique products seen. | run_id=run_20260929_121204_794270_9f761b | brand=Hopscotch | route=https://www.myntra.com/hopscotch | seen=4899 | expected=5158 | attempt=1/2
2026-09-29 12:21:12 | INFO    | LISTING   | Listing Hopscotch route https://www.myntra.com/hopscotch page 1 -> https://www.myntra.com/gateway/v4/search/hopscotch?rows=50&o=0&plaEnabled=false&xdEnabled=false&isFacet=true&p=1 | run_id=run_20260929_121204_794270_9f761b | brand=Hopscotch | page=1 | route=https://www.myntra.com/hopscotch | seen=4899 | expected=5158
2026-09-29 12:21:13 | INFO    | LISTING   | Listing Hopscotch route https://www.myntra.com/hopscotch page 2 -> https://www.myntra.com/gateway/v4/search/hopscotch?rows=50&o=50&plaEnabled=false&xdEnabled=false&isFacet=true&p=2 | run_id=run_20260929_121204_794270_9f761b | brand=Hopscotch | page=2 | route=https://www.myntra.com/hopscotch | seen=4899 | expected=5158
2026-09-29 12:21:14 | INFO    | LISTING   | Listing Hopscotch route https://www.myntra.com/hopscotch page 3 -> https://www.myntra.com/gateway/v4/search/hopscotch?rows=50&o=100&plaEnabled=false&xdEnabled=false&isFacet=true&p=3 | run_id=run_20260929_121204_794270_9f761b | brand=Hopscotch | page=3 | route=https://www.myntra.com/hopscotch | seen=4899 | expected=5158
2026-09-29 12:21:14 | WARNING | LISTING   | Route https://www.myntra.com/hopscotch for Hopscotch stalled for 3 consecutive pages before reaching expected total; restarting route pass. | run_id=run_20260929_121204_794270_9f761b | brand=Hopscotch | page=3 | route=https://www.myntra.com/hopscotch | seen=4899 | expected=5158
2026-09-29 12:21:14 | WARNING | LISTING   | Retrying route https://www.myntra.com/hopscotch for Hopscotch (pass 2/2) after incomplete coverage: 4899/5158 unique products seen. | run_id=run_20260929_121204_794270_9f761b | brand=Hopscotch | route=https://www.myntra.com/hopscotch | seen=4899 | expected=5158 | attempt=2/2
2026-09-29 12:21:14 | INFO    | LISTING   | Listing Hopscotch route https://www.myntra.com/hopscotch page 1 -> https://www.myntra.com/gateway/v4/search/hopscotch?rows=50&o=0&plaEnabled=false&xdEnabled=false&isFacet=true&p=1 | run_id=run_20260929_121204_794270_9f761b | brand=Hopscotch | page=1 | route=https://www.myntra.com/hopscotch | seen=4899 | expected=5158
2026-09-29 12:21:15 | INFO    | LISTING   | Listing Hopscotch route https://www.myntra.com/hopscotch page 2 -> https://www.myntra.com/gateway/v4/search/hopscotch?rows=50&o=50&plaEnabled=false&xdEnabled=false&isFacet=true&p=2 | run_id=run_20260929_121204_794270_9f761b | brand=Hopscotch | page=2 | route=https://www.myntra.com/hopscotch | seen=4899 | expected=5158
2026-09-29 12:21:16 | INFO    | LISTING   | Listing Hopscotch route https://www.myntra.com/hopscotch page 3 -> https://www.myntra.com/gateway/v4/search/hopscotch?rows=50&o=100&plaEnabled=false&xdEnabled=false&isFacet=true&p=3 | run_id=run_20260929_121204_794270_9f761b | brand=Hopscotch | page=3 | route=https://www.myntra.com/hopscotch | seen=4899 | expected=5158
2026-09-29 12:21:16 | WARNING | LISTING   | Route https://www.myntra.com/hopscotch for Hopscotch stalled for 3 consecutive pages before reaching expected total; restarting route pass. | run_id=run_20260929_121204_794270_9f761b | brand=Hopscotch | page=3 | route=https://www.myntra.com/hopscotch | seen=4899 | expected=5158
2026-09-29 12:21:16 | WARNING | BRAND     | Brand Hopscotch finished below expected count: saw 4899 unique shirts products vs expected 5158. | run_id=run_20260929_121204_794270_9f761b | brand=Hopscotch | seen=4899 | expected=5158
2026-09-29 12:21:16 | INFO    | BRAND     | Brand scrape completed in 7m 54s (620.29 products/min). | run_id=run_20260929_121204_794270_9f761b | brand=Hopscotch | status=COMPLETED | saved=4899 | seen=4899 | expected=5158 | elapsed_label=7m 54s | products_per_minute=620.29
2026-09-29 12:21:18 | INFO    | SNAPSHOT  | Periodic snapshot created after Hopscotch. | run_id=run_20260929_121204_794270_9f761b | brand=Hopscotch
2026-09-29 12:21:18 | INFO    | BRAND     | Resolving brand routes. | run_id=run_20260929_121204_794270_9f761b | brand=H&M (Kids)
2026-09-29 12:21:19 | INFO    | BRAND     | Resolved H&M (Kids) -> 2 routes (best brand total=6124): https://www.myntra.com/kids-hm, https://www.myntra.com/h-and-m-kids | run_id=run_20260929_121204_794270_9f761b | brand=H&M (Kids) | expected=6124
2026-09-29 12:21:19 | INFO    | BRAND     | Starting brand scrape. | run_id=run_20260929_121204_794270_9f761b | brand=H&M (Kids) | expected=6124
2026-09-29 12:21:19 | INFO    | LISTING   | Listing H&M (Kids) route https://www.myntra.com/kids-hm page 1 -> https://www.myntra.com/gateway/v4/search/kids-hm?rows=50&o=0&plaEnabled=false&xdEnabled=false&isFacet=true&p=1 | run_id=run_20260929_121204_794270_9f761b | brand=H&M (Kids) | page=1 | route=https://www.myntra.com/kids-hm | seen=0 | expected=6338
2026-09-29 12:21:23 | INFO    | PDP       | Processed 43 target products for H&M (Kids) in 3s (998.24 products/min). | run_id=run_20260929_121204_794270_9f761b | brand=H&M (Kids) | saved=43 | elapsed_label=3s | products_per_minute=998.24
2026-09-29 12:21:23 | INFO    | LISTING   | Listing H&M (Kids) route https://www.myntra.com/kids-hm page 2 -> https://www.myntra.com/gateway/v4/search/kids-hm?rows=50&o=50&plaEnabled=false&xdEnabled=false&isFacet=true&p=2 | run_id=run_20260929_121204_794270_9f761b | brand=H&M (Kids) | page=2 | route=https://www.myntra.com/kids-hm | seen=43 | expected=6338
2026-09-29 12:21:26 | INFO    | PDP       | Processed 49 target products for H&M (Kids) in 3s (1078.43 products/min). | run_id=run_20260929_121204_794270_9f761b | brand=H&M (Kids) | saved=49 | elapsed_label=3s | products_per_minute=1078.43
2026-09-29 12:21:26 | INFO    | LISTING   | Listing H&M (Kids) route https://www.myntra.com/kids-hm page 3 -> https://www.myntra.com/gateway/v4/search/kids-hm?rows=50&o=100&plaEnabled=false&xdEnabled=false&isFacet=true&p=3 | run_id=run_20260929_121204_794270_9f761b | brand=H&M (Kids) | page=3 | route=https://www.myntra.com/kids-hm | seen=92 | expected=6338
2026-09-29 12:21:30 | INFO    | PDP       | Processed 49 target products for H&M (Kids) in 3s (936.49 products/min). | run_id=run_20260929_121204_794270_9f761b | brand=H&M (Kids) | saved=49 | elapsed_label=3s | products_per_minute=936.49
2026-09-29 12:21:30 | INFO    | LISTING   | Listing H&M (Kids) route https://www.myntra.com/kids-hm page 4 -> https://www.myntra.com/gateway/v4/search/kids-hm?rows=50&o=150&plaEnabled=false&xdEnabled=false&isFacet=true&p=4 | run_id=run_20260929_121204_794270_9f761b | brand=H&M (Kids) | page=4 | route=https://www.myntra.com/kids-hm | seen=141 | expected=6338
2026-09-29 12:21:33 | INFO    | PDP       | Processed 46 target products for H&M (Kids) in 2s (1363.25 products/min). | run_id=run_20260929_121204_794270_9f761b | brand=H&M (Kids) | saved=46 | elapsed_label=2s | products_per_minute=1363.25
2026-09-29 12:21:33 | INFO    | LISTING   | Listing H&M (Kids) route https://www.myntra.com/kids-hm page 5 -> https://www.myntra.com/gateway/v4/search/kids-hm?rows=50&o=200&plaEnabled=false&xdEnabled=false&isFacet=true&p=5 | run_id=run_20260929_121204_794270_9f761b | brand=H&M (Kids) | page=5 | route=https://www.myntra.com/kids-hm | seen=187 | expected=6338
2026-09-29 12:21:36 | INFO    | PDP       | Processed 49 target products for H&M (Kids) in 2s (1285.94 products/min). | run_id=run_20260929_121204_794270_9f761b | brand=H&M (Kids) | saved=49 | elapsed_label=2s | products_per_minute=1285.94
2026-09-29 12:21:36 | INFO    | LISTING   | Listing H&M (Kids) route https://www.myntra.com/kids-hm page 6 -> https://www.myntra.com/gateway/v4/search/kids-hm?rows=50&o=250&plaEnabled=false&xdEnabled=false&isFacet=true&p=6 | run_id=run_20260929_121204_794270_9f761b | brand=H&M (Kids) | page=6 | route=https://www.myntra.com/kids-hm | seen=236 | expected=6338
2026-09-29 12:21:39 | INFO    | PDP       | Processed 45 target products for H&M (Kids) in 2s (1278.83 products/min). | run_id=run_20260929_121204_794270_9f761b | brand=H&M (Kids) | saved=45 | elapsed_label=2s | products_per_minute=1278.83
2026-09-29 12:21:39 | INFO    | LISTING   | Listing H&M (Kids) route https://www.myntra.com/kids-hm page 7 -> https://www.myntra.com/gateway/v4/search/kids-hm?rows=50&o=300&plaEnabled=false&xdEnabled=false&isFacet=true&p=7 | run_id=run_20260929_121204_794270_9f761b | brand=H&M (Kids) | page=7 | route=https://www.myntra.com/kids-hm | seen=281 | expected=6338
2026-09-29 12:21:42 | INFO    | PDP       | Processed 42 target products for H&M (Kids) in 2s (1196.48 products/min). | run_id=run_20260929_121204_794270_9f761b | brand=H&M (Kids) | saved=42 | elapsed_label=2s | products_per_minute=1196.48
2026-09-29 12:21:42 | INFO    | LISTING   | Listing H&M (Kids) route https://www.myntra.com/kids-hm page 8 -> https://www.myntra.com/gateway/v4/search/kids-hm?rows=50&o=350&plaEnabled=false&xdEnabled=false&isFacet=true&p=8 | run_id=run_20260929_121204_794270_9f761b | brand=H&M (Kids) | page=8 | route=https://www.myntra.com/kids-hm | seen=323 | expected=6338
2026-09-29 12:21:47 | INFO    | PDP       | Processed 46 target products for H&M (Kids) in 4s (756.55 products/min). | run_id=run_20260929_121204_794270_9f761b | brand=H&M (Kids) | saved=46 | elapsed_label=4s | products_per_minute=756.55
2026-09-29 12:21:47 | INFO    | LISTING   | Listing H&M (Kids) route https://www.myntra.com/kids-hm page 9 -> https://www.myntra.com/gateway/v4/search/kids-hm?rows=50&o=400&plaEnabled=false&xdEnabled=false&isFacet=true&p=9 | run_id=run_20260929_121204_794270_9f761b | brand=H&M (Kids) | page=9 | route=https://www.myntra.com/kids-hm | seen=369 | expected=6338
2026-09-29 12:21:51 | INFO    | PDP       | Processed 45 target products for H&M (Kids) in 3s (773.88 products/min). | run_id=run_20260929_121204_794270_9f761b | brand=H&M (Kids) | saved=45 | elapsed_label=3s | products_per_minute=773.88
2026-09-29 12:21:51 | INFO    | LISTING   | Listing H&M (Kids) route https://www.myntra.com/kids-hm page 10 -> https://www.myntra.com/gateway/v4/search/kids-hm?rows=50&o=450&plaEnabled=false&xdEnabled=false&isFacet=true&p=10 | run_id=run_20260929_121204_794270_9f761b | brand=H&M (Kids) | page=10 | route=https://www.myntra.com/kids-hm | seen=414 | expected=6338
2026-09-29 12:21:56 | INFO    | PDP       | Processed 50 target products for H&M (Kids) in 4s (760.52 products/min). | run_id=run_20260929_121204_794270_9f761b | brand=H&M (Kids) | saved=50 | elapsed_label=4s | products_per_minute=760.52
2026-09-29 12:21:56 | INFO    | LISTING   | Listing H&M (Kids) route https://www.myntra.com/kids-hm page 11 -> https://www.myntra.com/gateway/v4/search/kids-hm?rows=50&o=500&plaEnabled=false&xdEnabled=false&isFacet=true&p=11 | run_id=run_20260929_121204_794270_9f761b | brand=H&M (Kids) | page=11 | route=https://www.myntra.com/kids-hm | seen=464 | expected=6338
2026-09-29 12:22:00 | INFO    | PDP       | Processed 48 target products for H&M (Kids) in 3s (845.41 products/min). | run_id=run_20260929_121204_794270_9f761b | brand=H&M (Kids) | saved=48 | elapsed_label=3s | products_per_minute=845.41
2026-09-29 12:22:00 | INFO    | LISTING   | Listing H&M (Kids) route https://www.myntra.com/kids-hm page 12 -> https://www.myntra.com/gateway/v4/search/kids-hm?rows=50&o=550&plaEnabled=false&xdEnabled=false&isFacet=true&p=12 | run_id=run_20260929_121204_794270_9f761b | brand=H&M (Kids) | page=12 | route=https://www.myntra.com/kids-hm | seen=512 | expected=6338
2026-09-29 12:22:03 | INFO    | PDP       | Processed 45 target products for H&M (Kids) in 3s (931.23 products/min). | run_id=run_20260929_121204_794270_9f761b | brand=H&M (Kids) | saved=45 | elapsed_label=3s | products_per_minute=931.23
2026-09-29 12:22:04 | INFO    | LISTING   | Listing H&M (Kids) route https://www.myntra.com/kids-hm page 13 -> https://www.myntra.com/gateway/v4/search/kids-hm?rows=50&o=600&plaEnabled=false&xdEnabled=false&isFacet=true&p=13 | run_id=run_20260929_121204_794270_9f761b | brand=H&M (Kids) | page=13 | route=https://www.myntra.com/kids-hm | seen=557 | expected=6338
2026-09-29 12:22:08 | INFO    | PDP       | Processed 46 target products for H&M (Kids) in 4s (694.77 products/min). | run_id=run_20260929_121204_794270_9f761b | brand=H&M (Kids) | saved=46 | elapsed_label=4s | products_per_minute=694.77
2026-09-29 12:22:08 | INFO    | LISTING   | Listing H&M (Kids) route https://www.myntra.com/kids-hm page 14 -> https://www.myntra.com/gateway/v4/search/kids-hm?rows=50&o=650&plaEnabled=false&xdEnabled=false&isFacet=true&p=14 | run_id=run_20260929_121204_794270_9f761b | brand=H&M (Kids) | page=14 | route=https://www.myntra.com/kids-hm | seen=603 | expected=6338
2026-09-29 12:22:13 | INFO    | PDP       | Processed 48 target products for H&M (Kids) in 4s (655.79 products/min). | run_id=run_20260929_121204_794270_9f761b | brand=H&M (Kids) | saved=48 | elapsed_label=4s | products_per_minute=655.79
2026-09-29 12:22:14 | INFO    | LISTING   | Listing H&M (Kids) route https://www.myntra.com/kids-hm page 15 -> https://www.myntra.com/gateway/v4/search/kids-hm?rows=50&o=700&plaEnabled=false&xdEnabled=false&isFacet=true&p=15 | run_id=run_20260929_121204_794270_9f761b | brand=H&M (Kids) | page=15 | route=https://www.myntra.com/kids-hm | seen=651 | expected=6338
2026-09-29 12:22:18 | INFO    | PDP       | Processed 49 target products for H&M (Kids) in 3s (874.9 products/min). | run_id=run_20260929_121204_794270_9f761b | brand=H&M (Kids) | saved=49 | elapsed_label=3s | products_per_minute=874.9
2026-09-29 12:22:18 | INFO    | LISTING   | Listing H&M (Kids) route https://www.myntra.com/kids-hm page 16 -> https://www.myntra.com/gateway/v4/search/kids-hm?rows=50&o=750&plaEnabled=false&xdEnabled=false&isFacet=true&p=16 | run_id=run_20260929_121204_794270_9f761b | brand=H&M (Kids) | page=16 | route=https://www.myntra.com/kids-hm | seen=700 | expected=6338
2026-09-29 12:22:22 | INFO    | PDP       | Processed 50 target products for H&M (Kids) in 4s (776.54 products/min). | run_id=run_20260929_121204_794270_9f761b | brand=H&M (Kids) | saved=50 | elapsed_label=4s | products_per_minute=776.54
2026-09-29 12:22:23 | INFO    | LISTING   | Listing H&M (Kids) route https://www.myntra.com/kids-hm page 17 -> https://www.myntra.com/gateway/v4/search/kids-hm?rows=50&o=800&plaEnabled=false&xdEnabled=false&isFacet=true&p=17 | run_id=run_20260929_121204_794270_9f761b | brand=H&M (Kids) | page=17 | route=https://www.myntra.com/kids-hm | seen=750 | expected=6338
2026-09-29 12:22:27 | INFO    | PDP       | Processed 50 target products for H&M (Kids) in 4s (759.27 products/min). | run_id=run_20260929_121204_794270_9f761b | brand=H&M (Kids) | saved=50 | elapsed_label=4s | products_per_minute=759.27
2026-09-29 12:22:27 | INFO    | LISTING   | Listing H&M (Kids) route https://www.myntra.com/kids-hm page 18 -> https://www.myntra.com/gateway/v4/search/kids-hm?rows=50&o=850&plaEnabled=false&xdEnabled=false&isFacet=true&p=18 | run_id=run_20260929_121204_794270_9f761b | brand=H&M (Kids) | page=18 | route=https://www.myntra.com/kids-hm | seen=800 | expected=6338
2026-09-29 12:22:32 | INFO    | PDP       | Processed 50 target products for H&M (Kids) in 4s (701.06 products/min). | run_id=run_20260929_121204_794270_9f761b | brand=H&M (Kids) | saved=50 | elapsed_label=4s | products_per_minute=701.06
2026-09-29 12:22:32 | INFO    | LISTING   | Listing H&M (Kids) route https://www.myntra.com/kids-hm page 19 -> https://www.myntra.com/gateway/v4/search/kids-hm?rows=50&o=900&plaEnabled=false&xdEnabled=false&isFacet=true&p=19 | run_id=run_20260929_121204_794270_9f761b | brand=H&M (Kids) | page=19 | route=https://www.myntra.com/kids-hm | seen=850 | expected=6338
2026-09-29 12:22:38 | INFO    | PDP       | Processed 50 target products for H&M (Kids) in 5s (655.08 products/min). | run_id=run_20260929_121204_794270_9f761b | brand=H&M (Kids) | saved=50 | elapsed_label=5s | products_per_minute=655.08
2026-09-29 12:22:38 | INFO    | LISTING   | Listing H&M (Kids) route https://www.myntra.com/kids-hm page 20 -> https://www.myntra.com/gateway/v4/search/kids-hm?rows=50&o=950&plaEnabled=false&xdEnabled=false&isFacet=true&p=20 | run_id=run_20260929_121204_794270_9f761b | brand=H&M (Kids) | page=20 | route=https://www.myntra.com/kids-hm | seen=900 | expected=6338
2026-09-29 12:22:42 | INFO    | PDP       | Processed 50 target products for H&M (Kids) in 4s (754.0 products/min). | run_id=run_20260929_121204_794270_9f761b | brand=H&M (Kids) | saved=50 | elapsed_label=4s | products_per_minute=754.0
2026-09-29 12:22:43 | INFO    | LISTING   | Listing H&M (Kids) route https://www.myntra.com/kids-hm page 21 -> https://www.myntra.com/gateway/v4/search/kids-hm?rows=50&o=1000&plaEnabled=false&xdEnabled=false&isFacet=true&p=21 | run_id=run_20260929_121204_794270_9f761b | brand=H&M (Kids) | page=21 | route=https://www.myntra.com/kids-hm | seen=950 | expected=6338
2026-09-29 12:22:48 | INFO    | PDP       | Processed 50 target products for H&M (Kids) in 5s (661.05 products/min). | run_id=run_20260929_121204_794270_9f761b | brand=H&M (Kids) | saved=50 | elapsed_label=5s | products_per_minute=661.05
2026-09-29 12:22:48 | INFO    | LISTING   | Listing H&M (Kids) route https://www.myntra.com/kids-hm page 22 -> https://www.myntra.com/gateway/v4/search/kids-hm?rows=50&o=1050&plaEnabled=false&xdEnabled=false&isFacet=true&p=22 | run_id=run_20260929_121204_794270_9f761b | brand=H&M (Kids) | page=22 | route=https://www.myntra.com/kids-hm | seen=1000 | expected=6338
2026-09-29 12:22:53 | INFO    | PDP       | Processed 49 target products for H&M (Kids) in 4s (694.74 products/min). | run_id=run_20260929_121204_794270_9f761b | brand=H&M (Kids) | saved=49 | elapsed_label=4s | products_per_minute=694.74
2026-09-29 12:22:53 | INFO    | LISTING   | Listing H&M (Kids) route https://www.myntra.com/kids-hm page 23 -> https://www.myntra.com/gateway/v4/search/kids-hm?rows=50&o=1100&plaEnabled=false&xdEnabled=false&isFacet=true&p=23 | run_id=run_20260929_121204_794270_9f761b | brand=H&M (Kids) | page=23 | route=https://www.myntra.com/kids-hm | seen=1049 | expected=6338
2026-09-29 12:22:58 | INFO    | PDP       | Processed 50 target products for H&M (Kids) in 4s (680.91 products/min). | run_id=run_20260929_121204_794270_9f761b | brand=H&M (Kids) | saved=50 | elapsed_label=4s | products_per_minute=680.91
2026-09-29 12:22:58 | INFO    | LISTING   | Listing H&M (Kids) route https://www.myntra.com/kids-hm page 24 -> https://www.myntra.com/gateway/v4/search/kids-hm?rows=50&o=1150&plaEnabled=false&xdEnabled=false&isFacet=true&p=24 | run_id=run_20260929_121204_794270_9f761b | brand=H&M (Kids) | page=24 | route=https://www.myntra.com/kids-hm | seen=1099 | expected=6338
2026-09-29 12:23:03 | INFO    | PDP       | Processed 30 target products for H&M (Kids) in 5s (397.75 products/min). | run_id=run_20260929_121204_794270_9f761b | brand=H&M (Kids) | saved=30 | elapsed_label=5s | products_per_minute=397.75
2026-09-29 12:23:03 | INFO    | LISTING   | Listing H&M (Kids) route https://www.myntra.com/kids-hm page 25 -> https://www.myntra.com/gateway/v4/search/kids-hm?rows=50&o=1200&plaEnabled=false&xdEnabled=false&isFacet=true&p=25 | run_id=run_20260929_121204_794270_9f761b | brand=H&M (Kids) | page=25 | route=https://www.myntra.com/kids-hm | seen=1129 | expected=6338
2026-09-29 12:23:06 | INFO    | PDP       | Processed 16 target products for H&M (Kids) in 2s (437.42 products/min). | run_id=run_20260929_121204_794270_9f761b | brand=H&M (Kids) | saved=16 | elapsed_label=2s | products_per_minute=437.42
2026-09-29 12:23:06 | INFO    | LISTING   | Listing H&M (Kids) route https://www.myntra.com/kids-hm page 26 -> https://www.myntra.com/gateway/v4/search/kids-hm?rows=50&o=1250&plaEnabled=false&xdEnabled=false&isFacet=true&p=26 | run_id=run_20260929_121204_794270_9f761b | brand=H&M (Kids) | page=26 | route=https://www.myntra.com/kids-hm | seen=1145 | expected=6338
2026-09-29 12:23:09 | INFO    | PDP       | Processed 29 target products for H&M (Kids) in 2s (814.93 products/min). | run_id=run_20260929_121204_794270_9f761b | brand=H&M (Kids) | saved=29 | elapsed_label=2s | products_per_minute=814.93
2026-09-29 12:23:09 | INFO    | LISTING   | Listing H&M (Kids) route https://www.myntra.com/kids-hm page 27 -> https://www.myntra.com/gateway/v4/search/kids-hm?rows=50&o=1300&plaEnabled=false&xdEnabled=false&isFacet=true&p=27 | run_id=run_20260929_121204_794270_9f761b | brand=H&M (Kids) | page=27 | route=https://www.myntra.com/kids-hm | seen=1174 | expected=6338
2026-09-29 12:23:12 | INFO    | PDP       | Processed 21 target products for H&M (Kids) in 2s (578.33 products/min). | run_id=run_20260929_121204_794270_9f761b | brand=H&M (Kids) | saved=21 | elapsed_label=2s | products_per_minute=578.33
2026-09-29 12:23:12 | INFO    | LISTING   | Listing H&M (Kids) route https://www.myntra.com/kids-hm page 28 -> https://www.myntra.com/gateway/v4/search/kids-hm?rows=50&o=1350&plaEnabled=false&xdEnabled=false&isFacet=true&p=28 | run_id=run_20260929_121204_794270_9f761b | brand=H&M (Kids) | page=28 | route=https://www.myntra.com/kids-hm | seen=1195 | expected=6338
2026-09-29 12:23:15 | INFO    | PDP       | Processed 39 target products for H&M (Kids) in 2s (962.16 products/min). | run_id=run_20260929_121204_794270_9f761b | brand=H&M (Kids) | saved=39 | elapsed_label=2s | products_per_minute=962.16
2026-09-29 12:23:15 | INFO    | LISTING   | Listing H&M (Kids) route https://www.myntra.com/kids-hm page 29 -> https://www.myntra.com/gateway/v4/search/kids-hm?rows=50&o=1400&plaEnabled=false&xdEnabled=false&isFacet=true&p=29 | run_id=run_20260929_121204_794270_9f761b | brand=H&M (Kids) | page=29 | route=https://www.myntra.com/kids-hm | seen=1234 | expected=6338
2026-09-29 12:23:19 | INFO    | PDP       | Processed 44 target products for H&M (Kids) in 3s (896.02 products/min). | run_id=run_20260929_121204_794270_9f761b | brand=H&M (Kids) | saved=44 | elapsed_label=3s | products_per_minute=896.02
2026-09-29 12:23:19 | INFO    | LISTING   | Listing H&M (Kids) route https://www.myntra.com/kids-hm page 30 -> https://www.myntra.com/gateway/v4/search/kids-hm?rows=50&o=1450&plaEnabled=false&xdEnabled=false&isFacet=true&p=30 | run_id=run_20260929_121204_794270_9f761b | brand=H&M (Kids) | page=30 | route=https://www.myntra.com/kids-hm | seen=1278 | expected=6338
2026-09-29 12:23:22 | INFO    | PDP       | Processed 38 target products for H&M (Kids) in 2s (1029.47 products/min). | run_id=run_20260929_121204_794270_9f761b | brand=H&M (Kids) | saved=38 | elapsed_label=2s | products_per_minute=1029.47
2026-09-29 12:23:22 | INFO    | LISTING   | Listing H&M (Kids) route https://www.myntra.com/kids-hm page 31 -> https://www.myntra.com/gateway/v4/search/kids-hm?rows=50&o=1500&plaEnabled=false&xdEnabled=false&isFacet=true&p=31 | run_id=run_20260929_121204_794270_9f761b | brand=H&M (Kids) | page=31 | route=https://www.myntra.com/kids-hm | seen=1316 | expected=6338
2026-09-29 12:23:24 | INFO    | PDP       | Processed 35 target products for H&M (Kids) in 2s (1071.29 products/min). | run_id=run_20260929_121204_794270_9f761b | brand=H&M (Kids) | saved=35 | elapsed_label=2s | products_per_minute=1071.29
2026-09-29 12:23:25 | INFO    | LISTING   | Listing H&M (Kids) route https://www.myntra.com/kids-hm page 32 -> https://www.myntra.com/gateway/v4/search/kids-hm?rows=50&o=1550&plaEnabled=false&xdEnabled=false&isFacet=true&p=32 | run_id=run_20260929_121204_794270_9f761b | brand=H&M (Kids) | page=32 | route=https://www.myntra.com/kids-hm | seen=1351 | expected=6338
2026-09-29 12:23:26 | INFO    | PDP       | Processed 23 target products for H&M (Kids) in 1s (1004.84 products/min). | run_id=run_20260929_121204_794270_9f761b | brand=H&M (Kids) | saved=23 | elapsed_label=1s | products_per_minute=1004.84
2026-09-29 12:23:27 | INFO    | LISTING   | Listing H&M (Kids) route https://www.myntra.com/kids-hm page 33 -> https://www.myntra.com/gateway/v4/search/kids-hm?rows=50&o=1600&plaEnabled=false&xdEnabled=false&isFacet=true&p=33 | run_id=run_20260929_121204_794270_9f761b | brand=H&M (Kids) | page=33 | route=https://www.myntra.com/kids-hm | seen=1374 | expected=6338
2026-09-29 12:23:30 | INFO    | PDP       | Processed 32 target products for H&M (Kids) in 3s (626.9 products/min). | run_id=run_20260929_121204_794270_9f761b | brand=H&M (Kids) | saved=32 | elapsed_label=3s | products_per_minute=626.9
2026-09-29 12:23:30 | INFO    | LISTING   | Listing H&M (Kids) route https://www.myntra.com/kids-hm page 34 -> https://www.myntra.com/gateway/v4/search/kids-hm?rows=50&o=1650&plaEnabled=false&xdEnabled=false&isFacet=true&p=34 | run_id=run_20260929_121204_794270_9f761b | brand=H&M (Kids) | page=34 | route=https://www.myntra.com/kids-hm | seen=1406 | expected=6338
2026-09-29 12:23:34 | INFO    | PDP       | Processed 33 target products for H&M (Kids) in 3s (653.35 products/min). | run_id=run_20260929_121204_794270_9f761b | brand=H&M (Kids) | saved=33 | elapsed_label=3s | products_per_minute=653.35
2026-09-29 12:23:34 | INFO    | LISTING   | Listing H&M (Kids) route https://www.myntra.com/kids-hm page 35 -> https://www.myntra.com/gateway/v4/search/kids-hm?rows=50&o=1700&plaEnabled=false&xdEnabled=false&isFacet=true&p=35 | run_id=run_20260929_121204_794270_9f761b | brand=H&M (Kids) | page=35 | route=https://www.myntra.com/kids-hm | seen=1439 | expected=6338
2026-09-29 12:23:38 | INFO    | PDP       | Processed 18 target products for H&M (Kids) in 3s (358.58 products/min). | run_id=run_20260929_121204_794270_9f761b | brand=H&M (Kids) | saved=18 | elapsed_label=3s | products_per_minute=358.58
2026-09-29 12:23:38 | INFO    | LISTING   | Listing H&M (Kids) route https://www.myntra.com/kids-hm page 36 -> https://www.myntra.com/gateway/v4/search/kids-hm?rows=50&o=1750&plaEnabled=false&xdEnabled=false&isFacet=true&p=36 | run_id=run_20260929_121204_794270_9f761b | brand=H&M (Kids) | page=36 | route=https://www.myntra.com/kids-hm | seen=1457 | expected=6338
2026-09-29 12:23:42 | INFO    | PDP       | Processed 37 target products for H&M (Kids) in 4s (590.79 products/min). | run_id=run_20260929_121204_794270_9f761b | brand=H&M (Kids) | saved=37 | elapsed_label=4s | products_per_minute=590.79
2026-09-29 12:23:42 | INFO    | LISTING   | Listing H&M (Kids) route https://www.myntra.com/kids-hm page 37 -> https://www.myntra.com/gateway/v4/search/kids-hm?rows=50&o=1800&plaEnabled=false&xdEnabled=false&isFacet=true&p=37 | run_id=run_20260929_121204_794270_9f761b | brand=H&M (Kids) | page=37 | route=https://www.myntra.com/kids-hm | seen=1494 | expected=6338
2026-09-29 12:23:47 | INFO    | PDP       | Processed 44 target products for H&M (Kids) in 4s (679.12 products/min). | run_id=run_20260929_121204_794270_9f761b | brand=H&M (Kids) | saved=44 | elapsed_label=4s | products_per_minute=679.12
2026-09-29 12:23:47 | INFO    | LISTING   | Listing H&M (Kids) route https://www.myntra.com/kids-hm page 38 -> https://www.myntra.com/gateway/v4/search/kids-hm?rows=50&o=1850&plaEnabled=false&xdEnabled=false&isFacet=true&p=38 | run_id=run_20260929_121204_794270_9f761b | brand=H&M (Kids) | page=38 | route=https://www.myntra.com/kids-hm | seen=1538 | expected=6338
2026-09-29 12:23:53 | INFO    | PDP       | Processed 45 target products for H&M (Kids) in 5s (511.51 products/min). | run_id=run_20260929_121204_794270_9f761b | brand=H&M (Kids) | saved=45 | elapsed_label=5s | products_per_minute=511.51
2026-09-29 12:23:53 | INFO    | LISTING   | Listing H&M (Kids) route https://www.myntra.com/kids-hm page 39 -> https://www.myntra.com/gateway/v4/search/kids-hm?rows=50&o=1900&plaEnabled=false&xdEnabled=false&isFacet=true&p=39 | run_id=run_20260929_121204_794270_9f761b | brand=H&M (Kids) | page=39 | route=https://www.myntra.com/kids-hm | seen=1583 | expected=6338
2026-09-29 12:23:59 | INFO    | PDP       | Processed 46 target products for H&M (Kids) in 5s (525.23 products/min). | run_id=run_20260929_121204_794270_9f761b | brand=H&M (Kids) | saved=46 | elapsed_label=5s | products_per_minute=525.23
2026-09-29 12:23:59 | INFO    | LISTING   | Listing H&M (Kids) route https://www.myntra.com/kids-hm page 40 -> https://www.myntra.com/gateway/v4/search/kids-hm?rows=50&o=1950&plaEnabled=false&xdEnabled=false&isFacet=true&p=40 | run_id=run_20260929_121204_794270_9f761b | brand=H&M (Kids) | page=40 | route=https://www.myntra.com/kids-hm | seen=1629 | expected=6338
2026-09-29 12:24:04 | INFO    | PDP       | Processed 43 target products for H&M (Kids) in 4s (620.42 products/min). | run_id=run_20260929_121204_794270_9f761b | brand=H&M (Kids) | saved=43 | elapsed_label=4s | products_per_minute=620.42
2026-09-29 12:24:04 | INFO    | LISTING   | Listing H&M (Kids) route https://www.myntra.com/kids-hm page 41 -> https://www.myntra.com/gateway/v4/search/kids-hm?rows=50&o=2000&plaEnabled=false&xdEnabled=false&isFacet=true&p=41 | run_id=run_20260929_121204_794270_9f761b | brand=H&M (Kids) | page=41 | route=https://www.myntra.com/kids-hm | seen=1672 | expected=6338
2026-09-29 12:24:10 | INFO    | PDP       | Processed 47 target products for H&M (Kids) in 5s (571.95 products/min). | run_id=run_20260929_121204_794270_9f761b | brand=H&M (Kids) | saved=47 | elapsed_label=5s | products_per_minute=571.95
2026-09-29 12:24:10 | INFO    | LISTING   | Listing H&M (Kids) route https://www.myntra.com/kids-hm page 42 -> https://www.myntra.com/gateway/v4/search/kids-hm?rows=50&o=2050&plaEnabled=false&xdEnabled=false&isFacet=true&p=42 | run_id=run_20260929_121204_794270_9f761b | brand=H&M (Kids) | page=42 | route=https://www.myntra.com/kids-hm | seen=1719 | expected=6338
2026-09-29 12:24:15 | INFO    | PDP       | Processed 44 target products for H&M (Kids) in 4s (586.97 products/min). | run_id=run_20260929_121204_794270_9f761b | brand=H&M (Kids) | saved=44 | elapsed_label=4s | products_per_minute=586.97
2026-09-29 12:24:16 | INFO    | LISTING   | Listing H&M (Kids) route https://www.myntra.com/kids-hm page 43 -> https://www.myntra.com/gateway/v4/search/kids-hm?rows=50&o=2100&plaEnabled=false&xdEnabled=false&isFacet=true&p=43 | run_id=run_20260929_121204_794270_9f761b | brand=H&M (Kids) | page=43 | route=https://www.myntra.com/kids-hm | seen=1763 | expected=6338
2026-09-29 12:24:21 | INFO    | PDP       | Processed 44 target products for H&M (Kids) in 5s (550.13 products/min). | run_id=run_20260929_121204_794270_9f761b | brand=H&M (Kids) | saved=44 | elapsed_label=5s | products_per_minute=550.13
2026-09-29 12:24:21 | INFO    | LISTING   | Listing H&M (Kids) route https://www.myntra.com/kids-hm page 44 -> https://www.myntra.com/gateway/v4/search/kids-hm?rows=50&o=2150&plaEnabled=false&xdEnabled=false&isFacet=true&p=44 | run_id=run_20260929_121204_794270_9f761b | brand=H&M (Kids) | page=44 | route=https://www.myntra.com/kids-hm | seen=1807 | expected=6338
2026-09-29 12:24:27 | INFO    | PDP       | Processed 47 target products for H&M (Kids) in 5s (555.89 products/min). | run_id=run_20260929_121204_794270_9f761b | brand=H&M (Kids) | saved=47 | elapsed_label=5s | products_per_minute=555.89
2026-09-29 12:24:27 | INFO    | LISTING   | Listing H&M (Kids) route https://www.myntra.com/kids-hm page 45 -> https://www.myntra.com/gateway/v4/search/kids-hm?rows=50&o=2200&plaEnabled=false&xdEnabled=false&isFacet=true&p=45 | run_id=run_20260929_121204_794270_9f761b | brand=H&M (Kids) | page=45 | route=https://www.myntra.com/kids-hm | seen=1854 | expected=6338
2026-09-29 12:24:32 | INFO    | PDP       | Processed 45 target products for H&M (Kids) in 4s (632.34 products/min). | run_id=run_20260929_121204_794270_9f761b | brand=H&M (Kids) | saved=45 | elapsed_label=4s | products_per_minute=632.34
2026-09-29 12:24:32 | INFO    | LISTING   | Listing H&M (Kids) route https://www.myntra.com/kids-hm page 46 -> https://www.myntra.com/gateway/v4/search/kids-hm?rows=50&o=2250&plaEnabled=false&xdEnabled=false&isFacet=true&p=46 | run_id=run_20260929_121204_794270_9f761b | brand=H&M (Kids) | page=46 | route=https://www.myntra.com/kids-hm | seen=1899 | expected=6338
2026-09-29 12:24:37 | INFO    | PDP       | Processed 46 target products for H&M (Kids) in 4s (666.13 products/min). | run_id=run_20260929_121204_794270_9f761b | brand=H&M (Kids) | saved=46 | elapsed_label=4s | products_per_minute=666.13
2026-09-29 12:24:37 | INFO    | LISTING   | Listing H&M (Kids) route https://www.myntra.com/kids-hm page 47 -> https://www.myntra.com/gateway/v4/search/kids-hm?rows=50&o=2300&plaEnabled=false&xdEnabled=false&isFacet=true&p=47 | run_id=run_20260929_121204_794270_9f761b | brand=H&M (Kids) | page=47 | route=https://www.myntra.com/kids-hm | seen=1945 | expected=6338
2026-09-29 12:24:43 | INFO    | PDP       | Processed 48 target products for H&M (Kids) in 5s (560.3 products/min). | run_id=run_20260929_121204_794270_9f761b | brand=H&M (Kids) | saved=48 | elapsed_label=5s | products_per_minute=560.3
2026-09-29 12:24:43 | INFO    | LISTING   | Listing H&M (Kids) route https://www.myntra.com/kids-hm page 48 -> https://www.myntra.com/gateway/v4/search/kids-hm?rows=50&o=2350&plaEnabled=false&xdEnabled=false&isFacet=true&p=48 | run_id=run_20260929_121204_794270_9f761b | brand=H&M (Kids) | page=48 | route=https://www.myntra.com/kids-hm | seen=1993 | expected=6338
2026-09-29 12:24:48 | INFO    | PDP       | Processed 45 target products for H&M (Kids) in 4s (633.49 products/min). | run_id=run_20260929_121204_794270_9f761b | brand=H&M (Kids) | saved=45 | elapsed_label=4s | products_per_minute=633.49
2026-09-29 12:24:48 | INFO    | LISTING   | Listing H&M (Kids) route https://www.myntra.com/kids-hm page 49 -> https://www.myntra.com/gateway/v4/search/kids-hm?rows=50&o=2400&plaEnabled=false&xdEnabled=false&isFacet=true&p=49 | run_id=run_20260929_121204_794270_9f761b | brand=H&M (Kids) | page=49 | route=https://www.myntra.com/kids-hm | seen=2038 | expected=6338
2026-09-29 12:24:53 | INFO    | PDP       | Processed 47 target products for H&M (Kids) in 5s (594.96 products/min). | run_id=run_20260929_121204_794270_9f761b | brand=H&M (Kids) | saved=47 | elapsed_label=5s | products_per_minute=594.96
2026-09-29 12:24:53 | INFO    | LISTING   | Listing H&M (Kids) route https://www.myntra.com/kids-hm page 50 -> https://www.myntra.com/gateway/v4/search/kids-hm?rows=50&o=2450&plaEnabled=false&xdEnabled=false&isFacet=true&p=50 | run_id=run_20260929_121204_794270_9f761b | brand=H&M (Kids) | page=50 | route=https://www.myntra.com/kids-hm | seen=2085 | expected=6338
2026-09-29 12:24:58 | INFO    | PDP       | Processed 49 target products for H&M (Kids) in 4s (750.61 products/min). | run_id=run_20260929_121204_794270_9f761b | brand=H&M (Kids) | saved=49 | elapsed_label=4s | products_per_minute=750.61
2026-09-29 12:24:58 | INFO    | LISTING   | Listing H&M (Kids) route https://www.myntra.com/kids-hm page 51 -> https://www.myntra.com/gateway/v4/search/kids-hm?rows=50&o=2500&plaEnabled=false&xdEnabled=false&isFacet=true&p=51 | run_id=run_20260929_121204_794270_9f761b | brand=H&M (Kids) | page=51 | route=https://www.myntra.com/kids-hm | seen=2134 | expected=6338
2026-09-29 12:25:06 | INFO    | PDP       | Processed 50 target products for H&M (Kids) in 8s (385.92 products/min). | run_id=run_20260929_121204_794270_9f761b | brand=H&M (Kids) | saved=50 | elapsed_label=8s | products_per_minute=385.92
2026-09-29 12:25:07 | INFO    | LISTING   | Listing H&M (Kids) route https://www.myntra.com/kids-hm page 52 -> https://www.myntra.com/gateway/v4/search/kids-hm?rows=50&o=2550&plaEnabled=false&xdEnabled=false&isFacet=true&p=52 | run_id=run_20260929_121204_794270_9f761b | brand=H&M (Kids) | page=52 | route=https://www.myntra.com/kids-hm | seen=2184 | expected=6338
2026-09-29 12:25:14 | INFO    | PDP       | Processed 49 target products for H&M (Kids) in 6s (460.43 products/min). | run_id=run_20260929_121204_794270_9f761b | brand=H&M (Kids) | saved=49 | elapsed_label=6s | products_per_minute=460.43
2026-09-29 12:25:14 | INFO    | LISTING   | Listing H&M (Kids) route https://www.myntra.com/kids-hm page 53 -> https://www.myntra.com/gateway/v4/search/kids-hm?rows=50&o=2600&plaEnabled=false&xdEnabled=false&isFacet=true&p=53 | run_id=run_20260929_121204_794270_9f761b | brand=H&M (Kids) | page=53 | route=https://www.myntra.com/kids-hm | seen=2233 | expected=6338
2026-09-29 12:25:25 | INFO    | PDP       | Processed 48 target products for H&M (Kids) in 11s (266.33 products/min). | run_id=run_20260929_121204_794270_9f761b | brand=H&M (Kids) | saved=48 | elapsed_label=11s | products_per_minute=266.33
2026-09-29 12:25:26 | INFO    | LISTING   | Listing H&M (Kids) route https://www.myntra.com/kids-hm page 54 -> https://www.myntra.com/gateway/v4/search/kids-hm?rows=50&o=2650&plaEnabled=false&xdEnabled=false&isFacet=true&p=54 | run_id=run_20260929_121204_794270_9f761b | brand=H&M (Kids) | page=54 | route=https://www.myntra.com/kids-hm | seen=2281 | expected=6338
2026-09-29 12:25:37 | INFO    | PDP       | Processed 50 target products for H&M (Kids) in 11s (273.95 products/min). | run_id=run_20260929_121204_794270_9f761b | brand=H&M (Kids) | saved=50 | elapsed_label=11s | products_per_minute=273.95
2026-09-29 12:25:37 | INFO    | LISTING   | Listing H&M (Kids) route https://www.myntra.com/kids-hm page 55 -> https://www.myntra.com/gateway/v4/search/kids-hm?rows=50&o=2700&plaEnabled=false&xdEnabled=false&isFacet=true&p=55 | run_id=run_20260929_121204_794270_9f761b | brand=H&M (Kids) | page=55 | route=https://www.myntra.com/kids-hm | seen=2331 | expected=6338
2026-09-29 12:25:50 | INFO    | PDP       | Processed 49 target products for H&M (Kids) in 12s (251.55 products/min). | run_id=run_20260929_121204_794270_9f761b | brand=H&M (Kids) | saved=49 | elapsed_label=12s | products_per_minute=251.55
2026-09-29 12:25:50 | INFO    | LISTING   | Listing H&M (Kids) route https://www.myntra.com/kids-hm page 56 -> https://www.myntra.com/gateway/v4/search/kids-hm?rows=50&o=2750&plaEnabled=false&xdEnabled=false&isFacet=true&p=56 | run_id=run_20260929_121204_794270_9f761b | brand=H&M (Kids) | page=56 | route=https://www.myntra.com/kids-hm | seen=2380 | expected=6338
2026-09-29 12:26:03 | INFO    | PDP       | Processed 50 target products for H&M (Kids) in 13s (238.22 products/min). | run_id=run_20260929_121204_794270_9f761b | brand=H&M (Kids) | saved=50 | elapsed_label=13s | products_per_minute=238.22
2026-09-29 12:26:03 | INFO    | LISTING   | Listing H&M (Kids) route https://www.myntra.com/kids-hm page 57 -> https://www.myntra.com/gateway/v4/search/kids-hm?rows=50&o=2800&plaEnabled=false&xdEnabled=false&isFacet=true&p=57 | run_id=run_20260929_121204_794270_9f761b | brand=H&M (Kids) | page=57 | route=https://www.myntra.com/kids-hm | seen=2430 | expected=6338
2026-09-29 12:26:14 | INFO    | PDP       | Processed 49 target products for H&M (Kids) in 10s (300.33 products/min). | run_id=run_20260929_121204_794270_9f761b | brand=H&M (Kids) | saved=49 | elapsed_label=10s | products_per_minute=300.33
2026-09-29 12:26:14 | INFO    | LISTING   | Listing H&M (Kids) route https://www.myntra.com/kids-hm page 58 -> https://www.myntra.com/gateway/v4/search/kids-hm?rows=50&o=2850&plaEnabled=false&xdEnabled=false&isFacet=true&p=58 | run_id=run_20260929_121204_794270_9f761b | brand=H&M (Kids) | page=58 | route=https://www.myntra.com/kids-hm | seen=2479 | expected=6338
2026-09-29 12:26:17 | INFO    | PDP       | Processed 45 target products for H&M (Kids) in 2s (1306.36 products/min). | run_id=run_20260929_121204_794270_9f761b | brand=H&M (Kids) | saved=45 | elapsed_label=2s | products_per_minute=1306.36
2026-09-29 12:26:17 | INFO    | LISTING   | Listing H&M (Kids) route https://www.myntra.com/kids-hm page 59 -> https://www.myntra.com/gateway/v4/search/kids-hm?rows=50&o=2900&plaEnabled=false&xdEnabled=false&isFacet=true&p=59 | run_id=run_20260929_121204_794270_9f761b | brand=H&M (Kids) | page=59 | route=https://www.myntra.com/kids-hm | seen=2524 | expected=6338
2026-09-29 12:26:20 | INFO    | PDP       | Processed 48 target products for H&M (Kids) in 2s (1299.96 products/min). | run_id=run_20260929_121204_794270_9f761b | brand=H&M (Kids) | saved=48 | elapsed_label=2s | products_per_minute=1299.96
2026-09-29 12:26:20 | INFO    | LISTING   | Listing H&M (Kids) route https://www.myntra.com/kids-hm page 60 -> https://www.myntra.com/gateway/v4/search/kids-hm?rows=50&o=2950&plaEnabled=false&xdEnabled=false&isFacet=true&p=60 | run_id=run_20260929_121204_794270_9f761b | brand=H&M (Kids) | page=60 | route=https://www.myntra.com/kids-hm | seen=2572 | expected=6338
2026-09-29 12:26:23 | INFO    | PDP       | Processed 49 target products for H&M (Kids) in 2s (1257.21 products/min). | run_id=run_20260929_121204_794270_9f761b | brand=H&M (Kids) | saved=49 | elapsed_label=2s | products_per_minute=1257.21
2026-09-29 12:26:23 | INFO    | LISTING   | Listing H&M (Kids) route https://www.myntra.com/kids-hm page 61 -> https://www.myntra.com/gateway/v4/search/kids-hm?rows=50&o=3000&plaEnabled=false&xdEnabled=false&isFacet=true&p=61 | run_id=run_20260929_121204_794270_9f761b | brand=H&M (Kids) | page=61 | route=https://www.myntra.com/kids-hm | seen=2621 | expected=6338
2026-09-29 12:26:26 | INFO    | PDP       | Processed 50 target products for H&M (Kids) in 2s (1386.77 products/min). | run_id=run_20260929_121204_794270_9f761b | brand=H&M (Kids) | saved=50 | elapsed_label=2s | products_per_minute=1386.77
2026-09-29 12:26:26 | INFO    | LISTING   | Listing H&M (Kids) route https://www.myntra.com/kids-hm page 62 -> https://www.myntra.com/gateway/v4/search/kids-hm?rows=50&o=3050&plaEnabled=false&xdEnabled=false&isFacet=true&p=62 | run_id=run_20260929_121204_794270_9f761b | brand=H&M (Kids) | page=62 | route=https://www.myntra.com/kids-hm | seen=2671 | expected=6338
2026-09-29 12:26:29 | INFO    | PDP       | Processed 49 target products for H&M (Kids) in 2s (1327.75 products/min). | run_id=run_20260929_121204_794270_9f761b | brand=H&M (Kids) | saved=49 | elapsed_label=2s | products_per_minute=1327.75
2026-09-29 12:26:29 | INFO    | LISTING   | Listing H&M (Kids) route https://www.myntra.com/kids-hm page 63 -> https://www.myntra.com/gateway/v4/search/kids-hm?rows=50&o=3100&plaEnabled=false&xdEnabled=false&isFacet=true&p=63 | run_id=run_20260929_121204_794270_9f761b | brand=H&M (Kids) | page=63 | route=https://www.myntra.com/kids-hm | seen=2720 | expected=6338
2026-09-29 12:26:32 | INFO    | PDP       | Processed 48 target products for H&M (Kids) in 2s (1302.68 products/min). | run_id=run_20260929_121204_794270_9f761b | brand=H&M (Kids) | saved=48 | elapsed_label=2s | products_per_minute=1302.68
2026-09-29 12:26:32 | INFO    | LISTING   | Listing H&M (Kids) route https://www.myntra.com/kids-hm page 64 -> https://www.myntra.com/gateway/v4/search/kids-hm?rows=50&o=3150&plaEnabled=false&xdEnabled=false&isFacet=true&p=64 | run_id=run_20260929_121204_794270_9f761b | brand=H&M (Kids) | page=64 | route=https://www.myntra.com/kids-hm | seen=2768 | expected=6338
2026-09-29 12:26:35 | INFO    | PDP       | Processed 50 target products for H&M (Kids) in 2s (1300.73 products/min). | run_id=run_20260929_121204_794270_9f761b | brand=H&M (Kids) | saved=50 | elapsed_label=2s | products_per_minute=1300.73
2026-09-29 12:26:35 | INFO    | LISTING   | Listing H&M (Kids) route https://www.myntra.com/kids-hm page 65 -> https://www.myntra.com/gateway/v4/search/kids-hm?rows=50&o=3200&plaEnabled=false&xdEnabled=false&isFacet=true&p=65 | run_id=run_20260929_121204_794270_9f761b | brand=H&M (Kids) | page=65 | route=https://www.myntra.com/kids-hm | seen=2818 | expected=6338
2026-09-29 12:26:38 | INFO    | PDP       | Processed 50 target products for H&M (Kids) in 2s (1358.19 products/min). | run_id=run_20260929_121204_794270_9f761b | brand=H&M (Kids) | saved=50 | elapsed_label=2s | products_per_minute=1358.19
2026-09-29 12:26:38 | INFO    | LISTING   | Listing H&M (Kids) route https://www.myntra.com/kids-hm page 66 -> https://www.myntra.com/gateway/v4/search/kids-hm?rows=50&o=3250&plaEnabled=false&xdEnabled=false&isFacet=true&p=66 | run_id=run_20260929_121204_794270_9f761b | brand=H&M (Kids) | page=66 | route=https://www.myntra.com/kids-hm | seen=2868 | expected=6338
2026-09-29 12:26:43 | INFO    | PDP       | Processed 50 target products for H&M (Kids) in 4s (747.62 products/min). | run_id=run_20260929_121204_794270_9f761b | brand=H&M (Kids) | saved=50 | elapsed_label=4s | products_per_minute=747.62
2026-09-29 12:26:43 | INFO    | LISTING   | Listing H&M (Kids) route https://www.myntra.com/kids-hm page 67 -> https://www.myntra.com/gateway/v4/search/kids-hm?rows=50&o=3300&plaEnabled=false&xdEnabled=false&isFacet=true&p=67 | run_id=run_20260929_121204_794270_9f761b | brand=H&M (Kids) | page=67 | route=https://www.myntra.com/kids-hm | seen=2918 | expected=6338
2026-09-29 12:26:47 | INFO    | PDP       | Processed 46 target products for H&M (Kids) in 3s (904.76 products/min). | run_id=run_20260929_121204_794270_9f761b | brand=H&M (Kids) | saved=46 | elapsed_label=3s | products_per_minute=904.76
2026-09-29 12:26:47 | INFO    | LISTING   | Listing H&M (Kids) route https://www.myntra.com/kids-hm page 68 -> https://www.myntra.com/gateway/v4/search/kids-hm?rows=50&o=3350&plaEnabled=false&xdEnabled=false&isFacet=true&p=68 | run_id=run_20260929_121204_794270_9f761b | brand=H&M (Kids) | page=68 | route=https://www.myntra.com/kids-hm | seen=2964 | expected=6338
2026-09-29 12:26:51 | INFO    | PDP       | Processed 43 target products for H&M (Kids) in 3s (851.74 products/min). | run_id=run_20260929_121204_794270_9f761b | brand=H&M (Kids) | saved=43 | elapsed_label=3s | products_per_minute=851.74
2026-09-29 12:26:51 | INFO    | LISTING   | Listing H&M (Kids) route https://www.myntra.com/kids-hm page 69 -> https://www.myntra.com/gateway/v4/search/kids-hm?rows=50&o=3400&plaEnabled=false&xdEnabled=false&isFacet=true&p=69 | run_id=run_20260929_121204_794270_9f761b | brand=H&M (Kids) | page=69 | route=https://www.myntra.com/kids-hm | seen=3007 | expected=6338
2026-09-29 12:26:54 | INFO    | PDP       | Processed 34 target products for H&M (Kids) in 2s (995.83 products/min). | run_id=run_20260929_121204_794270_9f761b | brand=H&M (Kids) | saved=34 | elapsed_label=2s | products_per_minute=995.83
2026-09-29 12:26:54 | INFO    | LISTING   | Listing H&M (Kids) route https://www.myntra.com/kids-hm page 70 -> https://www.myntra.com/gateway/v4/search/kids-hm?rows=50&o=3450&plaEnabled=false&xdEnabled=false&isFacet=true&p=70 | run_id=run_20260929_121204_794270_9f761b | brand=H&M (Kids) | page=70 | route=https://www.myntra.com/kids-hm | seen=3041 | expected=6338
2026-09-29 12:26:57 | INFO    | PDP       | Processed 34 target products for H&M (Kids) in 2s (842.51 products/min). | run_id=run_20260929_121204_794270_9f761b | brand=H&M (Kids) | saved=34 | elapsed_label=2s | products_per_minute=842.51
2026-09-29 12:26:57 | INFO    | LISTING   | Listing H&M (Kids) route https://www.myntra.com/kids-hm page 71 -> https://www.myntra.com/gateway/v4/search/kids-hm?rows=50&o=3500&plaEnabled=false&xdEnabled=false&isFacet=true&p=71 | run_id=run_20260929_121204_794270_9f761b | brand=H&M (Kids) | page=71 | route=https://www.myntra.com/kids-hm | seen=3075 | expected=6338
2026-09-29 12:26:59 | INFO    | PDP       | Processed 23 target products for H&M (Kids) in 2s (830.67 products/min). | run_id=run_20260929_121204_794270_9f761b | brand=H&M (Kids) | saved=23 | elapsed_label=2s | products_per_minute=830.67
2026-09-29 12:26:59 | INFO    | LISTING   | Listing H&M (Kids) route https://www.myntra.com/kids-hm page 72 -> https://www.myntra.com/gateway/v4/search/kids-hm?rows=50&o=3550&plaEnabled=false&xdEnabled=false&isFacet=true&p=72 | run_id=run_20260929_121204_794270_9f761b | brand=H&M (Kids) | page=72 | route=https://www.myntra.com/kids-hm | seen=3098 | expected=6338
2026-09-29 12:27:03 | INFO    | PDP       | Processed 47 target products for H&M (Kids) in 3s (959.33 products/min). | run_id=run_20260929_121204_794270_9f761b | brand=H&M (Kids) | saved=47 | elapsed_label=3s | products_per_minute=959.33
2026-09-29 12:27:03 | INFO    | LISTING   | Listing H&M (Kids) route https://www.myntra.com/kids-hm page 73 -> https://www.myntra.com/gateway/v4/search/kids-hm?rows=50&o=3600&plaEnabled=false&xdEnabled=false&isFacet=true&p=73 | run_id=run_20260929_121204_794270_9f761b | brand=H&M (Kids) | page=73 | route=https://www.myntra.com/kids-hm | seen=3145 | expected=6338
2026-09-29 12:27:06 | INFO    | PDP       | Processed 45 target products for H&M (Kids) in 2s (1110.6 products/min). | run_id=run_20260929_121204_794270_9f761b | brand=H&M (Kids) | saved=45 | elapsed_label=2s | products_per_minute=1110.6
2026-09-29 12:27:06 | INFO    | LISTING   | Listing H&M (Kids) route https://www.myntra.com/kids-hm page 74 -> https://www.myntra.com/gateway/v4/search/kids-hm?rows=50&o=3650&plaEnabled=false&xdEnabled=false&isFacet=true&p=74 | run_id=run_20260929_121204_794270_9f761b | brand=H&M (Kids) | page=74 | route=https://www.myntra.com/kids-hm | seen=3190 | expected=6338
2026-09-29 12:27:10 | INFO    | PDP       | Processed 43 target products for H&M (Kids) in 3s (959.95 products/min). | run_id=run_20260929_121204_794270_9f761b | brand=H&M (Kids) | saved=43 | elapsed_label=3s | products_per_minute=959.95
2026-09-29 12:27:10 | INFO    | LISTING   | Listing H&M (Kids) route https://www.myntra.com/kids-hm page 75 -> https://www.myntra.com/gateway/v4/search/kids-hm?rows=50&o=3700&plaEnabled=false&xdEnabled=false&isFacet=true&p=75 | run_id=run_20260929_121204_794270_9f761b | brand=H&M (Kids) | page=75 | route=https://www.myntra.com/kids-hm | seen=3233 | expected=6338
2026-09-29 12:27:13 | INFO    | PDP       | Processed 43 target products for H&M (Kids) in 3s (918.46 products/min). | run_id=run_20260929_121204_794270_9f761b | brand=H&M (Kids) | saved=43 | elapsed_label=3s | products_per_minute=918.46
2026-09-29 12:27:13 | INFO    | LISTING   | Listing H&M (Kids) route https://www.myntra.com/kids-hm page 76 -> https://www.myntra.com/gateway/v4/search/kids-hm?rows=50&o=3750&plaEnabled=false&xdEnabled=false&isFacet=true&p=76 | run_id=run_20260929_121204_794270_9f761b | brand=H&M (Kids) | page=76 | route=https://www.myntra.com/kids-hm | seen=3276 | expected=6338
2026-09-29 12:27:17 | INFO    | PDP       | Processed 43 target products for H&M (Kids) in 3s (991.36 products/min). | run_id=run_20260929_121204_794270_9f761b | brand=H&M (Kids) | saved=43 | elapsed_label=3s | products_per_minute=991.36
2026-09-29 12:27:17 | INFO    | LISTING   | Listing H&M (Kids) route https://www.myntra.com/kids-hm page 77 -> https://www.myntra.com/gateway/v4/search/kids-hm?rows=50&o=3800&plaEnabled=false&xdEnabled=false&isFacet=true&p=77 | run_id=run_20260929_121204_794270_9f761b | brand=H&M (Kids) | page=77 | route=https://www.myntra.com/kids-hm | seen=3319 | expected=6338
2026-09-29 12:27:20 | INFO    | PDP       | Processed 36 target products for H&M (Kids) in 2s (968.44 products/min). | run_id=run_20260929_121204_794270_9f761b | brand=H&M (Kids) | saved=36 | elapsed_label=2s | products_per_minute=968.44
2026-09-29 12:27:20 | INFO    | LISTING   | Listing H&M (Kids) route https://www.myntra.com/kids-hm page 78 -> https://www.myntra.com/gateway/v4/search/kids-hm?rows=50&o=3850&plaEnabled=false&xdEnabled=false&isFacet=true&p=78 | run_id=run_20260929_121204_794270_9f761b | brand=H&M (Kids) | page=78 | route=https://www.myntra.com/kids-hm | seen=3355 | expected=6338
2026-09-29 12:27:22 | INFO    | PDP       | Processed 27 target products for H&M (Kids) in 2s (1016.78 products/min). | run_id=run_20260929_121204_794270_9f761b | brand=H&M (Kids) | saved=27 | elapsed_label=2s | products_per_minute=1016.78
2026-09-29 12:27:22 | INFO    | LISTING   | Listing H&M (Kids) route https://www.myntra.com/kids-hm page 79 -> https://www.myntra.com/gateway/v4/search/kids-hm?rows=50&o=3900&plaEnabled=false&xdEnabled=false&isFacet=true&p=79 | run_id=run_20260929_121204_794270_9f761b | brand=H&M (Kids) | page=79 | route=https://www.myntra.com/kids-hm | seen=3382 | expected=6338
2026-09-29 12:27:24 | INFO    | PDP       | Processed 32 target products for H&M (Kids) in 2s (1107.48 products/min). | run_id=run_20260929_121204_794270_9f761b | brand=H&M (Kids) | saved=32 | elapsed_label=2s | products_per_minute=1107.48
2026-09-29 12:27:25 | INFO    | LISTING   | Listing H&M (Kids) route https://www.myntra.com/kids-hm page 80 -> https://www.myntra.com/gateway/v4/search/kids-hm?rows=50&o=3950&plaEnabled=false&xdEnabled=false&isFacet=true&p=80 | run_id=run_20260929_121204_794270_9f761b | brand=H&M (Kids) | page=80 | route=https://www.myntra.com/kids-hm | seen=3414 | expected=6338
2026-09-29 12:27:27 | INFO    | PDP       | Processed 41 target products for H&M (Kids) in 2s (1279.71 products/min). | run_id=run_20260929_121204_794270_9f761b | brand=H&M (Kids) | saved=41 | elapsed_label=2s | products_per_minute=1279.71
2026-09-29 12:27:27 | INFO    | LISTING   | Listing H&M (Kids) route https://www.myntra.com/kids-hm page 81 -> https://www.myntra.com/gateway/v4/search/kids-hm?rows=50&o=4000&plaEnabled=false&xdEnabled=false&isFacet=true&p=81 | run_id=run_20260929_121204_794270_9f761b | brand=H&M (Kids) | page=81 | route=https://www.myntra.com/kids-hm | seen=3455 | expected=6338
2026-09-29 12:27:30 | INFO    | PDP       | Processed 44 target products for H&M (Kids) in 2s (1168.0 products/min). | run_id=run_20260929_121204_794270_9f761b | brand=H&M (Kids) | saved=44 | elapsed_label=2s | products_per_minute=1168.0
2026-09-29 12:27:30 | INFO    | LISTING   | Listing H&M (Kids) route https://www.myntra.com/kids-hm page 82 -> https://www.myntra.com/gateway/v4/search/kids-hm?rows=50&o=4050&plaEnabled=false&xdEnabled=false&isFacet=true&p=82 | run_id=run_20260929_121204_794270_9f761b | brand=H&M (Kids) | page=82 | route=https://www.myntra.com/kids-hm | seen=3499 | expected=6338
2026-09-29 12:27:33 | INFO    | PDP       | Processed 37 target products for H&M (Kids) in 2s (1216.03 products/min). | run_id=run_20260929_121204_794270_9f761b | brand=H&M (Kids) | saved=37 | elapsed_label=2s | products_per_minute=1216.03
2026-09-29 12:27:33 | INFO    | LISTING   | Listing H&M (Kids) route https://www.myntra.com/kids-hm page 83 -> https://www.myntra.com/gateway/v4/search/kids-hm?rows=50&o=4100&plaEnabled=false&xdEnabled=false&isFacet=true&p=83 | run_id=run_20260929_121204_794270_9f761b | brand=H&M (Kids) | page=83 | route=https://www.myntra.com/kids-hm | seen=3536 | expected=6338
2026-09-29 12:27:35 | INFO    | PDP       | Processed 19 target products for H&M (Kids) in 1s (1029.59 products/min). | run_id=run_20260929_121204_794270_9f761b | brand=H&M (Kids) | saved=19 | elapsed_label=1s | products_per_minute=1029.59
2026-09-29 12:27:35 | INFO    | LISTING   | Listing H&M (Kids) route https://www.myntra.com/kids-hm page 84 -> https://www.myntra.com/gateway/v4/search/kids-hm?rows=50&o=4150&plaEnabled=false&xdEnabled=false&isFacet=true&p=84 | run_id=run_20260929_121204_794270_9f761b | brand=H&M (Kids) | page=84 | route=https://www.myntra.com/kids-hm | seen=3555 | expected=6338
2026-09-29 12:27:37 | INFO    | PDP       | Processed 13 target products for H&M (Kids) in 2s (498.2 products/min). | run_id=run_20260929_121204_794270_9f761b | brand=H&M (Kids) | saved=13 | elapsed_label=2s | products_per_minute=498.2
2026-09-29 12:27:37 | INFO    | LISTING   | Listing H&M (Kids) route https://www.myntra.com/kids-hm page 85 -> https://www.myntra.com/gateway/v4/search/kids-hm?rows=50&o=4200&plaEnabled=false&xdEnabled=false&isFacet=true&p=85 | run_id=run_20260929_121204_794270_9f761b | brand=H&M (Kids) | page=85 | route=https://www.myntra.com/kids-hm | seen=3568 | expected=6338
2026-09-29 12:27:40 | INFO    | PDP       | Processed 49 target products for H&M (Kids) in 3s (996.06 products/min). | run_id=run_20260929_121204_794270_9f761b | brand=H&M (Kids) | saved=49 | elapsed_label=3s | products_per_minute=996.06
2026-09-29 12:27:41 | INFO    | LISTING   | Listing H&M (Kids) route https://www.myntra.com/kids-hm page 86 -> https://www.myntra.com/gateway/v4/search/kids-hm?rows=50&o=4250&plaEnabled=false&xdEnabled=false&isFacet=true&p=86 | run_id=run_20260929_121204_794270_9f761b | brand=H&M (Kids) | page=86 | route=https://www.myntra.com/kids-hm | seen=3617 | expected=6338
2026-09-29 12:27:44 | INFO    | PDP       | Processed 49 target products for H&M (Kids) in 3s (1127.58 products/min). | run_id=run_20260929_121204_794270_9f761b | brand=H&M (Kids) | saved=49 | elapsed_label=3s | products_per_minute=1127.58
2026-09-29 12:27:44 | INFO    | LISTING   | Listing H&M (Kids) route https://www.myntra.com/kids-hm page 87 -> https://www.myntra.com/gateway/v4/search/kids-hm?rows=50&o=4300&plaEnabled=false&xdEnabled=false&isFacet=true&p=87 | run_id=run_20260929_121204_794270_9f761b | brand=H&M (Kids) | page=87 | route=https://www.myntra.com/kids-hm | seen=3666 | expected=6338
2026-09-29 12:27:47 | INFO    | PDP       | Processed 50 target products for H&M (Kids) in 3s (1116.69 products/min). | run_id=run_20260929_121204_794270_9f761b | brand=H&M (Kids) | saved=50 | elapsed_label=3s | products_per_minute=1116.69
2026-09-29 12:27:48 | INFO    | LISTING   | Listing H&M (Kids) route https://www.myntra.com/kids-hm page 88 -> https://www.myntra.com/gateway/v4/search/kids-hm?rows=50&o=4350&plaEnabled=false&xdEnabled=false&isFacet=true&p=88 | run_id=run_20260929_121204_794270_9f761b | brand=H&M (Kids) | page=88 | route=https://www.myntra.com/kids-hm | seen=3716 | expected=6338
2026-09-29 12:27:51 | INFO    | PDP       | Processed 47 target products for H&M (Kids) in 3s (918.73 products/min). | run_id=run_20260929_121204_794270_9f761b | brand=H&M (Kids) | saved=47 | elapsed_label=3s | products_per_minute=918.73
2026-09-29 12:27:52 | INFO    | LISTING   | Listing H&M (Kids) route https://www.myntra.com/kids-hm page 89 -> https://www.myntra.com/gateway/v4/search/kids-hm?rows=50&o=4400&plaEnabled=false&xdEnabled=false&isFacet=true&p=89 | run_id=run_20260929_121204_794270_9f761b | brand=H&M (Kids) | page=89 | route=https://www.myntra.com/kids-hm | seen=3763 | expected=6338
2026-09-29 12:27:55 | INFO    | PDP       | Processed 42 target products for H&M (Kids) in 3s (983.45 products/min). | run_id=run_20260929_121204_794270_9f761b | brand=H&M (Kids) | saved=42 | elapsed_label=3s | products_per_minute=983.45
2026-09-29 12:27:55 | INFO    | LISTING   | Listing H&M (Kids) route https://www.myntra.com/kids-hm page 90 -> https://www.myntra.com/gateway/v4/search/kids-hm?rows=50&o=4450&plaEnabled=false&xdEnabled=false&isFacet=true&p=90 | run_id=run_20260929_121204_794270_9f761b | brand=H&M (Kids) | page=90 | route=https://www.myntra.com/kids-hm | seen=3805 | expected=6338
2026-09-29 12:27:58 | INFO    | PDP       | Processed 49 target products for H&M (Kids) in 3s (1034.98 products/min). | run_id=run_20260929_121204_794270_9f761b | brand=H&M (Kids) | saved=49 | elapsed_label=3s | products_per_minute=1034.98
2026-09-29 12:27:59 | INFO    | LISTING   | Listing H&M (Kids) route https://www.myntra.com/kids-hm page 91 -> https://www.myntra.com/gateway/v4/search/kids-hm?rows=50&o=4500&plaEnabled=false&xdEnabled=false&isFacet=true&p=91 | run_id=run_20260929_121204_794270_9f761b | brand=H&M (Kids) | page=91 | route=https://www.myntra.com/kids-hm | seen=3854 | expected=6338
2026-09-29 12:28:02 | INFO    | PDP       | Processed 44 target products for H&M (Kids) in 2s (1057.83 products/min). | run_id=run_20260929_121204_794270_9f761b | brand=H&M (Kids) | saved=44 | elapsed_label=2s | products_per_minute=1057.83
2026-09-29 12:28:02 | INFO    | LISTING   | Listing H&M (Kids) route https://www.myntra.com/kids-hm page 92 -> https://www.myntra.com/gateway/v4/search/kids-hm?rows=50&o=4550&plaEnabled=false&xdEnabled=false&isFacet=true&p=92 | run_id=run_20260929_121204_794270_9f761b | brand=H&M (Kids) | page=92 | route=https://www.myntra.com/kids-hm | seen=3898 | expected=6338
2026-09-29 12:28:05 | INFO    | PDP       | Processed 43 target products for H&M (Kids) in 3s (924.88 products/min). | run_id=run_20260929_121204_794270_9f761b | brand=H&M (Kids) | saved=43 | elapsed_label=3s | products_per_minute=924.88
2026-09-29 12:28:05 | INFO    | LISTING   | Listing H&M (Kids) route https://www.myntra.com/kids-hm page 93 -> https://www.myntra.com/gateway/v4/search/kids-hm?rows=50&o=4600&plaEnabled=false&xdEnabled=false&isFacet=true&p=93 | run_id=run_20260929_121204_794270_9f761b | brand=H&M (Kids) | page=93 | route=https://www.myntra.com/kids-hm | seen=3941 | expected=6338
2026-09-29 12:28:09 | INFO    | PDP       | Processed 46 target products for H&M (Kids) in 3s (981.24 products/min). | run_id=run_20260929_121204_794270_9f761b | brand=H&M (Kids) | saved=46 | elapsed_label=3s | products_per_minute=981.24
2026-09-29 12:28:09 | INFO    | LISTING   | Listing H&M (Kids) route https://www.myntra.com/kids-hm page 94 -> https://www.myntra.com/gateway/v4/search/kids-hm?rows=50&o=4650&plaEnabled=false&xdEnabled=false&isFacet=true&p=94 | run_id=run_20260929_121204_794270_9f761b | brand=H&M (Kids) | page=94 | route=https://www.myntra.com/kids-hm | seen=3987 | expected=6338
2026-09-29 12:28:13 | INFO    | PDP       | Processed 50 target products for H&M (Kids) in 3s (1011.78 products/min). | run_id=run_20260929_121204_794270_9f761b | brand=H&M (Kids) | saved=50 | elapsed_label=3s | products_per_minute=1011.78
2026-09-29 12:28:13 | INFO    | LISTING   | Listing H&M (Kids) route https://www.myntra.com/kids-hm page 95 -> https://www.myntra.com/gateway/v4/search/kids-hm?rows=50&o=4700&plaEnabled=false&xdEnabled=false&isFacet=true&p=95 | run_id=run_20260929_121204_794270_9f761b | brand=H&M (Kids) | page=95 | route=https://www.myntra.com/kids-hm | seen=4037 | expected=6338
2026-09-29 12:28:17 | INFO    | PDP       | Processed 49 target products for H&M (Kids) in 3s (909.01 products/min). | run_id=run_20260929_121204_794270_9f761b | brand=H&M (Kids) | saved=49 | elapsed_label=3s | products_per_minute=909.01
2026-09-29 12:28:17 | INFO    | LISTING   | Listing H&M (Kids) route https://www.myntra.com/kids-hm page 96 -> https://www.myntra.com/gateway/v4/search/kids-hm?rows=50&o=4750&plaEnabled=false&xdEnabled=false&isFacet=true&p=96 | run_id=run_20260929_121204_794270_9f761b | brand=H&M (Kids) | page=96 | route=https://www.myntra.com/kids-hm | seen=4086 | expected=6338
2026-09-29 12:28:20 | INFO    | PDP       | Processed 49 target products for H&M (Kids) in 3s (1046.23 products/min). | run_id=run_20260929_121204_794270_9f761b | brand=H&M (Kids) | saved=49 | elapsed_label=3s | products_per_minute=1046.23
2026-09-29 12:28:20 | INFO    | LISTING   | Listing H&M (Kids) route https://www.myntra.com/kids-hm page 97 -> https://www.myntra.com/gateway/v4/search/kids-hm?rows=50&o=4800&plaEnabled=false&xdEnabled=false&isFacet=true&p=97 | run_id=run_20260929_121204_794270_9f761b | brand=H&M (Kids) | page=97 | route=https://www.myntra.com/kids-hm | seen=4135 | expected=6338
2026-09-29 12:28:23 | INFO    | PDP       | Processed 46 target products for H&M (Kids) in 2s (1147.9 products/min). | run_id=run_20260929_121204_794270_9f761b | brand=H&M (Kids) | saved=46 | elapsed_label=2s | products_per_minute=1147.9
2026-09-29 12:28:24 | INFO    | LISTING   | Listing H&M (Kids) route https://www.myntra.com/kids-hm page 98 -> https://www.myntra.com/gateway/v4/search/kids-hm?rows=50&o=4850&plaEnabled=false&xdEnabled=false&isFacet=true&p=98 | run_id=run_20260929_121204_794270_9f761b | brand=H&M (Kids) | page=98 | route=https://www.myntra.com/kids-hm | seen=4181 | expected=6338
2026-09-29 12:28:27 | INFO    | PDP       | Processed 47 target products for H&M (Kids) in 3s (1074.35 products/min). | run_id=run_20260929_121204_794270_9f761b | brand=H&M (Kids) | saved=47 | elapsed_label=3s | products_per_minute=1074.35
2026-09-29 12:28:27 | INFO    | LISTING   | Listing H&M (Kids) route https://www.myntra.com/kids-hm page 99 -> https://www.myntra.com/gateway/v4/search/kids-hm?rows=50&o=4900&plaEnabled=false&xdEnabled=false&isFacet=true&p=99 | run_id=run_20260929_121204_794270_9f761b | brand=H&M (Kids) | page=99 | route=https://www.myntra.com/kids-hm | seen=4228 | expected=6338
2026-09-29 12:28:30 | INFO    | PDP       | Processed 49 target products for H&M (Kids) in 3s (1084.06 products/min). | run_id=run_20260929_121204_794270_9f761b | brand=H&M (Kids) | saved=49 | elapsed_label=3s | products_per_minute=1084.06
2026-09-29 12:28:31 | INFO    | LISTING   | Listing H&M (Kids) route https://www.myntra.com/kids-hm page 100 -> https://www.myntra.com/gateway/v4/search/kids-hm?rows=50&o=4950&plaEnabled=false&xdEnabled=false&isFacet=true&p=100 | run_id=run_20260929_121204_794270_9f761b | brand=H&M (Kids) | page=100 | route=https://www.myntra.com/kids-hm | seen=4277 | expected=6338
2026-09-29 12:28:34 | INFO    | PDP       | Processed 45 target products for H&M (Kids) in 3s (1000.36 products/min). | run_id=run_20260929_121204_794270_9f761b | brand=H&M (Kids) | saved=45 | elapsed_label=3s | products_per_minute=1000.36
2026-09-29 12:28:34 | INFO    | LISTING   | Listing H&M (Kids) route https://www.myntra.com/kids-hm page 101 -> https://www.myntra.com/gateway/v4/search/kids-hm?rows=50&o=5000&plaEnabled=false&xdEnabled=false&isFacet=true&p=101 | run_id=run_20260929_121204_794270_9f761b | brand=H&M (Kids) | page=101 | route=https://www.myntra.com/kids-hm | seen=4322 | expected=6338
2026-09-29 12:28:36 | INFO    | PDP       | Processed 42 target products for H&M (Kids) in 2s (1279.11 products/min). | run_id=run_20260929_121204_794270_9f761b | brand=H&M (Kids) | saved=42 | elapsed_label=2s | products_per_minute=1279.11
2026-09-29 12:28:37 | INFO    | LISTING   | Listing H&M (Kids) route https://www.myntra.com/kids-hm page 102 -> https://www.myntra.com/gateway/v4/search/kids-hm?rows=50&o=5050&plaEnabled=false&xdEnabled=false&isFacet=true&p=102 | run_id=run_20260929_121204_794270_9f761b | brand=H&M (Kids) | page=102 | route=https://www.myntra.com/kids-hm | seen=4364 | expected=6338
2026-09-29 12:28:39 | INFO    | PDP       | Processed 45 target products for H&M (Kids) in 2s (1254.66 products/min). | run_id=run_20260929_121204_794270_9f761b | brand=H&M (Kids) | saved=45 | elapsed_label=2s | products_per_minute=1254.66
2026-09-29 12:28:40 | INFO    | LISTING   | Listing H&M (Kids) route https://www.myntra.com/kids-hm page 103 -> https://www.myntra.com/gateway/v4/search/kids-hm?rows=50&o=5100&plaEnabled=false&xdEnabled=false&isFacet=true&p=103 | run_id=run_20260929_121204_794270_9f761b | brand=H&M (Kids) | page=103 | route=https://www.myntra.com/kids-hm | seen=4409 | expected=6338
2026-09-29 12:28:43 | INFO    | PDP       | Processed 48 target products for H&M (Kids) in 2s (1194.79 products/min). | run_id=run_20260929_121204_794270_9f761b | brand=H&M (Kids) | saved=48 | elapsed_label=2s | products_per_minute=1194.79
2026-09-29 12:28:43 | INFO    | LISTING   | Listing H&M (Kids) route https://www.myntra.com/kids-hm page 104 -> https://www.myntra.com/gateway/v4/search/kids-hm?rows=50&o=5150&plaEnabled=false&xdEnabled=false&isFacet=true&p=104 | run_id=run_20260929_121204_794270_9f761b | brand=H&M (Kids) | page=104 | route=https://www.myntra.com/kids-hm | seen=4457 | expected=6338
2026-09-29 12:28:46 | INFO    | PDP       | Processed 50 target products for H&M (Kids) in 3s (1010.34 products/min). | run_id=run_20260929_121204_794270_9f761b | brand=H&M (Kids) | saved=50 | elapsed_label=3s | products_per_minute=1010.34
2026-09-29 12:28:46 | INFO    | LISTING   | Listing H&M (Kids) route https://www.myntra.com/kids-hm page 105 -> https://www.myntra.com/gateway/v4/search/kids-hm?rows=50&o=5200&plaEnabled=false&xdEnabled=false&isFacet=true&p=105 | run_id=run_20260929_121204_794270_9f761b | brand=H&M (Kids) | page=105 | route=https://www.myntra.com/kids-hm | seen=4507 | expected=6338
2026-09-29 12:28:50 | INFO    | PDP       | Processed 50 target products for H&M (Kids) in 3s (1001.67 products/min). | run_id=run_20260929_121204_794270_9f761b | brand=H&M (Kids) | saved=50 | elapsed_label=3s | products_per_minute=1001.67
2026-09-29 12:28:50 | INFO    | LISTING   | Listing H&M (Kids) route https://www.myntra.com/kids-hm page 106 -> https://www.myntra.com/gateway/v4/search/kids-hm?rows=50&o=5250&plaEnabled=false&xdEnabled=false&isFacet=true&p=106 | run_id=run_20260929_121204_794270_9f761b | brand=H&M (Kids) | page=106 | route=https://www.myntra.com/kids-hm | seen=4557 | expected=6338
2026-09-29 12:28:53 | INFO    | PDP       | Processed 44 target products for H&M (Kids) in 3s (1009.88 products/min). | run_id=run_20260929_121204_794270_9f761b | brand=H&M (Kids) | saved=44 | elapsed_label=3s | products_per_minute=1009.88
2026-09-29 12:28:54 | INFO    | LISTING   | Listing H&M (Kids) route https://www.myntra.com/kids-hm page 107 -> https://www.myntra.com/gateway/v4/search/kids-hm?rows=50&o=5300&plaEnabled=false&xdEnabled=false&isFacet=true&p=107 | run_id=run_20260929_121204_794270_9f761b | brand=H&M (Kids) | page=107 | route=https://www.myntra.com/kids-hm | seen=4601 | expected=6338
2026-09-29 12:28:57 | INFO    | PDP       | Processed 49 target products for H&M (Kids) in 3s (1117.09 products/min). | run_id=run_20260929_121204_794270_9f761b | brand=H&M (Kids) | saved=49 | elapsed_label=3s | products_per_minute=1117.09
2026-09-29 12:28:57 | INFO    | LISTING   | Listing H&M (Kids) route https://www.myntra.com/kids-hm page 108 -> https://www.myntra.com/gateway/v4/search/kids-hm?rows=50&o=5350&plaEnabled=false&xdEnabled=false&isFacet=true&p=108 | run_id=run_20260929_121204_794270_9f761b | brand=H&M (Kids) | page=108 | route=https://www.myntra.com/kids-hm | seen=4650 | expected=6338
2026-09-29 12:29:01 | INFO    | PDP       | Processed 45 target products for H&M (Kids) in 3s (983.37 products/min). | run_id=run_20260929_121204_794270_9f761b | brand=H&M (Kids) | saved=45 | elapsed_label=3s | products_per_minute=983.37
2026-09-29 12:29:01 | INFO    | LISTING   | Listing H&M (Kids) route https://www.myntra.com/kids-hm page 109 -> https://www.myntra.com/gateway/v4/search/kids-hm?rows=50&o=5400&plaEnabled=false&xdEnabled=false&isFacet=true&p=109 | run_id=run_20260929_121204_794270_9f761b | brand=H&M (Kids) | page=109 | route=https://www.myntra.com/kids-hm | seen=4695 | expected=6338
2026-09-29 12:29:04 | INFO    | PDP       | Processed 46 target products for H&M (Kids) in 3s (959.83 products/min). | run_id=run_20260929_121204_794270_9f761b | brand=H&M (Kids) | saved=46 | elapsed_label=3s | products_per_minute=959.83
2026-09-29 12:29:04 | INFO    | LISTING   | Listing H&M (Kids) route https://www.myntra.com/kids-hm page 110 -> https://www.myntra.com/gateway/v4/search/kids-hm?rows=50&o=5450&plaEnabled=false&xdEnabled=false&isFacet=true&p=110 | run_id=run_20260929_121204_794270_9f761b | brand=H&M (Kids) | page=110 | route=https://www.myntra.com/kids-hm | seen=4741 | expected=6338
2026-09-29 12:29:08 | INFO    | PDP       | Processed 50 target products for H&M (Kids) in 3s (1114.84 products/min). | run_id=run_20260929_121204_794270_9f761b | brand=H&M (Kids) | saved=50 | elapsed_label=3s | products_per_minute=1114.84
2026-09-29 12:29:08 | INFO    | LISTING   | Listing H&M (Kids) route https://www.myntra.com/kids-hm page 111 -> https://www.myntra.com/gateway/v4/search/kids-hm?rows=50&o=5500&plaEnabled=false&xdEnabled=false&isFacet=true&p=111 | run_id=run_20260929_121204_794270_9f761b | brand=H&M (Kids) | page=111 | route=https://www.myntra.com/kids-hm | seen=4791 | expected=6338
2026-09-29 12:29:12 | INFO    | PDP       | Processed 49 target products for H&M (Kids) in 3s (987.17 products/min). | run_id=run_20260929_121204_794270_9f761b | brand=H&M (Kids) | saved=49 | elapsed_label=3s | products_per_minute=987.17
2026-09-29 12:29:12 | INFO    | LISTING   | Listing H&M (Kids) route https://www.myntra.com/kids-hm page 112 -> https://www.myntra.com/gateway/v4/search/kids-hm?rows=50&o=5550&plaEnabled=false&xdEnabled=false&isFacet=true&p=112 | run_id=run_20260929_121204_794270_9f761b | brand=H&M (Kids) | page=112 | route=https://www.myntra.com/kids-hm | seen=4840 | expected=6338
2026-09-29 12:29:15 | INFO    | PDP       | Processed 48 target products for H&M (Kids) in 3s (1065.42 products/min). | run_id=run_20260929_121204_794270_9f761b | brand=H&M (Kids) | saved=48 | elapsed_label=3s | products_per_minute=1065.42
2026-09-29 12:29:15 | INFO    | LISTING   | Listing H&M (Kids) route https://www.myntra.com/kids-hm page 113 -> https://www.myntra.com/gateway/v4/search/kids-hm?rows=50&o=5600&plaEnabled=false&xdEnabled=false&isFacet=true&p=113 | run_id=run_20260929_121204_794270_9f761b | brand=H&M (Kids) | page=113 | route=https://www.myntra.com/kids-hm | seen=4888 | expected=6338
2026-09-29 12:29:18 | INFO    | PDP       | Processed 44 target products for H&M (Kids) in 2s (1075.72 products/min). | run_id=run_20260929_121204_794270_9f761b | brand=H&M (Kids) | saved=44 | elapsed_label=2s | products_per_minute=1075.72
2026-09-29 12:29:19 | INFO    | LISTING   | Listing H&M (Kids) route https://www.myntra.com/kids-hm page 114 -> https://www.myntra.com/gateway/v4/search/kids-hm?rows=50&o=5650&plaEnabled=false&xdEnabled=false&isFacet=true&p=114 | run_id=run_20260929_121204_794270_9f761b | brand=H&M (Kids) | page=114 | route=https://www.myntra.com/kids-hm | seen=4932 | expected=6338
2026-09-29 12:29:25 | INFO    | PDP       | Processed 44 target products for H&M (Kids) in 6s (452.73 products/min). | run_id=run_20260929_121204_794270_9f761b | brand=H&M (Kids) | saved=44 | elapsed_label=6s | products_per_minute=452.73
2026-09-29 12:29:25 | INFO    | LISTING   | Listing H&M (Kids) route https://www.myntra.com/kids-hm page 115 -> https://www.myntra.com/gateway/v4/search/kids-hm?rows=50&o=5700&plaEnabled=false&xdEnabled=false&isFacet=true&p=115 | run_id=run_20260929_121204_794270_9f761b | brand=H&M (Kids) | page=115 | route=https://www.myntra.com/kids-hm | seen=4976 | expected=6338
2026-09-29 12:29:28 | INFO    | PDP       | Processed 47 target products for H&M (Kids) in 2s (1284.27 products/min). | run_id=run_20260929_121204_794270_9f761b | brand=H&M (Kids) | saved=47 | elapsed_label=2s | products_per_minute=1284.27
2026-09-29 12:29:28 | INFO    | LISTING   | Listing H&M (Kids) route https://www.myntra.com/kids-hm page 116 -> https://www.myntra.com/gateway/v4/search/kids-hm?rows=50&o=5750&plaEnabled=false&xdEnabled=false&isFacet=true&p=116 | run_id=run_20260929_121204_794270_9f761b | brand=H&M (Kids) | page=116 | route=https://www.myntra.com/kids-hm | seen=5023 | expected=6338
2026-09-29 12:29:31 | INFO    | PDP       | Processed 49 target products for H&M (Kids) in 2s (1235.07 products/min). | run_id=run_20260929_121204_794270_9f761b | brand=H&M (Kids) | saved=49 | elapsed_label=2s | products_per_minute=1235.07
2026-09-29 12:29:31 | INFO    | LISTING   | Listing H&M (Kids) route https://www.myntra.com/kids-hm page 117 -> https://www.myntra.com/gateway/v4/search/kids-hm?rows=50&o=5800&plaEnabled=false&xdEnabled=false&isFacet=true&p=117 | run_id=run_20260929_121204_794270_9f761b | brand=H&M (Kids) | page=117 | route=https://www.myntra.com/kids-hm | seen=5072 | expected=6338
2026-09-29 12:29:35 | INFO    | PDP       | Processed 50 target products for H&M (Kids) in 3s (1164.1 products/min). | run_id=run_20260929_121204_794270_9f761b | brand=H&M (Kids) | saved=50 | elapsed_label=3s | products_per_minute=1164.1
2026-09-29 12:29:35 | INFO    | LISTING   | Listing H&M (Kids) route https://www.myntra.com/kids-hm page 118 -> https://www.myntra.com/gateway/v4/search/kids-hm?rows=50&o=5850&plaEnabled=false&xdEnabled=false&isFacet=true&p=118 | run_id=run_20260929_121204_794270_9f761b | brand=H&M (Kids) | page=118 | route=https://www.myntra.com/kids-hm | seen=5122 | expected=6338
2026-09-29 12:29:38 | INFO    | PDP       | Processed 50 target products for H&M (Kids) in 3s (1156.23 products/min). | run_id=run_20260929_121204_794270_9f761b | brand=H&M (Kids) | saved=50 | elapsed_label=3s | products_per_minute=1156.23
2026-09-29 12:29:39 | INFO    | LISTING   | Listing H&M (Kids) route https://www.myntra.com/kids-hm page 119 -> https://www.myntra.com/gateway/v4/search/kids-hm?rows=50&o=5900&plaEnabled=false&xdEnabled=false&isFacet=true&p=119 | run_id=run_20260929_121204_794270_9f761b | brand=H&M (Kids) | page=119 | route=https://www.myntra.com/kids-hm | seen=5172 | expected=6338
2026-09-29 12:29:42 | INFO    | PDP       | Processed 46 target products for H&M (Kids) in 2s (1163.55 products/min). | run_id=run_20260929_121204_794270_9f761b | brand=H&M (Kids) | saved=46 | elapsed_label=2s | products_per_minute=1163.55
2026-09-29 12:29:42 | INFO    | LISTING   | Listing H&M (Kids) route https://www.myntra.com/kids-hm page 120 -> https://www.myntra.com/gateway/v4/search/kids-hm?rows=50&o=5950&plaEnabled=false&xdEnabled=false&isFacet=true&p=120 | run_id=run_20260929_121204_794270_9f761b | brand=H&M (Kids) | page=120 | route=https://www.myntra.com/kids-hm | seen=5218 | expected=6338
2026-09-29 12:29:45 | INFO    | PDP       | Processed 50 target products for H&M (Kids) in 2s (1257.9 products/min). | run_id=run_20260929_121204_794270_9f761b | brand=H&M (Kids) | saved=50 | elapsed_label=2s | products_per_minute=1257.9
2026-09-29 12:29:45 | INFO    | LISTING   | Listing H&M (Kids) route https://www.myntra.com/kids-hm page 121 -> https://www.myntra.com/gateway/v4/search/kids-hm?rows=50&o=6000&plaEnabled=false&xdEnabled=false&isFacet=true&p=121 | run_id=run_20260929_121204_794270_9f761b | brand=H&M (Kids) | page=121 | route=https://www.myntra.com/kids-hm | seen=5268 | expected=6338
2026-09-29 12:29:48 | INFO    | PDP       | Processed 49 target products for H&M (Kids) in 2s (1235.38 products/min). | run_id=run_20260929_121204_794270_9f761b | brand=H&M (Kids) | saved=49 | elapsed_label=2s | products_per_minute=1235.38
2026-09-29 12:29:48 | INFO    | LISTING   | Listing H&M (Kids) route https://www.myntra.com/kids-hm page 122 -> https://www.myntra.com/gateway/v4/search/kids-hm?rows=50&o=6050&plaEnabled=false&xdEnabled=false&isFacet=true&p=122 | run_id=run_20260929_121204_794270_9f761b | brand=H&M (Kids) | page=122 | route=https://www.myntra.com/kids-hm | seen=5317 | expected=6338
2026-09-29 12:29:51 | INFO    | PDP       | Processed 44 target products for H&M (Kids) in 2s (1209.94 products/min). | run_id=run_20260929_121204_794270_9f761b | brand=H&M (Kids) | saved=44 | elapsed_label=2s | products_per_minute=1209.94
2026-09-29 12:29:51 | INFO    | LISTING   | Listing H&M (Kids) route https://www.myntra.com/kids-hm page 123 -> https://www.myntra.com/gateway/v4/search/kids-hm?rows=50&o=6100&plaEnabled=false&xdEnabled=false&isFacet=true&p=123 | run_id=run_20260929_121204_794270_9f761b | brand=H&M (Kids) | page=123 | route=https://www.myntra.com/kids-hm | seen=5361 | expected=6338
2026-09-29 12:29:54 | INFO    | PDP       | Processed 48 target products for H&M (Kids) in 2s (1231.48 products/min). | run_id=run_20260929_121204_794270_9f761b | brand=H&M (Kids) | saved=48 | elapsed_label=2s | products_per_minute=1231.48
2026-09-29 12:29:54 | INFO    | LISTING   | Listing H&M (Kids) route https://www.myntra.com/kids-hm page 124 -> https://www.myntra.com/gateway/v4/search/kids-hm?rows=50&o=6150&plaEnabled=false&xdEnabled=false&isFacet=true&p=124 | run_id=run_20260929_121204_794270_9f761b | brand=H&M (Kids) | page=124 | route=https://www.myntra.com/kids-hm | seen=5409 | expected=6338
2026-09-29 12:29:58 | INFO    | PDP       | Processed 50 target products for H&M (Kids) in 3s (1120.6 products/min). | run_id=run_20260929_121204_794270_9f761b | brand=H&M (Kids) | saved=50 | elapsed_label=3s | products_per_minute=1120.6
2026-09-29 12:29:58 | INFO    | LISTING   | Listing H&M (Kids) route https://www.myntra.com/kids-hm page 125 -> https://www.myntra.com/gateway/v4/search/kids-hm?rows=50&o=6200&plaEnabled=false&xdEnabled=false&isFacet=true&p=125 | run_id=run_20260929_121204_794270_9f761b | brand=H&M (Kids) | page=125 | route=https://www.myntra.com/kids-hm | seen=5459 | expected=6338
2026-09-29 12:30:01 | INFO    | PDP       | Processed 49 target products for H&M (Kids) in 2s (1268.09 products/min). | run_id=run_20260929_121204_794270_9f761b | brand=H&M (Kids) | saved=49 | elapsed_label=2s | products_per_minute=1268.09
2026-09-29 12:30:01 | INFO    | LISTING   | Listing H&M (Kids) route https://www.myntra.com/kids-hm page 126 -> https://www.myntra.com/gateway/v4/search/kids-hm?rows=50&o=6250&plaEnabled=false&xdEnabled=false&isFacet=true&p=126 | run_id=run_20260929_121204_794270_9f761b | brand=H&M (Kids) | page=126 | route=https://www.myntra.com/kids-hm | seen=5508 | expected=6338
2026-09-29 12:30:04 | INFO    | PDP       | Processed 48 target products for H&M (Kids) in 2s (1243.45 products/min). | run_id=run_20260929_121204_794270_9f761b | brand=H&M (Kids) | saved=48 | elapsed_label=2s | products_per_minute=1243.45
2026-09-29 12:30:04 | INFO    | LISTING   | Listing H&M (Kids) route https://www.myntra.com/kids-hm page 127 -> https://www.myntra.com/gateway/v4/search/kids-hm?rows=50&o=6300&plaEnabled=false&xdEnabled=false&isFacet=true&p=127 | run_id=run_20260929_121204_794270_9f761b | brand=H&M (Kids) | page=127 | route=https://www.myntra.com/kids-hm | seen=5556 | expected=6338
2026-09-29 12:30:07 | INFO    | PDP       | Processed 48 target products for H&M (Kids) in 2s (1234.27 products/min). | run_id=run_20260929_121204_794270_9f761b | brand=H&M (Kids) | saved=48 | elapsed_label=2s | products_per_minute=1234.27
2026-09-29 12:30:07 | WARNING | LISTING   | Retrying route https://www.myntra.com/kids-hm for H&M (Kids) (pass 1/2) after incomplete coverage: 5604/6338 unique products seen. | run_id=run_20260929_121204_794270_9f761b | brand=H&M (Kids) | route=https://www.myntra.com/kids-hm | seen=5604 | expected=6338 | attempt=1/2
2026-09-29 12:30:07 | INFO    | LISTING   | Listing H&M (Kids) route https://www.myntra.com/kids-hm page 1 -> https://www.myntra.com/gateway/v4/search/kids-hm?rows=50&o=0&plaEnabled=false&xdEnabled=false&isFacet=true&p=1 | run_id=run_20260929_121204_794270_9f761b | brand=H&M (Kids) | page=1 | route=https://www.myntra.com/kids-hm | seen=5604 | expected=6338
2026-09-29 12:30:08 | INFO    | LISTING   | Listing H&M (Kids) route https://www.myntra.com/kids-hm page 2 -> https://www.myntra.com/gateway/v4/search/kids-hm?rows=50&o=50&plaEnabled=false&xdEnabled=false&isFacet=true&p=2 | run_id=run_20260929_121204_794270_9f761b | brand=H&M (Kids) | page=2 | route=https://www.myntra.com/kids-hm | seen=5604 | expected=6338
2026-09-29 12:30:09 | INFO    | PDP       | Processed 1 target products for H&M (Kids) in 0s (182.55 products/min). | run_id=run_20260929_121204_794270_9f761b | brand=H&M (Kids) | saved=1 | elapsed_label=0s | products_per_minute=182.55
2026-09-29 12:30:09 | INFO    | LISTING   | Listing H&M (Kids) route https://www.myntra.com/kids-hm page 3 -> https://www.myntra.com/gateway/v4/search/kids-hm?rows=50&o=100&plaEnabled=false&xdEnabled=false&isFacet=true&p=3 | run_id=run_20260929_121204_794270_9f761b | brand=H&M (Kids) | page=3 | route=https://www.myntra.com/kids-hm | seen=5605 | expected=6338
2026-09-29 12:30:09 | INFO    | LISTING   | Listing H&M (Kids) route https://www.myntra.com/kids-hm page 4 -> https://www.myntra.com/gateway/v4/search/kids-hm?rows=50&o=150&plaEnabled=false&xdEnabled=false&isFacet=true&p=4 | run_id=run_20260929_121204_794270_9f761b | brand=H&M (Kids) | page=4 | route=https://www.myntra.com/kids-hm | seen=5605 | expected=6338
2026-09-29 12:30:10 | INFO    | LISTING   | Listing H&M (Kids) route https://www.myntra.com/kids-hm page 5 -> https://www.myntra.com/gateway/v4/search/kids-hm?rows=50&o=200&plaEnabled=false&xdEnabled=false&isFacet=true&p=5 | run_id=run_20260929_121204_794270_9f761b | brand=H&M (Kids) | page=5 | route=https://www.myntra.com/kids-hm | seen=5605 | expected=6338
2026-09-29 12:30:11 | WARNING | LISTING   | Route https://www.myntra.com/kids-hm for H&M (Kids) stalled for 3 consecutive pages before reaching expected total; restarting route pass. | run_id=run_20260929_121204_794270_9f761b | brand=H&M (Kids) | page=5 | route=https://www.myntra.com/kids-hm | seen=5605 | expected=6338
2026-09-29 12:30:11 | WARNING | LISTING   | Retrying route https://www.myntra.com/kids-hm for H&M (Kids) (pass 2/2) after incomplete coverage: 5605/6338 unique products seen. | run_id=run_20260929_121204_794270_9f761b | brand=H&M (Kids) | route=https://www.myntra.com/kids-hm | seen=5605 | expected=6338 | attempt=2/2
2026-09-29 12:30:11 | INFO    | LISTING   | Listing H&M (Kids) route https://www.myntra.com/kids-hm page 1 -> https://www.myntra.com/gateway/v4/search/kids-hm?rows=50&o=0&plaEnabled=false&xdEnabled=false&isFacet=true&p=1 | run_id=run_20260929_121204_794270_9f761b | brand=H&M (Kids) | page=1 | route=https://www.myntra.com/kids-hm | seen=5605 | expected=6338
2026-09-29 12:30:12 | INFO    | LISTING   | Listing H&M (Kids) route https://www.myntra.com/kids-hm page 2 -> https://www.myntra.com/gateway/v4/search/kids-hm?rows=50&o=50&plaEnabled=false&xdEnabled=false&isFacet=true&p=2 | run_id=run_20260929_121204_794270_9f761b | brand=H&M (Kids) | page=2 | route=https://www.myntra.com/kids-hm | seen=5605 | expected=6338
2026-09-29 12:30:12 | INFO    | LISTING   | Listing H&M (Kids) route https://www.myntra.com/kids-hm page 3 -> https://www.myntra.com/gateway/v4/search/kids-hm?rows=50&o=100&plaEnabled=false&xdEnabled=false&isFacet=true&p=3 | run_id=run_20260929_121204_794270_9f761b | brand=H&M (Kids) | page=3 | route=https://www.myntra.com/kids-hm | seen=5605 | expected=6338
2026-09-29 12:30:13 | WARNING | LISTING   | Route https://www.myntra.com/kids-hm for H&M (Kids) stalled for 3 consecutive pages before reaching expected total; restarting route pass. | run_id=run_20260929_121204_794270_9f761b | brand=H&M (Kids) | page=3 | route=https://www.myntra.com/kids-hm | seen=5605 | expected=6338
2026-09-29 12:30:13 | INFO    | BRAND     | Skipping redundant route https://www.myntra.com/h-and-m-kids for H&M (Kids) (100% of first page already captured). | run_id=run_20260929_121204_794270_9f761b | brand=H&M (Kids) | route=https://www.myntra.com/h-and-m-kids
2026-09-29 12:30:13 | WARNING | BRAND     | Brand H&M (Kids) finished below expected count: saw 5605 unique shirts products vs expected 6124. | run_id=run_20260929_121204_794270_9f761b | brand=H&M (Kids) | seen=5605 | expected=6124
2026-09-29 12:30:13 | INFO    | BRAND     | Brand scrape completed in 8m 55s (629.06 products/min). | run_id=run_20260929_121204_794270_9f761b | brand=H&M (Kids) | status=COMPLETED | saved=5605 | seen=5605 | expected=6124 | elapsed_label=8m 55s | products_per_minute=629.06
2026-09-29 12:30:16 | INFO    | SNAPSHOT  | Periodic snapshot created after H&M (Kids). | run_id=run_20260929_121204_794270_9f761b | brand=H&M (Kids)
2026-09-29 12:30:16 | INFO    | BRAND     | Resolving brand routes. | run_id=run_20260929_121204_794270_9f761b | brand=Next
2026-09-29 12:30:17 | INFO    | BRAND     | Resolved Next -> 2 routes (best brand total=2326): https://www.myntra.com/next-kids, https://www.myntra.com/next?f=Gender%3Aboys%2Cboys%20girls%2Cgirls | run_id=run_20260929_121204_794270_9f761b | brand=Next | expected=2326
2026-09-29 12:30:17 | INFO    | BRAND     | Starting brand scrape. | run_id=run_20260929_121204_794270_9f761b | brand=Next | expected=2326
2026-09-29 12:30:17 | INFO    | LISTING   | Listing Next route https://www.myntra.com/next-kids page 1 -> https://www.myntra.com/gateway/v4/search/next-kids?rows=50&o=0&plaEnabled=false&xdEnabled=false&isFacet=true&p=1 | run_id=run_20260929_121204_794270_9f761b | brand=Next | page=1 | route=https://www.myntra.com/next-kids | seen=0 | expected=2326
2026-09-29 12:30:21 | INFO    | PDP       | Processed 47 target products for Next in 3s (961.65 products/min). | run_id=run_20260929_121204_794270_9f761b | brand=Next | saved=47 | elapsed_label=3s | products_per_minute=961.65
2026-09-29 12:30:21 | INFO    | LISTING   | Listing Next route https://www.myntra.com/next-kids page 2 -> https://www.myntra.com/gateway/v4/search/next-kids?rows=50&o=50&plaEnabled=false&xdEnabled=false&isFacet=true&p=2 | run_id=run_20260929_121204_794270_9f761b | brand=Next | page=2 | route=https://www.myntra.com/next-kids | seen=47 | expected=2326
2026-09-29 12:30:25 | INFO    | PDP       | Processed 50 target products for Next in 3s (1031.93 products/min). | run_id=run_20260929_121204_794270_9f761b | brand=Next | saved=50 | elapsed_label=3s | products_per_minute=1031.93
2026-09-29 12:30:25 | INFO    | LISTING   | Listing Next route https://www.myntra.com/next-kids page 3 -> https://www.myntra.com/gateway/v4/search/next-kids?rows=50&o=100&plaEnabled=false&xdEnabled=false&isFacet=true&p=3 | run_id=run_20260929_121204_794270_9f761b | brand=Next | page=3 | route=https://www.myntra.com/next-kids | seen=97 | expected=2326
2026-09-29 12:30:29 | INFO    | PDP       | Processed 50 target products for Next in 3s (933.89 products/min). | run_id=run_20260929_121204_794270_9f761b | brand=Next | saved=50 | elapsed_label=3s | products_per_minute=933.89
2026-09-29 12:30:29 | INFO    | LISTING   | Listing Next route https://www.myntra.com/next-kids page 4 -> https://www.myntra.com/gateway/v4/search/next-kids?rows=50&o=150&plaEnabled=false&xdEnabled=false&isFacet=true&p=4 | run_id=run_20260929_121204_794270_9f761b | brand=Next | page=4 | route=https://www.myntra.com/next-kids | seen=147 | expected=2326
2026-09-29 12:30:35 | INFO    | PDP       | Processed 50 target products for Next in 6s (544.09 products/min). | run_id=run_20260929_121204_794270_9f761b | brand=Next | saved=50 | elapsed_label=6s | products_per_minute=544.09
2026-09-29 12:30:35 | INFO    | LISTING   | Listing Next route https://www.myntra.com/next-kids page 5 -> https://www.myntra.com/gateway/v4/search/next-kids?rows=50&o=200&plaEnabled=false&xdEnabled=false&isFacet=true&p=5 | run_id=run_20260929_121204_794270_9f761b | brand=Next | page=5 | route=https://www.myntra.com/next-kids | seen=197 | expected=2326
2026-09-29 12:30:38 | INFO    | PDP       | Processed 50 target products for Next in 2s (1278.12 products/min). | run_id=run_20260929_121204_794270_9f761b | brand=Next | saved=50 | elapsed_label=2s | products_per_minute=1278.12
2026-09-29 12:30:38 | INFO    | LISTING   | Listing Next route https://www.myntra.com/next-kids page 6 -> https://www.myntra.com/gateway/v4/search/next-kids?rows=50&o=250&plaEnabled=false&xdEnabled=false&isFacet=true&p=6 | run_id=run_20260929_121204_794270_9f761b | brand=Next | page=6 | route=https://www.myntra.com/next-kids | seen=247 | expected=2326
2026-09-29 12:30:42 | INFO    | PDP       | Processed 50 target products for Next in 3s (1095.32 products/min). | run_id=run_20260929_121204_794270_9f761b | brand=Next | saved=50 | elapsed_label=3s | products_per_minute=1095.32
2026-09-29 12:30:42 | INFO    | LISTING   | Listing Next route https://www.myntra.com/next-kids page 7 -> https://www.myntra.com/gateway/v4/search/next-kids?rows=50&o=300&plaEnabled=false&xdEnabled=false&isFacet=true&p=7 | run_id=run_20260929_121204_794270_9f761b | brand=Next | page=7 | route=https://www.myntra.com/next-kids | seen=297 | expected=2326
2026-09-29 12:30:45 | INFO    | PDP       | Processed 50 target products for Next in 3s (1073.99 products/min). | run_id=run_20260929_121204_794270_9f761b | brand=Next | saved=50 | elapsed_label=3s | products_per_minute=1073.99
2026-09-29 12:30:45 | INFO    | LISTING   | Listing Next route https://www.myntra.com/next-kids page 8 -> https://www.myntra.com/gateway/v4/search/next-kids?rows=50&o=350&plaEnabled=false&xdEnabled=false&isFacet=true&p=8 | run_id=run_20260929_121204_794270_9f761b | brand=Next | page=8 | route=https://www.myntra.com/next-kids | seen=347 | expected=2326
2026-09-29 12:30:49 | INFO    | PDP       | Processed 50 target products for Next in 3s (1116.13 products/min). | run_id=run_20260929_121204_794270_9f761b | brand=Next | saved=50 | elapsed_label=3s | products_per_minute=1116.13
2026-09-29 12:30:49 | INFO    | LISTING   | Listing Next route https://www.myntra.com/next-kids page 9 -> https://www.myntra.com/gateway/v4/search/next-kids?rows=50&o=400&plaEnabled=false&xdEnabled=false&isFacet=true&p=9 | run_id=run_20260929_121204_794270_9f761b | brand=Next | page=9 | route=https://www.myntra.com/next-kids | seen=397 | expected=2326
2026-09-29 12:30:52 | INFO    | PDP       | Processed 50 target products for Next in 2s (1317.9 products/min). | run_id=run_20260929_121204_794270_9f761b | brand=Next | saved=50 | elapsed_label=2s | products_per_minute=1317.9
2026-09-29 12:30:52 | INFO    | LISTING   | Listing Next route https://www.myntra.com/next-kids page 10 -> https://www.myntra.com/gateway/v4/search/next-kids?rows=50&o=450&plaEnabled=false&xdEnabled=false&isFacet=true&p=10 | run_id=run_20260929_121204_794270_9f761b | brand=Next | page=10 | route=https://www.myntra.com/next-kids | seen=447 | expected=2326
2026-09-29 12:30:55 | INFO    | PDP       | Processed 50 target products for Next in 2s (1204.12 products/min). | run_id=run_20260929_121204_794270_9f761b | brand=Next | saved=50 | elapsed_label=2s | products_per_minute=1204.12
2026-09-29 12:30:55 | INFO    | LISTING   | Listing Next route https://www.myntra.com/next-kids page 11 -> https://www.myntra.com/gateway/v4/search/next-kids?rows=50&o=500&plaEnabled=false&xdEnabled=false&isFacet=true&p=11 | run_id=run_20260929_121204_794270_9f761b | brand=Next | page=11 | route=https://www.myntra.com/next-kids | seen=497 | expected=2326
2026-09-29 12:31:00 | INFO    | PDP       | Processed 49 target products for Next in 4s (735.21 products/min). | run_id=run_20260929_121204_794270_9f761b | brand=Next | saved=49 | elapsed_label=4s | products_per_minute=735.21
2026-09-29 12:31:00 | INFO    | LISTING   | Listing Next route https://www.myntra.com/next-kids page 12 -> https://www.myntra.com/gateway/v4/search/next-kids?rows=50&o=550&plaEnabled=false&xdEnabled=false&isFacet=true&p=12 | run_id=run_20260929_121204_794270_9f761b | brand=Next | page=12 | route=https://www.myntra.com/next-kids | seen=546 | expected=2326
2026-09-29 12:31:04 | INFO    | PDP       | Processed 50 target products for Next in 3s (861.6 products/min). | run_id=run_20260929_121204_794270_9f761b | brand=Next | saved=50 | elapsed_label=3s | products_per_minute=861.6
2026-09-29 12:31:05 | INFO    | LISTING   | Listing Next route https://www.myntra.com/next-kids page 13 -> https://www.myntra.com/gateway/v4/search/next-kids?rows=50&o=600&plaEnabled=false&xdEnabled=false&isFacet=true&p=13 | run_id=run_20260929_121204_794270_9f761b | brand=Next | page=13 | route=https://www.myntra.com/next-kids | seen=596 | expected=2326
2026-09-29 12:31:08 | INFO    | PDP       | Processed 48 target products for Next in 2s (1246.45 products/min). | run_id=run_20260929_121204_794270_9f761b | brand=Next | saved=48 | elapsed_label=2s | products_per_minute=1246.45
2026-09-29 12:31:08 | INFO    | LISTING   | Listing Next route https://www.myntra.com/next-kids page 14 -> https://www.myntra.com/gateway/v4/search/next-kids?rows=50&o=650&plaEnabled=false&xdEnabled=false&isFacet=true&p=14 | run_id=run_20260929_121204_794270_9f761b | brand=Next | page=14 | route=https://www.myntra.com/next-kids | seen=644 | expected=2326
2026-09-29 12:31:11 | INFO    | PDP       | Processed 47 target products for Next in 2s (1173.3 products/min). | run_id=run_20260929_121204_794270_9f761b | brand=Next | saved=47 | elapsed_label=2s | products_per_minute=1173.3
2026-09-29 12:31:11 | INFO    | LISTING   | Listing Next route https://www.myntra.com/next-kids page 15 -> https://www.myntra.com/gateway/v4/search/next-kids?rows=50&o=700&plaEnabled=false&xdEnabled=false&isFacet=true&p=15 | run_id=run_20260929_121204_794270_9f761b | brand=Next | page=15 | route=https://www.myntra.com/next-kids | seen=691 | expected=2326
2026-09-29 12:31:14 | INFO    | PDP       | Processed 45 target products for Next in 2s (1170.12 products/min). | run_id=run_20260929_121204_794270_9f761b | brand=Next | saved=45 | elapsed_label=2s | products_per_minute=1170.12
2026-09-29 12:31:14 | INFO    | LISTING   | Listing Next route https://www.myntra.com/next-kids page 16 -> https://www.myntra.com/gateway/v4/search/next-kids?rows=50&o=750&plaEnabled=false&xdEnabled=false&isFacet=true&p=16 | run_id=run_20260929_121204_794270_9f761b | brand=Next | page=16 | route=https://www.myntra.com/next-kids | seen=736 | expected=2326
2026-09-29 12:31:17 | INFO    | PDP       | Processed 50 target products for Next in 2s (1250.25 products/min). | run_id=run_20260929_121204_794270_9f761b | brand=Next | saved=50 | elapsed_label=2s | products_per_minute=1250.25
2026-09-29 12:31:17 | INFO    | LISTING   | Listing Next route https://www.myntra.com/next-kids page 17 -> https://www.myntra.com/gateway/v4/search/next-kids?rows=50&o=800&plaEnabled=false&xdEnabled=false&isFacet=true&p=17 | run_id=run_20260929_121204_794270_9f761b | brand=Next | page=17 | route=https://www.myntra.com/next-kids | seen=786 | expected=2326
2026-09-29 12:31:20 | INFO    | PDP       | Processed 50 target products for Next in 3s (1194.31 products/min). | run_id=run_20260929_121204_794270_9f761b | brand=Next | saved=50 | elapsed_label=3s | products_per_minute=1194.31
2026-09-29 12:31:20 | INFO    | LISTING   | Listing Next route https://www.myntra.com/next-kids page 18 -> https://www.myntra.com/gateway/v4/search/next-kids?rows=50&o=850&plaEnabled=false&xdEnabled=false&isFacet=true&p=18 | run_id=run_20260929_121204_794270_9f761b | brand=Next | page=18 | route=https://www.myntra.com/next-kids | seen=836 | expected=2326
2026-09-29 12:31:23 | INFO    | PDP       | Processed 50 target products for Next in 2s (1244.76 products/min). | run_id=run_20260929_121204_794270_9f761b | brand=Next | saved=50 | elapsed_label=2s | products_per_minute=1244.76
2026-09-29 12:31:23 | INFO    | LISTING   | Listing Next route https://www.myntra.com/next-kids page 19 -> https://www.myntra.com/gateway/v4/search/next-kids?rows=50&o=900&plaEnabled=false&xdEnabled=false&isFacet=true&p=19 | run_id=run_20260929_121204_794270_9f761b | brand=Next | page=19 | route=https://www.myntra.com/next-kids | seen=886 | expected=2326
2026-09-29 12:31:27 | INFO    | PDP       | Processed 49 target products for Next in 3s (1049.6 products/min). | run_id=run_20260929_121204_794270_9f761b | brand=Next | saved=49 | elapsed_label=3s | products_per_minute=1049.6
2026-09-29 12:31:27 | INFO    | LISTING   | Listing Next route https://www.myntra.com/next-kids page 20 -> https://www.myntra.com/gateway/v4/search/next-kids?rows=50&o=950&plaEnabled=false&xdEnabled=false&isFacet=true&p=20 | run_id=run_20260929_121204_794270_9f761b | brand=Next | page=20 | route=https://www.myntra.com/next-kids | seen=935 | expected=2326
2026-09-29 12:31:31 | INFO    | PDP       | Processed 49 target products for Next in 3s (862.83 products/min). | run_id=run_20260929_121204_794270_9f761b | brand=Next | saved=49 | elapsed_label=3s | products_per_minute=862.83
2026-09-29 12:31:31 | INFO    | LISTING   | Listing Next route https://www.myntra.com/next-kids page 21 -> https://www.myntra.com/gateway/v4/search/next-kids?rows=50&o=1000&plaEnabled=false&xdEnabled=false&isFacet=true&p=21 | run_id=run_20260929_121204_794270_9f761b | brand=Next | page=21 | route=https://www.myntra.com/next-kids | seen=984 | expected=2326
2026-09-29 12:31:35 | INFO    | PDP       | Processed 50 target products for Next in 4s (852.1 products/min). | run_id=run_20260929_121204_794270_9f761b | brand=Next | saved=50 | elapsed_label=4s | products_per_minute=852.1
2026-09-29 12:31:36 | INFO    | LISTING   | Listing Next route https://www.myntra.com/next-kids page 22 -> https://www.myntra.com/gateway/v4/search/next-kids?rows=50&o=1050&plaEnabled=false&xdEnabled=false&isFacet=true&p=22 | run_id=run_20260929_121204_794270_9f761b | brand=Next | page=22 | route=https://www.myntra.com/next-kids | seen=1034 | expected=2326
2026-09-29 12:31:40 | INFO    | PDP       | Processed 50 target products for Next in 4s (854.81 products/min). | run_id=run_20260929_121204_794270_9f761b | brand=Next | saved=50 | elapsed_label=4s | products_per_minute=854.81
2026-09-29 12:31:40 | INFO    | LISTING   | Listing Next route https://www.myntra.com/next-kids page 23 -> https://www.myntra.com/gateway/v4/search/next-kids?rows=50&o=1100&plaEnabled=false&xdEnabled=false&isFacet=true&p=23 | run_id=run_20260929_121204_794270_9f761b | brand=Next | page=23 | route=https://www.myntra.com/next-kids | seen=1084 | expected=2326
2026-09-29 12:31:44 | INFO    | PDP       | Processed 50 target products for Next in 3s (987.41 products/min). | run_id=run_20260929_121204_794270_9f761b | brand=Next | saved=50 | elapsed_label=3s | products_per_minute=987.41
2026-09-29 12:31:44 | INFO    | LISTING   | Listing Next route https://www.myntra.com/next-kids page 24 -> https://www.myntra.com/gateway/v4/search/next-kids?rows=50&o=1150&plaEnabled=false&xdEnabled=false&isFacet=true&p=24 | run_id=run_20260929_121204_794270_9f761b | brand=Next | page=24 | route=https://www.myntra.com/next-kids | seen=1134 | expected=2326
2026-09-29 12:31:47 | INFO    | PDP       | Processed 50 target products for Next in 3s (1178.87 products/min). | run_id=run_20260929_121204_794270_9f761b | brand=Next | saved=50 | elapsed_label=3s | products_per_minute=1178.87
2026-09-29 12:31:47 | INFO    | LISTING   | Listing Next route https://www.myntra.com/next-kids page 25 -> https://www.myntra.com/gateway/v4/search/next-kids?rows=50&o=1200&plaEnabled=false&xdEnabled=false&isFacet=true&p=25 | run_id=run_20260929_121204_794270_9f761b | brand=Next | page=25 | route=https://www.myntra.com/next-kids | seen=1184 | expected=2326
2026-09-29 12:31:50 | INFO    | PDP       | Processed 49 target products for Next in 3s (1157.97 products/min). | run_id=run_20260929_121204_794270_9f761b | brand=Next | saved=49 | elapsed_label=3s | products_per_minute=1157.97
2026-09-29 12:31:51 | INFO    | LISTING   | Listing Next route https://www.myntra.com/next-kids page 26 -> https://www.myntra.com/gateway/v4/search/next-kids?rows=50&o=1250&plaEnabled=false&xdEnabled=false&isFacet=true&p=26 | run_id=run_20260929_121204_794270_9f761b | brand=Next | page=26 | route=https://www.myntra.com/next-kids | seen=1233 | expected=2326
2026-09-29 12:31:54 | INFO    | PDP       | Processed 49 target products for Next in 2s (1239.72 products/min). | run_id=run_20260929_121204_794270_9f761b | brand=Next | saved=49 | elapsed_label=2s | products_per_minute=1239.72
2026-09-29 12:31:54 | INFO    | LISTING   | Listing Next route https://www.myntra.com/next-kids page 27 -> https://www.myntra.com/gateway/v4/search/next-kids?rows=50&o=1300&plaEnabled=false&xdEnabled=false&isFacet=true&p=27 | run_id=run_20260929_121204_794270_9f761b | brand=Next | page=27 | route=https://www.myntra.com/next-kids | seen=1282 | expected=2326
2026-09-29 12:31:57 | INFO    | PDP       | Processed 47 target products for Next in 2s (1260.31 products/min). | run_id=run_20260929_121204_794270_9f761b | brand=Next | saved=47 | elapsed_label=2s | products_per_minute=1260.31
2026-09-29 12:31:57 | INFO    | LISTING   | Listing Next route https://www.myntra.com/next-kids page 28 -> https://www.myntra.com/gateway/v4/search/next-kids?rows=50&o=1350&plaEnabled=false&xdEnabled=false&isFacet=true&p=28 | run_id=run_20260929_121204_794270_9f761b | brand=Next | page=28 | route=https://www.myntra.com/next-kids | seen=1329 | expected=2326
2026-09-29 12:32:00 | INFO    | PDP       | Processed 50 target products for Next in 2s (1225.63 products/min). | run_id=run_20260929_121204_794270_9f761b | brand=Next | saved=50 | elapsed_label=2s | products_per_minute=1225.63
2026-09-29 12:32:00 | INFO    | LISTING   | Listing Next route https://www.myntra.com/next-kids page 29 -> https://www.myntra.com/gateway/v4/search/next-kids?rows=50&o=1400&plaEnabled=false&xdEnabled=false&isFacet=true&p=29 | run_id=run_20260929_121204_794270_9f761b | brand=Next | page=29 | route=https://www.myntra.com/next-kids | seen=1379 | expected=2326
2026-09-29 12:32:03 | INFO    | PDP       | Processed 49 target products for Next in 2s (1190.37 products/min). | run_id=run_20260929_121204_794270_9f761b | brand=Next | saved=49 | elapsed_label=2s | products_per_minute=1190.37
2026-09-29 12:32:03 | INFO    | LISTING   | Listing Next route https://www.myntra.com/next-kids page 30 -> https://www.myntra.com/gateway/v4/search/next-kids?rows=50&o=1450&plaEnabled=false&xdEnabled=false&isFacet=true&p=30 | run_id=run_20260929_121204_794270_9f761b | brand=Next | page=30 | route=https://www.myntra.com/next-kids | seen=1428 | expected=2326
2026-09-29 12:32:05 | INFO    | PDP       | Processed 19 target products for Next in 2s (668.99 products/min). | run_id=run_20260929_121204_794270_9f761b | brand=Next | saved=19 | elapsed_label=2s | products_per_minute=668.99
2026-09-29 12:32:06 | INFO    | LISTING   | Listing Next route https://www.myntra.com/next-kids page 31 -> https://www.myntra.com/gateway/v4/search/next-kids?rows=50&o=1500&plaEnabled=false&xdEnabled=false&isFacet=true&p=31 | run_id=run_20260929_121204_794270_9f761b | brand=Next | page=31 | route=https://www.myntra.com/next-kids | seen=1447 | expected=2326
2026-09-29 12:32:10 | INFO    | PDP       | Processed 49 target products for Next in 4s (736.6 products/min). | run_id=run_20260929_121204_794270_9f761b | brand=Next | saved=49 | elapsed_label=4s | products_per_minute=736.6
2026-09-29 12:32:10 | INFO    | LISTING   | Listing Next route https://www.myntra.com/next-kids page 32 -> https://www.myntra.com/gateway/v4/search/next-kids?rows=50&o=1550&plaEnabled=false&xdEnabled=false&isFacet=true&p=32 | run_id=run_20260929_121204_794270_9f761b | brand=Next | page=32 | route=https://www.myntra.com/next-kids | seen=1496 | expected=2326
2026-09-29 12:32:15 | INFO    | PDP       | Processed 50 target products for Next in 4s (743.73 products/min). | run_id=run_20260929_121204_794270_9f761b | brand=Next | saved=50 | elapsed_label=4s | products_per_minute=743.73
2026-09-29 12:32:15 | INFO    | LISTING   | Listing Next route https://www.myntra.com/next-kids page 33 -> https://www.myntra.com/gateway/v4/search/next-kids?rows=50&o=1600&plaEnabled=false&xdEnabled=false&isFacet=true&p=33 | run_id=run_20260929_121204_794270_9f761b | brand=Next | page=33 | route=https://www.myntra.com/next-kids | seen=1546 | expected=2326
2026-09-29 12:32:20 | INFO    | PDP       | Processed 50 target products for Next in 4s (735.63 products/min). | run_id=run_20260929_121204_794270_9f761b | brand=Next | saved=50 | elapsed_label=4s | products_per_minute=735.63
2026-09-29 12:32:20 | INFO    | LISTING   | Listing Next route https://www.myntra.com/next-kids page 34 -> https://www.myntra.com/gateway/v4/search/next-kids?rows=50&o=1650&plaEnabled=false&xdEnabled=false&isFacet=true&p=34 | run_id=run_20260929_121204_794270_9f761b | brand=Next | page=34 | route=https://www.myntra.com/next-kids | seen=1596 | expected=2326
2026-09-29 12:32:24 | INFO    | PDP       | Processed 50 target products for Next in 4s (772.44 products/min). | run_id=run_20260929_121204_794270_9f761b | brand=Next | saved=50 | elapsed_label=4s | products_per_minute=772.44
2026-09-29 12:32:25 | INFO    | LISTING   | Listing Next route https://www.myntra.com/next-kids page 35 -> https://www.myntra.com/gateway/v4/search/next-kids?rows=50&o=1700&plaEnabled=false&xdEnabled=false&isFacet=true&p=35 | run_id=run_20260929_121204_794270_9f761b | brand=Next | page=35 | route=https://www.myntra.com/next-kids | seen=1646 | expected=2326
2026-09-29 12:32:29 | INFO    | PDP       | Processed 50 target products for Next in 4s (744.41 products/min). | run_id=run_20260929_121204_794270_9f761b | brand=Next | saved=50 | elapsed_label=4s | products_per_minute=744.41
2026-09-29 12:32:29 | INFO    | LISTING   | Listing Next route https://www.myntra.com/next-kids page 36 -> https://www.myntra.com/gateway/v4/search/next-kids?rows=50&o=1750&plaEnabled=false&xdEnabled=false&isFacet=true&p=36 | run_id=run_20260929_121204_794270_9f761b | brand=Next | page=36 | route=https://www.myntra.com/next-kids | seen=1696 | expected=2326
2026-09-29 12:32:33 | INFO    | PDP       | Processed 50 target products for Next in 3s (918.76 products/min). | run_id=run_20260929_121204_794270_9f761b | brand=Next | saved=50 | elapsed_label=3s | products_per_minute=918.76
2026-09-29 12:32:33 | INFO    | LISTING   | Listing Next route https://www.myntra.com/next-kids page 37 -> https://www.myntra.com/gateway/v4/search/next-kids?rows=50&o=1800&plaEnabled=false&xdEnabled=false&isFacet=true&p=37 | run_id=run_20260929_121204_794270_9f761b | brand=Next | page=37 | route=https://www.myntra.com/next-kids | seen=1746 | expected=2326
2026-09-29 12:32:38 | INFO    | PDP       | Processed 50 target products for Next in 4s (786.03 products/min). | run_id=run_20260929_121204_794270_9f761b | brand=Next | saved=50 | elapsed_label=4s | products_per_minute=786.03
2026-09-29 12:32:38 | INFO    | LISTING   | Listing Next route https://www.myntra.com/next-kids page 38 -> https://www.myntra.com/gateway/v4/search/next-kids?rows=50&o=1850&plaEnabled=false&xdEnabled=false&isFacet=true&p=38 | run_id=run_20260929_121204_794270_9f761b | brand=Next | page=38 | route=https://www.myntra.com/next-kids | seen=1796 | expected=2326
2026-09-29 12:32:41 | INFO    | PDP       | Processed 49 target products for Next in 3s (943.7 products/min). | run_id=run_20260929_121204_794270_9f761b | brand=Next | saved=49 | elapsed_label=3s | products_per_minute=943.7
2026-09-29 12:32:42 | INFO    | LISTING   | Listing Next route https://www.myntra.com/next-kids page 39 -> https://www.myntra.com/gateway/v4/search/next-kids?rows=50&o=1900&plaEnabled=false&xdEnabled=false&isFacet=true&p=39 | run_id=run_20260929_121204_794270_9f761b | brand=Next | page=39 | route=https://www.myntra.com/next-kids | seen=1845 | expected=2326
2026-09-29 12:32:46 | INFO    | PDP       | Processed 50 target products for Next in 4s (852.02 products/min). | run_id=run_20260929_121204_794270_9f761b | brand=Next | saved=50 | elapsed_label=4s | products_per_minute=852.02
2026-09-29 12:32:46 | INFO    | LISTING   | Listing Next route https://www.myntra.com/next-kids page 40 -> https://www.myntra.com/gateway/v4/search/next-kids?rows=50&o=1950&plaEnabled=false&xdEnabled=false&isFacet=true&p=40 | run_id=run_20260929_121204_794270_9f761b | brand=Next | page=40 | route=https://www.myntra.com/next-kids | seen=1895 | expected=2326
2026-09-29 12:32:50 | INFO    | PDP       | Processed 50 target products for Next in 3s (869.71 products/min). | run_id=run_20260929_121204_794270_9f761b | brand=Next | saved=50 | elapsed_label=3s | products_per_minute=869.71
2026-09-29 12:32:50 | INFO    | LISTING   | Listing Next route https://www.myntra.com/next-kids page 41 -> https://www.myntra.com/gateway/v4/search/next-kids?rows=50&o=2000&plaEnabled=false&xdEnabled=false&isFacet=true&p=41 | run_id=run_20260929_121204_794270_9f761b | brand=Next | page=41 | route=https://www.myntra.com/next-kids | seen=1945 | expected=2326
2026-09-29 12:32:55 | INFO    | PDP       | Processed 50 target products for Next in 4s (759.97 products/min). | run_id=run_20260929_121204_794270_9f761b | brand=Next | saved=50 | elapsed_label=4s | products_per_minute=759.97
2026-09-29 12:32:55 | INFO    | LISTING   | Listing Next route https://www.myntra.com/next-kids page 42 -> https://www.myntra.com/gateway/v4/search/next-kids?rows=50&o=2050&plaEnabled=false&xdEnabled=false&isFacet=true&p=42 | run_id=run_20260929_121204_794270_9f761b | brand=Next | page=42 | route=https://www.myntra.com/next-kids | seen=1995 | expected=2326
2026-09-29 12:33:00 | INFO    | PDP       | Processed 48 target products for Next in 4s (715.92 products/min). | run_id=run_20260929_121204_794270_9f761b | brand=Next | saved=48 | elapsed_label=4s | products_per_minute=715.92
2026-09-29 12:33:00 | INFO    | LISTING   | Listing Next route https://www.myntra.com/next-kids page 43 -> https://www.myntra.com/gateway/v4/search/next-kids?rows=50&o=2100&plaEnabled=false&xdEnabled=false&isFacet=true&p=43 | run_id=run_20260929_121204_794270_9f761b | brand=Next | page=43 | route=https://www.myntra.com/next-kids | seen=2043 | expected=2326
2026-09-29 12:33:05 | INFO    | PDP       | Processed 50 target products for Next in 4s (727.29 products/min). | run_id=run_20260929_121204_794270_9f761b | brand=Next | saved=50 | elapsed_label=4s | products_per_minute=727.29
2026-09-29 12:33:05 | INFO    | LISTING   | Listing Next route https://www.myntra.com/next-kids page 44 -> https://www.myntra.com/gateway/v4/search/next-kids?rows=50&o=2150&plaEnabled=false&xdEnabled=false&isFacet=true&p=44 | run_id=run_20260929_121204_794270_9f761b | brand=Next | page=44 | route=https://www.myntra.com/next-kids | seen=2093 | expected=2326
2026-09-29 12:33:10 | INFO    | PDP       | Processed 49 target products for Next in 4s (670.19 products/min). | run_id=run_20260929_121204_794270_9f761b | brand=Next | saved=49 | elapsed_label=4s | products_per_minute=670.19
2026-09-29 12:33:10 | INFO    | LISTING   | Listing Next route https://www.myntra.com/next-kids page 45 -> https://www.myntra.com/gateway/v4/search/next-kids?rows=50&o=2200&plaEnabled=false&xdEnabled=false&isFacet=true&p=45 | run_id=run_20260929_121204_794270_9f761b | brand=Next | page=45 | route=https://www.myntra.com/next-kids | seen=2142 | expected=2326
2026-09-29 12:33:13 | INFO    | PDP       | Processed 49 target products for Next in 3s (1159.97 products/min). | run_id=run_20260929_121204_794270_9f761b | brand=Next | saved=49 | elapsed_label=3s | products_per_minute=1159.97
2026-09-29 12:33:14 | INFO    | LISTING   | Listing Next route https://www.myntra.com/next-kids page 46 -> https://www.myntra.com/gateway/v4/search/next-kids?rows=50&o=2250&plaEnabled=false&xdEnabled=false&isFacet=true&p=46 | run_id=run_20260929_121204_794270_9f761b | brand=Next | page=46 | route=https://www.myntra.com/next-kids | seen=2191 | expected=2326
2026-09-29 12:33:17 | INFO    | PDP       | Processed 50 target products for Next in 2s (1261.02 products/min). | run_id=run_20260929_121204_794270_9f761b | brand=Next | saved=50 | elapsed_label=2s | products_per_minute=1261.02
2026-09-29 12:33:17 | INFO    | LISTING   | Listing Next route https://www.myntra.com/next-kids page 47 -> https://www.myntra.com/gateway/v4/search/next-kids?rows=50&o=2300&plaEnabled=false&xdEnabled=false&isFacet=true&p=47 | run_id=run_20260929_121204_794270_9f761b | brand=Next | page=47 | route=https://www.myntra.com/next-kids | seen=2241 | expected=2326
2026-09-29 12:33:20 | INFO    | PDP       | Processed 49 target products for Next in 2s (1220.2 products/min). | run_id=run_20260929_121204_794270_9f761b | brand=Next | saved=49 | elapsed_label=2s | products_per_minute=1220.2
2026-09-29 12:33:20 | INFO    | LISTING   | Listing Next route https://www.myntra.com/next-kids page 48 -> https://www.myntra.com/gateway/v4/search/next-kids?rows=50&o=2350&plaEnabled=false&xdEnabled=false&isFacet=true&p=48 | run_id=run_20260929_121204_794270_9f761b | brand=Next | page=48 | route=https://www.myntra.com/next-kids | seen=2290 | expected=2326
2026-09-29 12:33:21 | INFO    | PDP       | Processed 16 target products for Next in 1s (940.16 products/min). | run_id=run_20260929_121204_794270_9f761b | brand=Next | saved=16 | elapsed_label=1s | products_per_minute=940.16
2026-09-29 12:33:22 | INFO    | LISTING   | Listing Next route https://www.myntra.com/next-kids page 49 -> https://www.myntra.com/gateway/v4/search/next-kids?rows=50&o=2400&plaEnabled=false&xdEnabled=false&isFacet=true&p=49 | run_id=run_20260929_121204_794270_9f761b | brand=Next | page=49 | route=https://www.myntra.com/next-kids | seen=2306 | expected=2326
2026-09-29 12:33:22 | WARNING | LISTING   | Empty listing page for Next on page 49 before expected end; continuing. | run_id=run_20260929_121204_794270_9f761b | brand=Next | page=49 | route=https://www.myntra.com/next-kids
2026-09-29 12:33:22 | INFO    | LISTING   | Listing Next route https://www.myntra.com/next-kids page 50 -> https://www.myntra.com/gateway/v4/search/next-kids?rows=50&o=2450&plaEnabled=false&xdEnabled=false&isFacet=true&p=50 | run_id=run_20260929_121204_794270_9f761b | brand=Next | page=50 | route=https://www.myntra.com/next-kids | seen=2306 | expected=2326
2026-09-29 12:33:22 | WARNING | NETWORK   | JSON request failed for https://www.myntra.com/gateway/v4/search/next-kids?rows=50&o=2450&plaEnabled=false&xdEnabled=false&isFacet=true&p=50 on attempt 1/3: HTTP Error 400:  | run_id=run_20260929_121204_794270_9f761b | route=https://www.myntra.com/gateway/v4/search/next-kids?rows=50&o=2450&plaEnabled=false&xdEnabled=false&isFacet=true&p=50 | attempt=1/3
2026-09-29 12:33:24 | WARNING | NETWORK   | JSON request failed for https://www.myntra.com/gateway/v4/search/next-kids?rows=50&o=2450&plaEnabled=false&xdEnabled=false&isFacet=true&p=50 on attempt 2/3: HTTP Error 400:  | run_id=run_20260929_121204_794270_9f761b | route=https://www.myntra.com/gateway/v4/search/next-kids?rows=50&o=2450&plaEnabled=false&xdEnabled=false&isFacet=true&p=50 | attempt=2/3
2026-09-29 12:33:27 | WARNING | NETWORK   | JSON request failed for https://www.myntra.com/gateway/v4/search/next-kids?rows=50&o=2450&plaEnabled=false&xdEnabled=false&isFacet=true&p=50 on attempt 3/3: HTTP Error 400:  | run_id=run_20260929_121204_794270_9f761b | route=https://www.myntra.com/gateway/v4/search/next-kids?rows=50&o=2450&plaEnabled=false&xdEnabled=false&isFacet=true&p=50 | attempt=3/3
2026-09-29 12:33:27 | WARNING | NETWORK   | JSON request failed for https://www.myntra.com/gateway/v4/search/next-kids?rows=50&o=2449&plaEnabled=false&xdEnabled=false&isFacet=true&p=50 on attempt 1/3: HTTP Error 400:  | run_id=run_20260929_121204_794270_9f761b | route=https://www.myntra.com/gateway/v4/search/next-kids?rows=50&o=2449&plaEnabled=false&xdEnabled=false&isFacet=true&p=50 | attempt=1/3
2026-09-29 12:33:28 | WARNING | NETWORK   | JSON request failed for https://www.myntra.com/gateway/v4/search/next-kids?rows=50&o=2449&plaEnabled=false&xdEnabled=false&isFacet=true&p=50 on attempt 2/3: HTTP Error 400:  | run_id=run_20260929_121204_794270_9f761b | route=https://www.myntra.com/gateway/v4/search/next-kids?rows=50&o=2449&plaEnabled=false&xdEnabled=false&isFacet=true&p=50 | attempt=2/3
2026-09-29 12:33:31 | WARNING | NETWORK   | JSON request failed for https://www.myntra.com/gateway/v4/search/next-kids?rows=50&o=2449&plaEnabled=false&xdEnabled=false&isFacet=true&p=50 on attempt 3/3: HTTP Error 400:  | run_id=run_20260929_121204_794270_9f761b | route=https://www.myntra.com/gateway/v4/search/next-kids?rows=50&o=2449&plaEnabled=false&xdEnabled=false&isFacet=true&p=50 | attempt=3/3
2026-09-29 12:33:31 | WARNING | LISTING   | Route fetch failed for https://www.myntra.com/next-kids page 50 (Failed to fetch JSON payload from https://www.myntra.com/gateway/v4/search/next-kids?rows=50&o=2449&plaEnabled=false&xdEnabled=false&isFacet=true&p=50: HTTP Error 400: ). Will retry with another pass or fallback route. | run_id=run_20260929_121204_794270_9f761b | brand=Next | page=50 | route=https://www.myntra.com/next-kids
2026-09-29 12:33:31 | INFO    | BRAND     | Skipping redundant route https://www.myntra.com/next?f=Gender%3Aboys%2Cboys%20girls%2Cgirls for Next (100% of first page already captured). | run_id=run_20260929_121204_794270_9f761b | brand=Next | route=https://www.myntra.com/next?f=Gender%3Aboys%2Cboys%20girls%2Cgirls
2026-09-29 12:33:31 | WARNING | BRAND     | Brand Next finished below expected count: saw 2306 unique shirts products vs expected 2326. | run_id=run_20260929_121204_794270_9f761b | brand=Next | seen=2306 | expected=2326
2026-09-29 12:33:31 | INFO    | BRAND     | Brand scrape completed in 3m 15s (708.64 products/min). | run_id=run_20260929_121204_794270_9f761b | brand=Next | status=COMPLETED | saved=2306 | seen=2306 | expected=2326 | elapsed_label=3m 15s | products_per_minute=708.64
2026-09-29 12:33:35 | INFO    | SNAPSHOT  | Periodic snapshot created after Next. | run_id=run_20260929_121204_794270_9f761b | brand=Next
2026-09-29 12:33:35 | INFO    | BRAND     | Resolving brand routes. | run_id=run_20260929_121204_794270_9f761b | brand=Gini and Jony
2026-09-29 12:33:36 | INFO    | BRAND     | Resolved Gini and Jony -> 1 routes (best brand total=2558): https://www.myntra.com/gini-and-jony | run_id=run_20260929_121204_794270_9f761b | brand=Gini and Jony | expected=2558
2026-09-29 12:33:36 | INFO    | BRAND     | Starting brand scrape. | run_id=run_20260929_121204_794270_9f761b | brand=Gini and Jony | expected=2558
2026-09-29 12:33:36 | INFO    | LISTING   | Listing Gini and Jony route https://www.myntra.com/gini-and-jony page 1 -> https://www.myntra.com/gateway/v4/search/gini-and-jony?rows=50&o=0&plaEnabled=false&xdEnabled=false&isFacet=true&p=1 | run_id=run_20260929_121204_794270_9f761b | brand=Gini and Jony | page=1 | route=https://www.myntra.com/gini-and-jony | seen=0 | expected=2558
2026-09-29 12:33:39 | INFO    | PDP       | Processed 50 target products for Gini and Jony in 3s (1097.13 products/min). | run_id=run_20260929_121204_794270_9f761b | brand=Gini and Jony | saved=50 | elapsed_label=3s | products_per_minute=1097.13
2026-09-29 12:33:40 | INFO    | LISTING   | Listing Gini and Jony route https://www.myntra.com/gini-and-jony page 2 -> https://www.myntra.com/gateway/v4/search/gini-and-jony?rows=50&o=50&plaEnabled=false&xdEnabled=false&isFacet=true&p=2 | run_id=run_20260929_121204_794270_9f761b | brand=Gini and Jony | page=2 | route=https://www.myntra.com/gini-and-jony | seen=50 | expected=2558
2026-09-29 12:33:43 | INFO    | PDP       | Processed 50 target products for Gini and Jony in 2s (1228.0 products/min). | run_id=run_20260929_121204_794270_9f761b | brand=Gini and Jony | saved=50 | elapsed_label=2s | products_per_minute=1228.0
2026-09-29 12:33:43 | INFO    | LISTING   | Listing Gini and Jony route https://www.myntra.com/gini-and-jony page 3 -> https://www.myntra.com/gateway/v4/search/gini-and-jony?rows=50&o=100&plaEnabled=false&xdEnabled=false&isFacet=true&p=3 | run_id=run_20260929_121204_794270_9f761b | brand=Gini and Jony | page=3 | route=https://www.myntra.com/gini-and-jony | seen=100 | expected=2558
2026-09-29 12:33:46 | INFO    | PDP       | Processed 43 target products for Gini and Jony in 2s (1207.25 products/min). | run_id=run_20260929_121204_794270_9f761b | brand=Gini and Jony | saved=43 | elapsed_label=2s | products_per_minute=1207.25
2026-09-29 12:33:46 | INFO    | LISTING   | Listing Gini and Jony route https://www.myntra.com/gini-and-jony page 4 -> https://www.myntra.com/gateway/v4/search/gini-and-jony?rows=50&o=150&plaEnabled=false&xdEnabled=false&isFacet=true&p=4 | run_id=run_20260929_121204_794270_9f761b | brand=Gini and Jony | page=4 | route=https://www.myntra.com/gini-and-jony | seen=143 | expected=2558
2026-09-29 12:33:49 | INFO    | PDP       | Processed 50 target products for Gini and Jony in 2s (1212.81 products/min). | run_id=run_20260929_121204_794270_9f761b | brand=Gini and Jony | saved=50 | elapsed_label=2s | products_per_minute=1212.81
2026-09-29 12:33:49 | INFO    | LISTING   | Listing Gini and Jony route https://www.myntra.com/gini-and-jony page 5 -> https://www.myntra.com/gateway/v4/search/gini-and-jony?rows=50&o=200&plaEnabled=false&xdEnabled=false&isFacet=true&p=5 | run_id=run_20260929_121204_794270_9f761b | brand=Gini and Jony | page=5 | route=https://www.myntra.com/gini-and-jony | seen=193 | expected=2558
2026-09-29 12:33:52 | INFO    | PDP       | Processed 49 target products for Gini and Jony in 2s (1177.74 products/min). | run_id=run_20260929_121204_794270_9f761b | brand=Gini and Jony | saved=49 | elapsed_label=2s | products_per_minute=1177.74
2026-09-29 12:33:52 | INFO    | LISTING   | Listing Gini and Jony route https://www.myntra.com/gini-and-jony page 6 -> https://www.myntra.com/gateway/v4/search/gini-and-jony?rows=50&o=250&plaEnabled=false&xdEnabled=false&isFacet=true&p=6 | run_id=run_20260929_121204_794270_9f761b | brand=Gini and Jony | page=6 | route=https://www.myntra.com/gini-and-jony | seen=242 | expected=2558
2026-09-29 12:33:55 | INFO    | PDP       | Processed 49 target products for Gini and Jony in 2s (1264.42 products/min). | run_id=run_20260929_121204_794270_9f761b | brand=Gini and Jony | saved=49 | elapsed_label=2s | products_per_minute=1264.42
2026-09-29 12:33:56 | INFO    | LISTING   | Listing Gini and Jony route https://www.myntra.com/gini-and-jony page 7 -> https://www.myntra.com/gateway/v4/search/gini-and-jony?rows=50&o=300&plaEnabled=false&xdEnabled=false&isFacet=true&p=7 | run_id=run_20260929_121204_794270_9f761b | brand=Gini and Jony | page=7 | route=https://www.myntra.com/gini-and-jony | seen=291 | expected=2558
2026-09-29 12:33:58 | INFO    | PDP       | Processed 50 target products for Gini and Jony in 2s (1327.78 products/min). | run_id=run_20260929_121204_794270_9f761b | brand=Gini and Jony | saved=50 | elapsed_label=2s | products_per_minute=1327.78
2026-09-29 12:33:59 | INFO    | LISTING   | Listing Gini and Jony route https://www.myntra.com/gini-and-jony page 8 -> https://www.myntra.com/gateway/v4/search/gini-and-jony?rows=50&o=350&plaEnabled=false&xdEnabled=false&isFacet=true&p=8 | run_id=run_20260929_121204_794270_9f761b | brand=Gini and Jony | page=8 | route=https://www.myntra.com/gini-and-jony | seen=341 | expected=2558
2026-09-29 12:34:03 | INFO    | PDP       | Processed 47 target products for Gini and Jony in 4s (730.77 products/min). | run_id=run_20260929_121204_794270_9f761b | brand=Gini and Jony | saved=47 | elapsed_label=4s | products_per_minute=730.77
2026-09-29 12:34:04 | INFO    | LISTING   | Listing Gini and Jony route https://www.myntra.com/gini-and-jony page 9 -> https://www.myntra.com/gateway/v4/search/gini-and-jony?rows=50&o=400&plaEnabled=false&xdEnabled=false&isFacet=true&p=9 | run_id=run_20260929_121204_794270_9f761b | brand=Gini and Jony | page=9 | route=https://www.myntra.com/gini-and-jony | seen=388 | expected=2558
2026-09-29 12:34:09 | INFO    | PDP       | Processed 50 target products for Gini and Jony in 4s (700.88 products/min). | run_id=run_20260929_121204_794270_9f761b | brand=Gini and Jony | saved=50 | elapsed_label=4s | products_per_minute=700.88
2026-09-29 12:34:09 | INFO    | LISTING   | Listing Gini and Jony route https://www.myntra.com/gini-and-jony page 10 -> https://www.myntra.com/gateway/v4/search/gini-and-jony?rows=50&o=450&plaEnabled=false&xdEnabled=false&isFacet=true&p=10 | run_id=run_20260929_121204_794270_9f761b | brand=Gini and Jony | page=10 | route=https://www.myntra.com/gini-and-jony | seen=438 | expected=2558
2026-09-29 12:34:14 | INFO    | PDP       | Processed 50 target products for Gini and Jony in 4s (685.22 products/min). | run_id=run_20260929_121204_794270_9f761b | brand=Gini and Jony | saved=50 | elapsed_label=4s | products_per_minute=685.22
2026-09-29 12:34:14 | INFO    | LISTING   | Listing Gini and Jony route https://www.myntra.com/gini-and-jony page 11 -> https://www.myntra.com/gateway/v4/search/gini-and-jony?rows=50&o=500&plaEnabled=false&xdEnabled=false&isFacet=true&p=11 | run_id=run_20260929_121204_794270_9f761b | brand=Gini and Jony | page=11 | route=https://www.myntra.com/gini-and-jony | seen=488 | expected=2558
2026-09-29 12:34:18 | INFO    | PDP       | Processed 50 target products for Gini and Jony in 4s (751.64 products/min). | run_id=run_20260929_121204_794270_9f761b | brand=Gini and Jony | saved=50 | elapsed_label=4s | products_per_minute=751.64
2026-09-29 12:34:19 | INFO    | LISTING   | Listing Gini and Jony route https://www.myntra.com/gini-and-jony page 12 -> https://www.myntra.com/gateway/v4/search/gini-and-jony?rows=50&o=550&plaEnabled=false&xdEnabled=false&isFacet=true&p=12 | run_id=run_20260929_121204_794270_9f761b | brand=Gini and Jony | page=12 | route=https://www.myntra.com/gini-and-jony | seen=538 | expected=2558
2026-09-29 12:34:23 | INFO    | PDP       | Processed 47 target products for Gini and Jony in 4s (728.04 products/min). | run_id=run_20260929_121204_794270_9f761b | brand=Gini and Jony | saved=47 | elapsed_label=4s | products_per_minute=728.04
2026-09-29 12:34:23 | INFO    | LISTING   | Listing Gini and Jony route https://www.myntra.com/gini-and-jony page 13 -> https://www.myntra.com/gateway/v4/search/gini-and-jony?rows=50&o=600&plaEnabled=false&xdEnabled=false&isFacet=true&p=13 | run_id=run_20260929_121204_794270_9f761b | brand=Gini and Jony | page=13 | route=https://www.myntra.com/gini-and-jony | seen=585 | expected=2558
2026-09-29 12:34:28 | INFO    | PDP       | Processed 50 target products for Gini and Jony in 4s (743.13 products/min). | run_id=run_20260929_121204_794270_9f761b | brand=Gini and Jony | saved=50 | elapsed_label=4s | products_per_minute=743.13
2026-09-29 12:34:28 | INFO    | LISTING   | Listing Gini and Jony route https://www.myntra.com/gini-and-jony page 14 -> https://www.myntra.com/gateway/v4/search/gini-and-jony?rows=50&o=650&plaEnabled=false&xdEnabled=false&isFacet=true&p=14 | run_id=run_20260929_121204_794270_9f761b | brand=Gini and Jony | page=14 | route=https://www.myntra.com/gini-and-jony | seen=635 | expected=2558
2026-09-29 12:34:33 | INFO    | PDP       | Processed 50 target products for Gini and Jony in 5s (665.25 products/min). | run_id=run_20260929_121204_794270_9f761b | brand=Gini and Jony | saved=50 | elapsed_label=5s | products_per_minute=665.25
2026-09-29 12:34:33 | INFO    | LISTING   | Listing Gini and Jony route https://www.myntra.com/gini-and-jony page 15 -> https://www.myntra.com/gateway/v4/search/gini-and-jony?rows=50&o=700&plaEnabled=false&xdEnabled=false&isFacet=true&p=15 | run_id=run_20260929_121204_794270_9f761b | brand=Gini and Jony | page=15 | route=https://www.myntra.com/gini-and-jony | seen=685 | expected=2558
2026-09-29 12:34:38 | INFO    | PDP       | Processed 50 target products for Gini and Jony in 4s (789.27 products/min). | run_id=run_20260929_121204_794270_9f761b | brand=Gini and Jony | saved=50 | elapsed_label=4s | products_per_minute=789.27
2026-09-29 12:34:38 | INFO    | LISTING   | Listing Gini and Jony route https://www.myntra.com/gini-and-jony page 16 -> https://www.myntra.com/gateway/v4/search/gini-and-jony?rows=50&o=750&plaEnabled=false&xdEnabled=false&isFacet=true&p=16 | run_id=run_20260929_121204_794270_9f761b | brand=Gini and Jony | page=16 | route=https://www.myntra.com/gini-and-jony | seen=735 | expected=2558
2026-09-29 12:34:43 | INFO    | PDP       | Processed 50 target products for Gini and Jony in 5s (602.2 products/min). | run_id=run_20260929_121204_794270_9f761b | brand=Gini and Jony | saved=50 | elapsed_label=5s | products_per_minute=602.2
2026-09-29 12:34:44 | INFO    | LISTING   | Listing Gini and Jony route https://www.myntra.com/gini-and-jony page 17 -> https://www.myntra.com/gateway/v4/search/gini-and-jony?rows=50&o=800&plaEnabled=false&xdEnabled=false&isFacet=true&p=17 | run_id=run_20260929_121204_794270_9f761b | brand=Gini and Jony | page=17 | route=https://www.myntra.com/gini-and-jony | seen=785 | expected=2558
2026-09-29 12:34:48 | INFO    | PDP       | Processed 50 target products for Gini and Jony in 4s (742.13 products/min). | run_id=run_20260929_121204_794270_9f761b | brand=Gini and Jony | saved=50 | elapsed_label=4s | products_per_minute=742.13
2026-09-29 12:34:48 | INFO    | LISTING   | Listing Gini and Jony route https://www.myntra.com/gini-and-jony page 18 -> https://www.myntra.com/gateway/v4/search/gini-and-jony?rows=50&o=850&plaEnabled=false&xdEnabled=false&isFacet=true&p=18 | run_id=run_20260929_121204_794270_9f761b | brand=Gini and Jony | page=18 | route=https://www.myntra.com/gini-and-jony | seen=835 | expected=2558
2026-09-29 12:34:54 | INFO    | PDP       | Processed 50 target products for Gini and Jony in 5s (624.73 products/min). | run_id=run_20260929_121204_794270_9f761b | brand=Gini and Jony | saved=50 | elapsed_label=5s | products_per_minute=624.73
2026-09-29 12:34:54 | INFO    | LISTING   | Listing Gini and Jony route https://www.myntra.com/gini-and-jony page 19 -> https://www.myntra.com/gateway/v4/search/gini-and-jony?rows=50&o=900&plaEnabled=false&xdEnabled=false&isFacet=true&p=19 | run_id=run_20260929_121204_794270_9f761b | brand=Gini and Jony | page=19 | route=https://www.myntra.com/gini-and-jony | seen=885 | expected=2558
2026-09-29 12:34:59 | INFO    | PDP       | Processed 50 target products for Gini and Jony in 5s (631.12 products/min). | run_id=run_20260929_121204_794270_9f761b | brand=Gini and Jony | saved=50 | elapsed_label=5s | products_per_minute=631.12
2026-09-29 12:35:00 | INFO    | LISTING   | Listing Gini and Jony route https://www.myntra.com/gini-and-jony page 20 -> https://www.myntra.com/gateway/v4/search/gini-and-jony?rows=50&o=950&plaEnabled=false&xdEnabled=false&isFacet=true&p=20 | run_id=run_20260929_121204_794270_9f761b | brand=Gini and Jony | page=20 | route=https://www.myntra.com/gini-and-jony | seen=935 | expected=2558
2026-09-29 12:35:05 | INFO    | PDP       | Processed 50 target products for Gini and Jony in 5s (566.47 products/min). | run_id=run_20260929_121204_794270_9f761b | brand=Gini and Jony | saved=50 | elapsed_label=5s | products_per_minute=566.47
2026-09-29 12:35:06 | INFO    | LISTING   | Listing Gini and Jony route https://www.myntra.com/gini-and-jony page 21 -> https://www.myntra.com/gateway/v4/search/gini-and-jony?rows=50&o=1000&plaEnabled=false&xdEnabled=false&isFacet=true&p=21 | run_id=run_20260929_121204_794270_9f761b | brand=Gini and Jony | page=21 | route=https://www.myntra.com/gini-and-jony | seen=985 | expected=2558
2026-09-29 12:35:11 | INFO    | PDP       | Processed 50 target products for Gini and Jony in 5s (590.89 products/min). | run_id=run_20260929_121204_794270_9f761b | brand=Gini and Jony | saved=50 | elapsed_label=5s | products_per_minute=590.89
2026-09-29 12:35:12 | INFO    | LISTING   | Listing Gini and Jony route https://www.myntra.com/gini-and-jony page 22 -> https://www.myntra.com/gateway/v4/search/gini-and-jony?rows=50&o=1050&plaEnabled=false&xdEnabled=false&isFacet=true&p=22 | run_id=run_20260929_121204_794270_9f761b | brand=Gini and Jony | page=22 | route=https://www.myntra.com/gini-and-jony | seen=1035 | expected=2558
2026-09-29 12:35:17 | INFO    | PDP       | Processed 50 target products for Gini and Jony in 5s (612.09 products/min). | run_id=run_20260929_121204_794270_9f761b | brand=Gini and Jony | saved=50 | elapsed_label=5s | products_per_minute=612.09
2026-09-29 12:35:18 | INFO    | LISTING   | Listing Gini and Jony route https://www.myntra.com/gini-and-jony page 23 -> https://www.myntra.com/gateway/v4/search/gini-and-jony?rows=50&o=1100&plaEnabled=false&xdEnabled=false&isFacet=true&p=23 | run_id=run_20260929_121204_794270_9f761b | brand=Gini and Jony | page=23 | route=https://www.myntra.com/gini-and-jony | seen=1085 | expected=2558
2026-09-29 12:35:23 | INFO    | PDP       | Processed 49 target products for Gini and Jony in 4s (687.86 products/min). | run_id=run_20260929_121204_794270_9f761b | brand=Gini and Jony | saved=49 | elapsed_label=4s | products_per_minute=687.86
2026-09-29 12:35:23 | INFO    | LISTING   | Listing Gini and Jony route https://www.myntra.com/gini-and-jony page 24 -> https://www.myntra.com/gateway/v4/search/gini-and-jony?rows=50&o=1150&plaEnabled=false&xdEnabled=false&isFacet=true&p=24 | run_id=run_20260929_121204_794270_9f761b | brand=Gini and Jony | page=24 | route=https://www.myntra.com/gini-and-jony | seen=1134 | expected=2558
2026-09-29 12:35:27 | INFO    | PDP       | Processed 50 target products for Gini and Jony in 4s (795.72 products/min). | run_id=run_20260929_121204_794270_9f761b | brand=Gini and Jony | saved=50 | elapsed_label=4s | products_per_minute=795.72
2026-09-29 12:35:27 | INFO    | LISTING   | Listing Gini and Jony route https://www.myntra.com/gini-and-jony page 25 -> https://www.myntra.com/gateway/v4/search/gini-and-jony?rows=50&o=1200&plaEnabled=false&xdEnabled=false&isFacet=true&p=25 | run_id=run_20260929_121204_794270_9f761b | brand=Gini and Jony | page=25 | route=https://www.myntra.com/gini-and-jony | seen=1184 | expected=2558
2026-09-29 12:35:32 | INFO    | PDP       | Processed 47 target products for Gini and Jony in 4s (676.54 products/min). | run_id=run_20260929_121204_794270_9f761b | brand=Gini and Jony | saved=47 | elapsed_label=4s | products_per_minute=676.54
2026-09-29 12:35:32 | INFO    | LISTING   | Listing Gini and Jony route https://www.myntra.com/gini-and-jony page 26 -> https://www.myntra.com/gateway/v4/search/gini-and-jony?rows=50&o=1250&plaEnabled=false&xdEnabled=false&isFacet=true&p=26 | run_id=run_20260929_121204_794270_9f761b | brand=Gini and Jony | page=26 | route=https://www.myntra.com/gini-and-jony | seen=1231 | expected=2558
2026-09-29 12:35:38 | INFO    | PDP       | Processed 50 target products for Gini and Jony in 5s (649.17 products/min). | run_id=run_20260929_121204_794270_9f761b | brand=Gini and Jony | saved=50 | elapsed_label=5s | products_per_minute=649.17
2026-09-29 12:35:38 | INFO    | LISTING   | Listing Gini and Jony route https://www.myntra.com/gini-and-jony page 27 -> https://www.myntra.com/gateway/v4/search/gini-and-jony?rows=50&o=1300&plaEnabled=false&xdEnabled=false&isFacet=true&p=27 | run_id=run_20260929_121204_794270_9f761b | brand=Gini and Jony | page=27 | route=https://www.myntra.com/gini-and-jony | seen=1281 | expected=2558
2026-09-29 12:35:42 | INFO    | PDP       | Processed 50 target products for Gini and Jony in 4s (809.25 products/min). | run_id=run_20260929_121204_794270_9f761b | brand=Gini and Jony | saved=50 | elapsed_label=4s | products_per_minute=809.25
2026-09-29 12:35:43 | INFO    | LISTING   | Listing Gini and Jony route https://www.myntra.com/gini-and-jony page 28 -> https://www.myntra.com/gateway/v4/search/gini-and-jony?rows=50&o=1350&plaEnabled=false&xdEnabled=false&isFacet=true&p=28 | run_id=run_20260929_121204_794270_9f761b | brand=Gini and Jony | page=28 | route=https://www.myntra.com/gini-and-jony | seen=1331 | expected=2558
2026-09-29 12:35:47 | INFO    | PDP       | Processed 45 target products for Gini and Jony in 4s (634.05 products/min). | run_id=run_20260929_121204_794270_9f761b | brand=Gini and Jony | saved=45 | elapsed_label=4s | products_per_minute=634.05
2026-09-29 12:35:48 | INFO    | LISTING   | Listing Gini and Jony route https://www.myntra.com/gini-and-jony page 29 -> https://www.myntra.com/gateway/v4/search/gini-and-jony?rows=50&o=1400&plaEnabled=false&xdEnabled=false&isFacet=true&p=29 | run_id=run_20260929_121204_794270_9f761b | brand=Gini and Jony | page=29 | route=https://www.myntra.com/gini-and-jony | seen=1376 | expected=2558
2026-09-29 12:35:54 | INFO    | PDP       | Processed 50 target products for Gini and Jony in 6s (479.36 products/min). | run_id=run_20260929_121204_794270_9f761b | brand=Gini and Jony | saved=50 | elapsed_label=6s | products_per_minute=479.36
2026-09-29 12:35:55 | INFO    | LISTING   | Listing Gini and Jony route https://www.myntra.com/gini-and-jony page 30 -> https://www.myntra.com/gateway/v4/search/gini-and-jony?rows=50&o=1450&plaEnabled=false&xdEnabled=false&isFacet=true&p=30 | run_id=run_20260929_121204_794270_9f761b | brand=Gini and Jony | page=30 | route=https://www.myntra.com/gini-and-jony | seen=1426 | expected=2558
2026-09-29 12:36:00 | INFO    | PDP       | Processed 50 target products for Gini and Jony in 5s (592.03 products/min). | run_id=run_20260929_121204_794270_9f761b | brand=Gini and Jony | saved=50 | elapsed_label=5s | products_per_minute=592.03
2026-09-29 12:36:01 | INFO    | LISTING   | Listing Gini and Jony route https://www.myntra.com/gini-and-jony page 31 -> https://www.myntra.com/gateway/v4/search/gini-and-jony?rows=50&o=1500&plaEnabled=false&xdEnabled=false&isFacet=true&p=31 | run_id=run_20260929_121204_794270_9f761b | brand=Gini and Jony | page=31 | route=https://www.myntra.com/gini-and-jony | seen=1476 | expected=2558
2026-09-29 12:36:06 | INFO    | PDP       | Processed 50 target products for Gini and Jony in 5s (584.86 products/min). | run_id=run_20260929_121204_794270_9f761b | brand=Gini and Jony | saved=50 | elapsed_label=5s | products_per_minute=584.86
2026-09-29 12:36:07 | INFO    | LISTING   | Listing Gini and Jony route https://www.myntra.com/gini-and-jony page 32 -> https://www.myntra.com/gateway/v4/search/gini-and-jony?rows=50&o=1550&plaEnabled=false&xdEnabled=false&isFacet=true&p=32 | run_id=run_20260929_121204_794270_9f761b | brand=Gini and Jony | page=32 | route=https://www.myntra.com/gini-and-jony | seen=1526 | expected=2558
2026-09-29 12:36:13 | INFO    | PDP       | Processed 50 target products for Gini and Jony in 6s (524.72 products/min). | run_id=run_20260929_121204_794270_9f761b | brand=Gini and Jony | saved=50 | elapsed_label=6s | products_per_minute=524.72
2026-09-29 12:36:13 | INFO    | LISTING   | Listing Gini and Jony route https://www.myntra.com/gini-and-jony page 33 -> https://www.myntra.com/gateway/v4/search/gini-and-jony?rows=50&o=1600&plaEnabled=false&xdEnabled=false&isFacet=true&p=33 | run_id=run_20260929_121204_794270_9f761b | brand=Gini and Jony | page=33 | route=https://www.myntra.com/gini-and-jony | seen=1576 | expected=2558
2026-09-29 12:36:17 | INFO    | PDP       | Processed 50 target products for Gini and Jony in 4s (827.33 products/min). | run_id=run_20260929_121204_794270_9f761b | brand=Gini and Jony | saved=50 | elapsed_label=4s | products_per_minute=827.33
2026-09-29 12:36:17 | INFO    | LISTING   | Listing Gini and Jony route https://www.myntra.com/gini-and-jony page 34 -> https://www.myntra.com/gateway/v4/search/gini-and-jony?rows=50&o=1650&plaEnabled=false&xdEnabled=false&isFacet=true&p=34 | run_id=run_20260929_121204_794270_9f761b | brand=Gini and Jony | page=34 | route=https://www.myntra.com/gini-and-jony | seen=1626 | expected=2558
2026-09-29 12:36:20 | INFO    | PDP       | Processed 50 target products for Gini and Jony in 2s (1235.56 products/min). | run_id=run_20260929_121204_794270_9f761b | brand=Gini and Jony | saved=50 | elapsed_label=2s | products_per_minute=1235.56
2026-09-29 12:36:21 | INFO    | LISTING   | Listing Gini and Jony route https://www.myntra.com/gini-and-jony page 35 -> https://www.myntra.com/gateway/v4/search/gini-and-jony?rows=50&o=1700&plaEnabled=false&xdEnabled=false&isFacet=true&p=35 | run_id=run_20260929_121204_794270_9f761b | brand=Gini and Jony | page=35 | route=https://www.myntra.com/gini-and-jony | seen=1676 | expected=2558
2026-09-29 12:36:24 | INFO    | PDP       | Processed 48 target products for Gini and Jony in 2s (1213.73 products/min). | run_id=run_20260929_121204_794270_9f761b | brand=Gini and Jony | saved=48 | elapsed_label=2s | products_per_minute=1213.73
2026-09-29 12:36:24 | INFO    | LISTING   | Listing Gini and Jony route https://www.myntra.com/gini-and-jony page 36 -> https://www.myntra.com/gateway/v4/search/gini-and-jony?rows=50&o=1750&plaEnabled=false&xdEnabled=false&isFacet=true&p=36 | run_id=run_20260929_121204_794270_9f761b | brand=Gini and Jony | page=36 | route=https://www.myntra.com/gini-and-jony | seen=1724 | expected=2558
2026-09-29 12:36:27 | INFO    | PDP       | Processed 49 target products for Gini and Jony in 2s (1222.46 products/min). | run_id=run_20260929_121204_794270_9f761b | brand=Gini and Jony | saved=49 | elapsed_label=2s | products_per_minute=1222.46
2026-09-29 12:36:27 | INFO    | LISTING   | Listing Gini and Jony route https://www.myntra.com/gini-and-jony page 37 -> https://www.myntra.com/gateway/v4/search/gini-and-jony?rows=50&o=1800&plaEnabled=false&xdEnabled=false&isFacet=true&p=37 | run_id=run_20260929_121204_794270_9f761b | brand=Gini and Jony | page=37 | route=https://www.myntra.com/gini-and-jony | seen=1773 | expected=2558
2026-09-29 12:36:30 | INFO    | PDP       | Processed 48 target products for Gini and Jony in 2s (1255.5 products/min). | run_id=run_20260929_121204_794270_9f761b | brand=Gini and Jony | saved=48 | elapsed_label=2s | products_per_minute=1255.5
2026-09-29 12:36:30 | INFO    | LISTING   | Listing Gini and Jony route https://www.myntra.com/gini-and-jony page 38 -> https://www.myntra.com/gateway/v4/search/gini-and-jony?rows=50&o=1850&plaEnabled=false&xdEnabled=false&isFacet=true&p=38 | run_id=run_20260929_121204_794270_9f761b | brand=Gini and Jony | page=38 | route=https://www.myntra.com/gini-and-jony | seen=1821 | expected=2558
2026-09-29 12:36:33 | INFO    | PDP       | Processed 50 target products for Gini and Jony in 2s (1290.19 products/min). | run_id=run_20260929_121204_794270_9f761b | brand=Gini and Jony | saved=50 | elapsed_label=2s | products_per_minute=1290.19
2026-09-29 12:36:33 | INFO    | LISTING   | Listing Gini and Jony route https://www.myntra.com/gini-and-jony page 39 -> https://www.myntra.com/gateway/v4/search/gini-and-jony?rows=50&o=1900&plaEnabled=false&xdEnabled=false&isFacet=true&p=39 | run_id=run_20260929_121204_794270_9f761b | brand=Gini and Jony | page=39 | route=https://www.myntra.com/gini-and-jony | seen=1871 | expected=2558
2026-09-29 12:36:39 | INFO    | PDP       | Processed 50 target products for Gini and Jony in 5s (634.98 products/min). | run_id=run_20260929_121204_794270_9f761b | brand=Gini and Jony | saved=50 | elapsed_label=5s | products_per_minute=634.98
2026-09-29 12:36:39 | INFO    | LISTING   | Listing Gini and Jony route https://www.myntra.com/gini-and-jony page 40 -> https://www.myntra.com/gateway/v4/search/gini-and-jony?rows=50&o=1950&plaEnabled=false&xdEnabled=false&isFacet=true&p=40 | run_id=run_20260929_121204_794270_9f761b | brand=Gini and Jony | page=40 | route=https://www.myntra.com/gini-and-jony | seen=1921 | expected=2558
2026-09-29 12:36:43 | INFO    | PDP       | Processed 50 target products for Gini and Jony in 4s (730.76 products/min). | run_id=run_20260929_121204_794270_9f761b | brand=Gini and Jony | saved=50 | elapsed_label=4s | products_per_minute=730.76
2026-09-29 12:36:44 | INFO    | LISTING   | Listing Gini and Jony route https://www.myntra.com/gini-and-jony page 41 -> https://www.myntra.com/gateway/v4/search/gini-and-jony?rows=50&o=2000&plaEnabled=false&xdEnabled=false&isFacet=true&p=41 | run_id=run_20260929_121204_794270_9f761b | brand=Gini and Jony | page=41 | route=https://www.myntra.com/gini-and-jony | seen=1971 | expected=2558
2026-09-29 12:36:47 | INFO    | PDP       | Processed 50 target products for Gini and Jony in 2s (1267.85 products/min). | run_id=run_20260929_121204_794270_9f761b | brand=Gini and Jony | saved=50 | elapsed_label=2s | products_per_minute=1267.85
2026-09-29 12:36:47 | INFO    | LISTING   | Listing Gini and Jony route https://www.myntra.com/gini-and-jony page 42 -> https://www.myntra.com/gateway/v4/search/gini-and-jony?rows=50&o=2050&plaEnabled=false&xdEnabled=false&isFacet=true&p=42 | run_id=run_20260929_121204_794270_9f761b | brand=Gini and Jony | page=42 | route=https://www.myntra.com/gini-and-jony | seen=2021 | expected=2558
2026-09-29 12:36:50 | INFO    | PDP       | Processed 49 target products for Gini and Jony in 2s (1279.55 products/min). | run_id=run_20260929_121204_794270_9f761b | brand=Gini and Jony | saved=49 | elapsed_label=2s | products_per_minute=1279.55
2026-09-29 12:36:50 | INFO    | LISTING   | Listing Gini and Jony route https://www.myntra.com/gini-and-jony page 43 -> https://www.myntra.com/gateway/v4/search/gini-and-jony?rows=50&o=2100&plaEnabled=false&xdEnabled=false&isFacet=true&p=43 | run_id=run_20260929_121204_794270_9f761b | brand=Gini and Jony | page=43 | route=https://www.myntra.com/gini-and-jony | seen=2070 | expected=2558
2026-09-29 12:36:53 | INFO    | PDP       | Processed 49 target products for Gini and Jony in 2s (1195.82 products/min). | run_id=run_20260929_121204_794270_9f761b | brand=Gini and Jony | saved=49 | elapsed_label=2s | products_per_minute=1195.82
2026-09-29 12:36:53 | INFO    | LISTING   | Listing Gini and Jony route https://www.myntra.com/gini-and-jony page 44 -> https://www.myntra.com/gateway/v4/search/gini-and-jony?rows=50&o=2150&plaEnabled=false&xdEnabled=false&isFacet=true&p=44 | run_id=run_20260929_121204_794270_9f761b | brand=Gini and Jony | page=44 | route=https://www.myntra.com/gini-and-jony | seen=2119 | expected=2558
2026-09-29 12:36:56 | INFO    | PDP       | Processed 50 target products for Gini and Jony in 2s (1239.27 products/min). | run_id=run_20260929_121204_794270_9f761b | brand=Gini and Jony | saved=50 | elapsed_label=2s | products_per_minute=1239.27
2026-09-29 12:36:56 | INFO    | LISTING   | Listing Gini and Jony route https://www.myntra.com/gini-and-jony page 45 -> https://www.myntra.com/gateway/v4/search/gini-and-jony?rows=50&o=2200&plaEnabled=false&xdEnabled=false&isFacet=true&p=45 | run_id=run_20260929_121204_794270_9f761b | brand=Gini and Jony | page=45 | route=https://www.myntra.com/gini-and-jony | seen=2169 | expected=2558
2026-09-29 12:36:59 | INFO    | PDP       | Processed 49 target products for Gini and Jony in 2s (1293.7 products/min). | run_id=run_20260929_121204_794270_9f761b | brand=Gini and Jony | saved=49 | elapsed_label=2s | products_per_minute=1293.7
2026-09-29 12:36:59 | INFO    | LISTING   | Listing Gini and Jony route https://www.myntra.com/gini-and-jony page 46 -> https://www.myntra.com/gateway/v4/search/gini-and-jony?rows=50&o=2250&plaEnabled=false&xdEnabled=false&isFacet=true&p=46 | run_id=run_20260929_121204_794270_9f761b | brand=Gini and Jony | page=46 | route=https://www.myntra.com/gini-and-jony | seen=2218 | expected=2558
2026-09-29 12:37:02 | INFO    | PDP       | Processed 50 target products for Gini and Jony in 2s (1279.92 products/min). | run_id=run_20260929_121204_794270_9f761b | brand=Gini and Jony | saved=50 | elapsed_label=2s | products_per_minute=1279.92
2026-09-29 12:37:03 | INFO    | LISTING   | Listing Gini and Jony route https://www.myntra.com/gini-and-jony page 47 -> https://www.myntra.com/gateway/v4/search/gini-and-jony?rows=50&o=2300&plaEnabled=false&xdEnabled=false&isFacet=true&p=47 | run_id=run_20260929_121204_794270_9f761b | brand=Gini and Jony | page=47 | route=https://www.myntra.com/gini-and-jony | seen=2268 | expected=2558
2026-09-29 12:37:06 | INFO    | PDP       | Processed 50 target products for Gini and Jony in 3s (1151.33 products/min). | run_id=run_20260929_121204_794270_9f761b | brand=Gini and Jony | saved=50 | elapsed_label=3s | products_per_minute=1151.33
2026-09-29 12:37:06 | INFO    | LISTING   | Listing Gini and Jony route https://www.myntra.com/gini-and-jony page 48 -> https://www.myntra.com/gateway/v4/search/gini-and-jony?rows=50&o=2350&plaEnabled=false&xdEnabled=false&isFacet=true&p=48 | run_id=run_20260929_121204_794270_9f761b | brand=Gini and Jony | page=48 | route=https://www.myntra.com/gini-and-jony | seen=2318 | expected=2558
2026-09-29 12:37:09 | INFO    | PDP       | Processed 50 target products for Gini and Jony in 3s (1174.72 products/min). | run_id=run_20260929_121204_794270_9f761b | brand=Gini and Jony | saved=50 | elapsed_label=3s | products_per_minute=1174.72
2026-09-29 12:37:09 | INFO    | LISTING   | Listing Gini and Jony route https://www.myntra.com/gini-and-jony page 49 -> https://www.myntra.com/gateway/v4/search/gini-and-jony?rows=50&o=2400&plaEnabled=false&xdEnabled=false&isFacet=true&p=49 | run_id=run_20260929_121204_794270_9f761b | brand=Gini and Jony | page=49 | route=https://www.myntra.com/gini-and-jony | seen=2368 | expected=2558
2026-09-29 12:37:12 | INFO    | PDP       | Processed 50 target products for Gini and Jony in 2s (1218.37 products/min). | run_id=run_20260929_121204_794270_9f761b | brand=Gini and Jony | saved=50 | elapsed_label=2s | products_per_minute=1218.37
2026-09-29 12:37:12 | INFO    | LISTING   | Listing Gini and Jony route https://www.myntra.com/gini-and-jony page 50 -> https://www.myntra.com/gateway/v4/search/gini-and-jony?rows=50&o=2450&plaEnabled=false&xdEnabled=false&isFacet=true&p=50 | run_id=run_20260929_121204_794270_9f761b | brand=Gini and Jony | page=50 | route=https://www.myntra.com/gini-and-jony | seen=2418 | expected=2558
2026-09-29 12:37:15 | INFO    | PDP       | Processed 50 target products for Gini and Jony in 2s (1232.75 products/min). | run_id=run_20260929_121204_794270_9f761b | brand=Gini and Jony | saved=50 | elapsed_label=2s | products_per_minute=1232.75
2026-09-29 12:37:16 | INFO    | LISTING   | Listing Gini and Jony route https://www.myntra.com/gini-and-jony page 51 -> https://www.myntra.com/gateway/v4/search/gini-and-jony?rows=50&o=2500&plaEnabled=false&xdEnabled=false&isFacet=true&p=51 | run_id=run_20260929_121204_794270_9f761b | brand=Gini and Jony | page=51 | route=https://www.myntra.com/gini-and-jony | seen=2468 | expected=2558
2026-09-29 12:37:19 | INFO    | PDP       | Processed 50 target products for Gini and Jony in 2s (1233.37 products/min). | run_id=run_20260929_121204_794270_9f761b | brand=Gini and Jony | saved=50 | elapsed_label=2s | products_per_minute=1233.37
2026-09-29 12:37:19 | INFO    | LISTING   | Listing Gini and Jony route https://www.myntra.com/gini-and-jony page 52 -> https://www.myntra.com/gateway/v4/search/gini-and-jony?rows=50&o=2550&plaEnabled=false&xdEnabled=false&isFacet=true&p=52 | run_id=run_20260929_121204_794270_9f761b | brand=Gini and Jony | page=52 | route=https://www.myntra.com/gini-and-jony | seen=2518 | expected=2558
2026-09-29 12:37:21 | INFO    | PDP       | Processed 32 target products for Gini and Jony in 2s (1110.4 products/min). | run_id=run_20260929_121204_794270_9f761b | brand=Gini and Jony | saved=32 | elapsed_label=2s | products_per_minute=1110.4
2026-09-29 12:37:21 | INFO    | LISTING   | Listing Gini and Jony route https://www.myntra.com/gini-and-jony page 53 -> https://www.myntra.com/gateway/v4/search/gini-and-jony?rows=50&o=2600&plaEnabled=false&xdEnabled=false&isFacet=true&p=53 | run_id=run_20260929_121204_794270_9f761b | brand=Gini and Jony | page=53 | route=https://www.myntra.com/gini-and-jony | seen=2550 | expected=2558
2026-09-29 12:37:22 | WARNING | LISTING   | Empty listing page for Gini and Jony on page 53 before expected end; continuing. | run_id=run_20260929_121204_794270_9f761b | brand=Gini and Jony | page=53 | route=https://www.myntra.com/gini-and-jony
2026-09-29 12:37:22 | INFO    | LISTING   | Listing Gini and Jony route https://www.myntra.com/gini-and-jony page 54 -> https://www.myntra.com/gateway/v4/search/gini-and-jony?rows=50&o=2650&plaEnabled=false&xdEnabled=false&isFacet=true&p=54 | run_id=run_20260929_121204_794270_9f761b | brand=Gini and Jony | page=54 | route=https://www.myntra.com/gini-and-jony | seen=2550 | expected=2558
2026-09-29 12:37:22 | WARNING | NETWORK   | JSON request failed for https://www.myntra.com/gateway/v4/search/gini-and-jony?rows=50&o=2650&plaEnabled=false&xdEnabled=false&isFacet=true&p=54 on attempt 1/3: HTTP Error 400:  | run_id=run_20260929_121204_794270_9f761b | route=https://www.myntra.com/gateway/v4/search/gini-and-jony?rows=50&o=2650&plaEnabled=false&xdEnabled=false&isFacet=true&p=54 | attempt=1/3
2026-09-29 12:37:24 | WARNING | NETWORK   | JSON request failed for https://www.myntra.com/gateway/v4/search/gini-and-jony?rows=50&o=2650&plaEnabled=false&xdEnabled=false&isFacet=true&p=54 on attempt 2/3: HTTP Error 400:  | run_id=run_20260929_121204_794270_9f761b | route=https://www.myntra.com/gateway/v4/search/gini-and-jony?rows=50&o=2650&plaEnabled=false&xdEnabled=false&isFacet=true&p=54 | attempt=2/3
2026-09-29 12:37:26 | WARNING | NETWORK   | JSON request failed for https://www.myntra.com/gateway/v4/search/gini-and-jony?rows=50&o=2650&plaEnabled=false&xdEnabled=false&isFacet=true&p=54 on attempt 3/3: HTTP Error 400:  | run_id=run_20260929_121204_794270_9f761b | route=https://www.myntra.com/gateway/v4/search/gini-and-jony?rows=50&o=2650&plaEnabled=false&xdEnabled=false&isFacet=true&p=54 | attempt=3/3
2026-09-29 12:37:27 | WARNING | NETWORK   | JSON request failed for https://www.myntra.com/gateway/v4/search/gini-and-jony?rows=50&o=2649&plaEnabled=false&xdEnabled=false&isFacet=true&p=54 on attempt 1/3: HTTP Error 400:  | run_id=run_20260929_121204_794270_9f761b | route=https://www.myntra.com/gateway/v4/search/gini-and-jony?rows=50&o=2649&plaEnabled=false&xdEnabled=false&isFacet=true&p=54 | attempt=1/3
2026-09-29 12:37:28 | WARNING | NETWORK   | JSON request failed for https://www.myntra.com/gateway/v4/search/gini-and-jony?rows=50&o=2649&plaEnabled=false&xdEnabled=false&isFacet=true&p=54 on attempt 2/3: HTTP Error 400:  | run_id=run_20260929_121204_794270_9f761b | route=https://www.myntra.com/gateway/v4/search/gini-and-jony?rows=50&o=2649&plaEnabled=false&xdEnabled=false&isFacet=true&p=54 | attempt=2/3
2026-09-29 12:37:31 | WARNING | NETWORK   | JSON request failed for https://www.myntra.com/gateway/v4/search/gini-and-jony?rows=50&o=2649&plaEnabled=false&xdEnabled=false&isFacet=true&p=54 on attempt 3/3: HTTP Error 400:  | run_id=run_20260929_121204_794270_9f761b | route=https://www.myntra.com/gateway/v4/search/gini-and-jony?rows=50&o=2649&plaEnabled=false&xdEnabled=false&isFacet=true&p=54 | attempt=3/3
2026-09-29 12:37:31 | WARNING | LISTING   | Route fetch failed for https://www.myntra.com/gini-and-jony page 54 (Failed to fetch JSON payload from https://www.myntra.com/gateway/v4/search/gini-and-jony?rows=50&o=2649&plaEnabled=false&xdEnabled=false&isFacet=true&p=54: HTTP Error 400: ). Will retry with another pass or fallback route. | run_id=run_20260929_121204_794270_9f761b | brand=Gini and Jony | page=54 | route=https://www.myntra.com/gini-and-jony
2026-09-29 12:37:31 | WARNING | BRAND     | Brand Gini and Jony finished below expected count: saw 2550 unique shirts products vs expected 2558. | run_id=run_20260929_121204_794270_9f761b | brand=Gini and Jony | seen=2550 | expected=2558
2026-09-29 12:37:31 | INFO    | BRAND     | Brand scrape completed in 3m 56s (648.3 products/min). | run_id=run_20260929_121204_794270_9f761b | brand=Gini and Jony | status=COMPLETED | saved=2550 | seen=2550 | expected=2558 | elapsed_label=3m 56s | products_per_minute=648.3
2026-09-29 12:37:36 | INFO    | SNAPSHOT  | Periodic snapshot created after Gini and Jony. | run_id=run_20260929_121204_794270_9f761b | brand=Gini and Jony
2026-09-29 12:37:36 | INFO    | BRAND     | Resolving brand routes. | run_id=run_20260929_121204_794270_9f761b | brand=U.S. Polo Kids
2026-09-29 12:37:38 | INFO    | BRAND     | Resolved U.S. Polo Kids -> 2 routes (best brand total=5263): https://www.myntra.com/us-polo-assn-kids, https://www.myntra.com/u.s.-polo-assn.-kids | run_id=run_20260929_121204_794270_9f761b | brand=U.S. Polo Kids | expected=5263
2026-09-29 12:37:38 | INFO    | BRAND     | Starting brand scrape. | run_id=run_20260929_121204_794270_9f761b | brand=U.S. Polo Kids | expected=5263
2026-09-29 12:37:38 | INFO    | LISTING   | Listing U.S. Polo Kids route https://www.myntra.com/us-polo-assn-kids page 1 -> https://www.myntra.com/gateway/v4/search/us-polo-assn-kids?rows=50&o=0&plaEnabled=false&xdEnabled=false&isFacet=true&p=1 | run_id=run_20260929_121204_794270_9f761b | brand=U.S. Polo Kids | page=1 | route=https://www.myntra.com/us-polo-assn-kids | seen=0 | expected=5263
2026-09-29 12:37:45 | INFO    | PDP       | Processed 44 target products for U.S. Polo Kids in 5s (581.12 products/min). | run_id=run_20260929_121204_794270_9f761b | brand=U.S. Polo Kids | saved=44 | elapsed_label=5s | products_per_minute=581.12
2026-09-29 12:37:45 | INFO    | LISTING   | Listing U.S. Polo Kids route https://www.myntra.com/us-polo-assn-kids page 2 -> https://www.myntra.com/gateway/v4/search/us-polo-assn-kids?rows=50&o=50&plaEnabled=false&xdEnabled=false&isFacet=true&p=2 | run_id=run_20260929_121204_794270_9f761b | brand=U.S. Polo Kids | page=2 | route=https://www.myntra.com/us-polo-assn-kids | seen=44 | expected=5263
2026-09-29 12:37:51 | INFO    | PDP       | Processed 47 target products for U.S. Polo Kids in 4s (667.0 products/min). | run_id=run_20260929_121204_794270_9f761b | brand=U.S. Polo Kids | saved=47 | elapsed_label=4s | products_per_minute=667.0
2026-09-29 12:37:51 | INFO    | LISTING   | Listing U.S. Polo Kids route https://www.myntra.com/us-polo-assn-kids page 3 -> https://www.myntra.com/gateway/v4/search/us-polo-assn-kids?rows=50&o=100&plaEnabled=false&xdEnabled=false&isFacet=true&p=3 | run_id=run_20260929_121204_794270_9f761b | brand=U.S. Polo Kids | page=3 | route=https://www.myntra.com/us-polo-assn-kids | seen=91 | expected=5263
2026-09-29 12:37:55 | INFO    | PDP       | Processed 48 target products for U.S. Polo Kids in 3s (831.02 products/min). | run_id=run_20260929_121204_794270_9f761b | brand=U.S. Polo Kids | saved=48 | elapsed_label=3s | products_per_minute=831.02
2026-09-29 12:37:55 | INFO    | LISTING   | Listing U.S. Polo Kids route https://www.myntra.com/us-polo-assn-kids page 4 -> https://www.myntra.com/gateway/v4/search/us-polo-assn-kids?rows=50&o=150&plaEnabled=false&xdEnabled=false&isFacet=true&p=4 | run_id=run_20260929_121204_794270_9f761b | brand=U.S. Polo Kids | page=4 | route=https://www.myntra.com/us-polo-assn-kids | seen=139 | expected=5263
2026-09-29 12:38:00 | INFO    | PDP       | Processed 47 target products for U.S. Polo Kids in 3s (837.1 products/min). | run_id=run_20260929_121204_794270_9f761b | brand=U.S. Polo Kids | saved=47 | elapsed_label=3s | products_per_minute=837.1
2026-09-29 12:38:00 | INFO    | LISTING   | Listing U.S. Polo Kids route https://www.myntra.com/us-polo-assn-kids page 5 -> https://www.myntra.com/gateway/v4/search/us-polo-assn-kids?rows=50&o=200&plaEnabled=false&xdEnabled=false&isFacet=true&p=5 | run_id=run_20260929_121204_794270_9f761b | brand=U.S. Polo Kids | page=5 | route=https://www.myntra.com/us-polo-assn-kids | seen=186 | expected=5263
2026-09-29 12:38:05 | INFO    | PDP       | Processed 50 target products for U.S. Polo Kids in 4s (731.98 products/min). | run_id=run_20260929_121204_794270_9f761b | brand=U.S. Polo Kids | saved=50 | elapsed_label=4s | products_per_minute=731.98
2026-09-29 12:38:05 | INFO    | LISTING   | Listing U.S. Polo Kids route https://www.myntra.com/us-polo-assn-kids page 6 -> https://www.myntra.com/gateway/v4/search/us-polo-assn-kids?rows=50&o=250&plaEnabled=false&xdEnabled=false&isFacet=true&p=6 | run_id=run_20260929_121204_794270_9f761b | brand=U.S. Polo Kids | page=6 | route=https://www.myntra.com/us-polo-assn-kids | seen=236 | expected=5263
2026-09-29 12:38:10 | INFO    | PDP       | Processed 48 target products for U.S. Polo Kids in 4s (787.61 products/min). | run_id=run_20260929_121204_794270_9f761b | brand=U.S. Polo Kids | saved=48 | elapsed_label=4s | products_per_minute=787.61
2026-09-29 12:38:10 | INFO    | LISTING   | Listing U.S. Polo Kids route https://www.myntra.com/us-polo-assn-kids page 7 -> https://www.myntra.com/gateway/v4/search/us-polo-assn-kids?rows=50&o=300&plaEnabled=false&xdEnabled=false&isFacet=true&p=7 | run_id=run_20260929_121204_794270_9f761b | brand=U.S. Polo Kids | page=7 | route=https://www.myntra.com/us-polo-assn-kids | seen=284 | expected=5263
2026-09-29 12:38:15 | INFO    | PDP       | Processed 49 target products for U.S. Polo Kids in 4s (689.14 products/min). | run_id=run_20260929_121204_794270_9f761b | brand=U.S. Polo Kids | saved=49 | elapsed_label=4s | products_per_minute=689.14
2026-09-29 12:38:15 | INFO    | LISTING   | Listing U.S. Polo Kids route https://www.myntra.com/us-polo-assn-kids page 8 -> https://www.myntra.com/gateway/v4/search/us-polo-assn-kids?rows=50&o=350&plaEnabled=false&xdEnabled=false&isFacet=true&p=8 | run_id=run_20260929_121204_794270_9f761b | brand=U.S. Polo Kids | page=8 | route=https://www.myntra.com/us-polo-assn-kids | seen=333 | expected=5263
2026-09-29 12:38:21 | INFO    | PDP       | Processed 50 target products for U.S. Polo Kids in 4s (709.71 products/min). | run_id=run_20260929_121204_794270_9f761b | brand=U.S. Polo Kids | saved=50 | elapsed_label=4s | products_per_minute=709.71
2026-09-29 12:38:21 | INFO    | LISTING   | Listing U.S. Polo Kids route https://www.myntra.com/us-polo-assn-kids page 9 -> https://www.myntra.com/gateway/v4/search/us-polo-assn-kids?rows=50&o=400&plaEnabled=false&xdEnabled=false&isFacet=true&p=9 | run_id=run_20260929_121204_794270_9f761b | brand=U.S. Polo Kids | page=9 | route=https://www.myntra.com/us-polo-assn-kids | seen=383 | expected=5263
2026-09-29 12:38:26 | INFO    | PDP       | Processed 50 target products for U.S. Polo Kids in 4s (728.6 products/min). | run_id=run_20260929_121204_794270_9f761b | brand=U.S. Polo Kids | saved=50 | elapsed_label=4s | products_per_minute=728.6
2026-09-29 12:38:26 | INFO    | LISTING   | Listing U.S. Polo Kids route https://www.myntra.com/us-polo-assn-kids page 10 -> https://www.myntra.com/gateway/v4/search/us-polo-assn-kids?rows=50&o=450&plaEnabled=false&xdEnabled=false&isFacet=true&p=10 | run_id=run_20260929_121204_794270_9f761b | brand=U.S. Polo Kids | page=10 | route=https://www.myntra.com/us-polo-assn-kids | seen=433 | expected=5263
2026-09-29 12:38:33 | INFO    | PDP       | Processed 49 target products for U.S. Polo Kids in 5s (613.52 products/min). | run_id=run_20260929_121204_794270_9f761b | brand=U.S. Polo Kids | saved=49 | elapsed_label=5s | products_per_minute=613.52
2026-09-29 12:38:33 | INFO    | LISTING   | Listing U.S. Polo Kids route https://www.myntra.com/us-polo-assn-kids page 11 -> https://www.myntra.com/gateway/v4/search/us-polo-assn-kids?rows=50&o=500&plaEnabled=false&xdEnabled=false&isFacet=true&p=11 | run_id=run_20260929_121204_794270_9f761b | brand=U.S. Polo Kids | page=11 | route=https://www.myntra.com/us-polo-assn-kids | seen=482 | expected=5263
2026-09-29 12:38:38 | INFO    | PDP       | Processed 50 target products for U.S. Polo Kids in 4s (732.84 products/min). | run_id=run_20260929_121204_794270_9f761b | brand=U.S. Polo Kids | saved=50 | elapsed_label=4s | products_per_minute=732.84
2026-09-29 12:38:38 | INFO    | LISTING   | Listing U.S. Polo Kids route https://www.myntra.com/us-polo-assn-kids page 12 -> https://www.myntra.com/gateway/v4/search/us-polo-assn-kids?rows=50&o=550&plaEnabled=false&xdEnabled=false&isFacet=true&p=12 | run_id=run_20260929_121204_794270_9f761b | brand=U.S. Polo Kids | page=12 | route=https://www.myntra.com/us-polo-assn-kids | seen=532 | expected=5263
2026-09-29 12:38:42 | INFO    | PDP       | Processed 50 target products for U.S. Polo Kids in 4s (807.42 products/min). | run_id=run_20260929_121204_794270_9f761b | brand=U.S. Polo Kids | saved=50 | elapsed_label=4s | products_per_minute=807.42
2026-09-29 12:38:42 | INFO    | LISTING   | Listing U.S. Polo Kids route https://www.myntra.com/us-polo-assn-kids page 13 -> https://www.myntra.com/gateway/v4/search/us-polo-assn-kids?rows=50&o=600&plaEnabled=false&xdEnabled=false&isFacet=true&p=13 | run_id=run_20260929_121204_794270_9f761b | brand=U.S. Polo Kids | page=13 | route=https://www.myntra.com/us-polo-assn-kids | seen=582 | expected=5263
2026-09-29 12:38:47 | INFO    | PDP       | Processed 50 target products for U.S. Polo Kids in 4s (849.86 products/min). | run_id=run_20260929_121204_794270_9f761b | brand=U.S. Polo Kids | saved=50 | elapsed_label=4s | products_per_minute=849.86
2026-09-29 12:38:47 | INFO    | LISTING   | Listing U.S. Polo Kids route https://www.myntra.com/us-polo-assn-kids page 14 -> https://www.myntra.com/gateway/v4/search/us-polo-assn-kids?rows=50&o=650&plaEnabled=false&xdEnabled=false&isFacet=true&p=14 | run_id=run_20260929_121204_794270_9f761b | brand=U.S. Polo Kids | page=14 | route=https://www.myntra.com/us-polo-assn-kids | seen=632 | expected=5263
2026-09-29 12:38:51 | INFO    | PDP       | Processed 47 target products for U.S. Polo Kids in 4s (718.59 products/min). | run_id=run_20260929_121204_794270_9f761b | brand=U.S. Polo Kids | saved=47 | elapsed_label=4s | products_per_minute=718.59
2026-09-29 12:38:52 | INFO    | LISTING   | Listing U.S. Polo Kids route https://www.myntra.com/us-polo-assn-kids page 15 -> https://www.myntra.com/gateway/v4/search/us-polo-assn-kids?rows=50&o=700&plaEnabled=false&xdEnabled=false&isFacet=true&p=15 | run_id=run_20260929_121204_794270_9f761b | brand=U.S. Polo Kids | page=15 | route=https://www.myntra.com/us-polo-assn-kids | seen=679 | expected=5263
2026-09-29 12:38:55 | INFO    | PDP       | Processed 50 target products for U.S. Polo Kids in 2s (1268.7 products/min). | run_id=run_20260929_121204_794270_9f761b | brand=U.S. Polo Kids | saved=50 | elapsed_label=2s | products_per_minute=1268.7
2026-09-29 12:38:55 | INFO    | LISTING   | Listing U.S. Polo Kids route https://www.myntra.com/us-polo-assn-kids page 16 -> https://www.myntra.com/gateway/v4/search/us-polo-assn-kids?rows=50&o=750&plaEnabled=false&xdEnabled=false&isFacet=true&p=16 | run_id=run_20260929_121204_794270_9f761b | brand=U.S. Polo Kids | page=16 | route=https://www.myntra.com/us-polo-assn-kids | seen=729 | expected=5263
2026-09-29 12:38:58 | INFO    | PDP       | Processed 46 target products for U.S. Polo Kids in 2s (1201.04 products/min). | run_id=run_20260929_121204_794270_9f761b | brand=U.S. Polo Kids | saved=46 | elapsed_label=2s | products_per_minute=1201.04
2026-09-29 12:38:58 | INFO    | LISTING   | Listing U.S. Polo Kids route https://www.myntra.com/us-polo-assn-kids page 17 -> https://www.myntra.com/gateway/v4/search/us-polo-assn-kids?rows=50&o=800&plaEnabled=false&xdEnabled=false&isFacet=true&p=17 | run_id=run_20260929_121204_794270_9f761b | brand=U.S. Polo Kids | page=17 | route=https://www.myntra.com/us-polo-assn-kids | seen=775 | expected=5263
2026-09-29 12:39:02 | INFO    | PDP       | Processed 50 target products for U.S. Polo Kids in 2s (1236.37 products/min). | run_id=run_20260929_121204_794270_9f761b | brand=U.S. Polo Kids | saved=50 | elapsed_label=2s | products_per_minute=1236.37
2026-09-29 12:39:02 | INFO    | LISTING   | Listing U.S. Polo Kids route https://www.myntra.com/us-polo-assn-kids page 18 -> https://www.myntra.com/gateway/v4/search/us-polo-assn-kids?rows=50&o=850&plaEnabled=false&xdEnabled=false&isFacet=true&p=18 | run_id=run_20260929_121204_794270_9f761b | brand=U.S. Polo Kids | page=18 | route=https://www.myntra.com/us-polo-assn-kids | seen=825 | expected=5263
2026-09-29 12:39:05 | INFO    | PDP       | Processed 49 target products for U.S. Polo Kids in 3s (1157.21 products/min). | run_id=run_20260929_121204_794270_9f761b | brand=U.S. Polo Kids | saved=49 | elapsed_label=3s | products_per_minute=1157.21
2026-09-29 12:39:05 | INFO    | LISTING   | Listing U.S. Polo Kids route https://www.myntra.com/us-polo-assn-kids page 19 -> https://www.myntra.com/gateway/v4/search/us-polo-assn-kids?rows=50&o=900&plaEnabled=false&xdEnabled=false&isFacet=true&p=19 | run_id=run_20260929_121204_794270_9f761b | brand=U.S. Polo Kids | page=19 | route=https://www.myntra.com/us-polo-assn-kids | seen=874 | expected=5263
2026-09-29 12:39:09 | INFO    | PDP       | Processed 50 target products for U.S. Polo Kids in 2s (1209.21 products/min). | run_id=run_20260929_121204_794270_9f761b | brand=U.S. Polo Kids | saved=50 | elapsed_label=2s | products_per_minute=1209.21
2026-09-29 12:39:09 | INFO    | LISTING   | Listing U.S. Polo Kids route https://www.myntra.com/us-polo-assn-kids page 20 -> https://www.myntra.com/gateway/v4/search/us-polo-assn-kids?rows=50&o=950&plaEnabled=false&xdEnabled=false&isFacet=true&p=20 | run_id=run_20260929_121204_794270_9f761b | brand=U.S. Polo Kids | page=20 | route=https://www.myntra.com/us-polo-assn-kids | seen=924 | expected=5263
2026-09-29 12:39:12 | INFO    | PDP       | Processed 50 target products for U.S. Polo Kids in 2s (1330.21 products/min). | run_id=run_20260929_121204_794270_9f761b | brand=U.S. Polo Kids | saved=50 | elapsed_label=2s | products_per_minute=1330.21
2026-09-29 12:39:12 | INFO    | LISTING   | Listing U.S. Polo Kids route https://www.myntra.com/us-polo-assn-kids page 21 -> https://www.myntra.com/gateway/v4/search/us-polo-assn-kids?rows=50&o=1000&plaEnabled=false&xdEnabled=false&isFacet=true&p=21 | run_id=run_20260929_121204_794270_9f761b | brand=U.S. Polo Kids | page=21 | route=https://www.myntra.com/us-polo-assn-kids | seen=974 | expected=5263
2026-09-29 12:39:16 | INFO    | PDP       | Processed 48 target products for U.S. Polo Kids in 2s (1283.99 products/min). | run_id=run_20260929_121204_794270_9f761b | brand=U.S. Polo Kids | saved=48 | elapsed_label=2s | products_per_minute=1283.99
2026-09-29 12:39:16 | INFO    | LISTING   | Listing U.S. Polo Kids route https://www.myntra.com/us-polo-assn-kids page 22 -> https://www.myntra.com/gateway/v4/search/us-polo-assn-kids?rows=50&o=1050&plaEnabled=false&xdEnabled=false&isFacet=true&p=22 | run_id=run_20260929_121204_794270_9f761b | brand=U.S. Polo Kids | page=22 | route=https://www.myntra.com/us-polo-assn-kids | seen=1022 | expected=5263
2026-09-29 12:39:19 | INFO    | PDP       | Processed 48 target products for U.S. Polo Kids in 3s (1131.28 products/min). | run_id=run_20260929_121204_794270_9f761b | brand=U.S. Polo Kids | saved=48 | elapsed_label=3s | products_per_minute=1131.28
2026-09-29 12:39:20 | INFO    | LISTING   | Listing U.S. Polo Kids route https://www.myntra.com/us-polo-assn-kids page 23 -> https://www.myntra.com/gateway/v4/search/us-polo-assn-kids?rows=50&o=1100&plaEnabled=false&xdEnabled=false&isFacet=true&p=23 | run_id=run_20260929_121204_794270_9f761b | brand=U.S. Polo Kids | page=23 | route=https://www.myntra.com/us-polo-assn-kids | seen=1070 | expected=5263
2026-09-29 12:39:23 | INFO    | PDP       | Processed 50 target products for U.S. Polo Kids in 3s (1182.34 products/min). | run_id=run_20260929_121204_794270_9f761b | brand=U.S. Polo Kids | saved=50 | elapsed_label=3s | products_per_minute=1182.34
2026-09-29 12:39:23 | INFO    | LISTING   | Listing U.S. Polo Kids route https://www.myntra.com/us-polo-assn-kids page 24 -> https://www.myntra.com/gateway/v4/search/us-polo-assn-kids?rows=50&o=1150&plaEnabled=false&xdEnabled=false&isFacet=true&p=24 | run_id=run_20260929_121204_794270_9f761b | brand=U.S. Polo Kids | page=24 | route=https://www.myntra.com/us-polo-assn-kids | seen=1120 | expected=5263
2026-09-29 12:39:26 | INFO    | PDP       | Processed 46 target products for U.S. Polo Kids in 2s (1210.83 products/min). | run_id=run_20260929_121204_794270_9f761b | brand=U.S. Polo Kids | saved=46 | elapsed_label=2s | products_per_minute=1210.83
2026-09-29 12:39:27 | INFO    | LISTING   | Listing U.S. Polo Kids route https://www.myntra.com/us-polo-assn-kids page 25 -> https://www.myntra.com/gateway/v4/search/us-polo-assn-kids?rows=50&o=1200&plaEnabled=false&xdEnabled=false&isFacet=true&p=25 | run_id=run_20260929_121204_794270_9f761b | brand=U.S. Polo Kids | page=25 | route=https://www.myntra.com/us-polo-assn-kids | seen=1166 | expected=5263
2026-09-29 12:39:31 | INFO    | PDP       | Processed 50 target products for U.S. Polo Kids in 4s (789.09 products/min). | run_id=run_20260929_121204_794270_9f761b | brand=U.S. Polo Kids | saved=50 | elapsed_label=4s | products_per_minute=789.09
2026-09-29 12:39:31 | INFO    | LISTING   | Listing U.S. Polo Kids route https://www.myntra.com/us-polo-assn-kids page 26 -> https://www.myntra.com/gateway/v4/search/us-polo-assn-kids?rows=50&o=1250&plaEnabled=false&xdEnabled=false&isFacet=true&p=26 | run_id=run_20260929_121204_794270_9f761b | brand=U.S. Polo Kids | page=26 | route=https://www.myntra.com/us-polo-assn-kids | seen=1216 | expected=5263
2026-09-29 12:39:36 | INFO    | PDP       | Processed 49 target products for U.S. Polo Kids in 4s (783.22 products/min). | run_id=run_20260929_121204_794270_9f761b | brand=U.S. Polo Kids | saved=49 | elapsed_label=4s | products_per_minute=783.22
2026-09-29 12:39:36 | INFO    | LISTING   | Listing U.S. Polo Kids route https://www.myntra.com/us-polo-assn-kids page 27 -> https://www.myntra.com/gateway/v4/search/us-polo-assn-kids?rows=50&o=1300&plaEnabled=false&xdEnabled=false&isFacet=true&p=27 | run_id=run_20260929_121204_794270_9f761b | brand=U.S. Polo Kids | page=27 | route=https://www.myntra.com/us-polo-assn-kids | seen=1265 | expected=5263
2026-09-29 12:39:42 | INFO    | PDP       | Processed 50 target products for U.S. Polo Kids in 4s (716.87 products/min). | run_id=run_20260929_121204_794270_9f761b | brand=U.S. Polo Kids | saved=50 | elapsed_label=4s | products_per_minute=716.87
2026-09-29 12:39:42 | INFO    | LISTING   | Listing U.S. Polo Kids route https://www.myntra.com/us-polo-assn-kids page 28 -> https://www.myntra.com/gateway/v4/search/us-polo-assn-kids?rows=50&o=1350&plaEnabled=false&xdEnabled=false&isFacet=true&p=28 | run_id=run_20260929_121204_794270_9f761b | brand=U.S. Polo Kids | page=28 | route=https://www.myntra.com/us-polo-assn-kids | seen=1315 | expected=5263
2026-09-29 12:39:47 | INFO    | PDP       | Processed 50 target products for U.S. Polo Kids in 4s (785.07 products/min). | run_id=run_20260929_121204_794270_9f761b | brand=U.S. Polo Kids | saved=50 | elapsed_label=4s | products_per_minute=785.07
2026-09-29 12:39:47 | INFO    | LISTING   | Listing U.S. Polo Kids route https://www.myntra.com/us-polo-assn-kids page 29 -> https://www.myntra.com/gateway/v4/search/us-polo-assn-kids?rows=50&o=1400&plaEnabled=false&xdEnabled=false&isFacet=true&p=29 | run_id=run_20260929_121204_794270_9f761b | brand=U.S. Polo Kids | page=29 | route=https://www.myntra.com/us-polo-assn-kids | seen=1365 | expected=5263
2026-09-29 12:39:52 | INFO    | PDP       | Processed 50 target products for U.S. Polo Kids in 4s (794.8 products/min). | run_id=run_20260929_121204_794270_9f761b | brand=U.S. Polo Kids | saved=50 | elapsed_label=4s | products_per_minute=794.8
2026-09-29 12:39:52 | INFO    | LISTING   | Listing U.S. Polo Kids route https://www.myntra.com/us-polo-assn-kids page 30 -> https://www.myntra.com/gateway/v4/search/us-polo-assn-kids?rows=50&o=1450&plaEnabled=false&xdEnabled=false&isFacet=true&p=30 | run_id=run_20260929_121204_794270_9f761b | brand=U.S. Polo Kids | page=30 | route=https://www.myntra.com/us-polo-assn-kids | seen=1415 | expected=5263
2026-09-29 12:39:57 | INFO    | PDP       | Processed 50 target products for U.S. Polo Kids in 4s (697.78 products/min). | run_id=run_20260929_121204_794270_9f761b | brand=U.S. Polo Kids | saved=50 | elapsed_label=4s | products_per_minute=697.78
2026-09-29 12:39:58 | INFO    | LISTING   | Listing U.S. Polo Kids route https://www.myntra.com/us-polo-assn-kids page 31 -> https://www.myntra.com/gateway/v4/search/us-polo-assn-kids?rows=50&o=1500&plaEnabled=false&xdEnabled=false&isFacet=true&p=31 | run_id=run_20260929_121204_794270_9f761b | brand=U.S. Polo Kids | page=31 | route=https://www.myntra.com/us-polo-assn-kids | seen=1465 | expected=5263
2026-09-29 12:40:04 | INFO    | PDP       | Processed 50 target products for U.S. Polo Kids in 4s (734.48 products/min). | run_id=run_20260929_121204_794270_9f761b | brand=U.S. Polo Kids | saved=50 | elapsed_label=4s | products_per_minute=734.48
2026-09-29 12:40:04 | INFO    | LISTING   | Listing U.S. Polo Kids route https://www.myntra.com/us-polo-assn-kids page 32 -> https://www.myntra.com/gateway/v4/search/us-polo-assn-kids?rows=50&o=1550&plaEnabled=false&xdEnabled=false&isFacet=true&p=32 | run_id=run_20260929_121204_794270_9f761b | brand=U.S. Polo Kids | page=32 | route=https://www.myntra.com/us-polo-assn-kids | seen=1515 | expected=5263
2026-09-29 12:40:10 | INFO    | PDP       | Processed 50 target products for U.S. Polo Kids in 5s (602.87 products/min). | run_id=run_20260929_121204_794270_9f761b | brand=U.S. Polo Kids | saved=50 | elapsed_label=5s | products_per_minute=602.87
2026-09-29 12:40:11 | INFO    | LISTING   | Listing U.S. Polo Kids route https://www.myntra.com/us-polo-assn-kids page 33 -> https://www.myntra.com/gateway/v4/search/us-polo-assn-kids?rows=50&o=1600&plaEnabled=false&xdEnabled=false&isFacet=true&p=33 | run_id=run_20260929_121204_794270_9f761b | brand=U.S. Polo Kids | page=33 | route=https://www.myntra.com/us-polo-assn-kids | seen=1565 | expected=5263
2026-09-29 12:40:16 | INFO    | PDP       | Processed 50 target products for U.S. Polo Kids in 5s (597.29 products/min). | run_id=run_20260929_121204_794270_9f761b | brand=U.S. Polo Kids | saved=50 | elapsed_label=5s | products_per_minute=597.29
2026-09-29 12:40:17 | INFO    | LISTING   | Listing U.S. Polo Kids route https://www.myntra.com/us-polo-assn-kids page 34 -> https://www.myntra.com/gateway/v4/search/us-polo-assn-kids?rows=50&o=1650&plaEnabled=false&xdEnabled=false&isFacet=true&p=34 | run_id=run_20260929_121204_794270_9f761b | brand=U.S. Polo Kids | page=34 | route=https://www.myntra.com/us-polo-assn-kids | seen=1615 | expected=5263
2026-09-29 12:40:21 | INFO    | PDP       | Processed 50 target products for U.S. Polo Kids in 4s (836.53 products/min). | run_id=run_20260929_121204_794270_9f761b | brand=U.S. Polo Kids | saved=50 | elapsed_label=4s | products_per_minute=836.53
2026-09-29 12:40:22 | INFO    | LISTING   | Listing U.S. Polo Kids route https://www.myntra.com/us-polo-assn-kids page 35 -> https://www.myntra.com/gateway/v4/search/us-polo-assn-kids?rows=50&o=1700&plaEnabled=false&xdEnabled=false&isFacet=true&p=35 | run_id=run_20260929_121204_794270_9f761b | brand=U.S. Polo Kids | page=35 | route=https://www.myntra.com/us-polo-assn-kids | seen=1665 | expected=5263
2026-09-29 12:40:26 | INFO    | PDP       | Processed 50 target products for U.S. Polo Kids in 4s (782.59 products/min). | run_id=run_20260929_121204_794270_9f761b | brand=U.S. Polo Kids | saved=50 | elapsed_label=4s | products_per_minute=782.59
2026-09-29 12:40:27 | INFO    | LISTING   | Listing U.S. Polo Kids route https://www.myntra.com/us-polo-assn-kids page 36 -> https://www.myntra.com/gateway/v4/search/us-polo-assn-kids?rows=50&o=1750&plaEnabled=false&xdEnabled=false&isFacet=true&p=36 | run_id=run_20260929_121204_794270_9f761b | brand=U.S. Polo Kids | page=36 | route=https://www.myntra.com/us-polo-assn-kids | seen=1715 | expected=5263
2026-09-29 12:40:31 | INFO    | PDP       | Processed 50 target products for U.S. Polo Kids in 4s (691.83 products/min). | run_id=run_20260929_121204_794270_9f761b | brand=U.S. Polo Kids | saved=50 | elapsed_label=4s | products_per_minute=691.83
2026-09-29 12:40:32 | INFO    | LISTING   | Listing U.S. Polo Kids route https://www.myntra.com/us-polo-assn-kids page 37 -> https://www.myntra.com/gateway/v4/search/us-polo-assn-kids?rows=50&o=1800&plaEnabled=false&xdEnabled=false&isFacet=true&p=37 | run_id=run_20260929_121204_794270_9f761b | brand=U.S. Polo Kids | page=37 | route=https://www.myntra.com/us-polo-assn-kids | seen=1765 | expected=5263
2026-09-29 12:40:36 | INFO    | PDP       | Processed 50 target products for U.S. Polo Kids in 2s (1262.68 products/min). | run_id=run_20260929_121204_794270_9f761b | brand=U.S. Polo Kids | saved=50 | elapsed_label=2s | products_per_minute=1262.68
2026-09-29 12:40:36 | INFO    | LISTING   | Listing U.S. Polo Kids route https://www.myntra.com/us-polo-assn-kids page 38 -> https://www.myntra.com/gateway/v4/search/us-polo-assn-kids?rows=50&o=1850&plaEnabled=false&xdEnabled=false&isFacet=true&p=38 | run_id=run_20260929_121204_794270_9f761b | brand=U.S. Polo Kids | page=38 | route=https://www.myntra.com/us-polo-assn-kids | seen=1815 | expected=5263
2026-09-29 12:40:39 | INFO    | PDP       | Processed 50 target products for U.S. Polo Kids in 3s (1166.15 products/min). | run_id=run_20260929_121204_794270_9f761b | brand=U.S. Polo Kids | saved=50 | elapsed_label=3s | products_per_minute=1166.15
2026-09-29 12:40:40 | INFO    | LISTING   | Listing U.S. Polo Kids route https://www.myntra.com/us-polo-assn-kids page 39 -> https://www.myntra.com/gateway/v4/search/us-polo-assn-kids?rows=50&o=1900&plaEnabled=false&xdEnabled=false&isFacet=true&p=39 | run_id=run_20260929_121204_794270_9f761b | brand=U.S. Polo Kids | page=39 | route=https://www.myntra.com/us-polo-assn-kids | seen=1865 | expected=5263
2026-09-29 12:40:43 | INFO    | PDP       | Processed 49 target products for U.S. Polo Kids in 3s (1067.36 products/min). | run_id=run_20260929_121204_794270_9f761b | brand=U.S. Polo Kids | saved=49 | elapsed_label=3s | products_per_minute=1067.36
2026-09-29 12:40:43 | INFO    | LISTING   | Listing U.S. Polo Kids route https://www.myntra.com/us-polo-assn-kids page 40 -> https://www.myntra.com/gateway/v4/search/us-polo-assn-kids?rows=50&o=1950&plaEnabled=false&xdEnabled=false&isFacet=true&p=40 | run_id=run_20260929_121204_794270_9f761b | brand=U.S. Polo Kids | page=40 | route=https://www.myntra.com/us-polo-assn-kids | seen=1914 | expected=5263
2026-09-29 12:40:47 | INFO    | PDP       | Processed 49 target products for U.S. Polo Kids in 2s (1196.33 products/min). | run_id=run_20260929_121204_794270_9f761b | brand=U.S. Polo Kids | saved=49 | elapsed_label=2s | products_per_minute=1196.33
2026-09-29 12:40:47 | INFO    | LISTING   | Listing U.S. Polo Kids route https://www.myntra.com/us-polo-assn-kids page 41 -> https://www.myntra.com/gateway/v4/search/us-polo-assn-kids?rows=50&o=2000&plaEnabled=false&xdEnabled=false&isFacet=true&p=41 | run_id=run_20260929_121204_794270_9f761b | brand=U.S. Polo Kids | page=41 | route=https://www.myntra.com/us-polo-assn-kids | seen=1963 | expected=5263
2026-09-29 12:40:51 | INFO    | PDP       | Processed 50 target products for U.S. Polo Kids in 3s (1035.15 products/min). | run_id=run_20260929_121204_794270_9f761b | brand=U.S. Polo Kids | saved=50 | elapsed_label=3s | products_per_minute=1035.15
2026-09-29 12:40:51 | INFO    | LISTING   | Listing U.S. Polo Kids route https://www.myntra.com/us-polo-assn-kids page 42 -> https://www.myntra.com/gateway/v4/search/us-polo-assn-kids?rows=50&o=2050&plaEnabled=false&xdEnabled=false&isFacet=true&p=42 | run_id=run_20260929_121204_794270_9f761b | brand=U.S. Polo Kids | page=42 | route=https://www.myntra.com/us-polo-assn-kids | seen=2013 | expected=5263
2026-09-29 12:40:54 | INFO    | PDP       | Processed 50 target products for U.S. Polo Kids in 2s (1246.64 products/min). | run_id=run_20260929_121204_794270_9f761b | brand=U.S. Polo Kids | saved=50 | elapsed_label=2s | products_per_minute=1246.64
2026-09-29 12:40:55 | INFO    | LISTING   | Listing U.S. Polo Kids route https://www.myntra.com/us-polo-assn-kids page 43 -> https://www.myntra.com/gateway/v4/search/us-polo-assn-kids?rows=50&o=2100&plaEnabled=false&xdEnabled=false&isFacet=true&p=43 | run_id=run_20260929_121204_794270_9f761b | brand=U.S. Polo Kids | page=43 | route=https://www.myntra.com/us-polo-assn-kids | seen=2063 | expected=5263
2026-09-29 12:40:58 | INFO    | PDP       | Processed 50 target products for U.S. Polo Kids in 3s (1143.17 products/min). | run_id=run_20260929_121204_794270_9f761b | brand=U.S. Polo Kids | saved=50 | elapsed_label=3s | products_per_minute=1143.17
2026-09-29 12:40:58 | INFO    | LISTING   | Listing U.S. Polo Kids route https://www.myntra.com/us-polo-assn-kids page 44 -> https://www.myntra.com/gateway/v4/search/us-polo-assn-kids?rows=50&o=2150&plaEnabled=false&xdEnabled=false&isFacet=true&p=44 | run_id=run_20260929_121204_794270_9f761b | brand=U.S. Polo Kids | page=44 | route=https://www.myntra.com/us-polo-assn-kids | seen=2113 | expected=5263
2026-09-29 12:41:01 | INFO    | PDP       | Processed 48 target products for U.S. Polo Kids in 2s (1261.16 products/min). | run_id=run_20260929_121204_794270_9f761b | brand=U.S. Polo Kids | saved=48 | elapsed_label=2s | products_per_minute=1261.16
2026-09-29 12:41:01 | INFO    | LISTING   | Listing U.S. Polo Kids route https://www.myntra.com/us-polo-assn-kids page 45 -> https://www.myntra.com/gateway/v4/search/us-polo-assn-kids?rows=50&o=2200&plaEnabled=false&xdEnabled=false&isFacet=true&p=45 | run_id=run_20260929_121204_794270_9f761b | brand=U.S. Polo Kids | page=45 | route=https://www.myntra.com/us-polo-assn-kids | seen=2161 | expected=5263
2026-09-29 12:41:06 | INFO    | PDP       | Processed 50 target products for U.S. Polo Kids in 4s (799.83 products/min). | run_id=run_20260929_121204_794270_9f761b | brand=U.S. Polo Kids | saved=50 | elapsed_label=4s | products_per_minute=799.83
2026-09-29 12:41:06 | INFO    | LISTING   | Listing U.S. Polo Kids route https://www.myntra.com/us-polo-assn-kids page 46 -> https://www.myntra.com/gateway/v4/search/us-polo-assn-kids?rows=50&o=2250&plaEnabled=false&xdEnabled=false&isFacet=true&p=46 | run_id=run_20260929_121204_794270_9f761b | brand=U.S. Polo Kids | page=46 | route=https://www.myntra.com/us-polo-assn-kids | seen=2211 | expected=5263
2026-09-29 12:41:10 | INFO    | PDP       | Processed 50 target products for U.S. Polo Kids in 3s (954.64 products/min). | run_id=run_20260929_121204_794270_9f761b | brand=U.S. Polo Kids | saved=50 | elapsed_label=3s | products_per_minute=954.64
2026-09-29 12:41:10 | INFO    | LISTING   | Listing U.S. Polo Kids route https://www.myntra.com/us-polo-assn-kids page 47 -> https://www.myntra.com/gateway/v4/search/us-polo-assn-kids?rows=50&o=2300&plaEnabled=false&xdEnabled=false&isFacet=true&p=47 | run_id=run_20260929_121204_794270_9f761b | brand=U.S. Polo Kids | page=47 | route=https://www.myntra.com/us-polo-assn-kids | seen=2261 | expected=5263
2026-09-29 12:41:15 | INFO    | PDP       | Processed 50 target products for U.S. Polo Kids in 4s (788.68 products/min). | run_id=run_20260929_121204_794270_9f761b | brand=U.S. Polo Kids | saved=50 | elapsed_label=4s | products_per_minute=788.68
2026-09-29 12:41:15 | INFO    | LISTING   | Listing U.S. Polo Kids route https://www.myntra.com/us-polo-assn-kids page 48 -> https://www.myntra.com/gateway/v4/search/us-polo-assn-kids?rows=50&o=2350&plaEnabled=false&xdEnabled=false&isFacet=true&p=48 | run_id=run_20260929_121204_794270_9f761b | brand=U.S. Polo Kids | page=48 | route=https://www.myntra.com/us-polo-assn-kids | seen=2311 | expected=5263
2026-09-29 12:41:20 | INFO    | PDP       | Processed 49 target products for U.S. Polo Kids in 4s (738.27 products/min). | run_id=run_20260929_121204_794270_9f761b | brand=U.S. Polo Kids | saved=49 | elapsed_label=4s | products_per_minute=738.27
2026-09-29 12:41:20 | INFO    | LISTING   | Listing U.S. Polo Kids route https://www.myntra.com/us-polo-assn-kids page 49 -> https://www.myntra.com/gateway/v4/search/us-polo-assn-kids?rows=50&o=2400&plaEnabled=false&xdEnabled=false&isFacet=true&p=49 | run_id=run_20260929_121204_794270_9f761b | brand=U.S. Polo Kids | page=49 | route=https://www.myntra.com/us-polo-assn-kids | seen=2360 | expected=5263
2026-09-29 12:41:24 | INFO    | PDP       | Processed 40 target products for U.S. Polo Kids in 4s (644.27 products/min). | run_id=run_20260929_121204_794270_9f761b | brand=U.S. Polo Kids | saved=40 | elapsed_label=4s | products_per_minute=644.27
2026-09-29 12:41:25 | INFO    | LISTING   | Listing U.S. Polo Kids route https://www.myntra.com/us-polo-assn-kids page 50 -> https://www.myntra.com/gateway/v4/search/us-polo-assn-kids?rows=50&o=2450&plaEnabled=false&xdEnabled=false&isFacet=true&p=50 | run_id=run_20260929_121204_794270_9f761b | brand=U.S. Polo Kids | page=50 | route=https://www.myntra.com/us-polo-assn-kids | seen=2400 | expected=5263
2026-09-29 12:41:30 | INFO    | PDP       | Processed 50 target products for U.S. Polo Kids in 4s (723.61 products/min). | run_id=run_20260929_121204_794270_9f761b | brand=U.S. Polo Kids | saved=50 | elapsed_label=4s | products_per_minute=723.61
2026-09-29 12:41:30 | INFO    | LISTING   | Listing U.S. Polo Kids route https://www.myntra.com/us-polo-assn-kids page 51 -> https://www.myntra.com/gateway/v4/search/us-polo-assn-kids?rows=50&o=2500&plaEnabled=false&xdEnabled=false&isFacet=true&p=51 | run_id=run_20260929_121204_794270_9f761b | brand=U.S. Polo Kids | page=51 | route=https://www.myntra.com/us-polo-assn-kids | seen=2450 | expected=5263
2026-09-29 12:41:36 | INFO    | PDP       | Processed 49 target products for U.S. Polo Kids in 5s (644.58 products/min). | run_id=run_20260929_121204_794270_9f761b | brand=U.S. Polo Kids | saved=49 | elapsed_label=5s | products_per_minute=644.58
2026-09-29 12:41:36 | INFO    | LISTING   | Listing U.S. Polo Kids route https://www.myntra.com/us-polo-assn-kids page 52 -> https://www.myntra.com/gateway/v4/search/us-polo-assn-kids?rows=50&o=2550&plaEnabled=false&xdEnabled=false&isFacet=true&p=52 | run_id=run_20260929_121204_794270_9f761b | brand=U.S. Polo Kids | page=52 | route=https://www.myntra.com/us-polo-assn-kids | seen=2499 | expected=5263
2026-09-29 12:41:41 | INFO    | PDP       | Processed 49 target products for U.S. Polo Kids in 4s (816.85 products/min). | run_id=run_20260929_121204_794270_9f761b | brand=U.S. Polo Kids | saved=49 | elapsed_label=4s | products_per_minute=816.85
2026-09-29 12:41:41 | INFO    | LISTING   | Listing U.S. Polo Kids route https://www.myntra.com/us-polo-assn-kids page 53 -> https://www.myntra.com/gateway/v4/search/us-polo-assn-kids?rows=50&o=2600&plaEnabled=false&xdEnabled=false&isFacet=true&p=53 | run_id=run_20260929_121204_794270_9f761b | brand=U.S. Polo Kids | page=53 | route=https://www.myntra.com/us-polo-assn-kids | seen=2548 | expected=5263
2026-09-29 12:41:47 | INFO    | PDP       | Processed 50 target products for U.S. Polo Kids in 5s (653.0 products/min). | run_id=run_20260929_121204_794270_9f761b | brand=U.S. Polo Kids | saved=50 | elapsed_label=5s | products_per_minute=653.0
2026-09-29 12:41:47 | INFO    | LISTING   | Listing U.S. Polo Kids route https://www.myntra.com/us-polo-assn-kids page 54 -> https://www.myntra.com/gateway/v4/search/us-polo-assn-kids?rows=50&o=2650&plaEnabled=false&xdEnabled=false&isFacet=true&p=54 | run_id=run_20260929_121204_794270_9f761b | brand=U.S. Polo Kids | page=54 | route=https://www.myntra.com/us-polo-assn-kids | seen=2598 | expected=5263
2026-09-29 12:41:51 | INFO    | PDP       | Processed 48 target products for U.S. Polo Kids in 4s (707.69 products/min). | run_id=run_20260929_121204_794270_9f761b | brand=U.S. Polo Kids | saved=48 | elapsed_label=4s | products_per_minute=707.69
2026-09-29 12:41:52 | INFO    | LISTING   | Listing U.S. Polo Kids route https://www.myntra.com/us-polo-assn-kids page 55 -> https://www.myntra.com/gateway/v4/search/us-polo-assn-kids?rows=50&o=2700&plaEnabled=false&xdEnabled=false&isFacet=true&p=55 | run_id=run_20260929_121204_794270_9f761b | brand=U.S. Polo Kids | page=55 | route=https://www.myntra.com/us-polo-assn-kids | seen=2646 | expected=5263
2026-09-29 12:41:57 | INFO    | PDP       | Processed 49 target products for U.S. Polo Kids in 4s (657.46 products/min). | run_id=run_20260929_121204_794270_9f761b | brand=U.S. Polo Kids | saved=49 | elapsed_label=4s | products_per_minute=657.46
2026-09-29 12:41:57 | INFO    | LISTING   | Listing U.S. Polo Kids route https://www.myntra.com/us-polo-assn-kids page 56 -> https://www.myntra.com/gateway/v4/search/us-polo-assn-kids?rows=50&o=2750&plaEnabled=false&xdEnabled=false&isFacet=true&p=56 | run_id=run_20260929_121204_794270_9f761b | brand=U.S. Polo Kids | page=56 | route=https://www.myntra.com/us-polo-assn-kids | seen=2695 | expected=5263
2026-09-29 12:42:02 | INFO    | PDP       | Processed 49 target products for U.S. Polo Kids in 4s (704.25 products/min). | run_id=run_20260929_121204_794270_9f761b | brand=U.S. Polo Kids | saved=49 | elapsed_label=4s | products_per_minute=704.25
2026-09-29 12:42:02 | INFO    | LISTING   | Listing U.S. Polo Kids route https://www.myntra.com/us-polo-assn-kids page 57 -> https://www.myntra.com/gateway/v4/search/us-polo-assn-kids?rows=50&o=2800&plaEnabled=false&xdEnabled=false&isFacet=true&p=57 | run_id=run_20260929_121204_794270_9f761b | brand=U.S. Polo Kids | page=57 | route=https://www.myntra.com/us-polo-assn-kids | seen=2744 | expected=5263
2026-09-29 12:42:06 | INFO    | PDP       | Processed 48 target products for U.S. Polo Kids in 3s (840.57 products/min). | run_id=run_20260929_121204_794270_9f761b | brand=U.S. Polo Kids | saved=48 | elapsed_label=3s | products_per_minute=840.57
2026-09-29 12:42:06 | INFO    | LISTING   | Listing U.S. Polo Kids route https://www.myntra.com/us-polo-assn-kids page 58 -> https://www.myntra.com/gateway/v4/search/us-polo-assn-kids?rows=50&o=2850&plaEnabled=false&xdEnabled=false&isFacet=true&p=58 | run_id=run_20260929_121204_794270_9f761b | brand=U.S. Polo Kids | page=58 | route=https://www.myntra.com/us-polo-assn-kids | seen=2792 | expected=5263
2026-09-29 12:42:11 | INFO    | PDP       | Processed 50 target products for U.S. Polo Kids in 4s (748.07 products/min). | run_id=run_20260929_121204_794270_9f761b | brand=U.S. Polo Kids | saved=50 | elapsed_label=4s | products_per_minute=748.07
2026-09-29 12:42:12 | INFO    | LISTING   | Listing U.S. Polo Kids route https://www.myntra.com/us-polo-assn-kids page 59 -> https://www.myntra.com/gateway/v4/search/us-polo-assn-kids?rows=50&o=2900&plaEnabled=false&xdEnabled=false&isFacet=true&p=59 | run_id=run_20260929_121204_794270_9f761b | brand=U.S. Polo Kids | page=59 | route=https://www.myntra.com/us-polo-assn-kids | seen=2842 | expected=5263
2026-09-29 12:42:16 | INFO    | PDP       | Processed 50 target products for U.S. Polo Kids in 4s (742.42 products/min). | run_id=run_20260929_121204_794270_9f761b | brand=U.S. Polo Kids | saved=50 | elapsed_label=4s | products_per_minute=742.42
2026-09-29 12:42:16 | INFO    | LISTING   | Listing U.S. Polo Kids route https://www.myntra.com/us-polo-assn-kids page 60 -> https://www.myntra.com/gateway/v4/search/us-polo-assn-kids?rows=50&o=2950&plaEnabled=false&xdEnabled=false&isFacet=true&p=60 | run_id=run_20260929_121204_794270_9f761b | brand=U.S. Polo Kids | page=60 | route=https://www.myntra.com/us-polo-assn-kids | seen=2892 | expected=5263
2026-09-29 12:42:22 | INFO    | PDP       | Processed 50 target products for U.S. Polo Kids in 5s (615.4 products/min). | run_id=run_20260929_121204_794270_9f761b | brand=U.S. Polo Kids | saved=50 | elapsed_label=5s | products_per_minute=615.4
2026-09-29 12:42:23 | INFO    | LISTING   | Listing U.S. Polo Kids route https://www.myntra.com/us-polo-assn-kids page 61 -> https://www.myntra.com/gateway/v4/search/us-polo-assn-kids?rows=50&o=3000&plaEnabled=false&xdEnabled=false&isFacet=true&p=61 | run_id=run_20260929_121204_794270_9f761b | brand=U.S. Polo Kids | page=61 | route=https://www.myntra.com/us-polo-assn-kids | seen=2942 | expected=5263
2026-09-29 12:42:28 | INFO    | PDP       | Processed 49 target products for U.S. Polo Kids in 4s (700.16 products/min). | run_id=run_20260929_121204_794270_9f761b | brand=U.S. Polo Kids | saved=49 | elapsed_label=4s | products_per_minute=700.16
2026-09-29 12:42:28 | INFO    | LISTING   | Listing U.S. Polo Kids route https://www.myntra.com/us-polo-assn-kids page 62 -> https://www.myntra.com/gateway/v4/search/us-polo-assn-kids?rows=50&o=3050&plaEnabled=false&xdEnabled=false&isFacet=true&p=62 | run_id=run_20260929_121204_794270_9f761b | brand=U.S. Polo Kids | page=62 | route=https://www.myntra.com/us-polo-assn-kids | seen=2991 | expected=5263
2026-09-29 12:42:33 | INFO    | PDP       | Processed 50 target products for U.S. Polo Kids in 4s (720.06 products/min). | run_id=run_20260929_121204_794270_9f761b | brand=U.S. Polo Kids | saved=50 | elapsed_label=4s | products_per_minute=720.06
2026-09-29 12:42:33 | INFO    | LISTING   | Listing U.S. Polo Kids route https://www.myntra.com/us-polo-assn-kids page 63 -> https://www.myntra.com/gateway/v4/search/us-polo-assn-kids?rows=50&o=3100&plaEnabled=false&xdEnabled=false&isFacet=true&p=63 | run_id=run_20260929_121204_794270_9f761b | brand=U.S. Polo Kids | page=63 | route=https://www.myntra.com/us-polo-assn-kids | seen=3041 | expected=5263
2026-09-29 12:42:38 | INFO    | PDP       | Processed 48 target products for U.S. Polo Kids in 5s (639.06 products/min). | run_id=run_20260929_121204_794270_9f761b | brand=U.S. Polo Kids | saved=48 | elapsed_label=5s | products_per_minute=639.06
2026-09-29 12:42:38 | INFO    | LISTING   | Listing U.S. Polo Kids route https://www.myntra.com/us-polo-assn-kids page 64 -> https://www.myntra.com/gateway/v4/search/us-polo-assn-kids?rows=50&o=3150&plaEnabled=false&xdEnabled=false&isFacet=true&p=64 | run_id=run_20260929_121204_794270_9f761b | brand=U.S. Polo Kids | page=64 | route=https://www.myntra.com/us-polo-assn-kids | seen=3089 | expected=5263
2026-09-29 12:42:44 | INFO    | PDP       | Processed 49 target products for U.S. Polo Kids in 4s (667.15 products/min). | run_id=run_20260929_121204_794270_9f761b | brand=U.S. Polo Kids | saved=49 | elapsed_label=4s | products_per_minute=667.15
2026-09-29 12:42:44 | INFO    | LISTING   | Listing U.S. Polo Kids route https://www.myntra.com/us-polo-assn-kids page 65 -> https://www.myntra.com/gateway/v4/search/us-polo-assn-kids?rows=50&o=3200&plaEnabled=false&xdEnabled=false&isFacet=true&p=65 | run_id=run_20260929_121204_794270_9f761b | brand=U.S. Polo Kids | page=65 | route=https://www.myntra.com/us-polo-assn-kids | seen=3138 | expected=5263
2026-09-29 12:42:50 | INFO    | PDP       | Processed 50 target products for U.S. Polo Kids in 4s (701.39 products/min). | run_id=run_20260929_121204_794270_9f761b | brand=U.S. Polo Kids | saved=50 | elapsed_label=4s | products_per_minute=701.39
2026-09-29 12:42:51 | INFO    | LISTING   | Listing U.S. Polo Kids route https://www.myntra.com/us-polo-assn-kids page 66 -> https://www.myntra.com/gateway/v4/search/us-polo-assn-kids?rows=50&o=3250&plaEnabled=false&xdEnabled=false&isFacet=true&p=66 | run_id=run_20260929_121204_794270_9f761b | brand=U.S. Polo Kids | page=66 | route=https://www.myntra.com/us-polo-assn-kids | seen=3188 | expected=5264
2026-09-29 12:42:56 | INFO    | PDP       | Processed 50 target products for U.S. Polo Kids in 5s (640.7 products/min). | run_id=run_20260929_121204_794270_9f761b | brand=U.S. Polo Kids | saved=50 | elapsed_label=5s | products_per_minute=640.7
2026-09-29 12:42:56 | INFO    | LISTING   | Listing U.S. Polo Kids route https://www.myntra.com/us-polo-assn-kids page 67 -> https://www.myntra.com/gateway/v4/search/us-polo-assn-kids?rows=50&o=3300&plaEnabled=false&xdEnabled=false&isFacet=true&p=67 | run_id=run_20260929_121204_794270_9f761b | brand=U.S. Polo Kids | page=67 | route=https://www.myntra.com/us-polo-assn-kids | seen=3238 | expected=5264
2026-09-29 12:43:00 | INFO    | PDP       | Processed 50 target products for U.S. Polo Kids in 3s (1137.4 products/min). | run_id=run_20260929_121204_794270_9f761b | brand=U.S. Polo Kids | saved=50 | elapsed_label=3s | products_per_minute=1137.4
2026-09-29 12:43:00 | INFO    | LISTING   | Listing U.S. Polo Kids route https://www.myntra.com/us-polo-assn-kids page 68 -> https://www.myntra.com/gateway/v4/search/us-polo-assn-kids?rows=50&o=3350&plaEnabled=false&xdEnabled=false&isFacet=true&p=68 | run_id=run_20260929_121204_794270_9f761b | brand=U.S. Polo Kids | page=68 | route=https://www.myntra.com/us-polo-assn-kids | seen=3288 | expected=5264
2026-09-29 12:43:03 | INFO    | PDP       | Processed 50 target products for U.S. Polo Kids in 3s (1143.16 products/min). | run_id=run_20260929_121204_794270_9f761b | brand=U.S. Polo Kids | saved=50 | elapsed_label=3s | products_per_minute=1143.16
2026-09-29 12:43:03 | INFO    | LISTING   | Listing U.S. Polo Kids route https://www.myntra.com/us-polo-assn-kids page 69 -> https://www.myntra.com/gateway/v4/search/us-polo-assn-kids?rows=50&o=3400&plaEnabled=false&xdEnabled=false&isFacet=true&p=69 | run_id=run_20260929_121204_794270_9f761b | brand=U.S. Polo Kids | page=69 | route=https://www.myntra.com/us-polo-assn-kids | seen=3338 | expected=5264
2026-09-29 12:43:07 | INFO    | PDP       | Processed 49 target products for U.S. Polo Kids in 2s (1213.42 products/min). | run_id=run_20260929_121204_794270_9f761b | brand=U.S. Polo Kids | saved=49 | elapsed_label=2s | products_per_minute=1213.42
2026-09-29 12:43:07 | INFO    | LISTING   | Listing U.S. Polo Kids route https://www.myntra.com/us-polo-assn-kids page 70 -> https://www.myntra.com/gateway/v4/search/us-polo-assn-kids?rows=50&o=3450&plaEnabled=false&xdEnabled=false&isFacet=true&p=70 | run_id=run_20260929_121204_794270_9f761b | brand=U.S. Polo Kids | page=70 | route=https://www.myntra.com/us-polo-assn-kids | seen=3387 | expected=5264
2026-09-29 12:43:12 | INFO    | PDP       | Processed 49 target products for U.S. Polo Kids in 4s (691.02 products/min). | run_id=run_20260929_121204_794270_9f761b | brand=U.S. Polo Kids | saved=49 | elapsed_label=4s | products_per_minute=691.02
2026-09-29 12:43:12 | INFO    | LISTING   | Listing U.S. Polo Kids route https://www.myntra.com/us-polo-assn-kids page 71 -> https://www.myntra.com/gateway/v4/search/us-polo-assn-kids?rows=50&o=3500&plaEnabled=false&xdEnabled=false&isFacet=true&p=71 | run_id=run_20260929_121204_794270_9f761b | brand=U.S. Polo Kids | page=71 | route=https://www.myntra.com/us-polo-assn-kids | seen=3436 | expected=5264
2026-09-29 12:43:17 | INFO    | PDP       | Processed 49 target products for U.S. Polo Kids in 4s (694.37 products/min). | run_id=run_20260929_121204_794270_9f761b | brand=U.S. Polo Kids | saved=49 | elapsed_label=4s | products_per_minute=694.37
2026-09-29 12:43:17 | INFO    | LISTING   | Listing U.S. Polo Kids route https://www.myntra.com/us-polo-assn-kids page 72 -> https://www.myntra.com/gateway/v4/search/us-polo-assn-kids?rows=50&o=3550&plaEnabled=false&xdEnabled=false&isFacet=true&p=72 | run_id=run_20260929_121204_794270_9f761b | brand=U.S. Polo Kids | page=72 | route=https://www.myntra.com/us-polo-assn-kids | seen=3485 | expected=5264
2026-09-29 12:43:22 | INFO    | PDP       | Processed 50 target products for U.S. Polo Kids in 4s (681.75 products/min). | run_id=run_20260929_121204_794270_9f761b | brand=U.S. Polo Kids | saved=50 | elapsed_label=4s | products_per_minute=681.75
2026-09-29 12:43:23 | INFO    | LISTING   | Listing U.S. Polo Kids route https://www.myntra.com/us-polo-assn-kids page 73 -> https://www.myntra.com/gateway/v4/search/us-polo-assn-kids?rows=50&o=3600&plaEnabled=false&xdEnabled=false&isFacet=true&p=73 | run_id=run_20260929_121204_794270_9f761b | brand=U.S. Polo Kids | page=73 | route=https://www.myntra.com/us-polo-assn-kids | seen=3535 | expected=5264
2026-09-29 12:43:29 | INFO    | PDP       | Processed 50 target products for U.S. Polo Kids in 5s (567.05 products/min). | run_id=run_20260929_121204_794270_9f761b | brand=U.S. Polo Kids | saved=50 | elapsed_label=5s | products_per_minute=567.05
2026-09-29 12:43:29 | INFO    | LISTING   | Listing U.S. Polo Kids route https://www.myntra.com/us-polo-assn-kids page 74 -> https://www.myntra.com/gateway/v4/search/us-polo-assn-kids?rows=50&o=3650&plaEnabled=false&xdEnabled=false&isFacet=true&p=74 | run_id=run_20260929_121204_794270_9f761b | brand=U.S. Polo Kids | page=74 | route=https://www.myntra.com/us-polo-assn-kids | seen=3585 | expected=5264
2026-09-29 12:43:32 | INFO    | PDP       | Processed 50 target products for U.S. Polo Kids in 3s (1191.0 products/min). | run_id=run_20260929_121204_794270_9f761b | brand=U.S. Polo Kids | saved=50 | elapsed_label=3s | products_per_minute=1191.0
2026-09-29 12:43:32 | INFO    | LISTING   | Listing U.S. Polo Kids route https://www.myntra.com/us-polo-assn-kids page 75 -> https://www.myntra.com/gateway/v4/search/us-polo-assn-kids?rows=50&o=3700&plaEnabled=false&xdEnabled=false&isFacet=true&p=75 | run_id=run_20260929_121204_794270_9f761b | brand=U.S. Polo Kids | page=75 | route=https://www.myntra.com/us-polo-assn-kids | seen=3635 | expected=5264
2026-09-29 12:43:35 | INFO    | PDP       | Processed 38 target products for U.S. Polo Kids in 2s (1076.16 products/min). | run_id=run_20260929_121204_794270_9f761b | brand=U.S. Polo Kids | saved=38 | elapsed_label=2s | products_per_minute=1076.16
2026-09-29 12:43:35 | INFO    | LISTING   | Listing U.S. Polo Kids route https://www.myntra.com/us-polo-assn-kids page 76 -> https://www.myntra.com/gateway/v4/search/us-polo-assn-kids?rows=50&o=3750&plaEnabled=false&xdEnabled=false&isFacet=true&p=76 | run_id=run_20260929_121204_794270_9f761b | brand=U.S. Polo Kids | page=76 | route=https://www.myntra.com/us-polo-assn-kids | seen=3673 | expected=5264
2026-09-29 12:43:38 | INFO    | PDP       | Processed 50 target products for U.S. Polo Kids in 2s (1316.09 products/min). | run_id=run_20260929_121204_794270_9f761b | brand=U.S. Polo Kids | saved=50 | elapsed_label=2s | products_per_minute=1316.09
2026-09-29 12:43:39 | INFO    | LISTING   | Listing U.S. Polo Kids route https://www.myntra.com/us-polo-assn-kids page 77 -> https://www.myntra.com/gateway/v4/search/us-polo-assn-kids?rows=50&o=3800&plaEnabled=false&xdEnabled=false&isFacet=true&p=77 | run_id=run_20260929_121204_794270_9f761b | brand=U.S. Polo Kids | page=77 | route=https://www.myntra.com/us-polo-assn-kids | seen=3723 | expected=5264
2026-09-29 12:43:42 | INFO    | PDP       | Processed 49 target products for U.S. Polo Kids in 2s (1273.47 products/min). | run_id=run_20260929_121204_794270_9f761b | brand=U.S. Polo Kids | saved=49 | elapsed_label=2s | products_per_minute=1273.47
2026-09-29 12:43:42 | INFO    | LISTING   | Listing U.S. Polo Kids route https://www.myntra.com/us-polo-assn-kids page 78 -> https://www.myntra.com/gateway/v4/search/us-polo-assn-kids?rows=50&o=3850&plaEnabled=false&xdEnabled=false&isFacet=true&p=78 | run_id=run_20260929_121204_794270_9f761b | brand=U.S. Polo Kids | page=78 | route=https://www.myntra.com/us-polo-assn-kids | seen=3772 | expected=5264
2026-09-29 12:43:45 | INFO    | PDP       | Processed 49 target products for U.S. Polo Kids in 2s (1248.41 products/min). | run_id=run_20260929_121204_794270_9f761b | brand=U.S. Polo Kids | saved=49 | elapsed_label=2s | products_per_minute=1248.41
2026-09-29 12:43:46 | INFO    | LISTING   | Listing U.S. Polo Kids route https://www.myntra.com/us-polo-assn-kids page 79 -> https://www.myntra.com/gateway/v4/search/us-polo-assn-kids?rows=50&o=3900&plaEnabled=false&xdEnabled=false&isFacet=true&p=79 | run_id=run_20260929_121204_794270_9f761b | brand=U.S. Polo Kids | page=79 | route=https://www.myntra.com/us-polo-assn-kids | seen=3821 | expected=5264
2026-09-29 12:43:49 | INFO    | PDP       | Processed 49 target products for U.S. Polo Kids in 2s (1176.78 products/min). | run_id=run_20260929_121204_794270_9f761b | brand=U.S. Polo Kids | saved=49 | elapsed_label=2s | products_per_minute=1176.78
2026-09-29 12:43:49 | INFO    | LISTING   | Listing U.S. Polo Kids route https://www.myntra.com/us-polo-assn-kids page 80 -> https://www.myntra.com/gateway/v4/search/us-polo-assn-kids?rows=50&o=3950&plaEnabled=false&xdEnabled=false&isFacet=true&p=80 | run_id=run_20260929_121204_794270_9f761b | brand=U.S. Polo Kids | page=80 | route=https://www.myntra.com/us-polo-assn-kids | seen=3870 | expected=5264
2026-09-29 12:43:52 | INFO    | PDP       | Processed 48 target products for U.S. Polo Kids in 2s (1268.38 products/min). | run_id=run_20260929_121204_794270_9f761b | brand=U.S. Polo Kids | saved=48 | elapsed_label=2s | products_per_minute=1268.38
2026-09-29 12:43:52 | INFO    | LISTING   | Listing U.S. Polo Kids route https://www.myntra.com/us-polo-assn-kids page 81 -> https://www.myntra.com/gateway/v4/search/us-polo-assn-kids?rows=50&o=4000&plaEnabled=false&xdEnabled=false&isFacet=true&p=81 | run_id=run_20260929_121204_794270_9f761b | brand=U.S. Polo Kids | page=81 | route=https://www.myntra.com/us-polo-assn-kids | seen=3918 | expected=5264
2026-09-29 12:43:56 | INFO    | PDP       | Processed 50 target products for U.S. Polo Kids in 2s (1213.75 products/min). | run_id=run_20260929_121204_794270_9f761b | brand=U.S. Polo Kids | saved=50 | elapsed_label=2s | products_per_minute=1213.75
2026-09-29 12:43:56 | INFO    | LISTING   | Listing U.S. Polo Kids route https://www.myntra.com/us-polo-assn-kids page 82 -> https://www.myntra.com/gateway/v4/search/us-polo-assn-kids?rows=50&o=4050&plaEnabled=false&xdEnabled=false&isFacet=true&p=82 | run_id=run_20260929_121204_794270_9f761b | brand=U.S. Polo Kids | page=82 | route=https://www.myntra.com/us-polo-assn-kids | seen=3968 | expected=5264
2026-09-29 12:43:59 | INFO    | PDP       | Processed 49 target products for U.S. Polo Kids in 3s (1170.86 products/min). | run_id=run_20260929_121204_794270_9f761b | brand=U.S. Polo Kids | saved=49 | elapsed_label=3s | products_per_minute=1170.86
2026-09-29 12:43:59 | INFO    | LISTING   | Listing U.S. Polo Kids route https://www.myntra.com/us-polo-assn-kids page 83 -> https://www.myntra.com/gateway/v4/search/us-polo-assn-kids?rows=50&o=4100&plaEnabled=false&xdEnabled=false&isFacet=true&p=83 | run_id=run_20260929_121204_794270_9f761b | brand=U.S. Polo Kids | page=83 | route=https://www.myntra.com/us-polo-assn-kids | seen=4017 | expected=5264
2026-09-29 12:44:03 | INFO    | PDP       | Processed 50 target products for U.S. Polo Kids in 3s (1145.47 products/min). | run_id=run_20260929_121204_794270_9f761b | brand=U.S. Polo Kids | saved=50 | elapsed_label=3s | products_per_minute=1145.47
2026-09-29 12:44:03 | INFO    | LISTING   | Listing U.S. Polo Kids route https://www.myntra.com/us-polo-assn-kids page 84 -> https://www.myntra.com/gateway/v4/search/us-polo-assn-kids?rows=50&o=4150&plaEnabled=false&xdEnabled=false&isFacet=true&p=84 | run_id=run_20260929_121204_794270_9f761b | brand=U.S. Polo Kids | page=84 | route=https://www.myntra.com/us-polo-assn-kids | seen=4067 | expected=5264
2026-09-29 12:44:07 | INFO    | PDP       | Processed 50 target products for U.S. Polo Kids in 2s (1305.26 products/min). | run_id=run_20260929_121204_794270_9f761b | brand=U.S. Polo Kids | saved=50 | elapsed_label=2s | products_per_minute=1305.26
2026-09-29 12:44:07 | INFO    | LISTING   | Listing U.S. Polo Kids route https://www.myntra.com/us-polo-assn-kids page 85 -> https://www.myntra.com/gateway/v4/search/us-polo-assn-kids?rows=50&o=4200&plaEnabled=false&xdEnabled=false&isFacet=true&p=85 | run_id=run_20260929_121204_794270_9f761b | brand=U.S. Polo Kids | page=85 | route=https://www.myntra.com/us-polo-assn-kids | seen=4117 | expected=5264
2026-09-29 12:44:11 | INFO    | PDP       | Processed 49 target products for U.S. Polo Kids in 3s (883.63 products/min). | run_id=run_20260929_121204_794270_9f761b | brand=U.S. Polo Kids | saved=49 | elapsed_label=3s | products_per_minute=883.63
2026-09-29 12:44:11 | INFO    | LISTING   | Listing U.S. Polo Kids route https://www.myntra.com/us-polo-assn-kids page 86 -> https://www.myntra.com/gateway/v4/search/us-polo-assn-kids?rows=50&o=4250&plaEnabled=false&xdEnabled=false&isFacet=true&p=86 | run_id=run_20260929_121204_794270_9f761b | brand=U.S. Polo Kids | page=86 | route=https://www.myntra.com/us-polo-assn-kids | seen=4166 | expected=5264
2026-09-29 12:44:16 | INFO    | PDP       | Processed 50 target products for U.S. Polo Kids in 4s (809.65 products/min). | run_id=run_20260929_121204_794270_9f761b | brand=U.S. Polo Kids | saved=50 | elapsed_label=4s | products_per_minute=809.65
2026-09-29 12:44:16 | INFO    | LISTING   | Listing U.S. Polo Kids route https://www.myntra.com/us-polo-assn-kids page 87 -> https://www.myntra.com/gateway/v4/search/us-polo-assn-kids?rows=50&o=4300&plaEnabled=false&xdEnabled=false&isFacet=true&p=87 | run_id=run_20260929_121204_794270_9f761b | brand=U.S. Polo Kids | page=87 | route=https://www.myntra.com/us-polo-assn-kids | seen=4216 | expected=5264
2026-09-29 12:44:20 | INFO    | PDP       | Processed 50 target products for U.S. Polo Kids in 4s (853.02 products/min). | run_id=run_20260929_121204_794270_9f761b | brand=U.S. Polo Kids | saved=50 | elapsed_label=4s | products_per_minute=853.02
2026-09-29 12:44:21 | INFO    | LISTING   | Listing U.S. Polo Kids route https://www.myntra.com/us-polo-assn-kids page 88 -> https://www.myntra.com/gateway/v4/search/us-polo-assn-kids?rows=50&o=4350&plaEnabled=false&xdEnabled=false&isFacet=true&p=88 | run_id=run_20260929_121204_794270_9f761b | brand=U.S. Polo Kids | page=88 | route=https://www.myntra.com/us-polo-assn-kids | seen=4266 | expected=5264
2026-09-29 12:44:24 | INFO    | PDP       | Processed 48 target products for U.S. Polo Kids in 3s (940.64 products/min). | run_id=run_20260929_121204_794270_9f761b | brand=U.S. Polo Kids | saved=48 | elapsed_label=3s | products_per_minute=940.64
2026-09-29 12:44:25 | INFO    | LISTING   | Listing U.S. Polo Kids route https://www.myntra.com/us-polo-assn-kids page 89 -> https://www.myntra.com/gateway/v4/search/us-polo-assn-kids?rows=50&o=4400&plaEnabled=false&xdEnabled=false&isFacet=true&p=89 | run_id=run_20260929_121204_794270_9f761b | brand=U.S. Polo Kids | page=89 | route=https://www.myntra.com/us-polo-assn-kids | seen=4314 | expected=5264
2026-09-29 12:44:29 | INFO    | PDP       | Processed 50 target products for U.S. Polo Kids in 4s (832.5 products/min). | run_id=run_20260929_121204_794270_9f761b | brand=U.S. Polo Kids | saved=50 | elapsed_label=4s | products_per_minute=832.5
2026-09-29 12:44:29 | INFO    | LISTING   | Listing U.S. Polo Kids route https://www.myntra.com/us-polo-assn-kids page 90 -> https://www.myntra.com/gateway/v4/search/us-polo-assn-kids?rows=50&o=4450&plaEnabled=false&xdEnabled=false&isFacet=true&p=90 | run_id=run_20260929_121204_794270_9f761b | brand=U.S. Polo Kids | page=90 | route=https://www.myntra.com/us-polo-assn-kids | seen=4364 | expected=5264
2026-09-29 12:44:34 | INFO    | PDP       | Processed 50 target products for U.S. Polo Kids in 4s (745.06 products/min). | run_id=run_20260929_121204_794270_9f761b | brand=U.S. Polo Kids | saved=50 | elapsed_label=4s | products_per_minute=745.06
2026-09-29 12:44:34 | INFO    | LISTING   | Listing U.S. Polo Kids route https://www.myntra.com/us-polo-assn-kids page 91 -> https://www.myntra.com/gateway/v4/search/us-polo-assn-kids?rows=50&o=4500&plaEnabled=false&xdEnabled=false&isFacet=true&p=91 | run_id=run_20260929_121204_794270_9f761b | brand=U.S. Polo Kids | page=91 | route=https://www.myntra.com/us-polo-assn-kids | seen=4414 | expected=5264
2026-09-29 12:44:39 | INFO    | PDP       | Processed 50 target products for U.S. Polo Kids in 4s (774.63 products/min). | run_id=run_20260929_121204_794270_9f761b | brand=U.S. Polo Kids | saved=50 | elapsed_label=4s | products_per_minute=774.63
2026-09-29 12:44:39 | INFO    | LISTING   | Listing U.S. Polo Kids route https://www.myntra.com/us-polo-assn-kids page 92 -> https://www.myntra.com/gateway/v4/search/us-polo-assn-kids?rows=50&o=4550&plaEnabled=false&xdEnabled=false&isFacet=true&p=92 | run_id=run_20260929_121204_794270_9f761b | brand=U.S. Polo Kids | page=92 | route=https://www.myntra.com/us-polo-assn-kids | seen=4464 | expected=5264
2026-09-29 12:44:44 | INFO    | PDP       | Processed 48 target products for U.S. Polo Kids in 5s (638.37 products/min). | run_id=run_20260929_121204_794270_9f761b | brand=U.S. Polo Kids | saved=48 | elapsed_label=5s | products_per_minute=638.37
2026-09-29 12:44:44 | INFO    | LISTING   | Listing U.S. Polo Kids route https://www.myntra.com/us-polo-assn-kids page 93 -> https://www.myntra.com/gateway/v4/search/us-polo-assn-kids?rows=50&o=4600&plaEnabled=false&xdEnabled=false&isFacet=true&p=93 | run_id=run_20260929_121204_794270_9f761b | brand=U.S. Polo Kids | page=93 | route=https://www.myntra.com/us-polo-assn-kids | seen=4512 | expected=5264
2026-09-29 12:44:47 | INFO    | PDP       | Processed 50 target products for U.S. Polo Kids in 2s (1255.27 products/min). | run_id=run_20260929_121204_794270_9f761b | brand=U.S. Polo Kids | saved=50 | elapsed_label=2s | products_per_minute=1255.27
2026-09-29 12:44:48 | INFO    | LISTING   | Listing U.S. Polo Kids route https://www.myntra.com/us-polo-assn-kids page 94 -> https://www.myntra.com/gateway/v4/search/us-polo-assn-kids?rows=50&o=4650&plaEnabled=false&xdEnabled=false&isFacet=true&p=94 | run_id=run_20260929_121204_794270_9f761b | brand=U.S. Polo Kids | page=94 | route=https://www.myntra.com/us-polo-assn-kids | seen=4562 | expected=5264
2026-09-29 12:44:51 | INFO    | PDP       | Processed 50 target products for U.S. Polo Kids in 2s (1339.76 products/min). | run_id=run_20260929_121204_794270_9f761b | brand=U.S. Polo Kids | saved=50 | elapsed_label=2s | products_per_minute=1339.76
2026-09-29 12:44:51 | INFO    | LISTING   | Listing U.S. Polo Kids route https://www.myntra.com/us-polo-assn-kids page 95 -> https://www.myntra.com/gateway/v4/search/us-polo-assn-kids?rows=50&o=4700&plaEnabled=false&xdEnabled=false&isFacet=true&p=95 | run_id=run_20260929_121204_794270_9f761b | brand=U.S. Polo Kids | page=95 | route=https://www.myntra.com/us-polo-assn-kids | seen=4612 | expected=5264
2026-09-29 12:44:54 | INFO    | PDP       | Processed 50 target products for U.S. Polo Kids in 3s (1184.88 products/min). | run_id=run_20260929_121204_794270_9f761b | brand=U.S. Polo Kids | saved=50 | elapsed_label=3s | products_per_minute=1184.88
2026-09-29 12:44:54 | INFO    | LISTING   | Listing U.S. Polo Kids route https://www.myntra.com/us-polo-assn-kids page 96 -> https://www.myntra.com/gateway/v4/search/us-polo-assn-kids?rows=50&o=4750&plaEnabled=false&xdEnabled=false&isFacet=true&p=96 | run_id=run_20260929_121204_794270_9f761b | brand=U.S. Polo Kids | page=96 | route=https://www.myntra.com/us-polo-assn-kids | seen=4662 | expected=5264
2026-09-29 12:44:57 | INFO    | PDP       | Processed 49 target products for U.S. Polo Kids in 2s (1268.9 products/min). | run_id=run_20260929_121204_794270_9f761b | brand=U.S. Polo Kids | saved=49 | elapsed_label=2s | products_per_minute=1268.9
2026-09-29 12:44:58 | INFO    | LISTING   | Listing U.S. Polo Kids route https://www.myntra.com/us-polo-assn-kids page 97 -> https://www.myntra.com/gateway/v4/search/us-polo-assn-kids?rows=50&o=4800&plaEnabled=false&xdEnabled=false&isFacet=true&p=97 | run_id=run_20260929_121204_794270_9f761b | brand=U.S. Polo Kids | page=97 | route=https://www.myntra.com/us-polo-assn-kids | seen=4711 | expected=5264
2026-09-29 12:45:01 | INFO    | PDP       | Processed 50 target products for U.S. Polo Kids in 2s (1343.72 products/min). | run_id=run_20260929_121204_794270_9f761b | brand=U.S. Polo Kids | saved=50 | elapsed_label=2s | products_per_minute=1343.72
2026-09-29 12:45:01 | INFO    | LISTING   | Listing U.S. Polo Kids route https://www.myntra.com/us-polo-assn-kids page 98 -> https://www.myntra.com/gateway/v4/search/us-polo-assn-kids?rows=50&o=4850&plaEnabled=false&xdEnabled=false&isFacet=true&p=98 | run_id=run_20260929_121204_794270_9f761b | brand=U.S. Polo Kids | page=98 | route=https://www.myntra.com/us-polo-assn-kids | seen=4761 | expected=5264
2026-09-29 12:45:04 | INFO    | PDP       | Processed 50 target products for U.S. Polo Kids in 2s (1295.78 products/min). | run_id=run_20260929_121204_794270_9f761b | brand=U.S. Polo Kids | saved=50 | elapsed_label=2s | products_per_minute=1295.78
2026-09-29 12:45:04 | INFO    | LISTING   | Listing U.S. Polo Kids route https://www.myntra.com/us-polo-assn-kids page 99 -> https://www.myntra.com/gateway/v4/search/us-polo-assn-kids?rows=50&o=4900&plaEnabled=false&xdEnabled=false&isFacet=true&p=99 | run_id=run_20260929_121204_794270_9f761b | brand=U.S. Polo Kids | page=99 | route=https://www.myntra.com/us-polo-assn-kids | seen=4811 | expected=5264
2026-09-29 12:45:07 | INFO    | PDP       | Processed 50 target products for U.S. Polo Kids in 2s (1236.64 products/min). | run_id=run_20260929_121204_794270_9f761b | brand=U.S. Polo Kids | saved=50 | elapsed_label=2s | products_per_minute=1236.64
2026-09-29 12:45:07 | INFO    | LISTING   | Listing U.S. Polo Kids route https://www.myntra.com/us-polo-assn-kids page 100 -> https://www.myntra.com/gateway/v4/search/us-polo-assn-kids?rows=50&o=4950&plaEnabled=false&xdEnabled=false&isFacet=true&p=100 | run_id=run_20260929_121204_794270_9f761b | brand=U.S. Polo Kids | page=100 | route=https://www.myntra.com/us-polo-assn-kids | seen=4861 | expected=5264
2026-09-29 12:45:10 | INFO    | PDP       | Processed 49 target products for U.S. Polo Kids in 2s (1221.34 products/min). | run_id=run_20260929_121204_794270_9f761b | brand=U.S. Polo Kids | saved=49 | elapsed_label=2s | products_per_minute=1221.34
2026-09-29 12:45:10 | INFO    | LISTING   | Listing U.S. Polo Kids route https://www.myntra.com/us-polo-assn-kids page 101 -> https://www.myntra.com/gateway/v4/search/us-polo-assn-kids?rows=50&o=5000&plaEnabled=false&xdEnabled=false&isFacet=true&p=101 | run_id=run_20260929_121204_794270_9f761b | brand=U.S. Polo Kids | page=101 | route=https://www.myntra.com/us-polo-assn-kids | seen=4910 | expected=5264
2026-09-29 12:45:14 | INFO    | PDP       | Processed 50 target products for U.S. Polo Kids in 2s (1205.6 products/min). | run_id=run_20260929_121204_794270_9f761b | brand=U.S. Polo Kids | saved=50 | elapsed_label=2s | products_per_minute=1205.6
2026-09-29 12:45:14 | INFO    | LISTING   | Listing U.S. Polo Kids route https://www.myntra.com/us-polo-assn-kids page 102 -> https://www.myntra.com/gateway/v4/search/us-polo-assn-kids?rows=50&o=5050&plaEnabled=false&xdEnabled=false&isFacet=true&p=102 | run_id=run_20260929_121204_794270_9f761b | brand=U.S. Polo Kids | page=102 | route=https://www.myntra.com/us-polo-assn-kids | seen=4960 | expected=5264
2026-09-29 12:45:17 | INFO    | PDP       | Processed 50 target products for U.S. Polo Kids in 2s (1253.62 products/min). | run_id=run_20260929_121204_794270_9f761b | brand=U.S. Polo Kids | saved=50 | elapsed_label=2s | products_per_minute=1253.62
2026-09-29 12:45:17 | INFO    | LISTING   | Listing U.S. Polo Kids route https://www.myntra.com/us-polo-assn-kids page 103 -> https://www.myntra.com/gateway/v4/search/us-polo-assn-kids?rows=50&o=5100&plaEnabled=false&xdEnabled=false&isFacet=true&p=103 | run_id=run_20260929_121204_794270_9f761b | brand=U.S. Polo Kids | page=103 | route=https://www.myntra.com/us-polo-assn-kids | seen=5010 | expected=5264
2026-09-29 12:45:20 | INFO    | PDP       | Processed 49 target products for U.S. Polo Kids in 2s (1260.61 products/min). | run_id=run_20260929_121204_794270_9f761b | brand=U.S. Polo Kids | saved=49 | elapsed_label=2s | products_per_minute=1260.61
2026-09-29 12:45:20 | INFO    | LISTING   | Listing U.S. Polo Kids route https://www.myntra.com/us-polo-assn-kids page 104 -> https://www.myntra.com/gateway/v4/search/us-polo-assn-kids?rows=50&o=5150&plaEnabled=false&xdEnabled=false&isFacet=true&p=104 | run_id=run_20260929_121204_794270_9f761b | brand=U.S. Polo Kids | page=104 | route=https://www.myntra.com/us-polo-assn-kids | seen=5059 | expected=5264
2026-09-29 12:45:24 | INFO    | PDP       | Processed 50 target products for U.S. Polo Kids in 3s (1176.66 products/min). | run_id=run_20260929_121204_794270_9f761b | brand=U.S. Polo Kids | saved=50 | elapsed_label=3s | products_per_minute=1176.66
2026-09-29 12:45:24 | INFO    | LISTING   | Listing U.S. Polo Kids route https://www.myntra.com/us-polo-assn-kids page 105 -> https://www.myntra.com/gateway/v4/search/us-polo-assn-kids?rows=50&o=5200&plaEnabled=false&xdEnabled=false&isFacet=true&p=105 | run_id=run_20260929_121204_794270_9f761b | brand=U.S. Polo Kids | page=105 | route=https://www.myntra.com/us-polo-assn-kids | seen=5109 | expected=5264
2026-09-29 12:45:28 | INFO    | PDP       | Processed 50 target products for U.S. Polo Kids in 3s (1135.87 products/min). | run_id=run_20260929_121204_794270_9f761b | brand=U.S. Polo Kids | saved=50 | elapsed_label=3s | products_per_minute=1135.87
2026-09-29 12:45:28 | INFO    | LISTING   | Listing U.S. Polo Kids route https://www.myntra.com/us-polo-assn-kids page 106 -> https://www.myntra.com/gateway/v4/search/us-polo-assn-kids?rows=50&o=5250&plaEnabled=false&xdEnabled=false&isFacet=true&p=106 | run_id=run_20260929_121204_794270_9f761b | brand=U.S. Polo Kids | page=106 | route=https://www.myntra.com/us-polo-assn-kids | seen=5159 | expected=5264
2026-09-29 12:45:31 | INFO    | PDP       | Processed 45 target products for U.S. Polo Kids in 2s (1112.15 products/min). | run_id=run_20260929_121204_794270_9f761b | brand=U.S. Polo Kids | saved=45 | elapsed_label=2s | products_per_minute=1112.15
2026-09-29 12:45:31 | INFO    | LISTING   | Listing U.S. Polo Kids route https://www.myntra.com/us-polo-assn-kids page 107 -> https://www.myntra.com/gateway/v4/search/us-polo-assn-kids?rows=50&o=5300&plaEnabled=false&xdEnabled=false&isFacet=true&p=107 | run_id=run_20260929_121204_794270_9f761b | brand=U.S. Polo Kids | page=107 | route=https://www.myntra.com/us-polo-assn-kids | seen=5204 | expected=5264
2026-09-29 12:45:32 | WARNING | LISTING   | Empty listing page for U.S. Polo Kids on page 107 before expected end; continuing. | run_id=run_20260929_121204_794270_9f761b | brand=U.S. Polo Kids | page=107 | route=https://www.myntra.com/us-polo-assn-kids
2026-09-29 12:45:32 | INFO    | LISTING   | Listing U.S. Polo Kids route https://www.myntra.com/us-polo-assn-kids page 108 -> https://www.myntra.com/gateway/v4/search/us-polo-assn-kids?rows=50&o=5350&plaEnabled=false&xdEnabled=false&isFacet=true&p=108 | run_id=run_20260929_121204_794270_9f761b | brand=U.S. Polo Kids | page=108 | route=https://www.myntra.com/us-polo-assn-kids | seen=5204 | expected=5264
2026-09-29 12:45:32 | WARNING | NETWORK   | JSON request failed for https://www.myntra.com/gateway/v4/search/us-polo-assn-kids?rows=50&o=5350&plaEnabled=false&xdEnabled=false&isFacet=true&p=108 on attempt 1/3: HTTP Error 400:  | run_id=run_20260929_121204_794270_9f761b | route=https://www.myntra.com/gateway/v4/search/us-polo-assn-kids?rows=50&o=5350&plaEnabled=false&xdEnabled=false&isFacet=true&p=108 | attempt=1/3
2026-09-29 12:45:34 | WARNING | NETWORK   | JSON request failed for https://www.myntra.com/gateway/v4/search/us-polo-assn-kids?rows=50&o=5350&plaEnabled=false&xdEnabled=false&isFacet=true&p=108 on attempt 2/3: HTTP Error 400:  | run_id=run_20260929_121204_794270_9f761b | route=https://www.myntra.com/gateway/v4/search/us-polo-assn-kids?rows=50&o=5350&plaEnabled=false&xdEnabled=false&isFacet=true&p=108 | attempt=2/3
2026-09-29 12:45:37 | WARNING | NETWORK   | JSON request failed for https://www.myntra.com/gateway/v4/search/us-polo-assn-kids?rows=50&o=5350&plaEnabled=false&xdEnabled=false&isFacet=true&p=108 on attempt 3/3: HTTP Error 400:  | run_id=run_20260929_121204_794270_9f761b | route=https://www.myntra.com/gateway/v4/search/us-polo-assn-kids?rows=50&o=5350&plaEnabled=false&xdEnabled=false&isFacet=true&p=108 | attempt=3/3
2026-09-29 12:45:38 | WARNING | NETWORK   | JSON request failed for https://www.myntra.com/gateway/v4/search/us-polo-assn-kids?rows=50&o=5349&plaEnabled=false&xdEnabled=false&isFacet=true&p=108 on attempt 1/3: HTTP Error 400:  | run_id=run_20260929_121204_794270_9f761b | route=https://www.myntra.com/gateway/v4/search/us-polo-assn-kids?rows=50&o=5349&plaEnabled=false&xdEnabled=false&isFacet=true&p=108 | attempt=1/3
2026-09-29 12:45:39 | WARNING | NETWORK   | JSON request failed for https://www.myntra.com/gateway/v4/search/us-polo-assn-kids?rows=50&o=5349&plaEnabled=false&xdEnabled=false&isFacet=true&p=108 on attempt 2/3: HTTP Error 400:  | run_id=run_20260929_121204_794270_9f761b | route=https://www.myntra.com/gateway/v4/search/us-polo-assn-kids?rows=50&o=5349&plaEnabled=false&xdEnabled=false&isFacet=true&p=108 | attempt=2/3
2026-09-29 12:45:42 | WARNING | NETWORK   | JSON request failed for https://www.myntra.com/gateway/v4/search/us-polo-assn-kids?rows=50&o=5349&plaEnabled=false&xdEnabled=false&isFacet=true&p=108 on attempt 3/3: HTTP Error 400:  | run_id=run_20260929_121204_794270_9f761b | route=https://www.myntra.com/gateway/v4/search/us-polo-assn-kids?rows=50&o=5349&plaEnabled=false&xdEnabled=false&isFacet=true&p=108 | attempt=3/3
2026-09-29 12:45:42 | WARNING | LISTING   | Route fetch failed for https://www.myntra.com/us-polo-assn-kids page 108 (Failed to fetch JSON payload from https://www.myntra.com/gateway/v4/search/us-polo-assn-kids?rows=50&o=5349&plaEnabled=false&xdEnabled=false&isFacet=true&p=108: HTTP Error 400: ). Will retry with another pass or fallback route. | run_id=run_20260929_121204_794270_9f761b | brand=U.S. Polo Kids | page=108 | route=https://www.myntra.com/us-polo-assn-kids
2026-09-29 12:45:42 | INFO    | BRAND     | Skipping redundant route https://www.myntra.com/u.s.-polo-assn.-kids for U.S. Polo Kids (100% of first page already captured). | run_id=run_20260929_121204_794270_9f761b | brand=U.S. Polo Kids | route=https://www.myntra.com/u.s.-polo-assn.-kids
2026-09-29 12:45:42 | WARNING | BRAND     | Brand U.S. Polo Kids finished below expected count: saw 5204 unique shirts products vs expected 5263. | run_id=run_20260929_121204_794270_9f761b | brand=U.S. Polo Kids | seen=5204 | expected=5263
2026-09-29 12:45:42 | INFO    | BRAND     | Brand scrape completed in 8m 6s (642.04 products/min). | run_id=run_20260929_121204_794270_9f761b | brand=U.S. Polo Kids | status=COMPLETED | saved=5204 | seen=5204 | expected=5263 | elapsed_label=8m 6s | products_per_minute=642.04
2026-09-29 12:45:49 | INFO    | SNAPSHOT  | Periodic snapshot created after U.S. Polo Kids. | run_id=run_20260929_121204_794270_9f761b | brand=U.S. Polo Kids
2026-09-29 12:45:49 | WARNING | AUDIT     | Audit pass 1 found 3 incomplete brands; retrying them: Kidbea, Hopscotch, H&M (Kids) | run_id=run_20260929_121204_794270_9f761b | attempt=1
2026-09-29 12:45:49 | INFO    | BRAND     | Resolving brand routes. | run_id=run_20260929_121204_794270_9f761b | brand=Kidbea
2026-09-29 12:45:50 | INFO    | BRAND     | Resolved Kidbea -> 1 routes (best brand total=862): https://www.myntra.com/kidbea | run_id=run_20260929_121204_794270_9f761b | brand=Kidbea | expected=862
2026-09-29 12:45:50 | INFO    | BRAND     | Starting brand scrape. | run_id=run_20260929_121204_794270_9f761b | brand=Kidbea | expected=862
2026-09-29 12:45:50 | INFO    | LISTING   | Listing Kidbea route https://www.myntra.com/kidbea page 1 -> https://www.myntra.com/gateway/v4/search/kidbea?rows=50&o=0&plaEnabled=false&xdEnabled=false&isFacet=true&p=1 | run_id=run_20260929_121204_794270_9f761b | brand=Kidbea | page=1 | route=https://www.myntra.com/kidbea | seen=0 | expected=862
2026-09-29 12:45:51 | INFO    | LISTING   | Listing Kidbea route https://www.myntra.com/kidbea page 2 -> https://www.myntra.com/gateway/v4/search/kidbea?rows=50&o=50&plaEnabled=false&xdEnabled=false&isFacet=true&p=2 | run_id=run_20260929_121204_794270_9f761b | brand=Kidbea | page=2 | route=https://www.myntra.com/kidbea | seen=40 | expected=862
2026-09-29 12:45:53 | INFO    | LISTING   | Listing Kidbea route https://www.myntra.com/kidbea page 3 -> https://www.myntra.com/gateway/v4/search/kidbea?rows=50&o=100&plaEnabled=false&xdEnabled=false&isFacet=true&p=3 | run_id=run_20260929_121204_794270_9f761b | brand=Kidbea | page=3 | route=https://www.myntra.com/kidbea | seen=89 | expected=862
2026-09-29 12:45:54 | INFO    | LISTING   | Listing Kidbea route https://www.myntra.com/kidbea page 4 -> https://www.myntra.com/gateway/v4/search/kidbea?rows=50&o=150&plaEnabled=false&xdEnabled=false&isFacet=true&p=4 | run_id=run_20260929_121204_794270_9f761b | brand=Kidbea | page=4 | route=https://www.myntra.com/kidbea | seen=136 | expected=862
2026-09-29 12:45:54 | INFO    | LISTING   | Listing Kidbea route https://www.myntra.com/kidbea page 5 -> https://www.myntra.com/gateway/v4/search/kidbea?rows=50&o=200&plaEnabled=false&xdEnabled=false&isFacet=true&p=5 | run_id=run_20260929_121204_794270_9f761b | brand=Kidbea | page=5 | route=https://www.myntra.com/kidbea | seen=186 | expected=862
2026-09-29 12:45:55 | INFO    | LISTING   | Listing Kidbea route https://www.myntra.com/kidbea page 6 -> https://www.myntra.com/gateway/v4/search/kidbea?rows=50&o=250&plaEnabled=false&xdEnabled=false&isFacet=true&p=6 | run_id=run_20260929_121204_794270_9f761b | brand=Kidbea | page=6 | route=https://www.myntra.com/kidbea | seen=231 | expected=862
2026-09-29 12:45:56 | INFO    | LISTING   | Listing Kidbea route https://www.myntra.com/kidbea page 7 -> https://www.myntra.com/gateway/v4/search/kidbea?rows=50&o=300&plaEnabled=false&xdEnabled=false&isFacet=true&p=7 | run_id=run_20260929_121204_794270_9f761b | brand=Kidbea | page=7 | route=https://www.myntra.com/kidbea | seen=265 | expected=862
2026-09-29 12:45:57 | INFO    | LISTING   | Listing Kidbea route https://www.myntra.com/kidbea page 8 -> https://www.myntra.com/gateway/v4/search/kidbea?rows=50&o=350&plaEnabled=false&xdEnabled=false&isFacet=true&p=8 | run_id=run_20260929_121204_794270_9f761b | brand=Kidbea | page=8 | route=https://www.myntra.com/kidbea | seen=303 | expected=862
2026-09-29 12:45:58 | INFO    | LISTING   | Listing Kidbea route https://www.myntra.com/kidbea page 9 -> https://www.myntra.com/gateway/v4/search/kidbea?rows=50&o=400&plaEnabled=false&xdEnabled=false&isFacet=true&p=9 | run_id=run_20260929_121204_794270_9f761b | brand=Kidbea | page=9 | route=https://www.myntra.com/kidbea | seen=346 | expected=862
2026-09-29 12:45:59 | INFO    | LISTING   | Listing Kidbea route https://www.myntra.com/kidbea page 10 -> https://www.myntra.com/gateway/v4/search/kidbea?rows=50&o=450&plaEnabled=false&xdEnabled=false&isFacet=true&p=10 | run_id=run_20260929_121204_794270_9f761b | brand=Kidbea | page=10 | route=https://www.myntra.com/kidbea | seen=388 | expected=862
2026-09-29 12:46:00 | INFO    | LISTING   | Listing Kidbea route https://www.myntra.com/kidbea page 11 -> https://www.myntra.com/gateway/v4/search/kidbea?rows=50&o=500&plaEnabled=false&xdEnabled=false&isFacet=true&p=11 | run_id=run_20260929_121204_794270_9f761b | brand=Kidbea | page=11 | route=https://www.myntra.com/kidbea | seen=432 | expected=862
2026-09-29 12:46:01 | INFO    | LISTING   | Listing Kidbea route https://www.myntra.com/kidbea page 12 -> https://www.myntra.com/gateway/v4/search/kidbea?rows=50&o=550&plaEnabled=false&xdEnabled=false&isFacet=true&p=12 | run_id=run_20260929_121204_794270_9f761b | brand=Kidbea | page=12 | route=https://www.myntra.com/kidbea | seen=456 | expected=862
2026-09-29 12:46:02 | INFO    | LISTING   | Listing Kidbea route https://www.myntra.com/kidbea page 13 -> https://www.myntra.com/gateway/v4/search/kidbea?rows=50&o=600&plaEnabled=false&xdEnabled=false&isFacet=true&p=13 | run_id=run_20260929_121204_794270_9f761b | brand=Kidbea | page=13 | route=https://www.myntra.com/kidbea | seen=488 | expected=862
2026-09-29 12:46:03 | INFO    | LISTING   | Listing Kidbea route https://www.myntra.com/kidbea page 14 -> https://www.myntra.com/gateway/v4/search/kidbea?rows=50&o=650&plaEnabled=false&xdEnabled=false&isFacet=true&p=14 | run_id=run_20260929_121204_794270_9f761b | brand=Kidbea | page=14 | route=https://www.myntra.com/kidbea | seen=501 | expected=862
2026-09-29 12:46:03 | INFO    | LISTING   | Listing Kidbea route https://www.myntra.com/kidbea page 15 -> https://www.myntra.com/gateway/v4/search/kidbea?rows=50&o=700&plaEnabled=false&xdEnabled=false&isFacet=true&p=15 | run_id=run_20260929_121204_794270_9f761b | brand=Kidbea | page=15 | route=https://www.myntra.com/kidbea | seen=544 | expected=862
2026-09-29 12:46:04 | INFO    | LISTING   | Listing Kidbea route https://www.myntra.com/kidbea page 16 -> https://www.myntra.com/gateway/v4/search/kidbea?rows=50&o=750&plaEnabled=false&xdEnabled=false&isFacet=true&p=16 | run_id=run_20260929_121204_794270_9f761b | brand=Kidbea | page=16 | route=https://www.myntra.com/kidbea | seen=582 | expected=862
2026-09-29 12:46:05 | INFO    | LISTING   | Listing Kidbea route https://www.myntra.com/kidbea page 17 -> https://www.myntra.com/gateway/v4/search/kidbea?rows=50&o=800&plaEnabled=false&xdEnabled=false&isFacet=true&p=17 | run_id=run_20260929_121204_794270_9f761b | brand=Kidbea | page=17 | route=https://www.myntra.com/kidbea | seen=611 | expected=862
2026-09-29 12:46:05 | INFO    | LISTING   | Listing Kidbea route https://www.myntra.com/kidbea page 18 -> https://www.myntra.com/gateway/v4/search/kidbea?rows=50&o=850&plaEnabled=false&xdEnabled=false&isFacet=true&p=18 | run_id=run_20260929_121204_794270_9f761b | brand=Kidbea | page=18 | route=https://www.myntra.com/kidbea | seen=659 | expected=862
2026-09-29 12:46:06 | INFO    | LISTING   | Listing Kidbea route https://www.myntra.com/kidbea page 19 -> https://www.myntra.com/gateway/v4/search/kidbea?rows=50&o=900&plaEnabled=false&xdEnabled=false&isFacet=true&p=19 | run_id=run_20260929_121204_794270_9f761b | brand=Kidbea | page=19 | route=https://www.myntra.com/kidbea | seen=703 | expected=862
2026-09-29 12:46:07 | INFO    | LISTING   | Listing Kidbea route https://www.myntra.com/kidbea page 20 -> https://www.myntra.com/gateway/v4/search/kidbea?rows=50&o=950&plaEnabled=false&xdEnabled=false&isFacet=true&p=20 | run_id=run_20260929_121204_794270_9f761b | brand=Kidbea | page=20 | route=https://www.myntra.com/kidbea | seen=751 | expected=862
2026-09-29 12:46:07 | INFO    | LISTING   | Listing Kidbea route https://www.myntra.com/kidbea page 21 -> https://www.myntra.com/gateway/v4/search/kidbea?rows=50&o=1000&plaEnabled=false&xdEnabled=false&isFacet=true&p=21 | run_id=run_20260929_121204_794270_9f761b | brand=Kidbea | page=21 | route=https://www.myntra.com/kidbea | seen=761 | expected=862
2026-09-29 12:46:08 | WARNING | LISTING   | Empty listing page for Kidbea on page 21 before expected end; continuing. | run_id=run_20260929_121204_794270_9f761b | brand=Kidbea | page=21 | route=https://www.myntra.com/kidbea
2026-09-29 12:46:08 | INFO    | LISTING   | Listing Kidbea route https://www.myntra.com/kidbea page 22 -> https://www.myntra.com/gateway/v4/search/kidbea?rows=50&o=1050&plaEnabled=false&xdEnabled=false&isFacet=true&p=22 | run_id=run_20260929_121204_794270_9f761b | brand=Kidbea | page=22 | route=https://www.myntra.com/kidbea | seen=761 | expected=862
2026-09-29 12:46:08 | WARNING | NETWORK   | JSON request failed for https://www.myntra.com/gateway/v4/search/kidbea?rows=50&o=1050&plaEnabled=false&xdEnabled=false&isFacet=true&p=22 on attempt 1/3: HTTP Error 400:  | run_id=run_20260929_121204_794270_9f761b | route=https://www.myntra.com/gateway/v4/search/kidbea?rows=50&o=1050&plaEnabled=false&xdEnabled=false&isFacet=true&p=22 | attempt=1/3
2026-09-29 12:46:10 | WARNING | NETWORK   | JSON request failed for https://www.myntra.com/gateway/v4/search/kidbea?rows=50&o=1050&plaEnabled=false&xdEnabled=false&isFacet=true&p=22 on attempt 2/3: HTTP Error 400:  | run_id=run_20260929_121204_794270_9f761b | route=https://www.myntra.com/gateway/v4/search/kidbea?rows=50&o=1050&plaEnabled=false&xdEnabled=false&isFacet=true&p=22 | attempt=2/3
2026-09-29 12:46:13 | WARNING | NETWORK   | JSON request failed for https://www.myntra.com/gateway/v4/search/kidbea?rows=50&o=1050&plaEnabled=false&xdEnabled=false&isFacet=true&p=22 on attempt 3/3: HTTP Error 400:  | run_id=run_20260929_121204_794270_9f761b | route=https://www.myntra.com/gateway/v4/search/kidbea?rows=50&o=1050&plaEnabled=false&xdEnabled=false&isFacet=true&p=22 | attempt=3/3
2026-09-29 12:46:14 | WARNING | NETWORK   | JSON request failed for https://www.myntra.com/gateway/v4/search/kidbea?rows=50&o=1049&plaEnabled=false&xdEnabled=false&isFacet=true&p=22 on attempt 1/3: HTTP Error 400:  | run_id=run_20260929_121204_794270_9f761b | route=https://www.myntra.com/gateway/v4/search/kidbea?rows=50&o=1049&plaEnabled=false&xdEnabled=false&isFacet=true&p=22 | attempt=1/3
2026-09-29 12:46:15 | WARNING | NETWORK   | JSON request failed for https://www.myntra.com/gateway/v4/search/kidbea?rows=50&o=1049&plaEnabled=false&xdEnabled=false&isFacet=true&p=22 on attempt 2/3: HTTP Error 400:  | run_id=run_20260929_121204_794270_9f761b | route=https://www.myntra.com/gateway/v4/search/kidbea?rows=50&o=1049&plaEnabled=false&xdEnabled=false&isFacet=true&p=22 | attempt=2/3
2026-09-29 12:46:18 | WARNING | NETWORK   | JSON request failed for https://www.myntra.com/gateway/v4/search/kidbea?rows=50&o=1049&plaEnabled=false&xdEnabled=false&isFacet=true&p=22 on attempt 3/3: HTTP Error 400:  | run_id=run_20260929_121204_794270_9f761b | route=https://www.myntra.com/gateway/v4/search/kidbea?rows=50&o=1049&plaEnabled=false&xdEnabled=false&isFacet=true&p=22 | attempt=3/3
2026-09-29 12:46:19 | WARNING | LISTING   | Route fetch failed for https://www.myntra.com/kidbea page 22 (Failed to fetch JSON payload from https://www.myntra.com/gateway/v4/search/kidbea?rows=50&o=1049&plaEnabled=false&xdEnabled=false&isFacet=true&p=22: HTTP Error 400: ). Will retry with another pass or fallback route. | run_id=run_20260929_121204_794270_9f761b | brand=Kidbea | page=22 | route=https://www.myntra.com/kidbea
2026-09-29 12:46:19 | WARNING | LISTING   | Retrying route https://www.myntra.com/kidbea for Kidbea (pass 1/2) after incomplete coverage: 761/862 unique products seen. | run_id=run_20260929_121204_794270_9f761b | brand=Kidbea | route=https://www.myntra.com/kidbea | seen=761 | expected=862 | attempt=1/2
2026-09-29 12:46:19 | INFO    | LISTING   | Listing Kidbea route https://www.myntra.com/kidbea page 1 -> https://www.myntra.com/gateway/v4/search/kidbea?rows=50&o=0&plaEnabled=false&xdEnabled=false&isFacet=true&p=1 | run_id=run_20260929_121204_794270_9f761b | brand=Kidbea | page=1 | route=https://www.myntra.com/kidbea | seen=761 | expected=862
2026-09-29 12:46:20 | INFO    | LISTING   | Listing Kidbea route https://www.myntra.com/kidbea page 2 -> https://www.myntra.com/gateway/v4/search/kidbea?rows=50&o=50&plaEnabled=false&xdEnabled=false&isFacet=true&p=2 | run_id=run_20260929_121204_794270_9f761b | brand=Kidbea | page=2 | route=https://www.myntra.com/kidbea | seen=761 | expected=862
2026-09-29 12:46:21 | INFO    | LISTING   | Listing Kidbea route https://www.myntra.com/kidbea page 3 -> https://www.myntra.com/gateway/v4/search/kidbea?rows=50&o=100&plaEnabled=false&xdEnabled=false&isFacet=true&p=3 | run_id=run_20260929_121204_794270_9f761b | brand=Kidbea | page=3 | route=https://www.myntra.com/kidbea | seen=761 | expected=862
2026-09-29 12:46:22 | WARNING | LISTING   | Route https://www.myntra.com/kidbea for Kidbea stalled for 3 consecutive pages before reaching expected total; restarting route pass. | run_id=run_20260929_121204_794270_9f761b | brand=Kidbea | page=3 | route=https://www.myntra.com/kidbea | seen=761 | expected=862
2026-09-29 12:46:23 | WARNING | LISTING   | Retrying route https://www.myntra.com/kidbea for Kidbea (pass 2/2) after incomplete coverage: 761/862 unique products seen. | run_id=run_20260929_121204_794270_9f761b | brand=Kidbea | route=https://www.myntra.com/kidbea | seen=761 | expected=862 | attempt=2/2
2026-09-29 12:46:23 | INFO    | LISTING   | Listing Kidbea route https://www.myntra.com/kidbea page 1 -> https://www.myntra.com/gateway/v4/search/kidbea?rows=50&o=0&plaEnabled=false&xdEnabled=false&isFacet=true&p=1 | run_id=run_20260929_121204_794270_9f761b | brand=Kidbea | page=1 | route=https://www.myntra.com/kidbea | seen=761 | expected=862
2026-09-29 12:46:24 | INFO    | LISTING   | Listing Kidbea route https://www.myntra.com/kidbea page 2 -> https://www.myntra.com/gateway/v4/search/kidbea?rows=50&o=50&plaEnabled=false&xdEnabled=false&isFacet=true&p=2 | run_id=run_20260929_121204_794270_9f761b | brand=Kidbea | page=2 | route=https://www.myntra.com/kidbea | seen=761 | expected=862
2026-09-29 12:46:25 | INFO    | LISTING   | Listing Kidbea route https://www.myntra.com/kidbea page 3 -> https://www.myntra.com/gateway/v4/search/kidbea?rows=50&o=100&plaEnabled=false&xdEnabled=false&isFacet=true&p=3 | run_id=run_20260929_121204_794270_9f761b | brand=Kidbea | page=3 | route=https://www.myntra.com/kidbea | seen=761 | expected=862
2026-09-29 12:46:26 | WARNING | LISTING   | Route https://www.myntra.com/kidbea for Kidbea stalled for 3 consecutive pages before reaching expected total; restarting route pass. | run_id=run_20260929_121204_794270_9f761b | brand=Kidbea | page=3 | route=https://www.myntra.com/kidbea | seen=761 | expected=862
2026-09-29 12:46:26 | WARNING | BRAND     | Brand Kidbea finished below expected count: saw 761 unique shirts products vs expected 862. | run_id=run_20260929_121204_794270_9f761b | brand=Kidbea | seen=761 | expected=862
2026-09-29 12:46:26 | INFO    | BRAND     | Brand scrape completed in 37s (1241.97 products/min). | run_id=run_20260929_121204_794270_9f761b | brand=Kidbea | status=COMPLETED | saved=761 | seen=761 | expected=862 | elapsed_label=37s | products_per_minute=1241.97
2026-09-29 12:46:26 | INFO    | AUDIT     | Audit retry completed for Kidbea: saved=0, shortfall_before=103 | run_id=run_20260929_121204_794270_9f761b | brand=Kidbea | saved=0
2026-09-29 12:46:26 | INFO    | BRAND     | Resolving brand routes. | run_id=run_20260929_121204_794270_9f761b | brand=Hopscotch
2026-09-29 12:46:26 | INFO    | BRAND     | Resolved Hopscotch -> 1 routes (best brand total=5159): https://www.myntra.com/hopscotch | run_id=run_20260929_121204_794270_9f761b | brand=Hopscotch | expected=5159
2026-09-29 12:46:26 | INFO    | BRAND     | Starting brand scrape. | run_id=run_20260929_121204_794270_9f761b | brand=Hopscotch | expected=5159
2026-09-29 12:46:26 | INFO    | LISTING   | Listing Hopscotch route https://www.myntra.com/hopscotch page 1 -> https://www.myntra.com/gateway/v4/search/hopscotch?rows=50&o=0&plaEnabled=false&xdEnabled=false&isFacet=true&p=1 | run_id=run_20260929_121204_794270_9f761b | brand=Hopscotch | page=1 | route=https://www.myntra.com/hopscotch | seen=0 | expected=5159
2026-09-29 12:46:28 | INFO    | LISTING   | Listing Hopscotch route https://www.myntra.com/hopscotch page 2 -> https://www.myntra.com/gateway/v4/search/hopscotch?rows=50&o=50&plaEnabled=false&xdEnabled=false&isFacet=true&p=2 | run_id=run_20260929_121204_794270_9f761b | brand=Hopscotch | page=2 | route=https://www.myntra.com/hopscotch | seen=42 | expected=5159
2026-09-29 12:46:29 | INFO    | LISTING   | Listing Hopscotch route https://www.myntra.com/hopscotch page 3 -> https://www.myntra.com/gateway/v4/search/hopscotch?rows=50&o=100&plaEnabled=false&xdEnabled=false&isFacet=true&p=3 | run_id=run_20260929_121204_794270_9f761b | brand=Hopscotch | page=3 | route=https://www.myntra.com/hopscotch | seen=90 | expected=5159
2026-09-29 12:46:29 | INFO    | LISTING   | Listing Hopscotch route https://www.myntra.com/hopscotch page 4 -> https://www.myntra.com/gateway/v4/search/hopscotch?rows=50&o=150&plaEnabled=false&xdEnabled=false&isFacet=true&p=4 | run_id=run_20260929_121204_794270_9f761b | brand=Hopscotch | page=4 | route=https://www.myntra.com/hopscotch | seen=140 | expected=5159
2026-09-29 12:46:30 | INFO    | LISTING   | Listing Hopscotch route https://www.myntra.com/hopscotch page 5 -> https://www.myntra.com/gateway/v4/search/hopscotch?rows=50&o=200&plaEnabled=false&xdEnabled=false&isFacet=true&p=5 | run_id=run_20260929_121204_794270_9f761b | brand=Hopscotch | page=5 | route=https://www.myntra.com/hopscotch | seen=188 | expected=5159
2026-09-29 12:46:31 | INFO    | LISTING   | Listing Hopscotch route https://www.myntra.com/hopscotch page 6 -> https://www.myntra.com/gateway/v4/search/hopscotch?rows=50&o=250&plaEnabled=false&xdEnabled=false&isFacet=true&p=6 | run_id=run_20260929_121204_794270_9f761b | brand=Hopscotch | page=6 | route=https://www.myntra.com/hopscotch | seen=237 | expected=5159
2026-09-29 12:46:32 | INFO    | LISTING   | Listing Hopscotch route https://www.myntra.com/hopscotch page 7 -> https://www.myntra.com/gateway/v4/search/hopscotch?rows=50&o=300&plaEnabled=false&xdEnabled=false&isFacet=true&p=7 | run_id=run_20260929_121204_794270_9f761b | brand=Hopscotch | page=7 | route=https://www.myntra.com/hopscotch | seen=283 | expected=5159
2026-09-29 12:46:32 | INFO    | LISTING   | Listing Hopscotch route https://www.myntra.com/hopscotch page 8 -> https://www.myntra.com/gateway/v4/search/hopscotch?rows=50&o=350&plaEnabled=false&xdEnabled=false&isFacet=true&p=8 | run_id=run_20260929_121204_794270_9f761b | brand=Hopscotch | page=8 | route=https://www.myntra.com/hopscotch | seen=333 | expected=5159
2026-09-29 12:46:33 | INFO    | LISTING   | Listing Hopscotch route https://www.myntra.com/hopscotch page 9 -> https://www.myntra.com/gateway/v4/search/hopscotch?rows=50&o=400&plaEnabled=false&xdEnabled=false&isFacet=true&p=9 | run_id=run_20260929_121204_794270_9f761b | brand=Hopscotch | page=9 | route=https://www.myntra.com/hopscotch | seen=382 | expected=5159
2026-09-29 12:46:34 | INFO    | LISTING   | Listing Hopscotch route https://www.myntra.com/hopscotch page 10 -> https://www.myntra.com/gateway/v4/search/hopscotch?rows=50&o=450&plaEnabled=false&xdEnabled=false&isFacet=true&p=10 | run_id=run_20260929_121204_794270_9f761b | brand=Hopscotch | page=10 | route=https://www.myntra.com/hopscotch | seen=431 | expected=5159
2026-09-29 12:46:34 | INFO    | LISTING   | Listing Hopscotch route https://www.myntra.com/hopscotch page 11 -> https://www.myntra.com/gateway/v4/search/hopscotch?rows=50&o=500&plaEnabled=false&xdEnabled=false&isFacet=true&p=11 | run_id=run_20260929_121204_794270_9f761b | brand=Hopscotch | page=11 | route=https://www.myntra.com/hopscotch | seen=480 | expected=5159
2026-09-29 12:46:35 | INFO    | LISTING   | Listing Hopscotch route https://www.myntra.com/hopscotch page 12 -> https://www.myntra.com/gateway/v4/search/hopscotch?rows=50&o=550&plaEnabled=false&xdEnabled=false&isFacet=true&p=12 | run_id=run_20260929_121204_794270_9f761b | brand=Hopscotch | page=12 | route=https://www.myntra.com/hopscotch | seen=528 | expected=5159
2026-09-29 12:46:36 | INFO    | LISTING   | Listing Hopscotch route https://www.myntra.com/hopscotch page 13 -> https://www.myntra.com/gateway/v4/search/hopscotch?rows=50&o=600&plaEnabled=false&xdEnabled=false&isFacet=true&p=13 | run_id=run_20260929_121204_794270_9f761b | brand=Hopscotch | page=13 | route=https://www.myntra.com/hopscotch | seen=578 | expected=5159
2026-09-29 12:46:37 | INFO    | LISTING   | Listing Hopscotch route https://www.myntra.com/hopscotch page 14 -> https://www.myntra.com/gateway/v4/search/hopscotch?rows=50&o=650&plaEnabled=false&xdEnabled=false&isFacet=true&p=14 | run_id=run_20260929_121204_794270_9f761b | brand=Hopscotch | page=14 | route=https://www.myntra.com/hopscotch | seen=627 | expected=5159
2026-09-29 12:46:38 | INFO    | LISTING   | Listing Hopscotch route https://www.myntra.com/hopscotch page 15 -> https://www.myntra.com/gateway/v4/search/hopscotch?rows=50&o=700&plaEnabled=false&xdEnabled=false&isFacet=true&p=15 | run_id=run_20260929_121204_794270_9f761b | brand=Hopscotch | page=15 | route=https://www.myntra.com/hopscotch | seen=676 | expected=5159
2026-09-29 12:46:39 | INFO    | LISTING   | Listing Hopscotch route https://www.myntra.com/hopscotch page 16 -> https://www.myntra.com/gateway/v4/search/hopscotch?rows=50&o=750&plaEnabled=false&xdEnabled=false&isFacet=true&p=16 | run_id=run_20260929_121204_794270_9f761b | brand=Hopscotch | page=16 | route=https://www.myntra.com/hopscotch | seen=726 | expected=5159
2026-09-29 12:46:40 | INFO    | LISTING   | Listing Hopscotch route https://www.myntra.com/hopscotch page 17 -> https://www.myntra.com/gateway/v4/search/hopscotch?rows=50&o=800&plaEnabled=false&xdEnabled=false&isFacet=true&p=17 | run_id=run_20260929_121204_794270_9f761b | brand=Hopscotch | page=17 | route=https://www.myntra.com/hopscotch | seen=775 | expected=5159
2026-09-29 12:46:41 | INFO    | LISTING   | Listing Hopscotch route https://www.myntra.com/hopscotch page 18 -> https://www.myntra.com/gateway/v4/search/hopscotch?rows=50&o=850&plaEnabled=false&xdEnabled=false&isFacet=true&p=18 | run_id=run_20260929_121204_794270_9f761b | brand=Hopscotch | page=18 | route=https://www.myntra.com/hopscotch | seen=825 | expected=5159
2026-09-29 12:46:41 | INFO    | LISTING   | Listing Hopscotch route https://www.myntra.com/hopscotch page 19 -> https://www.myntra.com/gateway/v4/search/hopscotch?rows=50&o=900&plaEnabled=false&xdEnabled=false&isFacet=true&p=19 | run_id=run_20260929_121204_794270_9f761b | brand=Hopscotch | page=19 | route=https://www.myntra.com/hopscotch | seen=874 | expected=5159
2026-09-29 12:46:42 | INFO    | LISTING   | Listing Hopscotch route https://www.myntra.com/hopscotch page 20 -> https://www.myntra.com/gateway/v4/search/hopscotch?rows=50&o=950&plaEnabled=false&xdEnabled=false&isFacet=true&p=20 | run_id=run_20260929_121204_794270_9f761b | brand=Hopscotch | page=20 | route=https://www.myntra.com/hopscotch | seen=920 | expected=5159
2026-09-29 12:46:43 | INFO    | LISTING   | Listing Hopscotch route https://www.myntra.com/hopscotch page 21 -> https://www.myntra.com/gateway/v4/search/hopscotch?rows=50&o=1000&plaEnabled=false&xdEnabled=false&isFacet=true&p=21 | run_id=run_20260929_121204_794270_9f761b | brand=Hopscotch | page=21 | route=https://www.myntra.com/hopscotch | seen=969 | expected=5159
2026-09-29 12:46:44 | INFO    | LISTING   | Listing Hopscotch route https://www.myntra.com/hopscotch page 22 -> https://www.myntra.com/gateway/v4/search/hopscotch?rows=50&o=1050&plaEnabled=false&xdEnabled=false&isFacet=true&p=22 | run_id=run_20260929_121204_794270_9f761b | brand=Hopscotch | page=22 | route=https://www.myntra.com/hopscotch | seen=1017 | expected=5159
2026-09-29 12:46:44 | INFO    | LISTING   | Listing Hopscotch route https://www.myntra.com/hopscotch page 23 -> https://www.myntra.com/gateway/v4/search/hopscotch?rows=50&o=1100&plaEnabled=false&xdEnabled=false&isFacet=true&p=23 | run_id=run_20260929_121204_794270_9f761b | brand=Hopscotch | page=23 | route=https://www.myntra.com/hopscotch | seen=1066 | expected=5159
2026-09-29 12:46:45 | INFO    | LISTING   | Listing Hopscotch route https://www.myntra.com/hopscotch page 24 -> https://www.myntra.com/gateway/v4/search/hopscotch?rows=50&o=1150&plaEnabled=false&xdEnabled=false&isFacet=true&p=24 | run_id=run_20260929_121204_794270_9f761b | brand=Hopscotch | page=24 | route=https://www.myntra.com/hopscotch | seen=1111 | expected=5159
2026-09-29 12:46:46 | INFO    | PDP       | Processed 1 target products for Hopscotch in 1s (118.89 products/min). | run_id=run_20260929_121204_794270_9f761b | brand=Hopscotch | saved=1 | elapsed_label=1s | products_per_minute=118.89
2026-09-29 12:46:46 | INFO    | LISTING   | Listing Hopscotch route https://www.myntra.com/hopscotch page 25 -> https://www.myntra.com/gateway/v4/search/hopscotch?rows=50&o=1200&plaEnabled=false&xdEnabled=false&isFacet=true&p=25 | run_id=run_20260929_121204_794270_9f761b | brand=Hopscotch | page=25 | route=https://www.myntra.com/hopscotch | seen=1160 | expected=5159
2026-09-29 12:46:46 | INFO    | LISTING   | Listing Hopscotch route https://www.myntra.com/hopscotch page 26 -> https://www.myntra.com/gateway/v4/search/hopscotch?rows=50&o=1250&plaEnabled=false&xdEnabled=false&isFacet=true&p=26 | run_id=run_20260929_121204_794270_9f761b | brand=Hopscotch | page=26 | route=https://www.myntra.com/hopscotch | seen=1210 | expected=5159
2026-09-29 12:46:47 | INFO    | LISTING   | Listing Hopscotch route https://www.myntra.com/hopscotch page 27 -> https://www.myntra.com/gateway/v4/search/hopscotch?rows=50&o=1300&plaEnabled=false&xdEnabled=false&isFacet=true&p=27 | run_id=run_20260929_121204_794270_9f761b | brand=Hopscotch | page=27 | route=https://www.myntra.com/hopscotch | seen=1260 | expected=5159
2026-09-29 12:46:48 | INFO    | LISTING   | Listing Hopscotch route https://www.myntra.com/hopscotch page 28 -> https://www.myntra.com/gateway/v4/search/hopscotch?rows=50&o=1350&plaEnabled=false&xdEnabled=false&isFacet=true&p=28 | run_id=run_20260929_121204_794270_9f761b | brand=Hopscotch | page=28 | route=https://www.myntra.com/hopscotch | seen=1310 | expected=5159
2026-09-29 12:46:48 | INFO    | LISTING   | Listing Hopscotch route https://www.myntra.com/hopscotch page 29 -> https://www.myntra.com/gateway/v4/search/hopscotch?rows=50&o=1400&plaEnabled=false&xdEnabled=false&isFacet=true&p=29 | run_id=run_20260929_121204_794270_9f761b | brand=Hopscotch | page=29 | route=https://www.myntra.com/hopscotch | seen=1359 | expected=5159
2026-09-29 12:46:49 | INFO    | LISTING   | Listing Hopscotch route https://www.myntra.com/hopscotch page 30 -> https://www.myntra.com/gateway/v4/search/hopscotch?rows=50&o=1450&plaEnabled=false&xdEnabled=false&isFacet=true&p=30 | run_id=run_20260929_121204_794270_9f761b | brand=Hopscotch | page=30 | route=https://www.myntra.com/hopscotch | seen=1399 | expected=5159
2026-09-29 12:46:50 | INFO    | LISTING   | Listing Hopscotch route https://www.myntra.com/hopscotch page 31 -> https://www.myntra.com/gateway/v4/search/hopscotch?rows=50&o=1500&plaEnabled=false&xdEnabled=false&isFacet=true&p=31 | run_id=run_20260929_121204_794270_9f761b | brand=Hopscotch | page=31 | route=https://www.myntra.com/hopscotch | seen=1449 | expected=5159
2026-09-29 12:46:51 | INFO    | LISTING   | Listing Hopscotch route https://www.myntra.com/hopscotch page 32 -> https://www.myntra.com/gateway/v4/search/hopscotch?rows=50&o=1550&plaEnabled=false&xdEnabled=false&isFacet=true&p=32 | run_id=run_20260929_121204_794270_9f761b | brand=Hopscotch | page=32 | route=https://www.myntra.com/hopscotch | seen=1499 | expected=5159
2026-09-29 12:46:52 | INFO    | LISTING   | Listing Hopscotch route https://www.myntra.com/hopscotch page 33 -> https://www.myntra.com/gateway/v4/search/hopscotch?rows=50&o=1600&plaEnabled=false&xdEnabled=false&isFacet=true&p=33 | run_id=run_20260929_121204_794270_9f761b | brand=Hopscotch | page=33 | route=https://www.myntra.com/hopscotch | seen=1549 | expected=5159
2026-09-29 12:46:53 | INFO    | LISTING   | Listing Hopscotch route https://www.myntra.com/hopscotch page 34 -> https://www.myntra.com/gateway/v4/search/hopscotch?rows=50&o=1650&plaEnabled=false&xdEnabled=false&isFacet=true&p=34 | run_id=run_20260929_121204_794270_9f761b | brand=Hopscotch | page=34 | route=https://www.myntra.com/hopscotch | seen=1599 | expected=5159
2026-09-29 12:46:54 | INFO    | LISTING   | Listing Hopscotch route https://www.myntra.com/hopscotch page 35 -> https://www.myntra.com/gateway/v4/search/hopscotch?rows=50&o=1700&plaEnabled=false&xdEnabled=false&isFacet=true&p=35 | run_id=run_20260929_121204_794270_9f761b | brand=Hopscotch | page=35 | route=https://www.myntra.com/hopscotch | seen=1649 | expected=5159
2026-09-29 12:46:54 | INFO    | LISTING   | Listing Hopscotch route https://www.myntra.com/hopscotch page 36 -> https://www.myntra.com/gateway/v4/search/hopscotch?rows=50&o=1750&plaEnabled=false&xdEnabled=false&isFacet=true&p=36 | run_id=run_20260929_121204_794270_9f761b | brand=Hopscotch | page=36 | route=https://www.myntra.com/hopscotch | seen=1699 | expected=5159
2026-09-29 12:46:55 | INFO    | PDP       | Processed 1 target products for Hopscotch in 0s (137.16 products/min). | run_id=run_20260929_121204_794270_9f761b | brand=Hopscotch | saved=1 | elapsed_label=0s | products_per_minute=137.16
2026-09-29 12:46:55 | INFO    | LISTING   | Listing Hopscotch route https://www.myntra.com/hopscotch page 37 -> https://www.myntra.com/gateway/v4/search/hopscotch?rows=50&o=1800&plaEnabled=false&xdEnabled=false&isFacet=true&p=37 | run_id=run_20260929_121204_794270_9f761b | brand=Hopscotch | page=37 | route=https://www.myntra.com/hopscotch | seen=1748 | expected=5159
2026-09-29 12:46:56 | INFO    | LISTING   | Listing Hopscotch route https://www.myntra.com/hopscotch page 38 -> https://www.myntra.com/gateway/v4/search/hopscotch?rows=50&o=1850&plaEnabled=false&xdEnabled=false&isFacet=true&p=38 | run_id=run_20260929_121204_794270_9f761b | brand=Hopscotch | page=38 | route=https://www.myntra.com/hopscotch | seen=1797 | expected=5159
2026-09-29 12:46:57 | INFO    | LISTING   | Listing Hopscotch route https://www.myntra.com/hopscotch page 39 -> https://www.myntra.com/gateway/v4/search/hopscotch?rows=50&o=1900&plaEnabled=false&xdEnabled=false&isFacet=true&p=39 | run_id=run_20260929_121204_794270_9f761b | brand=Hopscotch | page=39 | route=https://www.myntra.com/hopscotch | seen=1847 | expected=5159
2026-09-29 12:46:57 | INFO    | LISTING   | Listing Hopscotch route https://www.myntra.com/hopscotch page 40 -> https://www.myntra.com/gateway/v4/search/hopscotch?rows=50&o=1950&plaEnabled=false&xdEnabled=false&isFacet=true&p=40 | run_id=run_20260929_121204_794270_9f761b | brand=Hopscotch | page=40 | route=https://www.myntra.com/hopscotch | seen=1863 | expected=5159
2026-09-29 12:46:58 | INFO    | LISTING   | Listing Hopscotch route https://www.myntra.com/hopscotch page 41 -> https://www.myntra.com/gateway/v4/search/hopscotch?rows=50&o=2000&plaEnabled=false&xdEnabled=false&isFacet=true&p=41 | run_id=run_20260929_121204_794270_9f761b | brand=Hopscotch | page=41 | route=https://www.myntra.com/hopscotch | seen=1908 | expected=5159
2026-09-29 12:47:01 | INFO    | PDP       | Processed 7 target products for Hopscotch in 2s (243.14 products/min). | run_id=run_20260929_121204_794270_9f761b | brand=Hopscotch | saved=7 | elapsed_label=2s | products_per_minute=243.14
2026-09-29 12:47:01 | INFO    | LISTING   | Listing Hopscotch route https://www.myntra.com/hopscotch page 42 -> https://www.myntra.com/gateway/v4/search/hopscotch?rows=50&o=2050&plaEnabled=false&xdEnabled=false&isFacet=true&p=42 | run_id=run_20260929_121204_794270_9f761b | brand=Hopscotch | page=42 | route=https://www.myntra.com/hopscotch | seen=1957 | expected=5159
2026-09-29 12:47:02 | INFO    | LISTING   | Listing Hopscotch route https://www.myntra.com/hopscotch page 43 -> https://www.myntra.com/gateway/v4/search/hopscotch?rows=50&o=2100&plaEnabled=false&xdEnabled=false&isFacet=true&p=43 | run_id=run_20260929_121204_794270_9f761b | brand=Hopscotch | page=43 | route=https://www.myntra.com/hopscotch | seen=2007 | expected=5159
2026-09-29 12:47:03 | INFO    | LISTING   | Listing Hopscotch route https://www.myntra.com/hopscotch page 44 -> https://www.myntra.com/gateway/v4/search/hopscotch?rows=50&o=2150&plaEnabled=false&xdEnabled=false&isFacet=true&p=44 | run_id=run_20260929_121204_794270_9f761b | brand=Hopscotch | page=44 | route=https://www.myntra.com/hopscotch | seen=2055 | expected=5159
2026-09-29 12:47:04 | INFO    | LISTING   | Listing Hopscotch route https://www.myntra.com/hopscotch page 45 -> https://www.myntra.com/gateway/v4/search/hopscotch?rows=50&o=2200&plaEnabled=false&xdEnabled=false&isFacet=true&p=45 | run_id=run_20260929_121204_794270_9f761b | brand=Hopscotch | page=45 | route=https://www.myntra.com/hopscotch | seen=2103 | expected=5159
2026-09-29 12:47:04 | INFO    | LISTING   | Listing Hopscotch route https://www.myntra.com/hopscotch page 46 -> https://www.myntra.com/gateway/v4/search/hopscotch?rows=50&o=2250&plaEnabled=false&xdEnabled=false&isFacet=true&p=46 | run_id=run_20260929_121204_794270_9f761b | brand=Hopscotch | page=46 | route=https://www.myntra.com/hopscotch | seen=2152 | expected=5159
2026-09-29 12:47:05 | INFO    | LISTING   | Listing Hopscotch route https://www.myntra.com/hopscotch page 47 -> https://www.myntra.com/gateway/v4/search/hopscotch?rows=50&o=2300&plaEnabled=false&xdEnabled=false&isFacet=true&p=47 | run_id=run_20260929_121204_794270_9f761b | brand=Hopscotch | page=47 | route=https://www.myntra.com/hopscotch | seen=2201 | expected=5159
2026-09-29 12:47:06 | INFO    | LISTING   | Listing Hopscotch route https://www.myntra.com/hopscotch page 48 -> https://www.myntra.com/gateway/v4/search/hopscotch?rows=50&o=2350&plaEnabled=false&xdEnabled=false&isFacet=true&p=48 | run_id=run_20260929_121204_794270_9f761b | brand=Hopscotch | page=48 | route=https://www.myntra.com/hopscotch | seen=2250 | expected=5159
2026-09-29 12:47:07 | INFO    | PDP       | Processed 1 target products for Hopscotch in 1s (68.64 products/min). | run_id=run_20260929_121204_794270_9f761b | brand=Hopscotch | saved=1 | elapsed_label=1s | products_per_minute=68.64
2026-09-29 12:47:07 | INFO    | LISTING   | Listing Hopscotch route https://www.myntra.com/hopscotch page 49 -> https://www.myntra.com/gateway/v4/search/hopscotch?rows=50&o=2400&plaEnabled=false&xdEnabled=false&isFacet=true&p=49 | run_id=run_20260929_121204_794270_9f761b | brand=Hopscotch | page=49 | route=https://www.myntra.com/hopscotch | seen=2294 | expected=5159
2026-09-29 12:47:08 | INFO    | LISTING   | Listing Hopscotch route https://www.myntra.com/hopscotch page 50 -> https://www.myntra.com/gateway/v4/search/hopscotch?rows=50&o=2450&plaEnabled=false&xdEnabled=false&isFacet=true&p=50 | run_id=run_20260929_121204_794270_9f761b | brand=Hopscotch | page=50 | route=https://www.myntra.com/hopscotch | seen=2337 | expected=5159
2026-09-29 12:47:09 | INFO    | LISTING   | Listing Hopscotch route https://www.myntra.com/hopscotch page 51 -> https://www.myntra.com/gateway/v4/search/hopscotch?rows=50&o=2500&plaEnabled=false&xdEnabled=false&isFacet=true&p=51 | run_id=run_20260929_121204_794270_9f761b | brand=Hopscotch | page=51 | route=https://www.myntra.com/hopscotch | seen=2356 | expected=5159
2026-09-29 12:47:10 | INFO    | LISTING   | Listing Hopscotch route https://www.myntra.com/hopscotch page 52 -> https://www.myntra.com/gateway/v4/search/hopscotch?rows=50&o=2550&plaEnabled=false&xdEnabled=false&isFacet=true&p=52 | run_id=run_20260929_121204_794270_9f761b | brand=Hopscotch | page=52 | route=https://www.myntra.com/hopscotch | seen=2390 | expected=5159
2026-09-29 12:47:11 | INFO    | LISTING   | Listing Hopscotch route https://www.myntra.com/hopscotch page 53 -> https://www.myntra.com/gateway/v4/search/hopscotch?rows=50&o=2600&plaEnabled=false&xdEnabled=false&isFacet=true&p=53 | run_id=run_20260929_121204_794270_9f761b | brand=Hopscotch | page=53 | route=https://www.myntra.com/hopscotch | seen=2437 | expected=5159
2026-09-29 12:47:12 | INFO    | LISTING   | Listing Hopscotch route https://www.myntra.com/hopscotch page 54 -> https://www.myntra.com/gateway/v4/search/hopscotch?rows=50&o=2650&plaEnabled=false&xdEnabled=false&isFacet=true&p=54 | run_id=run_20260929_121204_794270_9f761b | brand=Hopscotch | page=54 | route=https://www.myntra.com/hopscotch | seen=2483 | expected=5159
2026-09-29 12:47:12 | INFO    | LISTING   | Listing Hopscotch route https://www.myntra.com/hopscotch page 55 -> https://www.myntra.com/gateway/v4/search/hopscotch?rows=50&o=2700&plaEnabled=false&xdEnabled=false&isFacet=true&p=55 | run_id=run_20260929_121204_794270_9f761b | brand=Hopscotch | page=55 | route=https://www.myntra.com/hopscotch | seen=2515 | expected=5159
2026-09-29 12:47:13 | INFO    | LISTING   | Listing Hopscotch route https://www.myntra.com/hopscotch page 56 -> https://www.myntra.com/gateway/v4/search/hopscotch?rows=50&o=2750&plaEnabled=false&xdEnabled=false&isFacet=true&p=56 | run_id=run_20260929_121204_794270_9f761b | brand=Hopscotch | page=56 | route=https://www.myntra.com/hopscotch | seen=2559 | expected=5159
2026-09-29 12:47:14 | INFO    | LISTING   | Listing Hopscotch route https://www.myntra.com/hopscotch page 57 -> https://www.myntra.com/gateway/v4/search/hopscotch?rows=50&o=2800&plaEnabled=false&xdEnabled=false&isFacet=true&p=57 | run_id=run_20260929_121204_794270_9f761b | brand=Hopscotch | page=57 | route=https://www.myntra.com/hopscotch | seen=2608 | expected=5159
2026-09-29 12:47:15 | INFO    | LISTING   | Listing Hopscotch route https://www.myntra.com/hopscotch page 58 -> https://www.myntra.com/gateway/v4/search/hopscotch?rows=50&o=2850&plaEnabled=false&xdEnabled=false&isFacet=true&p=58 | run_id=run_20260929_121204_794270_9f761b | brand=Hopscotch | page=58 | route=https://www.myntra.com/hopscotch | seen=2658 | expected=5159
2026-09-29 12:47:15 | INFO    | LISTING   | Listing Hopscotch route https://www.myntra.com/hopscotch page 59 -> https://www.myntra.com/gateway/v4/search/hopscotch?rows=50&o=2900&plaEnabled=false&xdEnabled=false&isFacet=true&p=59 | run_id=run_20260929_121204_794270_9f761b | brand=Hopscotch | page=59 | route=https://www.myntra.com/hopscotch | seen=2707 | expected=5159
2026-09-29 12:47:16 | INFO    | LISTING   | Listing Hopscotch route https://www.myntra.com/hopscotch page 60 -> https://www.myntra.com/gateway/v4/search/hopscotch?rows=50&o=2950&plaEnabled=false&xdEnabled=false&isFacet=true&p=60 | run_id=run_20260929_121204_794270_9f761b | brand=Hopscotch | page=60 | route=https://www.myntra.com/hopscotch | seen=2757 | expected=5159
2026-09-29 12:47:17 | INFO    | LISTING   | Listing Hopscotch route https://www.myntra.com/hopscotch page 61 -> https://www.myntra.com/gateway/v4/search/hopscotch?rows=50&o=3000&plaEnabled=false&xdEnabled=false&isFacet=true&p=61 | run_id=run_20260929_121204_794270_9f761b | brand=Hopscotch | page=61 | route=https://www.myntra.com/hopscotch | seen=2803 | expected=5159
2026-09-29 12:47:18 | INFO    | LISTING   | Listing Hopscotch route https://www.myntra.com/hopscotch page 62 -> https://www.myntra.com/gateway/v4/search/hopscotch?rows=50&o=3050&plaEnabled=false&xdEnabled=false&isFacet=true&p=62 | run_id=run_20260929_121204_794270_9f761b | brand=Hopscotch | page=62 | route=https://www.myntra.com/hopscotch | seen=2850 | expected=5159
2026-09-29 12:47:19 | INFO    | PDP       | Processed 1 target products for Hopscotch in 1s (57.33 products/min). | run_id=run_20260929_121204_794270_9f761b | brand=Hopscotch | saved=1 | elapsed_label=1s | products_per_minute=57.33
2026-09-29 12:47:19 | INFO    | LISTING   | Listing Hopscotch route https://www.myntra.com/hopscotch page 63 -> https://www.myntra.com/gateway/v4/search/hopscotch?rows=50&o=3100&plaEnabled=false&xdEnabled=false&isFacet=true&p=63 | run_id=run_20260929_121204_794270_9f761b | brand=Hopscotch | page=63 | route=https://www.myntra.com/hopscotch | seen=2897 | expected=5159
2026-09-29 12:47:20 | INFO    | LISTING   | Listing Hopscotch route https://www.myntra.com/hopscotch page 64 -> https://www.myntra.com/gateway/v4/search/hopscotch?rows=50&o=3150&plaEnabled=false&xdEnabled=false&isFacet=true&p=64 | run_id=run_20260929_121204_794270_9f761b | brand=Hopscotch | page=64 | route=https://www.myntra.com/hopscotch | seen=2946 | expected=5159
2026-09-29 12:47:21 | INFO    | LISTING   | Listing Hopscotch route https://www.myntra.com/hopscotch page 65 -> https://www.myntra.com/gateway/v4/search/hopscotch?rows=50&o=3200&plaEnabled=false&xdEnabled=false&isFacet=true&p=65 | run_id=run_20260929_121204_794270_9f761b | brand=Hopscotch | page=65 | route=https://www.myntra.com/hopscotch | seen=2989 | expected=5159
2026-09-29 12:47:22 | INFO    | LISTING   | Listing Hopscotch route https://www.myntra.com/hopscotch page 66 -> https://www.myntra.com/gateway/v4/search/hopscotch?rows=50&o=3250&plaEnabled=false&xdEnabled=false&isFacet=true&p=66 | run_id=run_20260929_121204_794270_9f761b | brand=Hopscotch | page=66 | route=https://www.myntra.com/hopscotch | seen=3039 | expected=5159
2026-09-29 12:47:22 | INFO    | LISTING   | Listing Hopscotch route https://www.myntra.com/hopscotch page 67 -> https://www.myntra.com/gateway/v4/search/hopscotch?rows=50&o=3300&plaEnabled=false&xdEnabled=false&isFacet=true&p=67 | run_id=run_20260929_121204_794270_9f761b | brand=Hopscotch | page=67 | route=https://www.myntra.com/hopscotch | seen=3089 | expected=5159
2026-09-29 12:47:23 | INFO    | LISTING   | Listing Hopscotch route https://www.myntra.com/hopscotch page 68 -> https://www.myntra.com/gateway/v4/search/hopscotch?rows=50&o=3350&plaEnabled=false&xdEnabled=false&isFacet=true&p=68 | run_id=run_20260929_121204_794270_9f761b | brand=Hopscotch | page=68 | route=https://www.myntra.com/hopscotch | seen=3139 | expected=5159
2026-09-29 12:47:24 | INFO    | LISTING   | Listing Hopscotch route https://www.myntra.com/hopscotch page 69 -> https://www.myntra.com/gateway/v4/search/hopscotch?rows=50&o=3400&plaEnabled=false&xdEnabled=false&isFacet=true&p=69 | run_id=run_20260929_121204_794270_9f761b | brand=Hopscotch | page=69 | route=https://www.myntra.com/hopscotch | seen=3187 | expected=5159
2026-09-29 12:47:24 | INFO    | LISTING   | Listing Hopscotch route https://www.myntra.com/hopscotch page 70 -> https://www.myntra.com/gateway/v4/search/hopscotch?rows=50&o=3450&plaEnabled=false&xdEnabled=false&isFacet=true&p=70 | run_id=run_20260929_121204_794270_9f761b | brand=Hopscotch | page=70 | route=https://www.myntra.com/hopscotch | seen=3235 | expected=5159
2026-09-29 12:47:25 | INFO    | LISTING   | Listing Hopscotch route https://www.myntra.com/hopscotch page 71 -> https://www.myntra.com/gateway/v4/search/hopscotch?rows=50&o=3500&plaEnabled=false&xdEnabled=false&isFacet=true&p=71 | run_id=run_20260929_121204_794270_9f761b | brand=Hopscotch | page=71 | route=https://www.myntra.com/hopscotch | seen=3285 | expected=5159
2026-09-29 12:47:26 | INFO    | LISTING   | Listing Hopscotch route https://www.myntra.com/hopscotch page 72 -> https://www.myntra.com/gateway/v4/search/hopscotch?rows=50&o=3550&plaEnabled=false&xdEnabled=false&isFacet=true&p=72 | run_id=run_20260929_121204_794270_9f761b | brand=Hopscotch | page=72 | route=https://www.myntra.com/hopscotch | seen=3331 | expected=5159
2026-09-29 12:47:27 | INFO    | LISTING   | Listing Hopscotch route https://www.myntra.com/hopscotch page 73 -> https://www.myntra.com/gateway/v4/search/hopscotch?rows=50&o=3600&plaEnabled=false&xdEnabled=false&isFacet=true&p=73 | run_id=run_20260929_121204_794270_9f761b | brand=Hopscotch | page=73 | route=https://www.myntra.com/hopscotch | seen=3381 | expected=5159
2026-09-29 12:47:27 | INFO    | LISTING   | Listing Hopscotch route https://www.myntra.com/hopscotch page 74 -> https://www.myntra.com/gateway/v4/search/hopscotch?rows=50&o=3650&plaEnabled=false&xdEnabled=false&isFacet=true&p=74 | run_id=run_20260929_121204_794270_9f761b | brand=Hopscotch | page=74 | route=https://www.myntra.com/hopscotch | seen=3428 | expected=5159
2026-09-29 12:47:28 | INFO    | LISTING   | Listing Hopscotch route https://www.myntra.com/hopscotch page 75 -> https://www.myntra.com/gateway/v4/search/hopscotch?rows=50&o=3700&plaEnabled=false&xdEnabled=false&isFacet=true&p=75 | run_id=run_20260929_121204_794270_9f761b | brand=Hopscotch | page=75 | route=https://www.myntra.com/hopscotch | seen=3477 | expected=5159
2026-09-29 12:47:29 | INFO    | LISTING   | Listing Hopscotch route https://www.myntra.com/hopscotch page 76 -> https://www.myntra.com/gateway/v4/search/hopscotch?rows=50&o=3750&plaEnabled=false&xdEnabled=false&isFacet=true&p=76 | run_id=run_20260929_121204_794270_9f761b | brand=Hopscotch | page=76 | route=https://www.myntra.com/hopscotch | seen=3523 | expected=5159
2026-09-29 12:47:29 | INFO    | LISTING   | Listing Hopscotch route https://www.myntra.com/hopscotch page 77 -> https://www.myntra.com/gateway/v4/search/hopscotch?rows=50&o=3800&plaEnabled=false&xdEnabled=false&isFacet=true&p=77 | run_id=run_20260929_121204_794270_9f761b | brand=Hopscotch | page=77 | route=https://www.myntra.com/hopscotch | seen=3573 | expected=5159
2026-09-29 12:47:30 | INFO    | LISTING   | Listing Hopscotch route https://www.myntra.com/hopscotch page 78 -> https://www.myntra.com/gateway/v4/search/hopscotch?rows=50&o=3850&plaEnabled=false&xdEnabled=false&isFacet=true&p=78 | run_id=run_20260929_121204_794270_9f761b | brand=Hopscotch | page=78 | route=https://www.myntra.com/hopscotch | seen=3617 | expected=5159
2026-09-29 12:47:31 | INFO    | LISTING   | Listing Hopscotch route https://www.myntra.com/hopscotch page 79 -> https://www.myntra.com/gateway/v4/search/hopscotch?rows=50&o=3900&plaEnabled=false&xdEnabled=false&isFacet=true&p=79 | run_id=run_20260929_121204_794270_9f761b | brand=Hopscotch | page=79 | route=https://www.myntra.com/hopscotch | seen=3663 | expected=5159
2026-09-29 12:47:31 | INFO    | LISTING   | Listing Hopscotch route https://www.myntra.com/hopscotch page 80 -> https://www.myntra.com/gateway/v4/search/hopscotch?rows=50&o=3950&plaEnabled=false&xdEnabled=false&isFacet=true&p=80 | run_id=run_20260929_121204_794270_9f761b | brand=Hopscotch | page=80 | route=https://www.myntra.com/hopscotch | seen=3707 | expected=5159
2026-09-29 12:47:32 | INFO    | LISTING   | Listing Hopscotch route https://www.myntra.com/hopscotch page 81 -> https://www.myntra.com/gateway/v4/search/hopscotch?rows=50&o=4000&plaEnabled=false&xdEnabled=false&isFacet=true&p=81 | run_id=run_20260929_121204_794270_9f761b | brand=Hopscotch | page=81 | route=https://www.myntra.com/hopscotch | seen=3755 | expected=5159
2026-09-29 12:47:33 | INFO    | LISTING   | Listing Hopscotch route https://www.myntra.com/hopscotch page 82 -> https://www.myntra.com/gateway/v4/search/hopscotch?rows=50&o=4050&plaEnabled=false&xdEnabled=false&isFacet=true&p=82 | run_id=run_20260929_121204_794270_9f761b | brand=Hopscotch | page=82 | route=https://www.myntra.com/hopscotch | seen=3802 | expected=5159
2026-09-29 12:47:35 | INFO    | PDP       | Processed 1 target products for Hopscotch in 1s (46.28 products/min). | run_id=run_20260929_121204_794270_9f761b | brand=Hopscotch | saved=1 | elapsed_label=1s | products_per_minute=46.28
2026-09-29 12:47:35 | INFO    | LISTING   | Listing Hopscotch route https://www.myntra.com/hopscotch page 83 -> https://www.myntra.com/gateway/v4/search/hopscotch?rows=50&o=4100&plaEnabled=false&xdEnabled=false&isFacet=true&p=83 | run_id=run_20260929_121204_794270_9f761b | brand=Hopscotch | page=83 | route=https://www.myntra.com/hopscotch | seen=3847 | expected=5159
2026-09-29 12:47:36 | INFO    | PDP       | Processed 3 target products for Hopscotch in 1s (183.93 products/min). | run_id=run_20260929_121204_794270_9f761b | brand=Hopscotch | saved=3 | elapsed_label=1s | products_per_minute=183.93
2026-09-29 12:47:36 | INFO    | LISTING   | Listing Hopscotch route https://www.myntra.com/hopscotch page 84 -> https://www.myntra.com/gateway/v4/search/hopscotch?rows=50&o=4150&plaEnabled=false&xdEnabled=false&isFacet=true&p=84 | run_id=run_20260929_121204_794270_9f761b | brand=Hopscotch | page=84 | route=https://www.myntra.com/hopscotch | seen=3897 | expected=5159
2026-09-29 12:47:37 | INFO    | LISTING   | Listing Hopscotch route https://www.myntra.com/hopscotch page 85 -> https://www.myntra.com/gateway/v4/search/hopscotch?rows=50&o=4200&plaEnabled=false&xdEnabled=false&isFacet=true&p=85 | run_id=run_20260929_121204_794270_9f761b | brand=Hopscotch | page=85 | route=https://www.myntra.com/hopscotch | seen=3938 | expected=5159
2026-09-29 12:47:38 | INFO    | LISTING   | Listing Hopscotch route https://www.myntra.com/hopscotch page 86 -> https://www.myntra.com/gateway/v4/search/hopscotch?rows=50&o=4250&plaEnabled=false&xdEnabled=false&isFacet=true&p=86 | run_id=run_20260929_121204_794270_9f761b | brand=Hopscotch | page=86 | route=https://www.myntra.com/hopscotch | seen=3985 | expected=5159
2026-09-29 12:47:39 | INFO    | LISTING   | Listing Hopscotch route https://www.myntra.com/hopscotch page 87 -> https://www.myntra.com/gateway/v4/search/hopscotch?rows=50&o=4300&plaEnabled=false&xdEnabled=false&isFacet=true&p=87 | run_id=run_20260929_121204_794270_9f761b | brand=Hopscotch | page=87 | route=https://www.myntra.com/hopscotch | seen=4035 | expected=5159
2026-09-29 12:47:40 | INFO    | LISTING   | Listing Hopscotch route https://www.myntra.com/hopscotch page 88 -> https://www.myntra.com/gateway/v4/search/hopscotch?rows=50&o=4350&plaEnabled=false&xdEnabled=false&isFacet=true&p=88 | run_id=run_20260929_121204_794270_9f761b | brand=Hopscotch | page=88 | route=https://www.myntra.com/hopscotch | seen=4085 | expected=5159
2026-09-29 12:47:41 | INFO    | LISTING   | Listing Hopscotch route https://www.myntra.com/hopscotch page 89 -> https://www.myntra.com/gateway/v4/search/hopscotch?rows=50&o=4400&plaEnabled=false&xdEnabled=false&isFacet=true&p=89 | run_id=run_20260929_121204_794270_9f761b | brand=Hopscotch | page=89 | route=https://www.myntra.com/hopscotch | seen=4135 | expected=5159
2026-09-29 12:47:41 | INFO    | LISTING   | Listing Hopscotch route https://www.myntra.com/hopscotch page 90 -> https://www.myntra.com/gateway/v4/search/hopscotch?rows=50&o=4450&plaEnabled=false&xdEnabled=false&isFacet=true&p=90 | run_id=run_20260929_121204_794270_9f761b | brand=Hopscotch | page=90 | route=https://www.myntra.com/hopscotch | seen=4184 | expected=5159
2026-09-29 12:47:42 | INFO    | LISTING   | Listing Hopscotch route https://www.myntra.com/hopscotch page 91 -> https://www.myntra.com/gateway/v4/search/hopscotch?rows=50&o=4500&plaEnabled=false&xdEnabled=false&isFacet=true&p=91 | run_id=run_20260929_121204_794270_9f761b | brand=Hopscotch | page=91 | route=https://www.myntra.com/hopscotch | seen=4234 | expected=5159
2026-09-29 12:47:43 | INFO    | LISTING   | Listing Hopscotch route https://www.myntra.com/hopscotch page 92 -> https://www.myntra.com/gateway/v4/search/hopscotch?rows=50&o=4550&plaEnabled=false&xdEnabled=false&isFacet=true&p=92 | run_id=run_20260929_121204_794270_9f761b | brand=Hopscotch | page=92 | route=https://www.myntra.com/hopscotch | seen=4283 | expected=5159
2026-09-29 12:47:43 | INFO    | LISTING   | Listing Hopscotch route https://www.myntra.com/hopscotch page 93 -> https://www.myntra.com/gateway/v4/search/hopscotch?rows=50&o=4600&plaEnabled=false&xdEnabled=false&isFacet=true&p=93 | run_id=run_20260929_121204_794270_9f761b | brand=Hopscotch | page=93 | route=https://www.myntra.com/hopscotch | seen=4326 | expected=5159
2026-09-29 12:47:44 | INFO    | LISTING   | Listing Hopscotch route https://www.myntra.com/hopscotch page 94 -> https://www.myntra.com/gateway/v4/search/hopscotch?rows=50&o=4650&plaEnabled=false&xdEnabled=false&isFacet=true&p=94 | run_id=run_20260929_121204_794270_9f761b | brand=Hopscotch | page=94 | route=https://www.myntra.com/hopscotch | seen=4374 | expected=5159
2026-09-29 12:47:45 | INFO    | LISTING   | Listing Hopscotch route https://www.myntra.com/hopscotch page 95 -> https://www.myntra.com/gateway/v4/search/hopscotch?rows=50&o=4700&plaEnabled=false&xdEnabled=false&isFacet=true&p=95 | run_id=run_20260929_121204_794270_9f761b | brand=Hopscotch | page=95 | route=https://www.myntra.com/hopscotch | seen=4424 | expected=5159
2026-09-29 12:47:46 | INFO    | LISTING   | Listing Hopscotch route https://www.myntra.com/hopscotch page 96 -> https://www.myntra.com/gateway/v4/search/hopscotch?rows=50&o=4750&plaEnabled=false&xdEnabled=false&isFacet=true&p=96 | run_id=run_20260929_121204_794270_9f761b | brand=Hopscotch | page=96 | route=https://www.myntra.com/hopscotch | seen=4469 | expected=5159
2026-09-29 12:47:47 | INFO    | LISTING   | Listing Hopscotch route https://www.myntra.com/hopscotch page 97 -> https://www.myntra.com/gateway/v4/search/hopscotch?rows=50&o=4800&plaEnabled=false&xdEnabled=false&isFacet=true&p=97 | run_id=run_20260929_121204_794270_9f761b | brand=Hopscotch | page=97 | route=https://www.myntra.com/hopscotch | seen=4513 | expected=5159
2026-09-29 12:47:47 | INFO    | LISTING   | Listing Hopscotch route https://www.myntra.com/hopscotch page 98 -> https://www.myntra.com/gateway/v4/search/hopscotch?rows=50&o=4850&plaEnabled=false&xdEnabled=false&isFacet=true&p=98 | run_id=run_20260929_121204_794270_9f761b | brand=Hopscotch | page=98 | route=https://www.myntra.com/hopscotch | seen=4563 | expected=5159
2026-09-29 12:47:48 | INFO    | LISTING   | Listing Hopscotch route https://www.myntra.com/hopscotch page 99 -> https://www.myntra.com/gateway/v4/search/hopscotch?rows=50&o=4900&plaEnabled=false&xdEnabled=false&isFacet=true&p=99 | run_id=run_20260929_121204_794270_9f761b | brand=Hopscotch | page=99 | route=https://www.myntra.com/hopscotch | seen=4613 | expected=5159
2026-09-29 12:47:49 | INFO    | LISTING   | Listing Hopscotch route https://www.myntra.com/hopscotch page 100 -> https://www.myntra.com/gateway/v4/search/hopscotch?rows=50&o=4950&plaEnabled=false&xdEnabled=false&isFacet=true&p=100 | run_id=run_20260929_121204_794270_9f761b | brand=Hopscotch | page=100 | route=https://www.myntra.com/hopscotch | seen=4661 | expected=5159
2026-09-29 12:47:49 | INFO    | LISTING   | Listing Hopscotch route https://www.myntra.com/hopscotch page 101 -> https://www.myntra.com/gateway/v4/search/hopscotch?rows=50&o=5000&plaEnabled=false&xdEnabled=false&isFacet=true&p=101 | run_id=run_20260929_121204_794270_9f761b | brand=Hopscotch | page=101 | route=https://www.myntra.com/hopscotch | seen=4708 | expected=5159
2026-09-29 12:47:50 | INFO    | LISTING   | Listing Hopscotch route https://www.myntra.com/hopscotch page 102 -> https://www.myntra.com/gateway/v4/search/hopscotch?rows=50&o=5050&plaEnabled=false&xdEnabled=false&isFacet=true&p=102 | run_id=run_20260929_121204_794270_9f761b | brand=Hopscotch | page=102 | route=https://www.myntra.com/hopscotch | seen=4757 | expected=5159
2026-09-29 12:47:51 | INFO    | LISTING   | Listing Hopscotch route https://www.myntra.com/hopscotch page 103 -> https://www.myntra.com/gateway/v4/search/hopscotch?rows=50&o=5100&plaEnabled=false&xdEnabled=false&isFacet=true&p=103 | run_id=run_20260929_121204_794270_9f761b | brand=Hopscotch | page=103 | route=https://www.myntra.com/hopscotch | seen=4806 | expected=5159
2026-09-29 12:47:51 | INFO    | LISTING   | Listing Hopscotch route https://www.myntra.com/hopscotch page 104 -> https://www.myntra.com/gateway/v4/search/hopscotch?rows=50&o=5150&plaEnabled=false&xdEnabled=false&isFacet=true&p=104 | run_id=run_20260929_121204_794270_9f761b | brand=Hopscotch | page=104 | route=https://www.myntra.com/hopscotch | seen=4856 | expected=5159
2026-09-29 12:47:52 | INFO    | PDP       | Processed 1 target products for Hopscotch in 0s (142.74 products/min). | run_id=run_20260929_121204_794270_9f761b | brand=Hopscotch | saved=1 | elapsed_label=0s | products_per_minute=142.74
2026-09-29 12:47:52 | WARNING | LISTING   | Retrying route https://www.myntra.com/hopscotch for Hopscotch (pass 1/2) after incomplete coverage: 4905/5159 unique products seen. | run_id=run_20260929_121204_794270_9f761b | brand=Hopscotch | route=https://www.myntra.com/hopscotch | seen=4905 | expected=5159 | attempt=1/2
2026-09-29 12:47:52 | INFO    | LISTING   | Listing Hopscotch route https://www.myntra.com/hopscotch page 1 -> https://www.myntra.com/gateway/v4/search/hopscotch?rows=50&o=0&plaEnabled=false&xdEnabled=false&isFacet=true&p=1 | run_id=run_20260929_121204_794270_9f761b | brand=Hopscotch | page=1 | route=https://www.myntra.com/hopscotch | seen=4905 | expected=5159
2026-09-29 12:47:53 | INFO    | LISTING   | Listing Hopscotch route https://www.myntra.com/hopscotch page 2 -> https://www.myntra.com/gateway/v4/search/hopscotch?rows=50&o=50&plaEnabled=false&xdEnabled=false&isFacet=true&p=2 | run_id=run_20260929_121204_794270_9f761b | brand=Hopscotch | page=2 | route=https://www.myntra.com/hopscotch | seen=4905 | expected=5159
2026-09-29 12:47:54 | INFO    | LISTING   | Listing Hopscotch route https://www.myntra.com/hopscotch page 3 -> https://www.myntra.com/gateway/v4/search/hopscotch?rows=50&o=100&plaEnabled=false&xdEnabled=false&isFacet=true&p=3 | run_id=run_20260929_121204_794270_9f761b | brand=Hopscotch | page=3 | route=https://www.myntra.com/hopscotch | seen=4905 | expected=5159
2026-09-29 12:47:54 | WARNING | LISTING   | Route https://www.myntra.com/hopscotch for Hopscotch stalled for 3 consecutive pages before reaching expected total; restarting route pass. | run_id=run_20260929_121204_794270_9f761b | brand=Hopscotch | page=3 | route=https://www.myntra.com/hopscotch | seen=4905 | expected=5159
2026-09-29 12:47:54 | WARNING | LISTING   | Retrying route https://www.myntra.com/hopscotch for Hopscotch (pass 2/2) after incomplete coverage: 4905/5159 unique products seen. | run_id=run_20260929_121204_794270_9f761b | brand=Hopscotch | route=https://www.myntra.com/hopscotch | seen=4905 | expected=5159 | attempt=2/2
2026-09-29 12:47:54 | INFO    | LISTING   | Listing Hopscotch route https://www.myntra.com/hopscotch page 1 -> https://www.myntra.com/gateway/v4/search/hopscotch?rows=50&o=0&plaEnabled=false&xdEnabled=false&isFacet=true&p=1 | run_id=run_20260929_121204_794270_9f761b | brand=Hopscotch | page=1 | route=https://www.myntra.com/hopscotch | seen=4905 | expected=5159
2026-09-29 12:47:55 | INFO    | LISTING   | Listing Hopscotch route https://www.myntra.com/hopscotch page 2 -> https://www.myntra.com/gateway/v4/search/hopscotch?rows=50&o=50&plaEnabled=false&xdEnabled=false&isFacet=true&p=2 | run_id=run_20260929_121204_794270_9f761b | brand=Hopscotch | page=2 | route=https://www.myntra.com/hopscotch | seen=4905 | expected=5159
2026-09-29 12:47:56 | INFO    | LISTING   | Listing Hopscotch route https://www.myntra.com/hopscotch page 3 -> https://www.myntra.com/gateway/v4/search/hopscotch?rows=50&o=100&plaEnabled=false&xdEnabled=false&isFacet=true&p=3 | run_id=run_20260929_121204_794270_9f761b | brand=Hopscotch | page=3 | route=https://www.myntra.com/hopscotch | seen=4905 | expected=5159
2026-09-29 12:47:56 | WARNING | LISTING   | Route https://www.myntra.com/hopscotch for Hopscotch stalled for 3 consecutive pages before reaching expected total; restarting route pass. | run_id=run_20260929_121204_794270_9f761b | brand=Hopscotch | page=3 | route=https://www.myntra.com/hopscotch | seen=4905 | expected=5159
2026-09-29 12:47:56 | WARNING | BRAND     | Brand Hopscotch finished below expected count: saw 4905 unique shirts products vs expected 5159. | run_id=run_20260929_121204_794270_9f761b | brand=Hopscotch | seen=4905 | expected=5159
2026-09-29 12:47:56 | INFO    | BRAND     | Brand scrape completed in 1m 31s (3255.77 products/min). | run_id=run_20260929_121204_794270_9f761b | brand=Hopscotch | status=COMPLETED | saved=4915 | seen=4905 | expected=5159 | elapsed_label=1m 31s | products_per_minute=3255.77
2026-09-29 12:47:56 | INFO    | AUDIT     | Audit retry completed for Hopscotch: saved=16, shortfall_before=259 | run_id=run_20260929_121204_794270_9f761b | brand=Hopscotch | saved=16
2026-09-29 12:47:56 | INFO    | BRAND     | Resolving brand routes. | run_id=run_20260929_121204_794270_9f761b | brand=H&M (Kids)
2026-09-29 12:47:57 | INFO    | BRAND     | Resolved H&M (Kids) -> 2 routes (best brand total=6129): https://www.myntra.com/h-and-m-kids, https://www.myntra.com/kids-hm | run_id=run_20260929_121204_794270_9f761b | brand=H&M (Kids) | expected=6129
2026-09-29 12:47:57 | INFO    | BRAND     | Starting brand scrape. | run_id=run_20260929_121204_794270_9f761b | brand=H&M (Kids) | expected=6129
2026-09-29 12:47:57 | INFO    | LISTING   | Listing H&M (Kids) route https://www.myntra.com/h-and-m-kids page 1 -> https://www.myntra.com/gateway/v4/search/h-and-m-kids?rows=50&o=0&plaEnabled=false&xdEnabled=false&isFacet=true&p=1 | run_id=run_20260929_121204_794270_9f761b | brand=H&M (Kids) | page=1 | route=https://www.myntra.com/h-and-m-kids | seen=0 | expected=6129
2026-09-29 12:47:58 | INFO    | LISTING   | Listing H&M (Kids) route https://www.myntra.com/h-and-m-kids page 2 -> https://www.myntra.com/gateway/v4/search/h-and-m-kids?rows=50&o=50&plaEnabled=false&xdEnabled=false&isFacet=true&p=2 | run_id=run_20260929_121204_794270_9f761b | brand=H&M (Kids) | page=2 | route=https://www.myntra.com/h-and-m-kids | seen=43 | expected=6129
2026-09-29 12:47:59 | INFO    | LISTING   | Listing H&M (Kids) route https://www.myntra.com/h-and-m-kids page 3 -> https://www.myntra.com/gateway/v4/search/h-and-m-kids?rows=50&o=100&plaEnabled=false&xdEnabled=false&isFacet=true&p=3 | run_id=run_20260929_121204_794270_9f761b | brand=H&M (Kids) | page=3 | route=https://www.myntra.com/h-and-m-kids | seen=92 | expected=6129
2026-09-29 12:47:59 | INFO    | LISTING   | Listing H&M (Kids) route https://www.myntra.com/h-and-m-kids page 4 -> https://www.myntra.com/gateway/v4/search/h-and-m-kids?rows=50&o=150&plaEnabled=false&xdEnabled=false&isFacet=true&p=4 | run_id=run_20260929_121204_794270_9f761b | brand=H&M (Kids) | page=4 | route=https://www.myntra.com/h-and-m-kids | seen=141 | expected=6129
2026-09-29 12:48:00 | INFO    | LISTING   | Listing H&M (Kids) route https://www.myntra.com/h-and-m-kids page 5 -> https://www.myntra.com/gateway/v4/search/h-and-m-kids?rows=50&o=200&plaEnabled=false&xdEnabled=false&isFacet=true&p=5 | run_id=run_20260929_121204_794270_9f761b | brand=H&M (Kids) | page=5 | route=https://www.myntra.com/h-and-m-kids | seen=188 | expected=6129
2026-09-29 12:48:00 | INFO    | LISTING   | Listing H&M (Kids) route https://www.myntra.com/h-and-m-kids page 6 -> https://www.myntra.com/gateway/v4/search/h-and-m-kids?rows=50&o=250&plaEnabled=false&xdEnabled=false&isFacet=true&p=6 | run_id=run_20260929_121204_794270_9f761b | brand=H&M (Kids) | page=6 | route=https://www.myntra.com/h-and-m-kids | seen=237 | expected=6129
2026-09-29 12:48:01 | INFO    | LISTING   | Listing H&M (Kids) route https://www.myntra.com/h-and-m-kids page 7 -> https://www.myntra.com/gateway/v4/search/h-and-m-kids?rows=50&o=300&plaEnabled=false&xdEnabled=false&isFacet=true&p=7 | run_id=run_20260929_121204_794270_9f761b | brand=H&M (Kids) | page=7 | route=https://www.myntra.com/h-and-m-kids | seen=282 | expected=6129
2026-09-29 12:48:02 | INFO    | LISTING   | Listing H&M (Kids) route https://www.myntra.com/h-and-m-kids page 8 -> https://www.myntra.com/gateway/v4/search/h-and-m-kids?rows=50&o=350&plaEnabled=false&xdEnabled=false&isFacet=true&p=8 | run_id=run_20260929_121204_794270_9f761b | brand=H&M (Kids) | page=8 | route=https://www.myntra.com/h-and-m-kids | seen=324 | expected=6129
2026-09-29 12:48:02 | INFO    | LISTING   | Listing H&M (Kids) route https://www.myntra.com/h-and-m-kids page 9 -> https://www.myntra.com/gateway/v4/search/h-and-m-kids?rows=50&o=400&plaEnabled=false&xdEnabled=false&isFacet=true&p=9 | run_id=run_20260929_121204_794270_9f761b | brand=H&M (Kids) | page=9 | route=https://www.myntra.com/h-and-m-kids | seen=370 | expected=6129
2026-09-29 12:48:03 | INFO    | LISTING   | Listing H&M (Kids) route https://www.myntra.com/h-and-m-kids page 10 -> https://www.myntra.com/gateway/v4/search/h-and-m-kids?rows=50&o=450&plaEnabled=false&xdEnabled=false&isFacet=true&p=10 | run_id=run_20260929_121204_794270_9f761b | brand=H&M (Kids) | page=10 | route=https://www.myntra.com/h-and-m-kids | seen=417 | expected=6129
2026-09-29 12:48:03 | INFO    | LISTING   | Listing H&M (Kids) route https://www.myntra.com/h-and-m-kids page 11 -> https://www.myntra.com/gateway/v4/search/h-and-m-kids?rows=50&o=500&plaEnabled=false&xdEnabled=false&isFacet=true&p=11 | run_id=run_20260929_121204_794270_9f761b | brand=H&M (Kids) | page=11 | route=https://www.myntra.com/h-and-m-kids | seen=465 | expected=6129
2026-09-29 12:48:04 | INFO    | LISTING   | Listing H&M (Kids) route https://www.myntra.com/h-and-m-kids page 12 -> https://www.myntra.com/gateway/v4/search/h-and-m-kids?rows=50&o=550&plaEnabled=false&xdEnabled=false&isFacet=true&p=12 | run_id=run_20260929_121204_794270_9f761b | brand=H&M (Kids) | page=12 | route=https://www.myntra.com/h-and-m-kids | seen=513 | expected=6129
2026-09-29 12:48:04 | INFO    | LISTING   | Listing H&M (Kids) route https://www.myntra.com/h-and-m-kids page 13 -> https://www.myntra.com/gateway/v4/search/h-and-m-kids?rows=50&o=600&plaEnabled=false&xdEnabled=false&isFacet=true&p=13 | run_id=run_20260929_121204_794270_9f761b | brand=H&M (Kids) | page=13 | route=https://www.myntra.com/h-and-m-kids | seen=559 | expected=6129
2026-09-29 12:48:05 | INFO    | LISTING   | Listing H&M (Kids) route https://www.myntra.com/h-and-m-kids page 14 -> https://www.myntra.com/gateway/v4/search/h-and-m-kids?rows=50&o=650&plaEnabled=false&xdEnabled=false&isFacet=true&p=14 | run_id=run_20260929_121204_794270_9f761b | brand=H&M (Kids) | page=14 | route=https://www.myntra.com/h-and-m-kids | seen=604 | expected=6129
2026-09-29 12:48:06 | INFO    | LISTING   | Listing H&M (Kids) route https://www.myntra.com/h-and-m-kids page 15 -> https://www.myntra.com/gateway/v4/search/h-and-m-kids?rows=50&o=700&plaEnabled=false&xdEnabled=false&isFacet=true&p=15 | run_id=run_20260929_121204_794270_9f761b | brand=H&M (Kids) | page=15 | route=https://www.myntra.com/h-and-m-kids | seen=652 | expected=6129
2026-09-29 12:48:06 | INFO    | LISTING   | Listing H&M (Kids) route https://www.myntra.com/h-and-m-kids page 16 -> https://www.myntra.com/gateway/v4/search/h-and-m-kids?rows=50&o=750&plaEnabled=false&xdEnabled=false&isFacet=true&p=16 | run_id=run_20260929_121204_794270_9f761b | brand=H&M (Kids) | page=16 | route=https://www.myntra.com/h-and-m-kids | seen=701 | expected=6129
2026-09-29 12:48:07 | INFO    | LISTING   | Listing H&M (Kids) route https://www.myntra.com/h-and-m-kids page 17 -> https://www.myntra.com/gateway/v4/search/h-and-m-kids?rows=50&o=800&plaEnabled=false&xdEnabled=false&isFacet=true&p=17 | run_id=run_20260929_121204_794270_9f761b | brand=H&M (Kids) | page=17 | route=https://www.myntra.com/h-and-m-kids | seen=751 | expected=6129
2026-09-29 12:48:07 | INFO    | LISTING   | Listing H&M (Kids) route https://www.myntra.com/h-and-m-kids page 18 -> https://www.myntra.com/gateway/v4/search/h-and-m-kids?rows=50&o=850&plaEnabled=false&xdEnabled=false&isFacet=true&p=18 | run_id=run_20260929_121204_794270_9f761b | brand=H&M (Kids) | page=18 | route=https://www.myntra.com/h-and-m-kids | seen=801 | expected=6129
2026-09-29 12:48:08 | INFO    | LISTING   | Listing H&M (Kids) route https://www.myntra.com/h-and-m-kids page 19 -> https://www.myntra.com/gateway/v4/search/h-and-m-kids?rows=50&o=900&plaEnabled=false&xdEnabled=false&isFacet=true&p=19 | run_id=run_20260929_121204_794270_9f761b | brand=H&M (Kids) | page=19 | route=https://www.myntra.com/h-and-m-kids | seen=851 | expected=6129
2026-09-29 12:48:08 | INFO    | LISTING   | Listing H&M (Kids) route https://www.myntra.com/h-and-m-kids page 20 -> https://www.myntra.com/gateway/v4/search/h-and-m-kids?rows=50&o=950&plaEnabled=false&xdEnabled=false&isFacet=true&p=20 | run_id=run_20260929_121204_794270_9f761b | brand=H&M (Kids) | page=20 | route=https://www.myntra.com/h-and-m-kids | seen=901 | expected=6129
2026-09-29 12:48:09 | INFO    | LISTING   | Listing H&M (Kids) route https://www.myntra.com/h-and-m-kids page 21 -> https://www.myntra.com/gateway/v4/search/h-and-m-kids?rows=50&o=1000&plaEnabled=false&xdEnabled=false&isFacet=true&p=21 | run_id=run_20260929_121204_794270_9f761b | brand=H&M (Kids) | page=21 | route=https://www.myntra.com/h-and-m-kids | seen=951 | expected=6129
2026-09-29 12:48:09 | INFO    | LISTING   | Listing H&M (Kids) route https://www.myntra.com/h-and-m-kids page 22 -> https://www.myntra.com/gateway/v4/search/h-and-m-kids?rows=50&o=1050&plaEnabled=false&xdEnabled=false&isFacet=true&p=22 | run_id=run_20260929_121204_794270_9f761b | brand=H&M (Kids) | page=22 | route=https://www.myntra.com/h-and-m-kids | seen=1001 | expected=6129
2026-09-29 12:48:10 | INFO    | LISTING   | Listing H&M (Kids) route https://www.myntra.com/h-and-m-kids page 23 -> https://www.myntra.com/gateway/v4/search/h-and-m-kids?rows=50&o=1100&plaEnabled=false&xdEnabled=false&isFacet=true&p=23 | run_id=run_20260929_121204_794270_9f761b | brand=H&M (Kids) | page=23 | route=https://www.myntra.com/h-and-m-kids | seen=1050 | expected=6129
2026-09-29 12:48:10 | INFO    | LISTING   | Listing H&M (Kids) route https://www.myntra.com/h-and-m-kids page 24 -> https://www.myntra.com/gateway/v4/search/h-and-m-kids?rows=50&o=1150&plaEnabled=false&xdEnabled=false&isFacet=true&p=24 | run_id=run_20260929_121204_794270_9f761b | brand=H&M (Kids) | page=24 | route=https://www.myntra.com/h-and-m-kids | seen=1100 | expected=6129
2026-09-29 12:48:11 | INFO    | LISTING   | Listing H&M (Kids) route https://www.myntra.com/h-and-m-kids page 25 -> https://www.myntra.com/gateway/v4/search/h-and-m-kids?rows=50&o=1200&plaEnabled=false&xdEnabled=false&isFacet=true&p=25 | run_id=run_20260929_121204_794270_9f761b | brand=H&M (Kids) | page=25 | route=https://www.myntra.com/h-and-m-kids | seen=1127 | expected=6129
2026-09-29 12:48:11 | INFO    | LISTING   | Listing H&M (Kids) route https://www.myntra.com/h-and-m-kids page 26 -> https://www.myntra.com/gateway/v4/search/h-and-m-kids?rows=50&o=1250&plaEnabled=false&xdEnabled=false&isFacet=true&p=26 | run_id=run_20260929_121204_794270_9f761b | brand=H&M (Kids) | page=26 | route=https://www.myntra.com/h-and-m-kids | seen=1147 | expected=6129
2026-09-29 12:48:12 | INFO    | LISTING   | Listing H&M (Kids) route https://www.myntra.com/h-and-m-kids page 27 -> https://www.myntra.com/gateway/v4/search/h-and-m-kids?rows=50&o=1300&plaEnabled=false&xdEnabled=false&isFacet=true&p=27 | run_id=run_20260929_121204_794270_9f761b | brand=H&M (Kids) | page=27 | route=https://www.myntra.com/h-and-m-kids | seen=1178 | expected=6129
2026-09-29 12:48:12 | INFO    | LISTING   | Listing H&M (Kids) route https://www.myntra.com/h-and-m-kids page 28 -> https://www.myntra.com/gateway/v4/search/h-and-m-kids?rows=50&o=1350&plaEnabled=false&xdEnabled=false&isFacet=true&p=28 | run_id=run_20260929_121204_794270_9f761b | brand=H&M (Kids) | page=28 | route=https://www.myntra.com/h-and-m-kids | seen=1196 | expected=6129
2026-09-29 12:48:13 | INFO    | LISTING   | Listing H&M (Kids) route https://www.myntra.com/h-and-m-kids page 29 -> https://www.myntra.com/gateway/v4/search/h-and-m-kids?rows=50&o=1400&plaEnabled=false&xdEnabled=false&isFacet=true&p=29 | run_id=run_20260929_121204_794270_9f761b | brand=H&M (Kids) | page=29 | route=https://www.myntra.com/h-and-m-kids | seen=1238 | expected=6129
2026-09-29 12:48:13 | INFO    | LISTING   | Listing H&M (Kids) route https://www.myntra.com/h-and-m-kids page 30 -> https://www.myntra.com/gateway/v4/search/h-and-m-kids?rows=50&o=1450&plaEnabled=false&xdEnabled=false&isFacet=true&p=30 | run_id=run_20260929_121204_794270_9f761b | brand=H&M (Kids) | page=30 | route=https://www.myntra.com/h-and-m-kids | seen=1281 | expected=6129
2026-09-29 12:48:14 | INFO    | LISTING   | Listing H&M (Kids) route https://www.myntra.com/h-and-m-kids page 31 -> https://www.myntra.com/gateway/v4/search/h-and-m-kids?rows=50&o=1500&plaEnabled=false&xdEnabled=false&isFacet=true&p=31 | run_id=run_20260929_121204_794270_9f761b | brand=H&M (Kids) | page=31 | route=https://www.myntra.com/h-and-m-kids | seen=1317 | expected=6129
2026-09-29 12:48:14 | INFO    | LISTING   | Listing H&M (Kids) route https://www.myntra.com/h-and-m-kids page 32 -> https://www.myntra.com/gateway/v4/search/h-and-m-kids?rows=50&o=1550&plaEnabled=false&xdEnabled=false&isFacet=true&p=32 | run_id=run_20260929_121204_794270_9f761b | brand=H&M (Kids) | page=32 | route=https://www.myntra.com/h-and-m-kids | seen=1351 | expected=6129
2026-09-29 12:48:15 | INFO    | LISTING   | Listing H&M (Kids) route https://www.myntra.com/h-and-m-kids page 33 -> https://www.myntra.com/gateway/v4/search/h-and-m-kids?rows=50&o=1600&plaEnabled=false&xdEnabled=false&isFacet=true&p=33 | run_id=run_20260929_121204_794270_9f761b | brand=H&M (Kids) | page=33 | route=https://www.myntra.com/h-and-m-kids | seen=1375 | expected=6129
2026-09-29 12:48:15 | INFO    | LISTING   | Listing H&M (Kids) route https://www.myntra.com/h-and-m-kids page 34 -> https://www.myntra.com/gateway/v4/search/h-and-m-kids?rows=50&o=1650&plaEnabled=false&xdEnabled=false&isFacet=true&p=34 | run_id=run_20260929_121204_794270_9f761b | brand=H&M (Kids) | page=34 | route=https://www.myntra.com/h-and-m-kids | seen=1406 | expected=6129
2026-09-29 12:48:16 | INFO    | LISTING   | Listing H&M (Kids) route https://www.myntra.com/h-and-m-kids page 35 -> https://www.myntra.com/gateway/v4/search/h-and-m-kids?rows=50&o=1700&plaEnabled=false&xdEnabled=false&isFacet=true&p=35 | run_id=run_20260929_121204_794270_9f761b | brand=H&M (Kids) | page=35 | route=https://www.myntra.com/h-and-m-kids | seen=1440 | expected=6129
2026-09-29 12:48:16 | INFO    | LISTING   | Listing H&M (Kids) route https://www.myntra.com/h-and-m-kids page 36 -> https://www.myntra.com/gateway/v4/search/h-and-m-kids?rows=50&o=1750&plaEnabled=false&xdEnabled=false&isFacet=true&p=36 | run_id=run_20260929_121204_794270_9f761b | brand=H&M (Kids) | page=36 | route=https://www.myntra.com/h-and-m-kids | seen=1458 | expected=6129
2026-09-29 12:48:18 | INFO    | PDP       | Processed 1 target products for H&M (Kids) in 1s (93.66 products/min). | run_id=run_20260929_121204_794270_9f761b | brand=H&M (Kids) | saved=1 | elapsed_label=1s | products_per_minute=93.66
2026-09-29 12:48:18 | INFO    | LISTING   | Listing H&M (Kids) route https://www.myntra.com/h-and-m-kids page 37 -> https://www.myntra.com/gateway/v4/search/h-and-m-kids?rows=50&o=1800&plaEnabled=false&xdEnabled=false&isFacet=true&p=37 | run_id=run_20260929_121204_794270_9f761b | brand=H&M (Kids) | page=37 | route=https://www.myntra.com/h-and-m-kids | seen=1498 | expected=6129
2026-09-29 12:48:18 | INFO    | LISTING   | Listing H&M (Kids) route https://www.myntra.com/h-and-m-kids page 38 -> https://www.myntra.com/gateway/v4/search/h-and-m-kids?rows=50&o=1850&plaEnabled=false&xdEnabled=false&isFacet=true&p=38 | run_id=run_20260929_121204_794270_9f761b | brand=H&M (Kids) | page=38 | route=https://www.myntra.com/h-and-m-kids | seen=1541 | expected=6129
2026-09-29 12:48:19 | INFO    | LISTING   | Listing H&M (Kids) route https://www.myntra.com/h-and-m-kids page 39 -> https://www.myntra.com/gateway/v4/search/h-and-m-kids?rows=50&o=1900&plaEnabled=false&xdEnabled=false&isFacet=true&p=39 | run_id=run_20260929_121204_794270_9f761b | brand=H&M (Kids) | page=39 | route=https://www.myntra.com/h-and-m-kids | seen=1587 | expected=6129
2026-09-29 12:48:19 | INFO    | LISTING   | Listing H&M (Kids) route https://www.myntra.com/h-and-m-kids page 40 -> https://www.myntra.com/gateway/v4/search/h-and-m-kids?rows=50&o=1950&plaEnabled=false&xdEnabled=false&isFacet=true&p=40 | run_id=run_20260929_121204_794270_9f761b | brand=H&M (Kids) | page=40 | route=https://www.myntra.com/h-and-m-kids | seen=1633 | expected=6129
2026-09-29 12:48:20 | INFO    | LISTING   | Listing H&M (Kids) route https://www.myntra.com/h-and-m-kids page 41 -> https://www.myntra.com/gateway/v4/search/h-and-m-kids?rows=50&o=2000&plaEnabled=false&xdEnabled=false&isFacet=true&p=41 | run_id=run_20260929_121204_794270_9f761b | brand=H&M (Kids) | page=41 | route=https://www.myntra.com/h-and-m-kids | seen=1676 | expected=6129
2026-09-29 12:48:20 | INFO    | LISTING   | Listing H&M (Kids) route https://www.myntra.com/h-and-m-kids page 42 -> https://www.myntra.com/gateway/v4/search/h-and-m-kids?rows=50&o=2050&plaEnabled=false&xdEnabled=false&isFacet=true&p=42 | run_id=run_20260929_121204_794270_9f761b | brand=H&M (Kids) | page=42 | route=https://www.myntra.com/h-and-m-kids | seen=1723 | expected=6129
2026-09-29 12:48:21 | INFO    | LISTING   | Listing H&M (Kids) route https://www.myntra.com/h-and-m-kids page 43 -> https://www.myntra.com/gateway/v4/search/h-and-m-kids?rows=50&o=2100&plaEnabled=false&xdEnabled=false&isFacet=true&p=43 | run_id=run_20260929_121204_794270_9f761b | brand=H&M (Kids) | page=43 | route=https://www.myntra.com/h-and-m-kids | seen=1769 | expected=6129
2026-09-29 12:48:21 | INFO    | LISTING   | Listing H&M (Kids) route https://www.myntra.com/h-and-m-kids page 44 -> https://www.myntra.com/gateway/v4/search/h-and-m-kids?rows=50&o=2150&plaEnabled=false&xdEnabled=false&isFacet=true&p=44 | run_id=run_20260929_121204_794270_9f761b | brand=H&M (Kids) | page=44 | route=https://www.myntra.com/h-and-m-kids | seen=1812 | expected=6129
2026-09-29 12:48:22 | INFO    | LISTING   | Listing H&M (Kids) route https://www.myntra.com/h-and-m-kids page 45 -> https://www.myntra.com/gateway/v4/search/h-and-m-kids?rows=50&o=2200&plaEnabled=false&xdEnabled=false&isFacet=true&p=45 | run_id=run_20260929_121204_794270_9f761b | brand=H&M (Kids) | page=45 | route=https://www.myntra.com/h-and-m-kids | seen=1858 | expected=6129
2026-09-29 12:48:22 | INFO    | LISTING   | Listing H&M (Kids) route https://www.myntra.com/h-and-m-kids page 46 -> https://www.myntra.com/gateway/v4/search/h-and-m-kids?rows=50&o=2250&plaEnabled=false&xdEnabled=false&isFacet=true&p=46 | run_id=run_20260929_121204_794270_9f761b | brand=H&M (Kids) | page=46 | route=https://www.myntra.com/h-and-m-kids | seen=1903 | expected=6129
2026-09-29 12:48:23 | INFO    | LISTING   | Listing H&M (Kids) route https://www.myntra.com/h-and-m-kids page 47 -> https://www.myntra.com/gateway/v4/search/h-and-m-kids?rows=50&o=2300&plaEnabled=false&xdEnabled=false&isFacet=true&p=47 | run_id=run_20260929_121204_794270_9f761b | brand=H&M (Kids) | page=47 | route=https://www.myntra.com/h-and-m-kids | seen=1950 | expected=6129
2026-09-29 12:48:23 | INFO    | LISTING   | Listing H&M (Kids) route https://www.myntra.com/h-and-m-kids page 48 -> https://www.myntra.com/gateway/v4/search/h-and-m-kids?rows=50&o=2350&plaEnabled=false&xdEnabled=false&isFacet=true&p=48 | run_id=run_20260929_121204_794270_9f761b | brand=H&M (Kids) | page=48 | route=https://www.myntra.com/h-and-m-kids | seen=1995 | expected=6129
2026-09-29 12:48:24 | INFO    | LISTING   | Listing H&M (Kids) route https://www.myntra.com/h-and-m-kids page 49 -> https://www.myntra.com/gateway/v4/search/h-and-m-kids?rows=50&o=2400&plaEnabled=false&xdEnabled=false&isFacet=true&p=49 | run_id=run_20260929_121204_794270_9f761b | brand=H&M (Kids) | page=49 | route=https://www.myntra.com/h-and-m-kids | seen=2043 | expected=6129
2026-09-29 12:48:25 | INFO    | PDP       | Processed 1 target products for H&M (Kids) in 0s (135.53 products/min). | run_id=run_20260929_121204_794270_9f761b | brand=H&M (Kids) | saved=1 | elapsed_label=0s | products_per_minute=135.53
2026-09-29 12:48:25 | INFO    | LISTING   | Listing H&M (Kids) route https://www.myntra.com/h-and-m-kids page 50 -> https://www.myntra.com/gateway/v4/search/h-and-m-kids?rows=50&o=2450&plaEnabled=false&xdEnabled=false&isFacet=true&p=50 | run_id=run_20260929_121204_794270_9f761b | brand=H&M (Kids) | page=50 | route=https://www.myntra.com/h-and-m-kids | seen=2091 | expected=6129
2026-09-29 12:48:25 | INFO    | LISTING   | Listing H&M (Kids) route https://www.myntra.com/h-and-m-kids page 51 -> https://www.myntra.com/gateway/v4/search/h-and-m-kids?rows=50&o=2500&plaEnabled=false&xdEnabled=false&isFacet=true&p=51 | run_id=run_20260929_121204_794270_9f761b | brand=H&M (Kids) | page=51 | route=https://www.myntra.com/h-and-m-kids | seen=2140 | expected=6129
2026-09-29 12:48:26 | INFO    | LISTING   | Listing H&M (Kids) route https://www.myntra.com/h-and-m-kids page 52 -> https://www.myntra.com/gateway/v4/search/h-and-m-kids?rows=50&o=2550&plaEnabled=false&xdEnabled=false&isFacet=true&p=52 | run_id=run_20260929_121204_794270_9f761b | brand=H&M (Kids) | page=52 | route=https://www.myntra.com/h-and-m-kids | seen=2190 | expected=6129
2026-09-29 12:48:26 | INFO    | LISTING   | Listing H&M (Kids) route https://www.myntra.com/h-and-m-kids page 53 -> https://www.myntra.com/gateway/v4/search/h-and-m-kids?rows=50&o=2600&plaEnabled=false&xdEnabled=false&isFacet=true&p=53 | run_id=run_20260929_121204_794270_9f761b | brand=H&M (Kids) | page=53 | route=https://www.myntra.com/h-and-m-kids | seen=2240 | expected=6129
2026-09-29 12:48:27 | INFO    | LISTING   | Listing H&M (Kids) route https://www.myntra.com/h-and-m-kids page 54 -> https://www.myntra.com/gateway/v4/search/h-and-m-kids?rows=50&o=2650&plaEnabled=false&xdEnabled=false&isFacet=true&p=54 | run_id=run_20260929_121204_794270_9f761b | brand=H&M (Kids) | page=54 | route=https://www.myntra.com/h-and-m-kids | seen=2288 | expected=6129
2026-09-29 12:48:27 | INFO    | LISTING   | Listing H&M (Kids) route https://www.myntra.com/h-and-m-kids page 55 -> https://www.myntra.com/gateway/v4/search/h-and-m-kids?rows=50&o=2700&plaEnabled=false&xdEnabled=false&isFacet=true&p=55 | run_id=run_20260929_121204_794270_9f761b | brand=H&M (Kids) | page=55 | route=https://www.myntra.com/h-and-m-kids | seen=2336 | expected=6129
2026-09-29 12:48:28 | INFO    | LISTING   | Listing H&M (Kids) route https://www.myntra.com/h-and-m-kids page 56 -> https://www.myntra.com/gateway/v4/search/h-and-m-kids?rows=50&o=2750&plaEnabled=false&xdEnabled=false&isFacet=true&p=56 | run_id=run_20260929_121204_794270_9f761b | brand=H&M (Kids) | page=56 | route=https://www.myntra.com/h-and-m-kids | seen=2386 | expected=6129
2026-09-29 12:48:28 | INFO    | LISTING   | Listing H&M (Kids) route https://www.myntra.com/h-and-m-kids page 57 -> https://www.myntra.com/gateway/v4/search/h-and-m-kids?rows=50&o=2800&plaEnabled=false&xdEnabled=false&isFacet=true&p=57 | run_id=run_20260929_121204_794270_9f761b | brand=H&M (Kids) | page=57 | route=https://www.myntra.com/h-and-m-kids | seen=2435 | expected=6129
2026-09-29 12:48:29 | INFO    | LISTING   | Listing H&M (Kids) route https://www.myntra.com/h-and-m-kids page 58 -> https://www.myntra.com/gateway/v4/search/h-and-m-kids?rows=50&o=2850&plaEnabled=false&xdEnabled=false&isFacet=true&p=58 | run_id=run_20260929_121204_794270_9f761b | brand=H&M (Kids) | page=58 | route=https://www.myntra.com/h-and-m-kids | seen=2481 | expected=6129
2026-09-29 12:48:29 | INFO    | LISTING   | Listing H&M (Kids) route https://www.myntra.com/h-and-m-kids page 59 -> https://www.myntra.com/gateway/v4/search/h-and-m-kids?rows=50&o=2900&plaEnabled=false&xdEnabled=false&isFacet=true&p=59 | run_id=run_20260929_121204_794270_9f761b | brand=H&M (Kids) | page=59 | route=https://www.myntra.com/h-and-m-kids | seen=2529 | expected=6129
2026-09-29 12:48:30 | INFO    | LISTING   | Listing H&M (Kids) route https://www.myntra.com/h-and-m-kids page 60 -> https://www.myntra.com/gateway/v4/search/h-and-m-kids?rows=50&o=2950&plaEnabled=false&xdEnabled=false&isFacet=true&p=60 | run_id=run_20260929_121204_794270_9f761b | brand=H&M (Kids) | page=60 | route=https://www.myntra.com/h-and-m-kids | seen=2578 | expected=6129
2026-09-29 12:48:30 | INFO    | LISTING   | Listing H&M (Kids) route https://www.myntra.com/h-and-m-kids page 61 -> https://www.myntra.com/gateway/v4/search/h-and-m-kids?rows=50&o=3000&plaEnabled=false&xdEnabled=false&isFacet=true&p=61 | run_id=run_20260929_121204_794270_9f761b | brand=H&M (Kids) | page=61 | route=https://www.myntra.com/h-and-m-kids | seen=2628 | expected=6129
2026-09-29 12:48:31 | INFO    | LISTING   | Listing H&M (Kids) route https://www.myntra.com/h-and-m-kids page 62 -> https://www.myntra.com/gateway/v4/search/h-and-m-kids?rows=50&o=3050&plaEnabled=false&xdEnabled=false&isFacet=true&p=62 | run_id=run_20260929_121204_794270_9f761b | brand=H&M (Kids) | page=62 | route=https://www.myntra.com/h-and-m-kids | seen=2678 | expected=6129
2026-09-29 12:48:31 | INFO    | LISTING   | Listing H&M (Kids) route https://www.myntra.com/h-and-m-kids page 63 -> https://www.myntra.com/gateway/v4/search/h-and-m-kids?rows=50&o=3100&plaEnabled=false&xdEnabled=false&isFacet=true&p=63 | run_id=run_20260929_121204_794270_9f761b | brand=H&M (Kids) | page=63 | route=https://www.myntra.com/h-and-m-kids | seen=2726 | expected=6129
2026-09-29 12:48:32 | INFO    | LISTING   | Listing H&M (Kids) route https://www.myntra.com/h-and-m-kids page 64 -> https://www.myntra.com/gateway/v4/search/h-and-m-kids?rows=50&o=3150&plaEnabled=false&xdEnabled=false&isFacet=true&p=64 | run_id=run_20260929_121204_794270_9f761b | brand=H&M (Kids) | page=64 | route=https://www.myntra.com/h-and-m-kids | seen=2776 | expected=6129
2026-09-29 12:48:32 | INFO    | LISTING   | Listing H&M (Kids) route https://www.myntra.com/h-and-m-kids page 65 -> https://www.myntra.com/gateway/v4/search/h-and-m-kids?rows=50&o=3200&plaEnabled=false&xdEnabled=false&isFacet=true&p=65 | run_id=run_20260929_121204_794270_9f761b | brand=H&M (Kids) | page=65 | route=https://www.myntra.com/h-and-m-kids | seen=2826 | expected=6129
2026-09-29 12:48:33 | INFO    | LISTING   | Listing H&M (Kids) route https://www.myntra.com/h-and-m-kids page 66 -> https://www.myntra.com/gateway/v4/search/h-and-m-kids?rows=50&o=3250&plaEnabled=false&xdEnabled=false&isFacet=true&p=66 | run_id=run_20260929_121204_794270_9f761b | brand=H&M (Kids) | page=66 | route=https://www.myntra.com/h-and-m-kids | seen=2875 | expected=6129
2026-09-29 12:48:33 | INFO    | LISTING   | Listing H&M (Kids) route https://www.myntra.com/h-and-m-kids page 67 -> https://www.myntra.com/gateway/v4/search/h-and-m-kids?rows=50&o=3300&plaEnabled=false&xdEnabled=false&isFacet=true&p=67 | run_id=run_20260929_121204_794270_9f761b | brand=H&M (Kids) | page=67 | route=https://www.myntra.com/h-and-m-kids | seen=2919 | expected=6129
2026-09-29 12:48:34 | INFO    | LISTING   | Listing H&M (Kids) route https://www.myntra.com/h-and-m-kids page 68 -> https://www.myntra.com/gateway/v4/search/h-and-m-kids?rows=50&o=3350&plaEnabled=false&xdEnabled=false&isFacet=true&p=68 | run_id=run_20260929_121204_794270_9f761b | brand=H&M (Kids) | page=68 | route=https://www.myntra.com/h-and-m-kids | seen=2959 | expected=6129
2026-09-29 12:48:34 | INFO    | LISTING   | Listing H&M (Kids) route https://www.myntra.com/h-and-m-kids page 69 -> https://www.myntra.com/gateway/v4/search/h-and-m-kids?rows=50&o=3400&plaEnabled=false&xdEnabled=false&isFacet=true&p=69 | run_id=run_20260929_121204_794270_9f761b | brand=H&M (Kids) | page=69 | route=https://www.myntra.com/h-and-m-kids | seen=2993 | expected=6129
2026-09-29 12:48:35 | INFO    | LISTING   | Listing H&M (Kids) route https://www.myntra.com/h-and-m-kids page 70 -> https://www.myntra.com/gateway/v4/search/h-and-m-kids?rows=50&o=3450&plaEnabled=false&xdEnabled=false&isFacet=true&p=70 | run_id=run_20260929_121204_794270_9f761b | brand=H&M (Kids) | page=70 | route=https://www.myntra.com/h-and-m-kids | seen=3022 | expected=6129
2026-09-29 12:48:35 | INFO    | LISTING   | Listing H&M (Kids) route https://www.myntra.com/h-and-m-kids page 71 -> https://www.myntra.com/gateway/v4/search/h-and-m-kids?rows=50&o=3500&plaEnabled=false&xdEnabled=false&isFacet=true&p=71 | run_id=run_20260929_121204_794270_9f761b | brand=H&M (Kids) | page=71 | route=https://www.myntra.com/h-and-m-kids | seen=3059 | expected=6129
2026-09-29 12:48:36 | INFO    | LISTING   | Listing H&M (Kids) route https://www.myntra.com/h-and-m-kids page 72 -> https://www.myntra.com/gateway/v4/search/h-and-m-kids?rows=50&o=3550&plaEnabled=false&xdEnabled=false&isFacet=true&p=72 | run_id=run_20260929_121204_794270_9f761b | brand=H&M (Kids) | page=72 | route=https://www.myntra.com/h-and-m-kids | seen=3106 | expected=6129
2026-09-29 12:48:37 | INFO    | LISTING   | Listing H&M (Kids) route https://www.myntra.com/h-and-m-kids page 73 -> https://www.myntra.com/gateway/v4/search/h-and-m-kids?rows=50&o=3600&plaEnabled=false&xdEnabled=false&isFacet=true&p=73 | run_id=run_20260929_121204_794270_9f761b | brand=H&M (Kids) | page=73 | route=https://www.myntra.com/h-and-m-kids | seen=3149 | expected=6129
2026-09-29 12:48:37 | INFO    | LISTING   | Listing H&M (Kids) route https://www.myntra.com/h-and-m-kids page 74 -> https://www.myntra.com/gateway/v4/search/h-and-m-kids?rows=50&o=3650&plaEnabled=false&xdEnabled=false&isFacet=true&p=74 | run_id=run_20260929_121204_794270_9f761b | brand=H&M (Kids) | page=74 | route=https://www.myntra.com/h-and-m-kids | seen=3191 | expected=6129
2026-09-29 12:48:38 | INFO    | LISTING   | Listing H&M (Kids) route https://www.myntra.com/h-and-m-kids page 75 -> https://www.myntra.com/gateway/v4/search/h-and-m-kids?rows=50&o=3700&plaEnabled=false&xdEnabled=false&isFacet=true&p=75 | run_id=run_20260929_121204_794270_9f761b | brand=H&M (Kids) | page=75 | route=https://www.myntra.com/h-and-m-kids | seen=3232 | expected=6129
2026-09-29 12:48:38 | INFO    | LISTING   | Listing H&M (Kids) route https://www.myntra.com/h-and-m-kids page 76 -> https://www.myntra.com/gateway/v4/search/h-and-m-kids?rows=50&o=3750&plaEnabled=false&xdEnabled=false&isFacet=true&p=76 | run_id=run_20260929_121204_794270_9f761b | brand=H&M (Kids) | page=76 | route=https://www.myntra.com/h-and-m-kids | seen=3268 | expected=6129
2026-09-29 12:48:39 | INFO    | LISTING   | Listing H&M (Kids) route https://www.myntra.com/h-and-m-kids page 77 -> https://www.myntra.com/gateway/v4/search/h-and-m-kids?rows=50&o=3800&plaEnabled=false&xdEnabled=false&isFacet=true&p=77 | run_id=run_20260929_121204_794270_9f761b | brand=H&M (Kids) | page=77 | route=https://www.myntra.com/h-and-m-kids | seen=3295 | expected=6129
2026-09-29 12:48:39 | INFO    | LISTING   | Listing H&M (Kids) route https://www.myntra.com/h-and-m-kids page 78 -> https://www.myntra.com/gateway/v4/search/h-and-m-kids?rows=50&o=3850&plaEnabled=false&xdEnabled=false&isFacet=true&p=78 | run_id=run_20260929_121204_794270_9f761b | brand=H&M (Kids) | page=78 | route=https://www.myntra.com/h-and-m-kids | seen=3328 | expected=6129
2026-09-29 12:48:40 | INFO    | LISTING   | Listing H&M (Kids) route https://www.myntra.com/h-and-m-kids page 79 -> https://www.myntra.com/gateway/v4/search/h-and-m-kids?rows=50&o=3900&plaEnabled=false&xdEnabled=false&isFacet=true&p=79 | run_id=run_20260929_121204_794270_9f761b | brand=H&M (Kids) | page=79 | route=https://www.myntra.com/h-and-m-kids | seen=3373 | expected=6129
2026-09-29 12:48:41 | INFO    | LISTING   | Listing H&M (Kids) route https://www.myntra.com/h-and-m-kids page 80 -> https://www.myntra.com/gateway/v4/search/h-and-m-kids?rows=50&o=3950&plaEnabled=false&xdEnabled=false&isFacet=true&p=80 | run_id=run_20260929_121204_794270_9f761b | brand=H&M (Kids) | page=80 | route=https://www.myntra.com/h-and-m-kids | seen=3411 | expected=6129
2026-09-29 12:48:41 | INFO    | LISTING   | Listing H&M (Kids) route https://www.myntra.com/h-and-m-kids page 81 -> https://www.myntra.com/gateway/v4/search/h-and-m-kids?rows=50&o=4000&plaEnabled=false&xdEnabled=false&isFacet=true&p=81 | run_id=run_20260929_121204_794270_9f761b | brand=H&M (Kids) | page=81 | route=https://www.myntra.com/h-and-m-kids | seen=3441 | expected=6129
2026-09-29 12:48:42 | INFO    | LISTING   | Listing H&M (Kids) route https://www.myntra.com/h-and-m-kids page 82 -> https://www.myntra.com/gateway/v4/search/h-and-m-kids?rows=50&o=4050&plaEnabled=false&xdEnabled=false&isFacet=true&p=82 | run_id=run_20260929_121204_794270_9f761b | brand=H&M (Kids) | page=82 | route=https://www.myntra.com/h-and-m-kids | seen=3455 | expected=6129
2026-09-29 12:48:43 | INFO    | LISTING   | Listing H&M (Kids) route https://www.myntra.com/h-and-m-kids page 83 -> https://www.myntra.com/gateway/v4/search/h-and-m-kids?rows=50&o=4100&plaEnabled=false&xdEnabled=false&isFacet=true&p=83 | run_id=run_20260929_121204_794270_9f761b | brand=H&M (Kids) | page=83 | route=https://www.myntra.com/h-and-m-kids | seen=3489 | expected=6129
2026-09-29 12:48:43 | INFO    | LISTING   | Listing H&M (Kids) route https://www.myntra.com/h-and-m-kids page 84 -> https://www.myntra.com/gateway/v4/search/h-and-m-kids?rows=50&o=4150&plaEnabled=false&xdEnabled=false&isFacet=true&p=84 | run_id=run_20260929_121204_794270_9f761b | brand=H&M (Kids) | page=84 | route=https://www.myntra.com/h-and-m-kids | seen=3538 | expected=6129
2026-09-29 12:48:44 | INFO    | LISTING   | Listing H&M (Kids) route https://www.myntra.com/h-and-m-kids page 85 -> https://www.myntra.com/gateway/v4/search/h-and-m-kids?rows=50&o=4200&plaEnabled=false&xdEnabled=false&isFacet=true&p=85 | run_id=run_20260929_121204_794270_9f761b | brand=H&M (Kids) | page=85 | route=https://www.myntra.com/h-and-m-kids | seen=3588 | expected=6129
2026-09-29 12:48:44 | INFO    | LISTING   | Listing H&M (Kids) route https://www.myntra.com/h-and-m-kids page 86 -> https://www.myntra.com/gateway/v4/search/h-and-m-kids?rows=50&o=4250&plaEnabled=false&xdEnabled=false&isFacet=true&p=86 | run_id=run_20260929_121204_794270_9f761b | brand=H&M (Kids) | page=86 | route=https://www.myntra.com/h-and-m-kids | seen=3636 | expected=6129
2026-09-29 12:48:45 | INFO    | PDP       | Processed 1 target products for H&M (Kids) in 1s (110.4 products/min). | run_id=run_20260929_121204_794270_9f761b | brand=H&M (Kids) | saved=1 | elapsed_label=1s | products_per_minute=110.4
2026-09-29 12:48:45 | INFO    | LISTING   | Listing H&M (Kids) route https://www.myntra.com/h-and-m-kids page 87 -> https://www.myntra.com/gateway/v4/search/h-and-m-kids?rows=50&o=4300&plaEnabled=false&xdEnabled=false&isFacet=true&p=87 | run_id=run_20260929_121204_794270_9f761b | brand=H&M (Kids) | page=87 | route=https://www.myntra.com/h-and-m-kids | seen=3679 | expected=6129
2026-09-29 12:48:46 | WARNING | LISTING   | Empty listing page for H&M (Kids) on page 87 before expected end; continuing. | run_id=run_20260929_121204_794270_9f761b | brand=H&M (Kids) | page=87 | route=https://www.myntra.com/h-and-m-kids
2026-09-29 12:48:46 | INFO    | LISTING   | Listing H&M (Kids) route https://www.myntra.com/h-and-m-kids page 88 -> https://www.myntra.com/gateway/v4/search/h-and-m-kids?rows=50&o=4350&plaEnabled=false&xdEnabled=false&isFacet=true&p=88 | run_id=run_20260929_121204_794270_9f761b | brand=H&M (Kids) | page=88 | route=https://www.myntra.com/h-and-m-kids | seen=3679 | expected=6129
2026-09-29 12:48:46 | WARNING | NETWORK   | JSON request failed for https://www.myntra.com/gateway/v4/search/h-and-m-kids?rows=50&o=4350&plaEnabled=false&xdEnabled=false&isFacet=true&p=88 on attempt 1/3: HTTP Error 400:  | run_id=run_20260929_121204_794270_9f761b | route=https://www.myntra.com/gateway/v4/search/h-and-m-kids?rows=50&o=4350&plaEnabled=false&xdEnabled=false&isFacet=true&p=88 | attempt=1/3
2026-09-29 12:48:48 | WARNING | NETWORK   | JSON request failed for https://www.myntra.com/gateway/v4/search/h-and-m-kids?rows=50&o=4350&plaEnabled=false&xdEnabled=false&isFacet=true&p=88 on attempt 2/3: HTTP Error 400:  | run_id=run_20260929_121204_794270_9f761b | route=https://www.myntra.com/gateway/v4/search/h-and-m-kids?rows=50&o=4350&plaEnabled=false&xdEnabled=false&isFacet=true&p=88 | attempt=2/3
2026-09-29 12:48:50 | WARNING | NETWORK   | JSON request failed for https://www.myntra.com/gateway/v4/search/h-and-m-kids?rows=50&o=4350&plaEnabled=false&xdEnabled=false&isFacet=true&p=88 on attempt 3/3: HTTP Error 400:  | run_id=run_20260929_121204_794270_9f761b | route=https://www.myntra.com/gateway/v4/search/h-and-m-kids?rows=50&o=4350&plaEnabled=false&xdEnabled=false&isFacet=true&p=88 | attempt=3/3
2026-09-29 12:48:51 | WARNING | NETWORK   | JSON request failed for https://www.myntra.com/gateway/v4/search/h-and-m-kids?rows=50&o=4349&plaEnabled=false&xdEnabled=false&isFacet=true&p=88 on attempt 1/3: HTTP Error 400:  | run_id=run_20260929_121204_794270_9f761b | route=https://www.myntra.com/gateway/v4/search/h-and-m-kids?rows=50&o=4349&plaEnabled=false&xdEnabled=false&isFacet=true&p=88 | attempt=1/3
2026-09-29 12:48:53 | WARNING | NETWORK   | JSON request failed for https://www.myntra.com/gateway/v4/search/h-and-m-kids?rows=50&o=4349&plaEnabled=false&xdEnabled=false&isFacet=true&p=88 on attempt 2/3: HTTP Error 400:  | run_id=run_20260929_121204_794270_9f761b | route=https://www.myntra.com/gateway/v4/search/h-and-m-kids?rows=50&o=4349&plaEnabled=false&xdEnabled=false&isFacet=true&p=88 | attempt=2/3
2026-09-29 12:48:55 | WARNING | NETWORK   | JSON request failed for https://www.myntra.com/gateway/v4/search/h-and-m-kids?rows=50&o=4349&plaEnabled=false&xdEnabled=false&isFacet=true&p=88 on attempt 3/3: HTTP Error 400:  | run_id=run_20260929_121204_794270_9f761b | route=https://www.myntra.com/gateway/v4/search/h-and-m-kids?rows=50&o=4349&plaEnabled=false&xdEnabled=false&isFacet=true&p=88 | attempt=3/3
2026-09-29 12:48:56 | WARNING | LISTING   | Route fetch failed for https://www.myntra.com/h-and-m-kids page 88 (Failed to fetch JSON payload from https://www.myntra.com/gateway/v4/search/h-and-m-kids?rows=50&o=4349&plaEnabled=false&xdEnabled=false&isFacet=true&p=88: HTTP Error 400: ). Will retry with another pass or fallback route. | run_id=run_20260929_121204_794270_9f761b | brand=H&M (Kids) | page=88 | route=https://www.myntra.com/h-and-m-kids
2026-09-29 12:48:56 | WARNING | LISTING   | Retrying route https://www.myntra.com/h-and-m-kids for H&M (Kids) (pass 1/2) after incomplete coverage: 3679/6129 unique products seen. | run_id=run_20260929_121204_794270_9f761b | brand=H&M (Kids) | route=https://www.myntra.com/h-and-m-kids | seen=3679 | expected=6129 | attempt=1/2
2026-09-29 12:48:56 | INFO    | LISTING   | Listing H&M (Kids) route https://www.myntra.com/h-and-m-kids page 1 -> https://www.myntra.com/gateway/v4/search/h-and-m-kids?rows=50&o=0&plaEnabled=false&xdEnabled=false&isFacet=true&p=1 | run_id=run_20260929_121204_794270_9f761b | brand=H&M (Kids) | page=1 | route=https://www.myntra.com/h-and-m-kids | seen=3679 | expected=6129
2026-09-29 12:48:57 | INFO    | LISTING   | Listing H&M (Kids) route https://www.myntra.com/h-and-m-kids page 2 -> https://www.myntra.com/gateway/v4/search/h-and-m-kids?rows=50&o=50&plaEnabled=false&xdEnabled=false&isFacet=true&p=2 | run_id=run_20260929_121204_794270_9f761b | brand=H&M (Kids) | page=2 | route=https://www.myntra.com/h-and-m-kids | seen=3679 | expected=6129
2026-09-29 12:48:57 | INFO    | LISTING   | Listing H&M (Kids) route https://www.myntra.com/h-and-m-kids page 3 -> https://www.myntra.com/gateway/v4/search/h-and-m-kids?rows=50&o=100&plaEnabled=false&xdEnabled=false&isFacet=true&p=3 | run_id=run_20260929_121204_794270_9f761b | brand=H&M (Kids) | page=3 | route=https://www.myntra.com/h-and-m-kids | seen=3679 | expected=6129
2026-09-29 12:48:58 | WARNING | LISTING   | Route https://www.myntra.com/h-and-m-kids for H&M (Kids) stalled for 3 consecutive pages before reaching expected total; restarting route pass. | run_id=run_20260929_121204_794270_9f761b | brand=H&M (Kids) | page=3 | route=https://www.myntra.com/h-and-m-kids | seen=3679 | expected=6129
2026-09-29 12:48:58 | WARNING | LISTING   | Retrying route https://www.myntra.com/h-and-m-kids for H&M (Kids) (pass 2/2) after incomplete coverage: 3679/6129 unique products seen. | run_id=run_20260929_121204_794270_9f761b | brand=H&M (Kids) | route=https://www.myntra.com/h-and-m-kids | seen=3679 | expected=6129 | attempt=2/2
2026-09-29 12:48:58 | INFO    | LISTING   | Listing H&M (Kids) route https://www.myntra.com/h-and-m-kids page 1 -> https://www.myntra.com/gateway/v4/search/h-and-m-kids?rows=50&o=0&plaEnabled=false&xdEnabled=false&isFacet=true&p=1 | run_id=run_20260929_121204_794270_9f761b | brand=H&M (Kids) | page=1 | route=https://www.myntra.com/h-and-m-kids | seen=3679 | expected=6129
2026-09-29 12:48:59 | INFO    | LISTING   | Listing H&M (Kids) route https://www.myntra.com/h-and-m-kids page 2 -> https://www.myntra.com/gateway/v4/search/h-and-m-kids?rows=50&o=50&plaEnabled=false&xdEnabled=false&isFacet=true&p=2 | run_id=run_20260929_121204_794270_9f761b | brand=H&M (Kids) | page=2 | route=https://www.myntra.com/h-and-m-kids | seen=3679 | expected=6129
2026-09-29 12:48:59 | INFO    | LISTING   | Listing H&M (Kids) route https://www.myntra.com/h-and-m-kids page 3 -> https://www.myntra.com/gateway/v4/search/h-and-m-kids?rows=50&o=100&plaEnabled=false&xdEnabled=false&isFacet=true&p=3 | run_id=run_20260929_121204_794270_9f761b | brand=H&M (Kids) | page=3 | route=https://www.myntra.com/h-and-m-kids | seen=3679 | expected=6129
2026-09-29 12:49:00 | WARNING | LISTING   | Route https://www.myntra.com/h-and-m-kids for H&M (Kids) stalled for 3 consecutive pages before reaching expected total; restarting route pass. | run_id=run_20260929_121204_794270_9f761b | brand=H&M (Kids) | page=3 | route=https://www.myntra.com/h-and-m-kids | seen=3679 | expected=6129
2026-09-29 12:49:00 | INFO    | BRAND     | Skipping redundant route https://www.myntra.com/kids-hm for H&M (Kids) (100% of first page already captured). | run_id=run_20260929_121204_794270_9f761b | brand=H&M (Kids) | route=https://www.myntra.com/kids-hm
2026-09-29 12:49:00 | WARNING | BRAND     | Brand H&M (Kids) finished below expected count: saw 3679 unique shirts products vs expected 6129. | run_id=run_20260929_121204_794270_9f761b | brand=H&M (Kids) | seen=3679 | expected=6129
2026-09-29 12:49:00 | INFO    | BRAND     | Brand scrape completed in 1m 4s (5285.48 products/min). | run_id=run_20260929_121204_794270_9f761b | brand=H&M (Kids) | status=COMPLETED | saved=5608 | seen=5605 | expected=6129 | elapsed_label=1m 4s | products_per_minute=5285.48
2026-09-29 12:49:00 | INFO    | AUDIT     | Audit retry completed for H&M (Kids): saved=3, shortfall_before=519 | run_id=run_20260929_121204_794270_9f761b | brand=H&M (Kids) | saved=3
2026-09-29 12:49:00 | WARNING | AUDIT     | Audit pass 2 found 3 incomplete brands; retrying them: Kidbea, Hopscotch, H&M (Kids) | run_id=run_20260929_121204_794270_9f761b | attempt=2
2026-09-29 12:49:00 | INFO    | BRAND     | Resolving brand routes. | run_id=run_20260929_121204_794270_9f761b | brand=Kidbea
2026-09-29 12:49:00 | INFO    | BRAND     | Resolved Kidbea -> 1 routes (best brand total=862): https://www.myntra.com/kidbea | run_id=run_20260929_121204_794270_9f761b | brand=Kidbea | expected=862
2026-09-29 12:49:00 | INFO    | BRAND     | Starting brand scrape. | run_id=run_20260929_121204_794270_9f761b | brand=Kidbea | expected=862
2026-09-29 12:49:00 | INFO    | LISTING   | Listing Kidbea route https://www.myntra.com/kidbea page 1 -> https://www.myntra.com/gateway/v4/search/kidbea?rows=50&o=0&plaEnabled=false&xdEnabled=false&isFacet=true&p=1 | run_id=run_20260929_121204_794270_9f761b | brand=Kidbea | page=1 | route=https://www.myntra.com/kidbea | seen=0 | expected=862
2026-09-29 12:49:02 | INFO    | LISTING   | Listing Kidbea route https://www.myntra.com/kidbea page 2 -> https://www.myntra.com/gateway/v4/search/kidbea?rows=50&o=50&plaEnabled=false&xdEnabled=false&isFacet=true&p=2 | run_id=run_20260929_121204_794270_9f761b | brand=Kidbea | page=2 | route=https://www.myntra.com/kidbea | seen=40 | expected=862
2026-09-29 12:49:03 | INFO    | LISTING   | Listing Kidbea route https://www.myntra.com/kidbea page 3 -> https://www.myntra.com/gateway/v4/search/kidbea?rows=50&o=100&plaEnabled=false&xdEnabled=false&isFacet=true&p=3 | run_id=run_20260929_121204_794270_9f761b | brand=Kidbea | page=3 | route=https://www.myntra.com/kidbea | seen=89 | expected=862
2026-09-29 12:49:03 | INFO    | LISTING   | Listing Kidbea route https://www.myntra.com/kidbea page 4 -> https://www.myntra.com/gateway/v4/search/kidbea?rows=50&o=150&plaEnabled=false&xdEnabled=false&isFacet=true&p=4 | run_id=run_20260929_121204_794270_9f761b | brand=Kidbea | page=4 | route=https://www.myntra.com/kidbea | seen=136 | expected=862
2026-09-29 12:49:04 | INFO    | LISTING   | Listing Kidbea route https://www.myntra.com/kidbea page 5 -> https://www.myntra.com/gateway/v4/search/kidbea?rows=50&o=200&plaEnabled=false&xdEnabled=false&isFacet=true&p=5 | run_id=run_20260929_121204_794270_9f761b | brand=Kidbea | page=5 | route=https://www.myntra.com/kidbea | seen=186 | expected=862
2026-09-29 12:49:04 | INFO    | LISTING   | Listing Kidbea route https://www.myntra.com/kidbea page 6 -> https://www.myntra.com/gateway/v4/search/kidbea?rows=50&o=250&plaEnabled=false&xdEnabled=false&isFacet=true&p=6 | run_id=run_20260929_121204_794270_9f761b | brand=Kidbea | page=6 | route=https://www.myntra.com/kidbea | seen=231 | expected=862
2026-09-29 12:49:05 | INFO    | LISTING   | Listing Kidbea route https://www.myntra.com/kidbea page 7 -> https://www.myntra.com/gateway/v4/search/kidbea?rows=50&o=300&plaEnabled=false&xdEnabled=false&isFacet=true&p=7 | run_id=run_20260929_121204_794270_9f761b | brand=Kidbea | page=7 | route=https://www.myntra.com/kidbea | seen=265 | expected=862
2026-09-29 12:49:06 | INFO    | LISTING   | Listing Kidbea route https://www.myntra.com/kidbea page 8 -> https://www.myntra.com/gateway/v4/search/kidbea?rows=50&o=350&plaEnabled=false&xdEnabled=false&isFacet=true&p=8 | run_id=run_20260929_121204_794270_9f761b | brand=Kidbea | page=8 | route=https://www.myntra.com/kidbea | seen=303 | expected=862
2026-09-29 12:49:07 | INFO    | LISTING   | Listing Kidbea route https://www.myntra.com/kidbea page 9 -> https://www.myntra.com/gateway/v4/search/kidbea?rows=50&o=400&plaEnabled=false&xdEnabled=false&isFacet=true&p=9 | run_id=run_20260929_121204_794270_9f761b | brand=Kidbea | page=9 | route=https://www.myntra.com/kidbea | seen=346 | expected=862
2026-09-29 12:49:08 | INFO    | LISTING   | Listing Kidbea route https://www.myntra.com/kidbea page 10 -> https://www.myntra.com/gateway/v4/search/kidbea?rows=50&o=450&plaEnabled=false&xdEnabled=false&isFacet=true&p=10 | run_id=run_20260929_121204_794270_9f761b | brand=Kidbea | page=10 | route=https://www.myntra.com/kidbea | seen=388 | expected=862
2026-09-29 12:49:08 | INFO    | LISTING   | Listing Kidbea route https://www.myntra.com/kidbea page 11 -> https://www.myntra.com/gateway/v4/search/kidbea?rows=50&o=500&plaEnabled=false&xdEnabled=false&isFacet=true&p=11 | run_id=run_20260929_121204_794270_9f761b | brand=Kidbea | page=11 | route=https://www.myntra.com/kidbea | seen=432 | expected=862
2026-09-29 12:49:09 | INFO    | LISTING   | Listing Kidbea route https://www.myntra.com/kidbea page 12 -> https://www.myntra.com/gateway/v4/search/kidbea?rows=50&o=550&plaEnabled=false&xdEnabled=false&isFacet=true&p=12 | run_id=run_20260929_121204_794270_9f761b | brand=Kidbea | page=12 | route=https://www.myntra.com/kidbea | seen=456 | expected=862
2026-09-29 12:49:10 | INFO    | LISTING   | Listing Kidbea route https://www.myntra.com/kidbea page 13 -> https://www.myntra.com/gateway/v4/search/kidbea?rows=50&o=600&plaEnabled=false&xdEnabled=false&isFacet=true&p=13 | run_id=run_20260929_121204_794270_9f761b | brand=Kidbea | page=13 | route=https://www.myntra.com/kidbea | seen=488 | expected=862
2026-09-29 12:49:10 | INFO    | LISTING   | Listing Kidbea route https://www.myntra.com/kidbea page 14 -> https://www.myntra.com/gateway/v4/search/kidbea?rows=50&o=650&plaEnabled=false&xdEnabled=false&isFacet=true&p=14 | run_id=run_20260929_121204_794270_9f761b | brand=Kidbea | page=14 | route=https://www.myntra.com/kidbea | seen=501 | expected=862
2026-09-29 12:49:11 | INFO    | LISTING   | Listing Kidbea route https://www.myntra.com/kidbea page 15 -> https://www.myntra.com/gateway/v4/search/kidbea?rows=50&o=700&plaEnabled=false&xdEnabled=false&isFacet=true&p=15 | run_id=run_20260929_121204_794270_9f761b | brand=Kidbea | page=15 | route=https://www.myntra.com/kidbea | seen=545 | expected=862
2026-09-29 12:49:12 | INFO    | LISTING   | Listing Kidbea route https://www.myntra.com/kidbea page 16 -> https://www.myntra.com/gateway/v4/search/kidbea?rows=50&o=750&plaEnabled=false&xdEnabled=false&isFacet=true&p=16 | run_id=run_20260929_121204_794270_9f761b | brand=Kidbea | page=16 | route=https://www.myntra.com/kidbea | seen=583 | expected=862
2026-09-29 12:49:12 | INFO    | LISTING   | Listing Kidbea route https://www.myntra.com/kidbea page 17 -> https://www.myntra.com/gateway/v4/search/kidbea?rows=50&o=800&plaEnabled=false&xdEnabled=false&isFacet=true&p=17 | run_id=run_20260929_121204_794270_9f761b | brand=Kidbea | page=17 | route=https://www.myntra.com/kidbea | seen=612 | expected=862
2026-09-29 12:49:13 | INFO    | LISTING   | Listing Kidbea route https://www.myntra.com/kidbea page 18 -> https://www.myntra.com/gateway/v4/search/kidbea?rows=50&o=850&plaEnabled=false&xdEnabled=false&isFacet=true&p=18 | run_id=run_20260929_121204_794270_9f761b | brand=Kidbea | page=18 | route=https://www.myntra.com/kidbea | seen=660 | expected=862
2026-09-29 12:49:14 | INFO    | LISTING   | Listing Kidbea route https://www.myntra.com/kidbea page 19 -> https://www.myntra.com/gateway/v4/search/kidbea?rows=50&o=900&plaEnabled=false&xdEnabled=false&isFacet=true&p=19 | run_id=run_20260929_121204_794270_9f761b | brand=Kidbea | page=19 | route=https://www.myntra.com/kidbea | seen=704 | expected=862
2026-09-29 12:49:15 | INFO    | LISTING   | Listing Kidbea route https://www.myntra.com/kidbea page 20 -> https://www.myntra.com/gateway/v4/search/kidbea?rows=50&o=950&plaEnabled=false&xdEnabled=false&isFacet=true&p=20 | run_id=run_20260929_121204_794270_9f761b | brand=Kidbea | page=20 | route=https://www.myntra.com/kidbea | seen=754 | expected=862
2026-09-29 12:49:15 | INFO    | LISTING   | Listing Kidbea route https://www.myntra.com/kidbea page 21 -> https://www.myntra.com/gateway/v4/search/kidbea?rows=50&o=1000&plaEnabled=false&xdEnabled=false&isFacet=true&p=21 | run_id=run_20260929_121204_794270_9f761b | brand=Kidbea | page=21 | route=https://www.myntra.com/kidbea | seen=761 | expected=862
2026-09-29 12:49:16 | WARNING | LISTING   | Empty listing page for Kidbea on page 21 before expected end; continuing. | run_id=run_20260929_121204_794270_9f761b | brand=Kidbea | page=21 | route=https://www.myntra.com/kidbea
2026-09-29 12:49:16 | INFO    | LISTING   | Listing Kidbea route https://www.myntra.com/kidbea page 22 -> https://www.myntra.com/gateway/v4/search/kidbea?rows=50&o=1050&plaEnabled=false&xdEnabled=false&isFacet=true&p=22 | run_id=run_20260929_121204_794270_9f761b | brand=Kidbea | page=22 | route=https://www.myntra.com/kidbea | seen=761 | expected=862
2026-09-29 12:49:17 | WARNING | NETWORK   | JSON request failed for https://www.myntra.com/gateway/v4/search/kidbea?rows=50&o=1050&plaEnabled=false&xdEnabled=false&isFacet=true&p=22 on attempt 1/3: HTTP Error 400:  | run_id=run_20260929_121204_794270_9f761b | route=https://www.myntra.com/gateway/v4/search/kidbea?rows=50&o=1050&plaEnabled=false&xdEnabled=false&isFacet=true&p=22 | attempt=1/3
2026-09-29 12:49:19 | WARNING | NETWORK   | JSON request failed for https://www.myntra.com/gateway/v4/search/kidbea?rows=50&o=1050&plaEnabled=false&xdEnabled=false&isFacet=true&p=22 on attempt 2/3: HTTP Error 400:  | run_id=run_20260929_121204_794270_9f761b | route=https://www.myntra.com/gateway/v4/search/kidbea?rows=50&o=1050&plaEnabled=false&xdEnabled=false&isFacet=true&p=22 | attempt=2/3
2026-09-29 12:49:22 | WARNING | NETWORK   | JSON request failed for https://www.myntra.com/gateway/v4/search/kidbea?rows=50&o=1050&plaEnabled=false&xdEnabled=false&isFacet=true&p=22 on attempt 3/3: HTTP Error 400:  | run_id=run_20260929_121204_794270_9f761b | route=https://www.myntra.com/gateway/v4/search/kidbea?rows=50&o=1050&plaEnabled=false&xdEnabled=false&isFacet=true&p=22 | attempt=3/3
2026-09-29 12:49:22 | WARNING | NETWORK   | JSON request failed for https://www.myntra.com/gateway/v4/search/kidbea?rows=50&o=1049&plaEnabled=false&xdEnabled=false&isFacet=true&p=22 on attempt 1/3: HTTP Error 400:  | run_id=run_20260929_121204_794270_9f761b | route=https://www.myntra.com/gateway/v4/search/kidbea?rows=50&o=1049&plaEnabled=false&xdEnabled=false&isFacet=true&p=22 | attempt=1/3
2026-09-29 12:49:24 | WARNING | NETWORK   | JSON request failed for https://www.myntra.com/gateway/v4/search/kidbea?rows=50&o=1049&plaEnabled=false&xdEnabled=false&isFacet=true&p=22 on attempt 2/3: HTTP Error 400:  | run_id=run_20260929_121204_794270_9f761b | route=https://www.myntra.com/gateway/v4/search/kidbea?rows=50&o=1049&plaEnabled=false&xdEnabled=false&isFacet=true&p=22 | attempt=2/3
2026-09-29 12:49:27 | WARNING | NETWORK   | JSON request failed for https://www.myntra.com/gateway/v4/search/kidbea?rows=50&o=1049&plaEnabled=false&xdEnabled=false&isFacet=true&p=22 on attempt 3/3: HTTP Error 400:  | run_id=run_20260929_121204_794270_9f761b | route=https://www.myntra.com/gateway/v4/search/kidbea?rows=50&o=1049&plaEnabled=false&xdEnabled=false&isFacet=true&p=22 | attempt=3/3
2026-09-29 12:49:27 | WARNING | LISTING   | Route fetch failed for https://www.myntra.com/kidbea page 22 (Failed to fetch JSON payload from https://www.myntra.com/gateway/v4/search/kidbea?rows=50&o=1049&plaEnabled=false&xdEnabled=false&isFacet=true&p=22: HTTP Error 400: ). Will retry with another pass or fallback route. | run_id=run_20260929_121204_794270_9f761b | brand=Kidbea | page=22 | route=https://www.myntra.com/kidbea
2026-09-29 12:49:27 | WARNING | LISTING   | Retrying route https://www.myntra.com/kidbea for Kidbea (pass 1/2) after incomplete coverage: 761/862 unique products seen. | run_id=run_20260929_121204_794270_9f761b | brand=Kidbea | route=https://www.myntra.com/kidbea | seen=761 | expected=862 | attempt=1/2
2026-09-29 12:49:27 | INFO    | LISTING   | Listing Kidbea route https://www.myntra.com/kidbea page 1 -> https://www.myntra.com/gateway/v4/search/kidbea?rows=50&o=0&plaEnabled=false&xdEnabled=false&isFacet=true&p=1 | run_id=run_20260929_121204_794270_9f761b | brand=Kidbea | page=1 | route=https://www.myntra.com/kidbea | seen=761 | expected=862
2026-09-29 12:49:28 | INFO    | LISTING   | Listing Kidbea route https://www.myntra.com/kidbea page 2 -> https://www.myntra.com/gateway/v4/search/kidbea?rows=50&o=50&plaEnabled=false&xdEnabled=false&isFacet=true&p=2 | run_id=run_20260929_121204_794270_9f761b | brand=Kidbea | page=2 | route=https://www.myntra.com/kidbea | seen=761 | expected=862
2026-09-29 12:49:28 | INFO    | LISTING   | Listing Kidbea route https://www.myntra.com/kidbea page 3 -> https://www.myntra.com/gateway/v4/search/kidbea?rows=50&o=100&plaEnabled=false&xdEnabled=false&isFacet=true&p=3 | run_id=run_20260929_121204_794270_9f761b | brand=Kidbea | page=3 | route=https://www.myntra.com/kidbea | seen=761 | expected=862
2026-09-29 12:49:29 | WARNING | LISTING   | Route https://www.myntra.com/kidbea for Kidbea stalled for 3 consecutive pages before reaching expected total; restarting route pass. | run_id=run_20260929_121204_794270_9f761b | brand=Kidbea | page=3 | route=https://www.myntra.com/kidbea | seen=761 | expected=862
2026-09-29 12:49:29 | WARNING | LISTING   | Retrying route https://www.myntra.com/kidbea for Kidbea (pass 2/2) after incomplete coverage: 761/862 unique products seen. | run_id=run_20260929_121204_794270_9f761b | brand=Kidbea | route=https://www.myntra.com/kidbea | seen=761 | expected=862 | attempt=2/2
2026-09-29 12:49:29 | INFO    | LISTING   | Listing Kidbea route https://www.myntra.com/kidbea page 1 -> https://www.myntra.com/gateway/v4/search/kidbea?rows=50&o=0&plaEnabled=false&xdEnabled=false&isFacet=true&p=1 | run_id=run_20260929_121204_794270_9f761b | brand=Kidbea | page=1 | route=https://www.myntra.com/kidbea | seen=761 | expected=862
2026-09-29 12:49:30 | INFO    | LISTING   | Listing Kidbea route https://www.myntra.com/kidbea page 2 -> https://www.myntra.com/gateway/v4/search/kidbea?rows=50&o=50&plaEnabled=false&xdEnabled=false&isFacet=true&p=2 | run_id=run_20260929_121204_794270_9f761b | brand=Kidbea | page=2 | route=https://www.myntra.com/kidbea | seen=761 | expected=862
2026-09-29 12:49:30 | INFO    | LISTING   | Listing Kidbea route https://www.myntra.com/kidbea page 3 -> https://www.myntra.com/gateway/v4/search/kidbea?rows=50&o=100&plaEnabled=false&xdEnabled=false&isFacet=true&p=3 | run_id=run_20260929_121204_794270_9f761b | brand=Kidbea | page=3 | route=https://www.myntra.com/kidbea | seen=761 | expected=862
2026-09-29 12:49:31 | WARNING | LISTING   | Route https://www.myntra.com/kidbea for Kidbea stalled for 3 consecutive pages before reaching expected total; restarting route pass. | run_id=run_20260929_121204_794270_9f761b | brand=Kidbea | page=3 | route=https://www.myntra.com/kidbea | seen=761 | expected=862
2026-09-29 12:49:31 | WARNING | BRAND     | Brand Kidbea finished below expected count: saw 761 unique shirts products vs expected 862. | run_id=run_20260929_121204_794270_9f761b | brand=Kidbea | seen=761 | expected=862
2026-09-29 12:49:31 | INFO    | BRAND     | Brand scrape completed in 31s (1479.42 products/min). | run_id=run_20260929_121204_794270_9f761b | brand=Kidbea | status=COMPLETED | saved=761 | seen=761 | expected=862 | elapsed_label=31s | products_per_minute=1479.42
2026-09-29 12:49:31 | INFO    | AUDIT     | Audit retry completed for Kidbea: saved=0, shortfall_before=101 | run_id=run_20260929_121204_794270_9f761b | brand=Kidbea | saved=0
2026-09-29 12:49:31 | INFO    | BRAND     | Resolving brand routes. | run_id=run_20260929_121204_794270_9f761b | brand=Hopscotch
2026-09-29 12:49:31 | INFO    | BRAND     | Resolved Hopscotch -> 1 routes (best brand total=5159): https://www.myntra.com/hopscotch | run_id=run_20260929_121204_794270_9f761b | brand=Hopscotch | expected=5159
2026-09-29 12:49:31 | INFO    | BRAND     | Starting brand scrape. | run_id=run_20260929_121204_794270_9f761b | brand=Hopscotch | expected=5159
2026-09-29 12:49:31 | INFO    | LISTING   | Listing Hopscotch route https://www.myntra.com/hopscotch page 1 -> https://www.myntra.com/gateway/v4/search/hopscotch?rows=50&o=0&plaEnabled=false&xdEnabled=false&isFacet=true&p=1 | run_id=run_20260929_121204_794270_9f761b | brand=Hopscotch | page=1 | route=https://www.myntra.com/hopscotch | seen=0 | expected=5159
2026-09-29 12:49:32 | INFO    | LISTING   | Listing Hopscotch route https://www.myntra.com/hopscotch page 2 -> https://www.myntra.com/gateway/v4/search/hopscotch?rows=50&o=50&plaEnabled=false&xdEnabled=false&isFacet=true&p=2 | run_id=run_20260929_121204_794270_9f761b | brand=Hopscotch | page=2 | route=https://www.myntra.com/hopscotch | seen=42 | expected=5159
2026-09-29 12:49:33 | INFO    | LISTING   | Listing Hopscotch route https://www.myntra.com/hopscotch page 3 -> https://www.myntra.com/gateway/v4/search/hopscotch?rows=50&o=100&plaEnabled=false&xdEnabled=false&isFacet=true&p=3 | run_id=run_20260929_121204_794270_9f761b | brand=Hopscotch | page=3 | route=https://www.myntra.com/hopscotch | seen=90 | expected=5159
2026-09-29 12:49:33 | INFO    | LISTING   | Listing Hopscotch route https://www.myntra.com/hopscotch page 4 -> https://www.myntra.com/gateway/v4/search/hopscotch?rows=50&o=150&plaEnabled=false&xdEnabled=false&isFacet=true&p=4 | run_id=run_20260929_121204_794270_9f761b | brand=Hopscotch | page=4 | route=https://www.myntra.com/hopscotch | seen=140 | expected=5159
2026-09-29 12:49:34 | INFO    | LISTING   | Listing Hopscotch route https://www.myntra.com/hopscotch page 5 -> https://www.myntra.com/gateway/v4/search/hopscotch?rows=50&o=200&plaEnabled=false&xdEnabled=false&isFacet=true&p=5 | run_id=run_20260929_121204_794270_9f761b | brand=Hopscotch | page=5 | route=https://www.myntra.com/hopscotch | seen=188 | expected=5159
2026-09-29 12:49:34 | INFO    | LISTING   | Listing Hopscotch route https://www.myntra.com/hopscotch page 6 -> https://www.myntra.com/gateway/v4/search/hopscotch?rows=50&o=250&plaEnabled=false&xdEnabled=false&isFacet=true&p=6 | run_id=run_20260929_121204_794270_9f761b | brand=Hopscotch | page=6 | route=https://www.myntra.com/hopscotch | seen=237 | expected=5159
2026-09-29 12:49:34 | INFO    | LISTING   | Listing Hopscotch route https://www.myntra.com/hopscotch page 7 -> https://www.myntra.com/gateway/v4/search/hopscotch?rows=50&o=300&plaEnabled=false&xdEnabled=false&isFacet=true&p=7 | run_id=run_20260929_121204_794270_9f761b | brand=Hopscotch | page=7 | route=https://www.myntra.com/hopscotch | seen=283 | expected=5159
2026-09-29 12:49:35 | INFO    | LISTING   | Listing Hopscotch route https://www.myntra.com/hopscotch page 8 -> https://www.myntra.com/gateway/v4/search/hopscotch?rows=50&o=350&plaEnabled=false&xdEnabled=false&isFacet=true&p=8 | run_id=run_20260929_121204_794270_9f761b | brand=Hopscotch | page=8 | route=https://www.myntra.com/hopscotch | seen=333 | expected=5159
2026-09-29 12:49:35 | INFO    | LISTING   | Listing Hopscotch route https://www.myntra.com/hopscotch page 9 -> https://www.myntra.com/gateway/v4/search/hopscotch?rows=50&o=400&plaEnabled=false&xdEnabled=false&isFacet=true&p=9 | run_id=run_20260929_121204_794270_9f761b | brand=Hopscotch | page=9 | route=https://www.myntra.com/hopscotch | seen=382 | expected=5159
2026-09-29 12:49:36 | INFO    | LISTING   | Listing Hopscotch route https://www.myntra.com/hopscotch page 10 -> https://www.myntra.com/gateway/v4/search/hopscotch?rows=50&o=450&plaEnabled=false&xdEnabled=false&isFacet=true&p=10 | run_id=run_20260929_121204_794270_9f761b | brand=Hopscotch | page=10 | route=https://www.myntra.com/hopscotch | seen=431 | expected=5159
2026-09-29 12:49:37 | INFO    | LISTING   | Listing Hopscotch route https://www.myntra.com/hopscotch page 11 -> https://www.myntra.com/gateway/v4/search/hopscotch?rows=50&o=500&plaEnabled=false&xdEnabled=false&isFacet=true&p=11 | run_id=run_20260929_121204_794270_9f761b | brand=Hopscotch | page=11 | route=https://www.myntra.com/hopscotch | seen=480 | expected=5159
2026-09-29 12:49:37 | INFO    | LISTING   | Listing Hopscotch route https://www.myntra.com/hopscotch page 12 -> https://www.myntra.com/gateway/v4/search/hopscotch?rows=50&o=550&plaEnabled=false&xdEnabled=false&isFacet=true&p=12 | run_id=run_20260929_121204_794270_9f761b | brand=Hopscotch | page=12 | route=https://www.myntra.com/hopscotch | seen=528 | expected=5159
2026-09-29 12:49:38 | INFO    | LISTING   | Listing Hopscotch route https://www.myntra.com/hopscotch page 13 -> https://www.myntra.com/gateway/v4/search/hopscotch?rows=50&o=600&plaEnabled=false&xdEnabled=false&isFacet=true&p=13 | run_id=run_20260929_121204_794270_9f761b | brand=Hopscotch | page=13 | route=https://www.myntra.com/hopscotch | seen=578 | expected=5159
2026-09-29 12:49:39 | INFO    | LISTING   | Listing Hopscotch route https://www.myntra.com/hopscotch page 14 -> https://www.myntra.com/gateway/v4/search/hopscotch?rows=50&o=650&plaEnabled=false&xdEnabled=false&isFacet=true&p=14 | run_id=run_20260929_121204_794270_9f761b | brand=Hopscotch | page=14 | route=https://www.myntra.com/hopscotch | seen=627 | expected=5159
2026-09-29 12:49:39 | INFO    | LISTING   | Listing Hopscotch route https://www.myntra.com/hopscotch page 15 -> https://www.myntra.com/gateway/v4/search/hopscotch?rows=50&o=700&plaEnabled=false&xdEnabled=false&isFacet=true&p=15 | run_id=run_20260929_121204_794270_9f761b | brand=Hopscotch | page=15 | route=https://www.myntra.com/hopscotch | seen=676 | expected=5159
2026-09-29 12:49:40 | INFO    | LISTING   | Listing Hopscotch route https://www.myntra.com/hopscotch page 16 -> https://www.myntra.com/gateway/v4/search/hopscotch?rows=50&o=750&plaEnabled=false&xdEnabled=false&isFacet=true&p=16 | run_id=run_20260929_121204_794270_9f761b | brand=Hopscotch | page=16 | route=https://www.myntra.com/hopscotch | seen=726 | expected=5159
2026-09-29 12:49:40 | INFO    | LISTING   | Listing Hopscotch route https://www.myntra.com/hopscotch page 17 -> https://www.myntra.com/gateway/v4/search/hopscotch?rows=50&o=800&plaEnabled=false&xdEnabled=false&isFacet=true&p=17 | run_id=run_20260929_121204_794270_9f761b | brand=Hopscotch | page=17 | route=https://www.myntra.com/hopscotch | seen=775 | expected=5159
2026-09-29 12:49:41 | INFO    | LISTING   | Listing Hopscotch route https://www.myntra.com/hopscotch page 18 -> https://www.myntra.com/gateway/v4/search/hopscotch?rows=50&o=850&plaEnabled=false&xdEnabled=false&isFacet=true&p=18 | run_id=run_20260929_121204_794270_9f761b | brand=Hopscotch | page=18 | route=https://www.myntra.com/hopscotch | seen=825 | expected=5159
2026-09-29 12:49:41 | INFO    | LISTING   | Listing Hopscotch route https://www.myntra.com/hopscotch page 19 -> https://www.myntra.com/gateway/v4/search/hopscotch?rows=50&o=900&plaEnabled=false&xdEnabled=false&isFacet=true&p=19 | run_id=run_20260929_121204_794270_9f761b | brand=Hopscotch | page=19 | route=https://www.myntra.com/hopscotch | seen=874 | expected=5159
2026-09-29 12:49:42 | INFO    | LISTING   | Listing Hopscotch route https://www.myntra.com/hopscotch page 20 -> https://www.myntra.com/gateway/v4/search/hopscotch?rows=50&o=950&plaEnabled=false&xdEnabled=false&isFacet=true&p=20 | run_id=run_20260929_121204_794270_9f761b | brand=Hopscotch | page=20 | route=https://www.myntra.com/hopscotch | seen=920 | expected=5159
2026-09-29 12:49:42 | INFO    | LISTING   | Listing Hopscotch route https://www.myntra.com/hopscotch page 21 -> https://www.myntra.com/gateway/v4/search/hopscotch?rows=50&o=1000&plaEnabled=false&xdEnabled=false&isFacet=true&p=21 | run_id=run_20260929_121204_794270_9f761b | brand=Hopscotch | page=21 | route=https://www.myntra.com/hopscotch | seen=968 | expected=5159
2026-09-29 12:49:43 | INFO    | LISTING   | Listing Hopscotch route https://www.myntra.com/hopscotch page 22 -> https://www.myntra.com/gateway/v4/search/hopscotch?rows=50&o=1050&plaEnabled=false&xdEnabled=false&isFacet=true&p=22 | run_id=run_20260929_121204_794270_9f761b | brand=Hopscotch | page=22 | route=https://www.myntra.com/hopscotch | seen=1016 | expected=5159
2026-09-29 12:49:44 | INFO    | LISTING   | Listing Hopscotch route https://www.myntra.com/hopscotch page 23 -> https://www.myntra.com/gateway/v4/search/hopscotch?rows=50&o=1100&plaEnabled=false&xdEnabled=false&isFacet=true&p=23 | run_id=run_20260929_121204_794270_9f761b | brand=Hopscotch | page=23 | route=https://www.myntra.com/hopscotch | seen=1065 | expected=5159
2026-09-29 12:49:44 | INFO    | LISTING   | Listing Hopscotch route https://www.myntra.com/hopscotch page 24 -> https://www.myntra.com/gateway/v4/search/hopscotch?rows=50&o=1150&plaEnabled=false&xdEnabled=false&isFacet=true&p=24 | run_id=run_20260929_121204_794270_9f761b | brand=Hopscotch | page=24 | route=https://www.myntra.com/hopscotch | seen=1110 | expected=5159
2026-09-29 12:49:45 | INFO    | LISTING   | Listing Hopscotch route https://www.myntra.com/hopscotch page 25 -> https://www.myntra.com/gateway/v4/search/hopscotch?rows=50&o=1200&plaEnabled=false&xdEnabled=false&isFacet=true&p=25 | run_id=run_20260929_121204_794270_9f761b | brand=Hopscotch | page=25 | route=https://www.myntra.com/hopscotch | seen=1159 | expected=5159
2026-09-29 12:49:45 | INFO    | LISTING   | Listing Hopscotch route https://www.myntra.com/hopscotch page 26 -> https://www.myntra.com/gateway/v4/search/hopscotch?rows=50&o=1250&plaEnabled=false&xdEnabled=false&isFacet=true&p=26 | run_id=run_20260929_121204_794270_9f761b | brand=Hopscotch | page=26 | route=https://www.myntra.com/hopscotch | seen=1209 | expected=5159
2026-09-29 12:49:46 | INFO    | LISTING   | Listing Hopscotch route https://www.myntra.com/hopscotch page 27 -> https://www.myntra.com/gateway/v4/search/hopscotch?rows=50&o=1300&plaEnabled=false&xdEnabled=false&isFacet=true&p=27 | run_id=run_20260929_121204_794270_9f761b | brand=Hopscotch | page=27 | route=https://www.myntra.com/hopscotch | seen=1259 | expected=5159
2026-09-29 12:49:46 | INFO    | LISTING   | Listing Hopscotch route https://www.myntra.com/hopscotch page 28 -> https://www.myntra.com/gateway/v4/search/hopscotch?rows=50&o=1350&plaEnabled=false&xdEnabled=false&isFacet=true&p=28 | run_id=run_20260929_121204_794270_9f761b | brand=Hopscotch | page=28 | route=https://www.myntra.com/hopscotch | seen=1309 | expected=5159
2026-09-29 12:49:47 | INFO    | LISTING   | Listing Hopscotch route https://www.myntra.com/hopscotch page 29 -> https://www.myntra.com/gateway/v4/search/hopscotch?rows=50&o=1400&plaEnabled=false&xdEnabled=false&isFacet=true&p=29 | run_id=run_20260929_121204_794270_9f761b | brand=Hopscotch | page=29 | route=https://www.myntra.com/hopscotch | seen=1358 | expected=5159
2026-09-29 12:49:48 | INFO    | LISTING   | Listing Hopscotch route https://www.myntra.com/hopscotch page 30 -> https://www.myntra.com/gateway/v4/search/hopscotch?rows=50&o=1450&plaEnabled=false&xdEnabled=false&isFacet=true&p=30 | run_id=run_20260929_121204_794270_9f761b | brand=Hopscotch | page=30 | route=https://www.myntra.com/hopscotch | seen=1398 | expected=5159
2026-09-29 12:49:48 | INFO    | LISTING   | Listing Hopscotch route https://www.myntra.com/hopscotch page 31 -> https://www.myntra.com/gateway/v4/search/hopscotch?rows=50&o=1500&plaEnabled=false&xdEnabled=false&isFacet=true&p=31 | run_id=run_20260929_121204_794270_9f761b | brand=Hopscotch | page=31 | route=https://www.myntra.com/hopscotch | seen=1448 | expected=5159
2026-09-29 12:49:49 | INFO    | LISTING   | Listing Hopscotch route https://www.myntra.com/hopscotch page 32 -> https://www.myntra.com/gateway/v4/search/hopscotch?rows=50&o=1550&plaEnabled=false&xdEnabled=false&isFacet=true&p=32 | run_id=run_20260929_121204_794270_9f761b | brand=Hopscotch | page=32 | route=https://www.myntra.com/hopscotch | seen=1498 | expected=5159
2026-09-29 12:49:49 | INFO    | LISTING   | Listing Hopscotch route https://www.myntra.com/hopscotch page 33 -> https://www.myntra.com/gateway/v4/search/hopscotch?rows=50&o=1600&plaEnabled=false&xdEnabled=false&isFacet=true&p=33 | run_id=run_20260929_121204_794270_9f761b | brand=Hopscotch | page=33 | route=https://www.myntra.com/hopscotch | seen=1548 | expected=5159
2026-09-29 12:49:50 | INFO    | LISTING   | Listing Hopscotch route https://www.myntra.com/hopscotch page 34 -> https://www.myntra.com/gateway/v4/search/hopscotch?rows=50&o=1650&plaEnabled=false&xdEnabled=false&isFacet=true&p=34 | run_id=run_20260929_121204_794270_9f761b | brand=Hopscotch | page=34 | route=https://www.myntra.com/hopscotch | seen=1598 | expected=5159
2026-09-29 12:49:50 | INFO    | LISTING   | Listing Hopscotch route https://www.myntra.com/hopscotch page 35 -> https://www.myntra.com/gateway/v4/search/hopscotch?rows=50&o=1700&plaEnabled=false&xdEnabled=false&isFacet=true&p=35 | run_id=run_20260929_121204_794270_9f761b | brand=Hopscotch | page=35 | route=https://www.myntra.com/hopscotch | seen=1648 | expected=5159
2026-09-29 12:49:51 | INFO    | LISTING   | Listing Hopscotch route https://www.myntra.com/hopscotch page 36 -> https://www.myntra.com/gateway/v4/search/hopscotch?rows=50&o=1750&plaEnabled=false&xdEnabled=false&isFacet=true&p=36 | run_id=run_20260929_121204_794270_9f761b | brand=Hopscotch | page=36 | route=https://www.myntra.com/hopscotch | seen=1698 | expected=5159
2026-09-29 12:49:51 | INFO    | LISTING   | Listing Hopscotch route https://www.myntra.com/hopscotch page 37 -> https://www.myntra.com/gateway/v4/search/hopscotch?rows=50&o=1800&plaEnabled=false&xdEnabled=false&isFacet=true&p=37 | run_id=run_20260929_121204_794270_9f761b | brand=Hopscotch | page=37 | route=https://www.myntra.com/hopscotch | seen=1747 | expected=5159
2026-09-29 12:49:52 | INFO    | LISTING   | Listing Hopscotch route https://www.myntra.com/hopscotch page 38 -> https://www.myntra.com/gateway/v4/search/hopscotch?rows=50&o=1850&plaEnabled=false&xdEnabled=false&isFacet=true&p=38 | run_id=run_20260929_121204_794270_9f761b | brand=Hopscotch | page=38 | route=https://www.myntra.com/hopscotch | seen=1796 | expected=5159
2026-09-29 12:49:52 | INFO    | LISTING   | Listing Hopscotch route https://www.myntra.com/hopscotch page 39 -> https://www.myntra.com/gateway/v4/search/hopscotch?rows=50&o=1900&plaEnabled=false&xdEnabled=false&isFacet=true&p=39 | run_id=run_20260929_121204_794270_9f761b | brand=Hopscotch | page=39 | route=https://www.myntra.com/hopscotch | seen=1846 | expected=5159
2026-09-29 12:49:53 | INFO    | LISTING   | Listing Hopscotch route https://www.myntra.com/hopscotch page 40 -> https://www.myntra.com/gateway/v4/search/hopscotch?rows=50&o=1950&plaEnabled=false&xdEnabled=false&isFacet=true&p=40 | run_id=run_20260929_121204_794270_9f761b | brand=Hopscotch | page=40 | route=https://www.myntra.com/hopscotch | seen=1864 | expected=5159
2026-09-29 12:49:53 | INFO    | LISTING   | Listing Hopscotch route https://www.myntra.com/hopscotch page 41 -> https://www.myntra.com/gateway/v4/search/hopscotch?rows=50&o=2000&plaEnabled=false&xdEnabled=false&isFacet=true&p=41 | run_id=run_20260929_121204_794270_9f761b | brand=Hopscotch | page=41 | route=https://www.myntra.com/hopscotch | seen=1907 | expected=5159
2026-09-29 12:49:54 | INFO    | LISTING   | Listing Hopscotch route https://www.myntra.com/hopscotch page 42 -> https://www.myntra.com/gateway/v4/search/hopscotch?rows=50&o=2050&plaEnabled=false&xdEnabled=false&isFacet=true&p=42 | run_id=run_20260929_121204_794270_9f761b | brand=Hopscotch | page=42 | route=https://www.myntra.com/hopscotch | seen=1956 | expected=5159
2026-09-29 12:49:55 | INFO    | LISTING   | Listing Hopscotch route https://www.myntra.com/hopscotch page 43 -> https://www.myntra.com/gateway/v4/search/hopscotch?rows=50&o=2100&plaEnabled=false&xdEnabled=false&isFacet=true&p=43 | run_id=run_20260929_121204_794270_9f761b | brand=Hopscotch | page=43 | route=https://www.myntra.com/hopscotch | seen=2006 | expected=5159
2026-09-29 12:49:55 | INFO    | LISTING   | Listing Hopscotch route https://www.myntra.com/hopscotch page 44 -> https://www.myntra.com/gateway/v4/search/hopscotch?rows=50&o=2150&plaEnabled=false&xdEnabled=false&isFacet=true&p=44 | run_id=run_20260929_121204_794270_9f761b | brand=Hopscotch | page=44 | route=https://www.myntra.com/hopscotch | seen=2054 | expected=5159
2026-09-29 12:49:56 | INFO    | LISTING   | Listing Hopscotch route https://www.myntra.com/hopscotch page 45 -> https://www.myntra.com/gateway/v4/search/hopscotch?rows=50&o=2200&plaEnabled=false&xdEnabled=false&isFacet=true&p=45 | run_id=run_20260929_121204_794270_9f761b | brand=Hopscotch | page=45 | route=https://www.myntra.com/hopscotch | seen=2102 | expected=5159
2026-09-29 12:49:56 | INFO    | LISTING   | Listing Hopscotch route https://www.myntra.com/hopscotch page 46 -> https://www.myntra.com/gateway/v4/search/hopscotch?rows=50&o=2250&plaEnabled=false&xdEnabled=false&isFacet=true&p=46 | run_id=run_20260929_121204_794270_9f761b | brand=Hopscotch | page=46 | route=https://www.myntra.com/hopscotch | seen=2151 | expected=5159
2026-09-29 12:49:57 | INFO    | LISTING   | Listing Hopscotch route https://www.myntra.com/hopscotch page 47 -> https://www.myntra.com/gateway/v4/search/hopscotch?rows=50&o=2300&plaEnabled=false&xdEnabled=false&isFacet=true&p=47 | run_id=run_20260929_121204_794270_9f761b | brand=Hopscotch | page=47 | route=https://www.myntra.com/hopscotch | seen=2200 | expected=5159
2026-09-29 12:49:57 | INFO    | LISTING   | Listing Hopscotch route https://www.myntra.com/hopscotch page 48 -> https://www.myntra.com/gateway/v4/search/hopscotch?rows=50&o=2350&plaEnabled=false&xdEnabled=false&isFacet=true&p=48 | run_id=run_20260929_121204_794270_9f761b | brand=Hopscotch | page=48 | route=https://www.myntra.com/hopscotch | seen=2249 | expected=5159
2026-09-29 12:49:58 | INFO    | LISTING   | Listing Hopscotch route https://www.myntra.com/hopscotch page 49 -> https://www.myntra.com/gateway/v4/search/hopscotch?rows=50&o=2400&plaEnabled=false&xdEnabled=false&isFacet=true&p=49 | run_id=run_20260929_121204_794270_9f761b | brand=Hopscotch | page=49 | route=https://www.myntra.com/hopscotch | seen=2294 | expected=5159
2026-09-29 12:49:59 | INFO    | LISTING   | Listing Hopscotch route https://www.myntra.com/hopscotch page 50 -> https://www.myntra.com/gateway/v4/search/hopscotch?rows=50&o=2450&plaEnabled=false&xdEnabled=false&isFacet=true&p=50 | run_id=run_20260929_121204_794270_9f761b | brand=Hopscotch | page=50 | route=https://www.myntra.com/hopscotch | seen=2337 | expected=5159
2026-09-29 12:49:59 | INFO    | LISTING   | Listing Hopscotch route https://www.myntra.com/hopscotch page 51 -> https://www.myntra.com/gateway/v4/search/hopscotch?rows=50&o=2500&plaEnabled=false&xdEnabled=false&isFacet=true&p=51 | run_id=run_20260929_121204_794270_9f761b | brand=Hopscotch | page=51 | route=https://www.myntra.com/hopscotch | seen=2357 | expected=5159
2026-09-29 12:50:00 | INFO    | LISTING   | Listing Hopscotch route https://www.myntra.com/hopscotch page 52 -> https://www.myntra.com/gateway/v4/search/hopscotch?rows=50&o=2550&plaEnabled=false&xdEnabled=false&isFacet=true&p=52 | run_id=run_20260929_121204_794270_9f761b | brand=Hopscotch | page=52 | route=https://www.myntra.com/hopscotch | seen=2391 | expected=5159
2026-09-29 12:50:00 | INFO    | LISTING   | Listing Hopscotch route https://www.myntra.com/hopscotch page 53 -> https://www.myntra.com/gateway/v4/search/hopscotch?rows=50&o=2600&plaEnabled=false&xdEnabled=false&isFacet=true&p=53 | run_id=run_20260929_121204_794270_9f761b | brand=Hopscotch | page=53 | route=https://www.myntra.com/hopscotch | seen=2438 | expected=5159
2026-09-29 12:50:01 | INFO    | LISTING   | Listing Hopscotch route https://www.myntra.com/hopscotch page 54 -> https://www.myntra.com/gateway/v4/search/hopscotch?rows=50&o=2650&plaEnabled=false&xdEnabled=false&isFacet=true&p=54 | run_id=run_20260929_121204_794270_9f761b | brand=Hopscotch | page=54 | route=https://www.myntra.com/hopscotch | seen=2484 | expected=5159
2026-09-29 12:50:01 | INFO    | LISTING   | Listing Hopscotch route https://www.myntra.com/hopscotch page 55 -> https://www.myntra.com/gateway/v4/search/hopscotch?rows=50&o=2700&plaEnabled=false&xdEnabled=false&isFacet=true&p=55 | run_id=run_20260929_121204_794270_9f761b | brand=Hopscotch | page=55 | route=https://www.myntra.com/hopscotch | seen=2516 | expected=5159
2026-09-29 12:50:02 | INFO    | LISTING   | Listing Hopscotch route https://www.myntra.com/hopscotch page 56 -> https://www.myntra.com/gateway/v4/search/hopscotch?rows=50&o=2750&plaEnabled=false&xdEnabled=false&isFacet=true&p=56 | run_id=run_20260929_121204_794270_9f761b | brand=Hopscotch | page=56 | route=https://www.myntra.com/hopscotch | seen=2560 | expected=5159
2026-09-29 12:50:02 | INFO    | LISTING   | Listing Hopscotch route https://www.myntra.com/hopscotch page 57 -> https://www.myntra.com/gateway/v4/search/hopscotch?rows=50&o=2800&plaEnabled=false&xdEnabled=false&isFacet=true&p=57 | run_id=run_20260929_121204_794270_9f761b | brand=Hopscotch | page=57 | route=https://www.myntra.com/hopscotch | seen=2609 | expected=5159
2026-09-29 12:50:03 | INFO    | LISTING   | Listing Hopscotch route https://www.myntra.com/hopscotch page 58 -> https://www.myntra.com/gateway/v4/search/hopscotch?rows=50&o=2850&plaEnabled=false&xdEnabled=false&isFacet=true&p=58 | run_id=run_20260929_121204_794270_9f761b | brand=Hopscotch | page=58 | route=https://www.myntra.com/hopscotch | seen=2659 | expected=5159
2026-09-29 12:50:03 | INFO    | LISTING   | Listing Hopscotch route https://www.myntra.com/hopscotch page 59 -> https://www.myntra.com/gateway/v4/search/hopscotch?rows=50&o=2900&plaEnabled=false&xdEnabled=false&isFacet=true&p=59 | run_id=run_20260929_121204_794270_9f761b | brand=Hopscotch | page=59 | route=https://www.myntra.com/hopscotch | seen=2708 | expected=5159
2026-09-29 12:50:04 | INFO    | LISTING   | Listing Hopscotch route https://www.myntra.com/hopscotch page 60 -> https://www.myntra.com/gateway/v4/search/hopscotch?rows=50&o=2950&plaEnabled=false&xdEnabled=false&isFacet=true&p=60 | run_id=run_20260929_121204_794270_9f761b | brand=Hopscotch | page=60 | route=https://www.myntra.com/hopscotch | seen=2758 | expected=5159
2026-09-29 12:50:04 | INFO    | LISTING   | Listing Hopscotch route https://www.myntra.com/hopscotch page 61 -> https://www.myntra.com/gateway/v4/search/hopscotch?rows=50&o=3000&plaEnabled=false&xdEnabled=false&isFacet=true&p=61 | run_id=run_20260929_121204_794270_9f761b | brand=Hopscotch | page=61 | route=https://www.myntra.com/hopscotch | seen=2804 | expected=5159
2026-09-29 12:50:05 | INFO    | LISTING   | Listing Hopscotch route https://www.myntra.com/hopscotch page 62 -> https://www.myntra.com/gateway/v4/search/hopscotch?rows=50&o=3050&plaEnabled=false&xdEnabled=false&isFacet=true&p=62 | run_id=run_20260929_121204_794270_9f761b | brand=Hopscotch | page=62 | route=https://www.myntra.com/hopscotch | seen=2851 | expected=5159
2026-09-29 12:50:05 | INFO    | LISTING   | Listing Hopscotch route https://www.myntra.com/hopscotch page 63 -> https://www.myntra.com/gateway/v4/search/hopscotch?rows=50&o=3100&plaEnabled=false&xdEnabled=false&isFacet=true&p=63 | run_id=run_20260929_121204_794270_9f761b | brand=Hopscotch | page=63 | route=https://www.myntra.com/hopscotch | seen=2898 | expected=5159
2026-09-29 12:50:06 | INFO    | LISTING   | Listing Hopscotch route https://www.myntra.com/hopscotch page 64 -> https://www.myntra.com/gateway/v4/search/hopscotch?rows=50&o=3150&plaEnabled=false&xdEnabled=false&isFacet=true&p=64 | run_id=run_20260929_121204_794270_9f761b | brand=Hopscotch | page=64 | route=https://www.myntra.com/hopscotch | seen=2947 | expected=5159
2026-09-29 12:50:06 | INFO    | LISTING   | Listing Hopscotch route https://www.myntra.com/hopscotch page 65 -> https://www.myntra.com/gateway/v4/search/hopscotch?rows=50&o=3200&plaEnabled=false&xdEnabled=false&isFacet=true&p=65 | run_id=run_20260929_121204_794270_9f761b | brand=Hopscotch | page=65 | route=https://www.myntra.com/hopscotch | seen=2990 | expected=5159
2026-09-29 12:50:07 | INFO    | LISTING   | Listing Hopscotch route https://www.myntra.com/hopscotch page 66 -> https://www.myntra.com/gateway/v4/search/hopscotch?rows=50&o=3250&plaEnabled=false&xdEnabled=false&isFacet=true&p=66 | run_id=run_20260929_121204_794270_9f761b | brand=Hopscotch | page=66 | route=https://www.myntra.com/hopscotch | seen=3040 | expected=5159
2026-09-29 12:50:07 | INFO    | LISTING   | Listing Hopscotch route https://www.myntra.com/hopscotch page 67 -> https://www.myntra.com/gateway/v4/search/hopscotch?rows=50&o=3300&plaEnabled=false&xdEnabled=false&isFacet=true&p=67 | run_id=run_20260929_121204_794270_9f761b | brand=Hopscotch | page=67 | route=https://www.myntra.com/hopscotch | seen=3090 | expected=5159
2026-09-29 12:50:08 | INFO    | LISTING   | Listing Hopscotch route https://www.myntra.com/hopscotch page 68 -> https://www.myntra.com/gateway/v4/search/hopscotch?rows=50&o=3350&plaEnabled=false&xdEnabled=false&isFacet=true&p=68 | run_id=run_20260929_121204_794270_9f761b | brand=Hopscotch | page=68 | route=https://www.myntra.com/hopscotch | seen=3140 | expected=5159
2026-09-29 12:50:08 | INFO    | LISTING   | Listing Hopscotch route https://www.myntra.com/hopscotch page 69 -> https://www.myntra.com/gateway/v4/search/hopscotch?rows=50&o=3400&plaEnabled=false&xdEnabled=false&isFacet=true&p=69 | run_id=run_20260929_121204_794270_9f761b | brand=Hopscotch | page=69 | route=https://www.myntra.com/hopscotch | seen=3188 | expected=5159
2026-09-29 12:50:09 | INFO    | LISTING   | Listing Hopscotch route https://www.myntra.com/hopscotch page 70 -> https://www.myntra.com/gateway/v4/search/hopscotch?rows=50&o=3450&plaEnabled=false&xdEnabled=false&isFacet=true&p=70 | run_id=run_20260929_121204_794270_9f761b | brand=Hopscotch | page=70 | route=https://www.myntra.com/hopscotch | seen=3236 | expected=5159
2026-09-29 12:50:09 | INFO    | LISTING   | Listing Hopscotch route https://www.myntra.com/hopscotch page 71 -> https://www.myntra.com/gateway/v4/search/hopscotch?rows=50&o=3500&plaEnabled=false&xdEnabled=false&isFacet=true&p=71 | run_id=run_20260929_121204_794270_9f761b | brand=Hopscotch | page=71 | route=https://www.myntra.com/hopscotch | seen=3286 | expected=5159
2026-09-29 12:50:10 | INFO    | LISTING   | Listing Hopscotch route https://www.myntra.com/hopscotch page 72 -> https://www.myntra.com/gateway/v4/search/hopscotch?rows=50&o=3550&plaEnabled=false&xdEnabled=false&isFacet=true&p=72 | run_id=run_20260929_121204_794270_9f761b | brand=Hopscotch | page=72 | route=https://www.myntra.com/hopscotch | seen=3332 | expected=5159
2026-09-29 12:50:10 | INFO    | LISTING   | Listing Hopscotch route https://www.myntra.com/hopscotch page 73 -> https://www.myntra.com/gateway/v4/search/hopscotch?rows=50&o=3600&plaEnabled=false&xdEnabled=false&isFacet=true&p=73 | run_id=run_20260929_121204_794270_9f761b | brand=Hopscotch | page=73 | route=https://www.myntra.com/hopscotch | seen=3382 | expected=5159
2026-09-29 12:50:11 | INFO    | LISTING   | Listing Hopscotch route https://www.myntra.com/hopscotch page 74 -> https://www.myntra.com/gateway/v4/search/hopscotch?rows=50&o=3650&plaEnabled=false&xdEnabled=false&isFacet=true&p=74 | run_id=run_20260929_121204_794270_9f761b | brand=Hopscotch | page=74 | route=https://www.myntra.com/hopscotch | seen=3429 | expected=5159
2026-09-29 12:50:11 | INFO    | LISTING   | Listing Hopscotch route https://www.myntra.com/hopscotch page 75 -> https://www.myntra.com/gateway/v4/search/hopscotch?rows=50&o=3700&plaEnabled=false&xdEnabled=false&isFacet=true&p=75 | run_id=run_20260929_121204_794270_9f761b | brand=Hopscotch | page=75 | route=https://www.myntra.com/hopscotch | seen=3478 | expected=5159
2026-09-29 12:50:12 | INFO    | LISTING   | Listing Hopscotch route https://www.myntra.com/hopscotch page 76 -> https://www.myntra.com/gateway/v4/search/hopscotch?rows=50&o=3750&plaEnabled=false&xdEnabled=false&isFacet=true&p=76 | run_id=run_20260929_121204_794270_9f761b | brand=Hopscotch | page=76 | route=https://www.myntra.com/hopscotch | seen=3524 | expected=5159
2026-09-29 12:50:13 | INFO    | LISTING   | Listing Hopscotch route https://www.myntra.com/hopscotch page 77 -> https://www.myntra.com/gateway/v4/search/hopscotch?rows=50&o=3800&plaEnabled=false&xdEnabled=false&isFacet=true&p=77 | run_id=run_20260929_121204_794270_9f761b | brand=Hopscotch | page=77 | route=https://www.myntra.com/hopscotch | seen=3574 | expected=5159
2026-09-29 12:50:13 | INFO    | LISTING   | Listing Hopscotch route https://www.myntra.com/hopscotch page 78 -> https://www.myntra.com/gateway/v4/search/hopscotch?rows=50&o=3850&plaEnabled=false&xdEnabled=false&isFacet=true&p=78 | run_id=run_20260929_121204_794270_9f761b | brand=Hopscotch | page=78 | route=https://www.myntra.com/hopscotch | seen=3618 | expected=5159
2026-09-29 12:50:14 | INFO    | LISTING   | Listing Hopscotch route https://www.myntra.com/hopscotch page 79 -> https://www.myntra.com/gateway/v4/search/hopscotch?rows=50&o=3900&plaEnabled=false&xdEnabled=false&isFacet=true&p=79 | run_id=run_20260929_121204_794270_9f761b | brand=Hopscotch | page=79 | route=https://www.myntra.com/hopscotch | seen=3664 | expected=5159
2026-09-29 12:50:14 | INFO    | LISTING   | Listing Hopscotch route https://www.myntra.com/hopscotch page 80 -> https://www.myntra.com/gateway/v4/search/hopscotch?rows=50&o=3950&plaEnabled=false&xdEnabled=false&isFacet=true&p=80 | run_id=run_20260929_121204_794270_9f761b | brand=Hopscotch | page=80 | route=https://www.myntra.com/hopscotch | seen=3708 | expected=5159
2026-09-29 12:50:15 | INFO    | LISTING   | Listing Hopscotch route https://www.myntra.com/hopscotch page 81 -> https://www.myntra.com/gateway/v4/search/hopscotch?rows=50&o=4000&plaEnabled=false&xdEnabled=false&isFacet=true&p=81 | run_id=run_20260929_121204_794270_9f761b | brand=Hopscotch | page=81 | route=https://www.myntra.com/hopscotch | seen=3756 | expected=5159
2026-09-29 12:50:15 | INFO    | LISTING   | Listing Hopscotch route https://www.myntra.com/hopscotch page 82 -> https://www.myntra.com/gateway/v4/search/hopscotch?rows=50&o=4050&plaEnabled=false&xdEnabled=false&isFacet=true&p=82 | run_id=run_20260929_121204_794270_9f761b | brand=Hopscotch | page=82 | route=https://www.myntra.com/hopscotch | seen=3803 | expected=5159
2026-09-29 12:50:16 | INFO    | LISTING   | Listing Hopscotch route https://www.myntra.com/hopscotch page 83 -> https://www.myntra.com/gateway/v4/search/hopscotch?rows=50&o=4100&plaEnabled=false&xdEnabled=false&isFacet=true&p=83 | run_id=run_20260929_121204_794270_9f761b | brand=Hopscotch | page=83 | route=https://www.myntra.com/hopscotch | seen=3848 | expected=5159
2026-09-29 12:50:16 | INFO    | LISTING   | Listing Hopscotch route https://www.myntra.com/hopscotch page 84 -> https://www.myntra.com/gateway/v4/search/hopscotch?rows=50&o=4150&plaEnabled=false&xdEnabled=false&isFacet=true&p=84 | run_id=run_20260929_121204_794270_9f761b | brand=Hopscotch | page=84 | route=https://www.myntra.com/hopscotch | seen=3898 | expected=5159
2026-09-29 12:50:17 | INFO    | LISTING   | Listing Hopscotch route https://www.myntra.com/hopscotch page 85 -> https://www.myntra.com/gateway/v4/search/hopscotch?rows=50&o=4200&plaEnabled=false&xdEnabled=false&isFacet=true&p=85 | run_id=run_20260929_121204_794270_9f761b | brand=Hopscotch | page=85 | route=https://www.myntra.com/hopscotch | seen=3939 | expected=5159
2026-09-29 12:50:17 | INFO    | LISTING   | Listing Hopscotch route https://www.myntra.com/hopscotch page 86 -> https://www.myntra.com/gateway/v4/search/hopscotch?rows=50&o=4250&plaEnabled=false&xdEnabled=false&isFacet=true&p=86 | run_id=run_20260929_121204_794270_9f761b | brand=Hopscotch | page=86 | route=https://www.myntra.com/hopscotch | seen=3986 | expected=5159
2026-09-29 12:50:18 | INFO    | LISTING   | Listing Hopscotch route https://www.myntra.com/hopscotch page 87 -> https://www.myntra.com/gateway/v4/search/hopscotch?rows=50&o=4300&plaEnabled=false&xdEnabled=false&isFacet=true&p=87 | run_id=run_20260929_121204_794270_9f761b | brand=Hopscotch | page=87 | route=https://www.myntra.com/hopscotch | seen=4036 | expected=5159
2026-09-29 12:50:19 | INFO    | LISTING   | Listing Hopscotch route https://www.myntra.com/hopscotch page 88 -> https://www.myntra.com/gateway/v4/search/hopscotch?rows=50&o=4350&plaEnabled=false&xdEnabled=false&isFacet=true&p=88 | run_id=run_20260929_121204_794270_9f761b | brand=Hopscotch | page=88 | route=https://www.myntra.com/hopscotch | seen=4086 | expected=5159
2026-09-29 12:50:19 | INFO    | LISTING   | Listing Hopscotch route https://www.myntra.com/hopscotch page 89 -> https://www.myntra.com/gateway/v4/search/hopscotch?rows=50&o=4400&plaEnabled=false&xdEnabled=false&isFacet=true&p=89 | run_id=run_20260929_121204_794270_9f761b | brand=Hopscotch | page=89 | route=https://www.myntra.com/hopscotch | seen=4136 | expected=5159
2026-09-29 12:50:19 | INFO    | LISTING   | Listing Hopscotch route https://www.myntra.com/hopscotch page 90 -> https://www.myntra.com/gateway/v4/search/hopscotch?rows=50&o=4450&plaEnabled=false&xdEnabled=false&isFacet=true&p=90 | run_id=run_20260929_121204_794270_9f761b | brand=Hopscotch | page=90 | route=https://www.myntra.com/hopscotch | seen=4185 | expected=5159
2026-09-29 12:50:20 | INFO    | LISTING   | Listing Hopscotch route https://www.myntra.com/hopscotch page 91 -> https://www.myntra.com/gateway/v4/search/hopscotch?rows=50&o=4500&plaEnabled=false&xdEnabled=false&isFacet=true&p=91 | run_id=run_20260929_121204_794270_9f761b | brand=Hopscotch | page=91 | route=https://www.myntra.com/hopscotch | seen=4235 | expected=5159
2026-09-29 12:50:20 | INFO    | LISTING   | Listing Hopscotch route https://www.myntra.com/hopscotch page 92 -> https://www.myntra.com/gateway/v4/search/hopscotch?rows=50&o=4550&plaEnabled=false&xdEnabled=false&isFacet=true&p=92 | run_id=run_20260929_121204_794270_9f761b | brand=Hopscotch | page=92 | route=https://www.myntra.com/hopscotch | seen=4284 | expected=5159
2026-09-29 12:50:21 | INFO    | LISTING   | Listing Hopscotch route https://www.myntra.com/hopscotch page 93 -> https://www.myntra.com/gateway/v4/search/hopscotch?rows=50&o=4600&plaEnabled=false&xdEnabled=false&isFacet=true&p=93 | run_id=run_20260929_121204_794270_9f761b | brand=Hopscotch | page=93 | route=https://www.myntra.com/hopscotch | seen=4327 | expected=5159
2026-09-29 12:50:21 | INFO    | LISTING   | Listing Hopscotch route https://www.myntra.com/hopscotch page 94 -> https://www.myntra.com/gateway/v4/search/hopscotch?rows=50&o=4650&plaEnabled=false&xdEnabled=false&isFacet=true&p=94 | run_id=run_20260929_121204_794270_9f761b | brand=Hopscotch | page=94 | route=https://www.myntra.com/hopscotch | seen=4374 | expected=5159
2026-09-29 12:50:22 | INFO    | LISTING   | Listing Hopscotch route https://www.myntra.com/hopscotch page 95 -> https://www.myntra.com/gateway/v4/search/hopscotch?rows=50&o=4700&plaEnabled=false&xdEnabled=false&isFacet=true&p=95 | run_id=run_20260929_121204_794270_9f761b | brand=Hopscotch | page=95 | route=https://www.myntra.com/hopscotch | seen=4424 | expected=5159
2026-09-29 12:50:23 | INFO    | LISTING   | Listing Hopscotch route https://www.myntra.com/hopscotch page 96 -> https://www.myntra.com/gateway/v4/search/hopscotch?rows=50&o=4750&plaEnabled=false&xdEnabled=false&isFacet=true&p=96 | run_id=run_20260929_121204_794270_9f761b | brand=Hopscotch | page=96 | route=https://www.myntra.com/hopscotch | seen=4469 | expected=5159
2026-09-29 12:50:23 | INFO    | LISTING   | Listing Hopscotch route https://www.myntra.com/hopscotch page 97 -> https://www.myntra.com/gateway/v4/search/hopscotch?rows=50&o=4800&plaEnabled=false&xdEnabled=false&isFacet=true&p=97 | run_id=run_20260929_121204_794270_9f761b | brand=Hopscotch | page=97 | route=https://www.myntra.com/hopscotch | seen=4513 | expected=5159
2026-09-29 12:50:24 | INFO    | LISTING   | Listing Hopscotch route https://www.myntra.com/hopscotch page 98 -> https://www.myntra.com/gateway/v4/search/hopscotch?rows=50&o=4850&plaEnabled=false&xdEnabled=false&isFacet=true&p=98 | run_id=run_20260929_121204_794270_9f761b | brand=Hopscotch | page=98 | route=https://www.myntra.com/hopscotch | seen=4563 | expected=5159
2026-09-29 12:50:24 | INFO    | LISTING   | Listing Hopscotch route https://www.myntra.com/hopscotch page 99 -> https://www.myntra.com/gateway/v4/search/hopscotch?rows=50&o=4900&plaEnabled=false&xdEnabled=false&isFacet=true&p=99 | run_id=run_20260929_121204_794270_9f761b | brand=Hopscotch | page=99 | route=https://www.myntra.com/hopscotch | seen=4613 | expected=5159
2026-09-29 12:50:25 | INFO    | LISTING   | Listing Hopscotch route https://www.myntra.com/hopscotch page 100 -> https://www.myntra.com/gateway/v4/search/hopscotch?rows=50&o=4950&plaEnabled=false&xdEnabled=false&isFacet=true&p=100 | run_id=run_20260929_121204_794270_9f761b | brand=Hopscotch | page=100 | route=https://www.myntra.com/hopscotch | seen=4661 | expected=5159
2026-09-29 12:50:25 | INFO    | LISTING   | Listing Hopscotch route https://www.myntra.com/hopscotch page 101 -> https://www.myntra.com/gateway/v4/search/hopscotch?rows=50&o=5000&plaEnabled=false&xdEnabled=false&isFacet=true&p=101 | run_id=run_20260929_121204_794270_9f761b | brand=Hopscotch | page=101 | route=https://www.myntra.com/hopscotch | seen=4708 | expected=5159
2026-09-29 12:50:26 | INFO    | LISTING   | Listing Hopscotch route https://www.myntra.com/hopscotch page 102 -> https://www.myntra.com/gateway/v4/search/hopscotch?rows=50&o=5050&plaEnabled=false&xdEnabled=false&isFacet=true&p=102 | run_id=run_20260929_121204_794270_9f761b | brand=Hopscotch | page=102 | route=https://www.myntra.com/hopscotch | seen=4757 | expected=5159
2026-09-29 12:50:26 | INFO    | LISTING   | Listing Hopscotch route https://www.myntra.com/hopscotch page 103 -> https://www.myntra.com/gateway/v4/search/hopscotch?rows=50&o=5100&plaEnabled=false&xdEnabled=false&isFacet=true&p=103 | run_id=run_20260929_121204_794270_9f761b | brand=Hopscotch | page=103 | route=https://www.myntra.com/hopscotch | seen=4806 | expected=5159
2026-09-29 12:50:27 | INFO    | LISTING   | Listing Hopscotch route https://www.myntra.com/hopscotch page 104 -> https://www.myntra.com/gateway/v4/search/hopscotch?rows=50&o=5150&plaEnabled=false&xdEnabled=false&isFacet=true&p=104 | run_id=run_20260929_121204_794270_9f761b | brand=Hopscotch | page=104 | route=https://www.myntra.com/hopscotch | seen=4856 | expected=5159
2026-09-29 12:50:27 | WARNING | LISTING   | Retrying route https://www.myntra.com/hopscotch for Hopscotch (pass 1/2) after incomplete coverage: 4905/5159 unique products seen. | run_id=run_20260929_121204_794270_9f761b | brand=Hopscotch | route=https://www.myntra.com/hopscotch | seen=4905 | expected=5159 | attempt=1/2
2026-09-29 12:50:27 | INFO    | LISTING   | Listing Hopscotch route https://www.myntra.com/hopscotch page 1 -> https://www.myntra.com/gateway/v4/search/hopscotch?rows=50&o=0&plaEnabled=false&xdEnabled=false&isFacet=true&p=1 | run_id=run_20260929_121204_794270_9f761b | brand=Hopscotch | page=1 | route=https://www.myntra.com/hopscotch | seen=4905 | expected=5159
2026-09-29 12:50:28 | INFO    | LISTING   | Listing Hopscotch route https://www.myntra.com/hopscotch page 2 -> https://www.myntra.com/gateway/v4/search/hopscotch?rows=50&o=50&plaEnabled=false&xdEnabled=false&isFacet=true&p=2 | run_id=run_20260929_121204_794270_9f761b | brand=Hopscotch | page=2 | route=https://www.myntra.com/hopscotch | seen=4905 | expected=5159
2026-09-29 12:50:29 | INFO    | LISTING   | Listing Hopscotch route https://www.myntra.com/hopscotch page 3 -> https://www.myntra.com/gateway/v4/search/hopscotch?rows=50&o=100&plaEnabled=false&xdEnabled=false&isFacet=true&p=3 | run_id=run_20260929_121204_794270_9f761b | brand=Hopscotch | page=3 | route=https://www.myntra.com/hopscotch | seen=4905 | expected=5159
2026-09-29 12:50:29 | WARNING | LISTING   | Route https://www.myntra.com/hopscotch for Hopscotch stalled for 3 consecutive pages before reaching expected total; restarting route pass. | run_id=run_20260929_121204_794270_9f761b | brand=Hopscotch | page=3 | route=https://www.myntra.com/hopscotch | seen=4905 | expected=5159
2026-09-29 12:50:29 | WARNING | LISTING   | Retrying route https://www.myntra.com/hopscotch for Hopscotch (pass 2/2) after incomplete coverage: 4905/5159 unique products seen. | run_id=run_20260929_121204_794270_9f761b | brand=Hopscotch | route=https://www.myntra.com/hopscotch | seen=4905 | expected=5159 | attempt=2/2
2026-09-29 12:50:29 | INFO    | LISTING   | Listing Hopscotch route https://www.myntra.com/hopscotch page 1 -> https://www.myntra.com/gateway/v4/search/hopscotch?rows=50&o=0&plaEnabled=false&xdEnabled=false&isFacet=true&p=1 | run_id=run_20260929_121204_794270_9f761b | brand=Hopscotch | page=1 | route=https://www.myntra.com/hopscotch | seen=4905 | expected=5159
2026-09-29 12:50:30 | INFO    | LISTING   | Listing Hopscotch route https://www.myntra.com/hopscotch page 2 -> https://www.myntra.com/gateway/v4/search/hopscotch?rows=50&o=50&plaEnabled=false&xdEnabled=false&isFacet=true&p=2 | run_id=run_20260929_121204_794270_9f761b | brand=Hopscotch | page=2 | route=https://www.myntra.com/hopscotch | seen=4905 | expected=5159
2026-09-29 12:50:30 | INFO    | LISTING   | Listing Hopscotch route https://www.myntra.com/hopscotch page 3 -> https://www.myntra.com/gateway/v4/search/hopscotch?rows=50&o=100&plaEnabled=false&xdEnabled=false&isFacet=true&p=3 | run_id=run_20260929_121204_794270_9f761b | brand=Hopscotch | page=3 | route=https://www.myntra.com/hopscotch | seen=4905 | expected=5159
2026-09-29 12:50:31 | WARNING | LISTING   | Route https://www.myntra.com/hopscotch for Hopscotch stalled for 3 consecutive pages before reaching expected total; restarting route pass. | run_id=run_20260929_121204_794270_9f761b | brand=Hopscotch | page=3 | route=https://www.myntra.com/hopscotch | seen=4905 | expected=5159
2026-09-29 12:50:31 | WARNING | BRAND     | Brand Hopscotch finished below expected count: saw 4905 unique shirts products vs expected 5159. | run_id=run_20260929_121204_794270_9f761b | brand=Hopscotch | seen=4905 | expected=5159
2026-09-29 12:50:31 | INFO    | BRAND     | Brand scrape completed in 1m 0s (4897.03 products/min). | run_id=run_20260929_121204_794270_9f761b | brand=Hopscotch | status=COMPLETED | saved=4915 | seen=4905 | expected=5159 | elapsed_label=1m 0s | products_per_minute=4897.03
2026-09-29 12:50:31 | INFO    | AUDIT     | Audit retry completed for Hopscotch: saved=0, shortfall_before=244 | run_id=run_20260929_121204_794270_9f761b | brand=Hopscotch | saved=0
2026-09-29 12:50:31 | INFO    | BRAND     | Resolving brand routes. | run_id=run_20260929_121204_794270_9f761b | brand=H&M (Kids)
2026-09-29 12:50:32 | INFO    | BRAND     | Resolved H&M (Kids) -> 2 routes (best brand total=6129): https://www.myntra.com/h-and-m-kids, https://www.myntra.com/kids-hm | run_id=run_20260929_121204_794270_9f761b | brand=H&M (Kids) | expected=6129
2026-09-29 12:50:32 | INFO    | BRAND     | Starting brand scrape. | run_id=run_20260929_121204_794270_9f761b | brand=H&M (Kids) | expected=6129
2026-09-29 12:50:32 | INFO    | LISTING   | Listing H&M (Kids) route https://www.myntra.com/h-and-m-kids page 1 -> https://www.myntra.com/gateway/v4/search/h-and-m-kids?rows=50&o=0&plaEnabled=false&xdEnabled=false&isFacet=true&p=1 | run_id=run_20260929_121204_794270_9f761b | brand=H&M (Kids) | page=1 | route=https://www.myntra.com/h-and-m-kids | seen=0 | expected=6129
2026-09-29 12:50:33 | INFO    | LISTING   | Listing H&M (Kids) route https://www.myntra.com/h-and-m-kids page 2 -> https://www.myntra.com/gateway/v4/search/h-and-m-kids?rows=50&o=50&plaEnabled=false&xdEnabled=false&isFacet=true&p=2 | run_id=run_20260929_121204_794270_9f761b | brand=H&M (Kids) | page=2 | route=https://www.myntra.com/h-and-m-kids | seen=43 | expected=6129
2026-09-29 12:50:33 | INFO    | LISTING   | Listing H&M (Kids) route https://www.myntra.com/h-and-m-kids page 3 -> https://www.myntra.com/gateway/v4/search/h-and-m-kids?rows=50&o=100&plaEnabled=false&xdEnabled=false&isFacet=true&p=3 | run_id=run_20260929_121204_794270_9f761b | brand=H&M (Kids) | page=3 | route=https://www.myntra.com/h-and-m-kids | seen=92 | expected=6129
2026-09-29 12:50:34 | INFO    | LISTING   | Listing H&M (Kids) route https://www.myntra.com/h-and-m-kids page 4 -> https://www.myntra.com/gateway/v4/search/h-and-m-kids?rows=50&o=150&plaEnabled=false&xdEnabled=false&isFacet=true&p=4 | run_id=run_20260929_121204_794270_9f761b | brand=H&M (Kids) | page=4 | route=https://www.myntra.com/h-and-m-kids | seen=141 | expected=6129
2026-09-29 12:50:34 | INFO    | LISTING   | Listing H&M (Kids) route https://www.myntra.com/h-and-m-kids page 5 -> https://www.myntra.com/gateway/v4/search/h-and-m-kids?rows=50&o=200&plaEnabled=false&xdEnabled=false&isFacet=true&p=5 | run_id=run_20260929_121204_794270_9f761b | brand=H&M (Kids) | page=5 | route=https://www.myntra.com/h-and-m-kids | seen=188 | expected=6129
2026-09-29 12:50:35 | INFO    | LISTING   | Listing H&M (Kids) route https://www.myntra.com/h-and-m-kids page 6 -> https://www.myntra.com/gateway/v4/search/h-and-m-kids?rows=50&o=250&plaEnabled=false&xdEnabled=false&isFacet=true&p=6 | run_id=run_20260929_121204_794270_9f761b | brand=H&M (Kids) | page=6 | route=https://www.myntra.com/h-and-m-kids | seen=237 | expected=6129
2026-09-29 12:50:35 | INFO    | LISTING   | Listing H&M (Kids) route https://www.myntra.com/h-and-m-kids page 7 -> https://www.myntra.com/gateway/v4/search/h-and-m-kids?rows=50&o=300&plaEnabled=false&xdEnabled=false&isFacet=true&p=7 | run_id=run_20260929_121204_794270_9f761b | brand=H&M (Kids) | page=7 | route=https://www.myntra.com/h-and-m-kids | seen=282 | expected=6129
2026-09-29 12:50:36 | INFO    | LISTING   | Listing H&M (Kids) route https://www.myntra.com/h-and-m-kids page 8 -> https://www.myntra.com/gateway/v4/search/h-and-m-kids?rows=50&o=350&plaEnabled=false&xdEnabled=false&isFacet=true&p=8 | run_id=run_20260929_121204_794270_9f761b | brand=H&M (Kids) | page=8 | route=https://www.myntra.com/h-and-m-kids | seen=324 | expected=6129
2026-09-29 12:50:36 | INFO    | LISTING   | Listing H&M (Kids) route https://www.myntra.com/h-and-m-kids page 9 -> https://www.myntra.com/gateway/v4/search/h-and-m-kids?rows=50&o=400&plaEnabled=false&xdEnabled=false&isFacet=true&p=9 | run_id=run_20260929_121204_794270_9f761b | brand=H&M (Kids) | page=9 | route=https://www.myntra.com/h-and-m-kids | seen=370 | expected=6129
2026-09-29 12:50:37 | INFO    | LISTING   | Listing H&M (Kids) route https://www.myntra.com/h-and-m-kids page 10 -> https://www.myntra.com/gateway/v4/search/h-and-m-kids?rows=50&o=450&plaEnabled=false&xdEnabled=false&isFacet=true&p=10 | run_id=run_20260929_121204_794270_9f761b | brand=H&M (Kids) | page=10 | route=https://www.myntra.com/h-and-m-kids | seen=416 | expected=6129
2026-09-29 12:50:37 | INFO    | LISTING   | Listing H&M (Kids) route https://www.myntra.com/h-and-m-kids page 11 -> https://www.myntra.com/gateway/v4/search/h-and-m-kids?rows=50&o=500&plaEnabled=false&xdEnabled=false&isFacet=true&p=11 | run_id=run_20260929_121204_794270_9f761b | brand=H&M (Kids) | page=11 | route=https://www.myntra.com/h-and-m-kids | seen=464 | expected=6129
2026-09-29 12:50:38 | INFO    | LISTING   | Listing H&M (Kids) route https://www.myntra.com/h-and-m-kids page 12 -> https://www.myntra.com/gateway/v4/search/h-and-m-kids?rows=50&o=550&plaEnabled=false&xdEnabled=false&isFacet=true&p=12 | run_id=run_20260929_121204_794270_9f761b | brand=H&M (Kids) | page=12 | route=https://www.myntra.com/h-and-m-kids | seen=512 | expected=6129
2026-09-29 12:50:38 | INFO    | LISTING   | Listing H&M (Kids) route https://www.myntra.com/h-and-m-kids page 13 -> https://www.myntra.com/gateway/v4/search/h-and-m-kids?rows=50&o=600&plaEnabled=false&xdEnabled=false&isFacet=true&p=13 | run_id=run_20260929_121204_794270_9f761b | brand=H&M (Kids) | page=13 | route=https://www.myntra.com/h-and-m-kids | seen=557 | expected=6129
2026-09-29 12:50:39 | INFO    | LISTING   | Listing H&M (Kids) route https://www.myntra.com/h-and-m-kids page 14 -> https://www.myntra.com/gateway/v4/search/h-and-m-kids?rows=50&o=650&plaEnabled=false&xdEnabled=false&isFacet=true&p=14 | run_id=run_20260929_121204_794270_9f761b | brand=H&M (Kids) | page=14 | route=https://www.myntra.com/h-and-m-kids | seen=602 | expected=6129
2026-09-29 12:50:40 | INFO    | LISTING   | Listing H&M (Kids) route https://www.myntra.com/h-and-m-kids page 15 -> https://www.myntra.com/gateway/v4/search/h-and-m-kids?rows=50&o=700&plaEnabled=false&xdEnabled=false&isFacet=true&p=15 | run_id=run_20260929_121204_794270_9f761b | brand=H&M (Kids) | page=15 | route=https://www.myntra.com/h-and-m-kids | seen=650 | expected=6129
2026-09-29 12:50:40 | INFO    | LISTING   | Listing H&M (Kids) route https://www.myntra.com/h-and-m-kids page 16 -> https://www.myntra.com/gateway/v4/search/h-and-m-kids?rows=50&o=750&plaEnabled=false&xdEnabled=false&isFacet=true&p=16 | run_id=run_20260929_121204_794270_9f761b | brand=H&M (Kids) | page=16 | route=https://www.myntra.com/h-and-m-kids | seen=699 | expected=6129
2026-09-29 12:50:41 | INFO    | LISTING   | Listing H&M (Kids) route https://www.myntra.com/h-and-m-kids page 17 -> https://www.myntra.com/gateway/v4/search/h-and-m-kids?rows=50&o=800&plaEnabled=false&xdEnabled=false&isFacet=true&p=17 | run_id=run_20260929_121204_794270_9f761b | brand=H&M (Kids) | page=17 | route=https://www.myntra.com/h-and-m-kids | seen=749 | expected=6129
2026-09-29 12:50:41 | INFO    | LISTING   | Listing H&M (Kids) route https://www.myntra.com/h-and-m-kids page 18 -> https://www.myntra.com/gateway/v4/search/h-and-m-kids?rows=50&o=850&plaEnabled=false&xdEnabled=false&isFacet=true&p=18 | run_id=run_20260929_121204_794270_9f761b | brand=H&M (Kids) | page=18 | route=https://www.myntra.com/h-and-m-kids | seen=799 | expected=6129
2026-09-29 12:50:42 | INFO    | LISTING   | Listing H&M (Kids) route https://www.myntra.com/h-and-m-kids page 19 -> https://www.myntra.com/gateway/v4/search/h-and-m-kids?rows=50&o=900&plaEnabled=false&xdEnabled=false&isFacet=true&p=19 | run_id=run_20260929_121204_794270_9f761b | brand=H&M (Kids) | page=19 | route=https://www.myntra.com/h-and-m-kids | seen=849 | expected=6129
2026-09-29 12:50:42 | INFO    | LISTING   | Listing H&M (Kids) route https://www.myntra.com/h-and-m-kids page 20 -> https://www.myntra.com/gateway/v4/search/h-and-m-kids?rows=50&o=950&plaEnabled=false&xdEnabled=false&isFacet=true&p=20 | run_id=run_20260929_121204_794270_9f761b | brand=H&M (Kids) | page=20 | route=https://www.myntra.com/h-and-m-kids | seen=899 | expected=6129
2026-09-29 12:50:43 | INFO    | LISTING   | Listing H&M (Kids) route https://www.myntra.com/h-and-m-kids page 21 -> https://www.myntra.com/gateway/v4/search/h-and-m-kids?rows=50&o=1000&plaEnabled=false&xdEnabled=false&isFacet=true&p=21 | run_id=run_20260929_121204_794270_9f761b | brand=H&M (Kids) | page=21 | route=https://www.myntra.com/h-and-m-kids | seen=949 | expected=6129
2026-09-29 12:50:43 | INFO    | LISTING   | Listing H&M (Kids) route https://www.myntra.com/h-and-m-kids page 22 -> https://www.myntra.com/gateway/v4/search/h-and-m-kids?rows=50&o=1050&plaEnabled=false&xdEnabled=false&isFacet=true&p=22 | run_id=run_20260929_121204_794270_9f761b | brand=H&M (Kids) | page=22 | route=https://www.myntra.com/h-and-m-kids | seen=999 | expected=6129
2026-09-29 12:50:44 | INFO    | LISTING   | Listing H&M (Kids) route https://www.myntra.com/h-and-m-kids page 23 -> https://www.myntra.com/gateway/v4/search/h-and-m-kids?rows=50&o=1100&plaEnabled=false&xdEnabled=false&isFacet=true&p=23 | run_id=run_20260929_121204_794270_9f761b | brand=H&M (Kids) | page=23 | route=https://www.myntra.com/h-and-m-kids | seen=1048 | expected=6129
2026-09-29 12:50:45 | INFO    | LISTING   | Listing H&M (Kids) route https://www.myntra.com/h-and-m-kids page 24 -> https://www.myntra.com/gateway/v4/search/h-and-m-kids?rows=50&o=1150&plaEnabled=false&xdEnabled=false&isFacet=true&p=24 | run_id=run_20260929_121204_794270_9f761b | brand=H&M (Kids) | page=24 | route=https://www.myntra.com/h-and-m-kids | seen=1098 | expected=6129
2026-09-29 12:50:45 | INFO    | LISTING   | Listing H&M (Kids) route https://www.myntra.com/h-and-m-kids page 25 -> https://www.myntra.com/gateway/v4/search/h-and-m-kids?rows=50&o=1200&plaEnabled=false&xdEnabled=false&isFacet=true&p=25 | run_id=run_20260929_121204_794270_9f761b | brand=H&M (Kids) | page=25 | route=https://www.myntra.com/h-and-m-kids | seen=1126 | expected=6129
2026-09-29 12:50:46 | INFO    | LISTING   | Listing H&M (Kids) route https://www.myntra.com/h-and-m-kids page 26 -> https://www.myntra.com/gateway/v4/search/h-and-m-kids?rows=50&o=1250&plaEnabled=false&xdEnabled=false&isFacet=true&p=26 | run_id=run_20260929_121204_794270_9f761b | brand=H&M (Kids) | page=26 | route=https://www.myntra.com/h-and-m-kids | seen=1145 | expected=6129
2026-09-29 12:50:46 | INFO    | LISTING   | Listing H&M (Kids) route https://www.myntra.com/h-and-m-kids page 27 -> https://www.myntra.com/gateway/v4/search/h-and-m-kids?rows=50&o=1300&plaEnabled=false&xdEnabled=false&isFacet=true&p=27 | run_id=run_20260929_121204_794270_9f761b | brand=H&M (Kids) | page=27 | route=https://www.myntra.com/h-and-m-kids | seen=1176 | expected=6129
2026-09-29 12:50:47 | INFO    | LISTING   | Listing H&M (Kids) route https://www.myntra.com/h-and-m-kids page 28 -> https://www.myntra.com/gateway/v4/search/h-and-m-kids?rows=50&o=1350&plaEnabled=false&xdEnabled=false&isFacet=true&p=28 | run_id=run_20260929_121204_794270_9f761b | brand=H&M (Kids) | page=28 | route=https://www.myntra.com/h-and-m-kids | seen=1195 | expected=6129
2026-09-29 12:50:47 | INFO    | LISTING   | Listing H&M (Kids) route https://www.myntra.com/h-and-m-kids page 29 -> https://www.myntra.com/gateway/v4/search/h-and-m-kids?rows=50&o=1400&plaEnabled=false&xdEnabled=false&isFacet=true&p=29 | run_id=run_20260929_121204_794270_9f761b | brand=H&M (Kids) | page=29 | route=https://www.myntra.com/h-and-m-kids | seen=1236 | expected=6129
2026-09-29 12:50:48 | INFO    | LISTING   | Listing H&M (Kids) route https://www.myntra.com/h-and-m-kids page 30 -> https://www.myntra.com/gateway/v4/search/h-and-m-kids?rows=50&o=1450&plaEnabled=false&xdEnabled=false&isFacet=true&p=30 | run_id=run_20260929_121204_794270_9f761b | brand=H&M (Kids) | page=30 | route=https://www.myntra.com/h-and-m-kids | seen=1279 | expected=6129
2026-09-29 12:50:48 | INFO    | LISTING   | Listing H&M (Kids) route https://www.myntra.com/h-and-m-kids page 31 -> https://www.myntra.com/gateway/v4/search/h-and-m-kids?rows=50&o=1500&plaEnabled=false&xdEnabled=false&isFacet=true&p=31 | run_id=run_20260929_121204_794270_9f761b | brand=H&M (Kids) | page=31 | route=https://www.myntra.com/h-and-m-kids | seen=1314 | expected=6129
2026-09-29 12:50:49 | INFO    | LISTING   | Listing H&M (Kids) route https://www.myntra.com/h-and-m-kids page 32 -> https://www.myntra.com/gateway/v4/search/h-and-m-kids?rows=50&o=1550&plaEnabled=false&xdEnabled=false&isFacet=true&p=32 | run_id=run_20260929_121204_794270_9f761b | brand=H&M (Kids) | page=32 | route=https://www.myntra.com/h-and-m-kids | seen=1349 | expected=6129
2026-09-29 12:50:49 | INFO    | LISTING   | Listing H&M (Kids) route https://www.myntra.com/h-and-m-kids page 33 -> https://www.myntra.com/gateway/v4/search/h-and-m-kids?rows=50&o=1600&plaEnabled=false&xdEnabled=false&isFacet=true&p=33 | run_id=run_20260929_121204_794270_9f761b | brand=H&M (Kids) | page=33 | route=https://www.myntra.com/h-and-m-kids | seen=1372 | expected=6129
2026-09-29 12:50:50 | INFO    | LISTING   | Listing H&M (Kids) route https://www.myntra.com/h-and-m-kids page 34 -> https://www.myntra.com/gateway/v4/search/h-and-m-kids?rows=50&o=1650&plaEnabled=false&xdEnabled=false&isFacet=true&p=34 | run_id=run_20260929_121204_794270_9f761b | brand=H&M (Kids) | page=34 | route=https://www.myntra.com/h-and-m-kids | seen=1406 | expected=6129
2026-09-29 12:50:50 | INFO    | LISTING   | Listing H&M (Kids) route https://www.myntra.com/h-and-m-kids page 35 -> https://www.myntra.com/gateway/v4/search/h-and-m-kids?rows=50&o=1700&plaEnabled=false&xdEnabled=false&isFacet=true&p=35 | run_id=run_20260929_121204_794270_9f761b | brand=H&M (Kids) | page=35 | route=https://www.myntra.com/h-and-m-kids | seen=1437 | expected=6129
2026-09-29 12:50:51 | INFO    | LISTING   | Listing H&M (Kids) route https://www.myntra.com/h-and-m-kids page 36 -> https://www.myntra.com/gateway/v4/search/h-and-m-kids?rows=50&o=1750&plaEnabled=false&xdEnabled=false&isFacet=true&p=36 | run_id=run_20260929_121204_794270_9f761b | brand=H&M (Kids) | page=36 | route=https://www.myntra.com/h-and-m-kids | seen=1454 | expected=6129
2026-09-29 12:50:52 | INFO    | LISTING   | Listing H&M (Kids) route https://www.myntra.com/h-and-m-kids page 37 -> https://www.myntra.com/gateway/v4/search/h-and-m-kids?rows=50&o=1800&plaEnabled=false&xdEnabled=false&isFacet=true&p=37 | run_id=run_20260929_121204_794270_9f761b | brand=H&M (Kids) | page=37 | route=https://www.myntra.com/h-and-m-kids | seen=1493 | expected=6129
2026-09-29 12:50:52 | INFO    | LISTING   | Listing H&M (Kids) route https://www.myntra.com/h-and-m-kids page 38 -> https://www.myntra.com/gateway/v4/search/h-and-m-kids?rows=50&o=1850&plaEnabled=false&xdEnabled=false&isFacet=true&p=38 | run_id=run_20260929_121204_794270_9f761b | brand=H&M (Kids) | page=38 | route=https://www.myntra.com/h-and-m-kids | seen=1537 | expected=6129
2026-09-29 12:50:53 | INFO    | LISTING   | Listing H&M (Kids) route https://www.myntra.com/h-and-m-kids page 39 -> https://www.myntra.com/gateway/v4/search/h-and-m-kids?rows=50&o=1900&plaEnabled=false&xdEnabled=false&isFacet=true&p=39 | run_id=run_20260929_121204_794270_9f761b | brand=H&M (Kids) | page=39 | route=https://www.myntra.com/h-and-m-kids | seen=1583 | expected=6129
2026-09-29 12:50:53 | INFO    | LISTING   | Listing H&M (Kids) route https://www.myntra.com/h-and-m-kids page 40 -> https://www.myntra.com/gateway/v4/search/h-and-m-kids?rows=50&o=1950&plaEnabled=false&xdEnabled=false&isFacet=true&p=40 | run_id=run_20260929_121204_794270_9f761b | brand=H&M (Kids) | page=40 | route=https://www.myntra.com/h-and-m-kids | seen=1629 | expected=6129
2026-09-29 12:50:54 | INFO    | LISTING   | Listing H&M (Kids) route https://www.myntra.com/h-and-m-kids page 41 -> https://www.myntra.com/gateway/v4/search/h-and-m-kids?rows=50&o=2000&plaEnabled=false&xdEnabled=false&isFacet=true&p=41 | run_id=run_20260929_121204_794270_9f761b | brand=H&M (Kids) | page=41 | route=https://www.myntra.com/h-and-m-kids | seen=1671 | expected=6129
2026-09-29 12:50:54 | INFO    | LISTING   | Listing H&M (Kids) route https://www.myntra.com/h-and-m-kids page 42 -> https://www.myntra.com/gateway/v4/search/h-and-m-kids?rows=50&o=2050&plaEnabled=false&xdEnabled=false&isFacet=true&p=42 | run_id=run_20260929_121204_794270_9f761b | brand=H&M (Kids) | page=42 | route=https://www.myntra.com/h-and-m-kids | seen=1718 | expected=6129
2026-09-29 12:50:55 | INFO    | LISTING   | Listing H&M (Kids) route https://www.myntra.com/h-and-m-kids page 43 -> https://www.myntra.com/gateway/v4/search/h-and-m-kids?rows=50&o=2100&plaEnabled=false&xdEnabled=false&isFacet=true&p=43 | run_id=run_20260929_121204_794270_9f761b | brand=H&M (Kids) | page=43 | route=https://www.myntra.com/h-and-m-kids | seen=1764 | expected=6129
2026-09-29 12:50:55 | INFO    | LISTING   | Listing H&M (Kids) route https://www.myntra.com/h-and-m-kids page 44 -> https://www.myntra.com/gateway/v4/search/h-and-m-kids?rows=50&o=2150&plaEnabled=false&xdEnabled=false&isFacet=true&p=44 | run_id=run_20260929_121204_794270_9f761b | brand=H&M (Kids) | page=44 | route=https://www.myntra.com/h-and-m-kids | seen=1807 | expected=6129
2026-09-29 12:50:56 | INFO    | LISTING   | Listing H&M (Kids) route https://www.myntra.com/h-and-m-kids page 45 -> https://www.myntra.com/gateway/v4/search/h-and-m-kids?rows=50&o=2200&plaEnabled=false&xdEnabled=false&isFacet=true&p=45 | run_id=run_20260929_121204_794270_9f761b | brand=H&M (Kids) | page=45 | route=https://www.myntra.com/h-and-m-kids | seen=1854 | expected=6129
2026-09-29 12:50:57 | INFO    | LISTING   | Listing H&M (Kids) route https://www.myntra.com/h-and-m-kids page 46 -> https://www.myntra.com/gateway/v4/search/h-and-m-kids?rows=50&o=2250&plaEnabled=false&xdEnabled=false&isFacet=true&p=46 | run_id=run_20260929_121204_794270_9f761b | brand=H&M (Kids) | page=46 | route=https://www.myntra.com/h-and-m-kids | seen=1899 | expected=6129
2026-09-29 12:50:57 | INFO    | LISTING   | Listing H&M (Kids) route https://www.myntra.com/h-and-m-kids page 47 -> https://www.myntra.com/gateway/v4/search/h-and-m-kids?rows=50&o=2300&plaEnabled=false&xdEnabled=false&isFacet=true&p=47 | run_id=run_20260929_121204_794270_9f761b | brand=H&M (Kids) | page=47 | route=https://www.myntra.com/h-and-m-kids | seen=1945 | expected=6129
2026-09-29 12:50:58 | INFO    | LISTING   | Listing H&M (Kids) route https://www.myntra.com/h-and-m-kids page 48 -> https://www.myntra.com/gateway/v4/search/h-and-m-kids?rows=50&o=2350&plaEnabled=false&xdEnabled=false&isFacet=true&p=48 | run_id=run_20260929_121204_794270_9f761b | brand=H&M (Kids) | page=48 | route=https://www.myntra.com/h-and-m-kids | seen=1990 | expected=6129
2026-09-29 12:50:58 | INFO    | LISTING   | Listing H&M (Kids) route https://www.myntra.com/h-and-m-kids page 49 -> https://www.myntra.com/gateway/v4/search/h-and-m-kids?rows=50&o=2400&plaEnabled=false&xdEnabled=false&isFacet=true&p=49 | run_id=run_20260929_121204_794270_9f761b | brand=H&M (Kids) | page=49 | route=https://www.myntra.com/h-and-m-kids | seen=2038 | expected=6129
2026-09-29 12:50:59 | INFO    | LISTING   | Listing H&M (Kids) route https://www.myntra.com/h-and-m-kids page 50 -> https://www.myntra.com/gateway/v4/search/h-and-m-kids?rows=50&o=2450&plaEnabled=false&xdEnabled=false&isFacet=true&p=50 | run_id=run_20260929_121204_794270_9f761b | brand=H&M (Kids) | page=50 | route=https://www.myntra.com/h-and-m-kids | seen=2086 | expected=6129
2026-09-29 12:51:00 | INFO    | LISTING   | Listing H&M (Kids) route https://www.myntra.com/h-and-m-kids page 51 -> https://www.myntra.com/gateway/v4/search/h-and-m-kids?rows=50&o=2500&plaEnabled=false&xdEnabled=false&isFacet=true&p=51 | run_id=run_20260929_121204_794270_9f761b | brand=H&M (Kids) | page=51 | route=https://www.myntra.com/h-and-m-kids | seen=2135 | expected=6129
2026-09-29 12:51:00 | INFO    | LISTING   | Listing H&M (Kids) route https://www.myntra.com/h-and-m-kids page 52 -> https://www.myntra.com/gateway/v4/search/h-and-m-kids?rows=50&o=2550&plaEnabled=false&xdEnabled=false&isFacet=true&p=52 | run_id=run_20260929_121204_794270_9f761b | brand=H&M (Kids) | page=52 | route=https://www.myntra.com/h-and-m-kids | seen=2185 | expected=6129
2026-09-29 12:51:01 | INFO    | LISTING   | Listing H&M (Kids) route https://www.myntra.com/h-and-m-kids page 53 -> https://www.myntra.com/gateway/v4/search/h-and-m-kids?rows=50&o=2600&plaEnabled=false&xdEnabled=false&isFacet=true&p=53 | run_id=run_20260929_121204_794270_9f761b | brand=H&M (Kids) | page=53 | route=https://www.myntra.com/h-and-m-kids | seen=2235 | expected=6129
2026-09-29 12:51:01 | INFO    | LISTING   | Listing H&M (Kids) route https://www.myntra.com/h-and-m-kids page 54 -> https://www.myntra.com/gateway/v4/search/h-and-m-kids?rows=50&o=2650&plaEnabled=false&xdEnabled=false&isFacet=true&p=54 | run_id=run_20260929_121204_794270_9f761b | brand=H&M (Kids) | page=54 | route=https://www.myntra.com/h-and-m-kids | seen=2283 | expected=6129
2026-09-29 12:51:02 | INFO    | LISTING   | Listing H&M (Kids) route https://www.myntra.com/h-and-m-kids page 55 -> https://www.myntra.com/gateway/v4/search/h-and-m-kids?rows=50&o=2700&plaEnabled=false&xdEnabled=false&isFacet=true&p=55 | run_id=run_20260929_121204_794270_9f761b | brand=H&M (Kids) | page=55 | route=https://www.myntra.com/h-and-m-kids | seen=2331 | expected=6129
2026-09-29 12:51:02 | INFO    | LISTING   | Listing H&M (Kids) route https://www.myntra.com/h-and-m-kids page 56 -> https://www.myntra.com/gateway/v4/search/h-and-m-kids?rows=50&o=2750&plaEnabled=false&xdEnabled=false&isFacet=true&p=56 | run_id=run_20260929_121204_794270_9f761b | brand=H&M (Kids) | page=56 | route=https://www.myntra.com/h-and-m-kids | seen=2381 | expected=6129
2026-09-29 12:51:03 | INFO    | LISTING   | Listing H&M (Kids) route https://www.myntra.com/h-and-m-kids page 57 -> https://www.myntra.com/gateway/v4/search/h-and-m-kids?rows=50&o=2800&plaEnabled=false&xdEnabled=false&isFacet=true&p=57 | run_id=run_20260929_121204_794270_9f761b | brand=H&M (Kids) | page=57 | route=https://www.myntra.com/h-and-m-kids | seen=2430 | expected=6129
2026-09-29 12:51:03 | INFO    | LISTING   | Listing H&M (Kids) route https://www.myntra.com/h-and-m-kids page 58 -> https://www.myntra.com/gateway/v4/search/h-and-m-kids?rows=50&o=2850&plaEnabled=false&xdEnabled=false&isFacet=true&p=58 | run_id=run_20260929_121204_794270_9f761b | brand=H&M (Kids) | page=58 | route=https://www.myntra.com/h-and-m-kids | seen=2477 | expected=6129
2026-09-29 12:51:04 | INFO    | LISTING   | Listing H&M (Kids) route https://www.myntra.com/h-and-m-kids page 59 -> https://www.myntra.com/gateway/v4/search/h-and-m-kids?rows=50&o=2900&plaEnabled=false&xdEnabled=false&isFacet=true&p=59 | run_id=run_20260929_121204_794270_9f761b | brand=H&M (Kids) | page=59 | route=https://www.myntra.com/h-and-m-kids | seen=2524 | expected=6129
2026-09-29 12:51:04 | INFO    | LISTING   | Listing H&M (Kids) route https://www.myntra.com/h-and-m-kids page 60 -> https://www.myntra.com/gateway/v4/search/h-and-m-kids?rows=50&o=2950&plaEnabled=false&xdEnabled=false&isFacet=true&p=60 | run_id=run_20260929_121204_794270_9f761b | brand=H&M (Kids) | page=60 | route=https://www.myntra.com/h-and-m-kids | seen=2573 | expected=6129
2026-09-29 12:51:05 | INFO    | LISTING   | Listing H&M (Kids) route https://www.myntra.com/h-and-m-kids page 61 -> https://www.myntra.com/gateway/v4/search/h-and-m-kids?rows=50&o=3000&plaEnabled=false&xdEnabled=false&isFacet=true&p=61 | run_id=run_20260929_121204_794270_9f761b | brand=H&M (Kids) | page=61 | route=https://www.myntra.com/h-and-m-kids | seen=2623 | expected=6129
2026-09-29 12:51:05 | INFO    | LISTING   | Listing H&M (Kids) route https://www.myntra.com/h-and-m-kids page 62 -> https://www.myntra.com/gateway/v4/search/h-and-m-kids?rows=50&o=3050&plaEnabled=false&xdEnabled=false&isFacet=true&p=62 | run_id=run_20260929_121204_794270_9f761b | brand=H&M (Kids) | page=62 | route=https://www.myntra.com/h-and-m-kids | seen=2673 | expected=6129
2026-09-29 12:51:06 | INFO    | LISTING   | Listing H&M (Kids) route https://www.myntra.com/h-and-m-kids page 63 -> https://www.myntra.com/gateway/v4/search/h-and-m-kids?rows=50&o=3100&plaEnabled=false&xdEnabled=false&isFacet=true&p=63 | run_id=run_20260929_121204_794270_9f761b | brand=H&M (Kids) | page=63 | route=https://www.myntra.com/h-and-m-kids | seen=2721 | expected=6129
2026-09-29 12:51:07 | INFO    | LISTING   | Listing H&M (Kids) route https://www.myntra.com/h-and-m-kids page 64 -> https://www.myntra.com/gateway/v4/search/h-and-m-kids?rows=50&o=3150&plaEnabled=false&xdEnabled=false&isFacet=true&p=64 | run_id=run_20260929_121204_794270_9f761b | brand=H&M (Kids) | page=64 | route=https://www.myntra.com/h-and-m-kids | seen=2771 | expected=6129
2026-09-29 12:51:07 | INFO    | LISTING   | Listing H&M (Kids) route https://www.myntra.com/h-and-m-kids page 65 -> https://www.myntra.com/gateway/v4/search/h-and-m-kids?rows=50&o=3200&plaEnabled=false&xdEnabled=false&isFacet=true&p=65 | run_id=run_20260929_121204_794270_9f761b | brand=H&M (Kids) | page=65 | route=https://www.myntra.com/h-and-m-kids | seen=2821 | expected=6129
2026-09-29 12:51:08 | INFO    | LISTING   | Listing H&M (Kids) route https://www.myntra.com/h-and-m-kids page 66 -> https://www.myntra.com/gateway/v4/search/h-and-m-kids?rows=50&o=3250&plaEnabled=false&xdEnabled=false&isFacet=true&p=66 | run_id=run_20260929_121204_794270_9f761b | brand=H&M (Kids) | page=66 | route=https://www.myntra.com/h-and-m-kids | seen=2870 | expected=6129
2026-09-29 12:51:08 | INFO    | LISTING   | Listing H&M (Kids) route https://www.myntra.com/h-and-m-kids page 67 -> https://www.myntra.com/gateway/v4/search/h-and-m-kids?rows=50&o=3300&plaEnabled=false&xdEnabled=false&isFacet=true&p=67 | run_id=run_20260929_121204_794270_9f761b | brand=H&M (Kids) | page=67 | route=https://www.myntra.com/h-and-m-kids | seen=2914 | expected=6129
2026-09-29 12:51:09 | INFO    | LISTING   | Listing H&M (Kids) route https://www.myntra.com/h-and-m-kids page 68 -> https://www.myntra.com/gateway/v4/search/h-and-m-kids?rows=50&o=3350&plaEnabled=false&xdEnabled=false&isFacet=true&p=68 | run_id=run_20260929_121204_794270_9f761b | brand=H&M (Kids) | page=68 | route=https://www.myntra.com/h-and-m-kids | seen=2955 | expected=6129
2026-09-29 12:51:09 | INFO    | LISTING   | Listing H&M (Kids) route https://www.myntra.com/h-and-m-kids page 69 -> https://www.myntra.com/gateway/v4/search/h-and-m-kids?rows=50&o=3400&plaEnabled=false&xdEnabled=false&isFacet=true&p=69 | run_id=run_20260929_121204_794270_9f761b | brand=H&M (Kids) | page=69 | route=https://www.myntra.com/h-and-m-kids | seen=2988 | expected=6129
2026-09-29 12:51:10 | INFO    | LISTING   | Listing H&M (Kids) route https://www.myntra.com/h-and-m-kids page 70 -> https://www.myntra.com/gateway/v4/search/h-and-m-kids?rows=50&o=3450&plaEnabled=false&xdEnabled=false&isFacet=true&p=70 | run_id=run_20260929_121204_794270_9f761b | brand=H&M (Kids) | page=70 | route=https://www.myntra.com/h-and-m-kids | seen=3020 | expected=6129
2026-09-29 12:51:10 | INFO    | LISTING   | Listing H&M (Kids) route https://www.myntra.com/h-and-m-kids page 71 -> https://www.myntra.com/gateway/v4/search/h-and-m-kids?rows=50&o=3500&plaEnabled=false&xdEnabled=false&isFacet=true&p=71 | run_id=run_20260929_121204_794270_9f761b | brand=H&M (Kids) | page=71 | route=https://www.myntra.com/h-and-m-kids | seen=3055 | expected=6129
2026-09-29 12:51:11 | INFO    | LISTING   | Listing H&M (Kids) route https://www.myntra.com/h-and-m-kids page 72 -> https://www.myntra.com/gateway/v4/search/h-and-m-kids?rows=50&o=3550&plaEnabled=false&xdEnabled=false&isFacet=true&p=72 | run_id=run_20260929_121204_794270_9f761b | brand=H&M (Kids) | page=72 | route=https://www.myntra.com/h-and-m-kids | seen=3102 | expected=6129
2026-09-29 12:51:11 | INFO    | LISTING   | Listing H&M (Kids) route https://www.myntra.com/h-and-m-kids page 73 -> https://www.myntra.com/gateway/v4/search/h-and-m-kids?rows=50&o=3600&plaEnabled=false&xdEnabled=false&isFacet=true&p=73 | run_id=run_20260929_121204_794270_9f761b | brand=H&M (Kids) | page=73 | route=https://www.myntra.com/h-and-m-kids | seen=3144 | expected=6129
2026-09-29 12:51:12 | INFO    | LISTING   | Listing H&M (Kids) route https://www.myntra.com/h-and-m-kids page 74 -> https://www.myntra.com/gateway/v4/search/h-and-m-kids?rows=50&o=3650&plaEnabled=false&xdEnabled=false&isFacet=true&p=74 | run_id=run_20260929_121204_794270_9f761b | brand=H&M (Kids) | page=74 | route=https://www.myntra.com/h-and-m-kids | seen=3187 | expected=6129
2026-09-29 12:51:12 | INFO    | LISTING   | Listing H&M (Kids) route https://www.myntra.com/h-and-m-kids page 75 -> https://www.myntra.com/gateway/v4/search/h-and-m-kids?rows=50&o=3700&plaEnabled=false&xdEnabled=false&isFacet=true&p=75 | run_id=run_20260929_121204_794270_9f761b | brand=H&M (Kids) | page=75 | route=https://www.myntra.com/h-and-m-kids | seen=3229 | expected=6129
2026-09-29 12:51:13 | INFO    | LISTING   | Listing H&M (Kids) route https://www.myntra.com/h-and-m-kids page 76 -> https://www.myntra.com/gateway/v4/search/h-and-m-kids?rows=50&o=3750&plaEnabled=false&xdEnabled=false&isFacet=true&p=76 | run_id=run_20260929_121204_794270_9f761b | brand=H&M (Kids) | page=76 | route=https://www.myntra.com/h-and-m-kids | seen=3266 | expected=6129
2026-09-29 12:51:13 | INFO    | LISTING   | Listing H&M (Kids) route https://www.myntra.com/h-and-m-kids page 77 -> https://www.myntra.com/gateway/v4/search/h-and-m-kids?rows=50&o=3800&plaEnabled=false&xdEnabled=false&isFacet=true&p=77 | run_id=run_20260929_121204_794270_9f761b | brand=H&M (Kids) | page=77 | route=https://www.myntra.com/h-and-m-kids | seen=3293 | expected=6129
2026-09-29 12:51:14 | INFO    | LISTING   | Listing H&M (Kids) route https://www.myntra.com/h-and-m-kids page 78 -> https://www.myntra.com/gateway/v4/search/h-and-m-kids?rows=50&o=3850&plaEnabled=false&xdEnabled=false&isFacet=true&p=78 | run_id=run_20260929_121204_794270_9f761b | brand=H&M (Kids) | page=78 | route=https://www.myntra.com/h-and-m-kids | seen=3324 | expected=6129
2026-09-29 12:51:14 | INFO    | LISTING   | Listing H&M (Kids) route https://www.myntra.com/h-and-m-kids page 79 -> https://www.myntra.com/gateway/v4/search/h-and-m-kids?rows=50&o=3900&plaEnabled=false&xdEnabled=false&isFacet=true&p=79 | run_id=run_20260929_121204_794270_9f761b | brand=H&M (Kids) | page=79 | route=https://www.myntra.com/h-and-m-kids | seen=3368 | expected=6129
2026-09-29 12:51:15 | INFO    | LISTING   | Listing H&M (Kids) route https://www.myntra.com/h-and-m-kids page 80 -> https://www.myntra.com/gateway/v4/search/h-and-m-kids?rows=50&o=3950&plaEnabled=false&xdEnabled=false&isFacet=true&p=80 | run_id=run_20260929_121204_794270_9f761b | brand=H&M (Kids) | page=80 | route=https://www.myntra.com/h-and-m-kids | seen=3408 | expected=6129
2026-09-29 12:51:15 | INFO    | LISTING   | Listing H&M (Kids) route https://www.myntra.com/h-and-m-kids page 81 -> https://www.myntra.com/gateway/v4/search/h-and-m-kids?rows=50&o=4000&plaEnabled=false&xdEnabled=false&isFacet=true&p=81 | run_id=run_20260929_121204_794270_9f761b | brand=H&M (Kids) | page=81 | route=https://www.myntra.com/h-and-m-kids | seen=3441 | expected=6129
2026-09-29 12:51:16 | INFO    | LISTING   | Listing H&M (Kids) route https://www.myntra.com/h-and-m-kids page 82 -> https://www.myntra.com/gateway/v4/search/h-and-m-kids?rows=50&o=4050&plaEnabled=false&xdEnabled=false&isFacet=true&p=82 | run_id=run_20260929_121204_794270_9f761b | brand=H&M (Kids) | page=82 | route=https://www.myntra.com/h-and-m-kids | seen=3454 | expected=6129
2026-09-29 12:51:16 | INFO    | LISTING   | Listing H&M (Kids) route https://www.myntra.com/h-and-m-kids page 83 -> https://www.myntra.com/gateway/v4/search/h-and-m-kids?rows=50&o=4100&plaEnabled=false&xdEnabled=false&isFacet=true&p=83 | run_id=run_20260929_121204_794270_9f761b | brand=H&M (Kids) | page=83 | route=https://www.myntra.com/h-and-m-kids | seen=3484 | expected=6129
2026-09-29 12:51:17 | INFO    | LISTING   | Listing H&M (Kids) route https://www.myntra.com/h-and-m-kids page 84 -> https://www.myntra.com/gateway/v4/search/h-and-m-kids?rows=50&o=4150&plaEnabled=false&xdEnabled=false&isFacet=true&p=84 | run_id=run_20260929_121204_794270_9f761b | brand=H&M (Kids) | page=84 | route=https://www.myntra.com/h-and-m-kids | seen=3533 | expected=6129
2026-09-29 12:51:18 | INFO    | LISTING   | Listing H&M (Kids) route https://www.myntra.com/h-and-m-kids page 85 -> https://www.myntra.com/gateway/v4/search/h-and-m-kids?rows=50&o=4200&plaEnabled=false&xdEnabled=false&isFacet=true&p=85 | run_id=run_20260929_121204_794270_9f761b | brand=H&M (Kids) | page=85 | route=https://www.myntra.com/h-and-m-kids | seen=3583 | expected=6129
2026-09-29 12:51:18 | INFO    | LISTING   | Listing H&M (Kids) route https://www.myntra.com/h-and-m-kids page 86 -> https://www.myntra.com/gateway/v4/search/h-and-m-kids?rows=50&o=4250&plaEnabled=false&xdEnabled=false&isFacet=true&p=86 | run_id=run_20260929_121204_794270_9f761b | brand=H&M (Kids) | page=86 | route=https://www.myntra.com/h-and-m-kids | seen=3631 | expected=6129
2026-09-29 12:51:19 | INFO    | LISTING   | Listing H&M (Kids) route https://www.myntra.com/h-and-m-kids page 87 -> https://www.myntra.com/gateway/v4/search/h-and-m-kids?rows=50&o=4300&plaEnabled=false&xdEnabled=false&isFacet=true&p=87 | run_id=run_20260929_121204_794270_9f761b | brand=H&M (Kids) | page=87 | route=https://www.myntra.com/h-and-m-kids | seen=3674 | expected=6129
2026-09-29 12:51:19 | INFO    | PDP       | Processed 1 target products for H&M (Kids) in 0s (173.1 products/min). | run_id=run_20260929_121204_794270_9f761b | brand=H&M (Kids) | saved=1 | elapsed_label=0s | products_per_minute=173.1
2026-09-29 12:51:19 | INFO    | LISTING   | Listing H&M (Kids) route https://www.myntra.com/h-and-m-kids page 88 -> https://www.myntra.com/gateway/v4/search/h-and-m-kids?rows=50&o=4350&plaEnabled=false&xdEnabled=false&isFacet=true&p=88 | run_id=run_20260929_121204_794270_9f761b | brand=H&M (Kids) | page=88 | route=https://www.myntra.com/h-and-m-kids | seen=3722 | expected=6129
2026-09-29 12:51:20 | INFO    | LISTING   | Listing H&M (Kids) route https://www.myntra.com/h-and-m-kids page 89 -> https://www.myntra.com/gateway/v4/search/h-and-m-kids?rows=50&o=4400&plaEnabled=false&xdEnabled=false&isFacet=true&p=89 | run_id=run_20260929_121204_794270_9f761b | brand=H&M (Kids) | page=89 | route=https://www.myntra.com/h-and-m-kids | seen=3767 | expected=6129
2026-09-29 12:51:20 | INFO    | LISTING   | Listing H&M (Kids) route https://www.myntra.com/h-and-m-kids page 90 -> https://www.myntra.com/gateway/v4/search/h-and-m-kids?rows=50&o=4450&plaEnabled=false&xdEnabled=false&isFacet=true&p=90 | run_id=run_20260929_121204_794270_9f761b | brand=H&M (Kids) | page=90 | route=https://www.myntra.com/h-and-m-kids | seen=3812 | expected=6129
2026-09-29 12:51:21 | INFO    | LISTING   | Listing H&M (Kids) route https://www.myntra.com/h-and-m-kids page 91 -> https://www.myntra.com/gateway/v4/search/h-and-m-kids?rows=50&o=4500&plaEnabled=false&xdEnabled=false&isFacet=true&p=91 | run_id=run_20260929_121204_794270_9f761b | brand=H&M (Kids) | page=91 | route=https://www.myntra.com/h-and-m-kids | seen=3858 | expected=6129
2026-09-29 12:51:21 | INFO    | LISTING   | Listing H&M (Kids) route https://www.myntra.com/h-and-m-kids page 92 -> https://www.myntra.com/gateway/v4/search/h-and-m-kids?rows=50&o=4550&plaEnabled=false&xdEnabled=false&isFacet=true&p=92 | run_id=run_20260929_121204_794270_9f761b | brand=H&M (Kids) | page=92 | route=https://www.myntra.com/h-and-m-kids | seen=3908 | expected=6129
2026-09-29 12:51:22 | INFO    | LISTING   | Listing H&M (Kids) route https://www.myntra.com/h-and-m-kids page 93 -> https://www.myntra.com/gateway/v4/search/h-and-m-kids?rows=50&o=4600&plaEnabled=false&xdEnabled=false&isFacet=true&p=93 | run_id=run_20260929_121204_794270_9f761b | brand=H&M (Kids) | page=93 | route=https://www.myntra.com/h-and-m-kids | seen=3957 | expected=6129
2026-09-29 12:51:22 | INFO    | LISTING   | Listing H&M (Kids) route https://www.myntra.com/h-and-m-kids page 94 -> https://www.myntra.com/gateway/v4/search/h-and-m-kids?rows=50&o=4650&plaEnabled=false&xdEnabled=false&isFacet=true&p=94 | run_id=run_20260929_121204_794270_9f761b | brand=H&M (Kids) | page=94 | route=https://www.myntra.com/h-and-m-kids | seen=4006 | expected=6129
2026-09-29 12:51:23 | INFO    | LISTING   | Listing H&M (Kids) route https://www.myntra.com/h-and-m-kids page 95 -> https://www.myntra.com/gateway/v4/search/h-and-m-kids?rows=50&o=4700&plaEnabled=false&xdEnabled=false&isFacet=true&p=95 | run_id=run_20260929_121204_794270_9f761b | brand=H&M (Kids) | page=95 | route=https://www.myntra.com/h-and-m-kids | seen=4054 | expected=6129
2026-09-29 12:51:24 | INFO    | LISTING   | Listing H&M (Kids) route https://www.myntra.com/h-and-m-kids page 96 -> https://www.myntra.com/gateway/v4/search/h-and-m-kids?rows=50&o=4750&plaEnabled=false&xdEnabled=false&isFacet=true&p=96 | run_id=run_20260929_121204_794270_9f761b | brand=H&M (Kids) | page=96 | route=https://www.myntra.com/h-and-m-kids | seen=4099 | expected=6129
2026-09-29 12:51:24 | INFO    | LISTING   | Listing H&M (Kids) route https://www.myntra.com/h-and-m-kids page 97 -> https://www.myntra.com/gateway/v4/search/h-and-m-kids?rows=50&o=4800&plaEnabled=false&xdEnabled=false&isFacet=true&p=97 | run_id=run_20260929_121204_794270_9f761b | brand=H&M (Kids) | page=97 | route=https://www.myntra.com/h-and-m-kids | seen=4149 | expected=6129
2026-09-29 12:51:25 | INFO    | LISTING   | Listing H&M (Kids) route https://www.myntra.com/h-and-m-kids page 98 -> https://www.myntra.com/gateway/v4/search/h-and-m-kids?rows=50&o=4850&plaEnabled=false&xdEnabled=false&isFacet=true&p=98 | run_id=run_20260929_121204_794270_9f761b | brand=H&M (Kids) | page=98 | route=https://www.myntra.com/h-and-m-kids | seen=4197 | expected=6129
2026-09-29 12:51:25 | INFO    | LISTING   | Listing H&M (Kids) route https://www.myntra.com/h-and-m-kids page 99 -> https://www.myntra.com/gateway/v4/search/h-and-m-kids?rows=50&o=4900&plaEnabled=false&xdEnabled=false&isFacet=true&p=99 | run_id=run_20260929_121204_794270_9f761b | brand=H&M (Kids) | page=99 | route=https://www.myntra.com/h-and-m-kids | seen=4238 | expected=6129
2026-09-29 12:51:26 | INFO    | LISTING   | Listing H&M (Kids) route https://www.myntra.com/h-and-m-kids page 100 -> https://www.myntra.com/gateway/v4/search/h-and-m-kids?rows=50&o=4950&plaEnabled=false&xdEnabled=false&isFacet=true&p=100 | run_id=run_20260929_121204_794270_9f761b | brand=H&M (Kids) | page=100 | route=https://www.myntra.com/h-and-m-kids | seen=4286 | expected=6129
2026-09-29 12:51:26 | INFO    | LISTING   | Listing H&M (Kids) route https://www.myntra.com/h-and-m-kids page 101 -> https://www.myntra.com/gateway/v4/search/h-and-m-kids?rows=50&o=5000&plaEnabled=false&xdEnabled=false&isFacet=true&p=101 | run_id=run_20260929_121204_794270_9f761b | brand=H&M (Kids) | page=101 | route=https://www.myntra.com/h-and-m-kids | seen=4334 | expected=6129
2026-09-29 12:51:27 | INFO    | LISTING   | Listing H&M (Kids) route https://www.myntra.com/h-and-m-kids page 102 -> https://www.myntra.com/gateway/v4/search/h-and-m-kids?rows=50&o=5050&plaEnabled=false&xdEnabled=false&isFacet=true&p=102 | run_id=run_20260929_121204_794270_9f761b | brand=H&M (Kids) | page=102 | route=https://www.myntra.com/h-and-m-kids | seen=4384 | expected=6129
2026-09-29 12:51:27 | INFO    | LISTING   | Listing H&M (Kids) route https://www.myntra.com/h-and-m-kids page 103 -> https://www.myntra.com/gateway/v4/search/h-and-m-kids?rows=50&o=5100&plaEnabled=false&xdEnabled=false&isFacet=true&p=103 | run_id=run_20260929_121204_794270_9f761b | brand=H&M (Kids) | page=103 | route=https://www.myntra.com/h-and-m-kids | seen=4433 | expected=6129
2026-09-29 12:51:28 | INFO    | LISTING   | Listing H&M (Kids) route https://www.myntra.com/h-and-m-kids page 104 -> https://www.myntra.com/gateway/v4/search/h-and-m-kids?rows=50&o=5150&plaEnabled=false&xdEnabled=false&isFacet=true&p=104 | run_id=run_20260929_121204_794270_9f761b | brand=H&M (Kids) | page=104 | route=https://www.myntra.com/h-and-m-kids | seen=4477 | expected=6129
2026-09-29 12:51:29 | INFO    | PDP       | Processed 1 target products for H&M (Kids) in 0s (144.02 products/min). | run_id=run_20260929_121204_794270_9f761b | brand=H&M (Kids) | saved=1 | elapsed_label=0s | products_per_minute=144.02
2026-09-29 12:51:29 | INFO    | LISTING   | Listing H&M (Kids) route https://www.myntra.com/h-and-m-kids page 105 -> https://www.myntra.com/gateway/v4/search/h-and-m-kids?rows=50&o=5200&plaEnabled=false&xdEnabled=false&isFacet=true&p=105 | run_id=run_20260929_121204_794270_9f761b | brand=H&M (Kids) | page=105 | route=https://www.myntra.com/h-and-m-kids | seen=4526 | expected=6129
2026-09-29 12:51:29 | INFO    | LISTING   | Listing H&M (Kids) route https://www.myntra.com/h-and-m-kids page 106 -> https://www.myntra.com/gateway/v4/search/h-and-m-kids?rows=50&o=5250&plaEnabled=false&xdEnabled=false&isFacet=true&p=106 | run_id=run_20260929_121204_794270_9f761b | brand=H&M (Kids) | page=106 | route=https://www.myntra.com/h-and-m-kids | seen=4572 | expected=6129
2026-09-29 12:51:30 | INFO    | LISTING   | Listing H&M (Kids) route https://www.myntra.com/h-and-m-kids page 107 -> https://www.myntra.com/gateway/v4/search/h-and-m-kids?rows=50&o=5300&plaEnabled=false&xdEnabled=false&isFacet=true&p=107 | run_id=run_20260929_121204_794270_9f761b | brand=H&M (Kids) | page=107 | route=https://www.myntra.com/h-and-m-kids | seen=4618 | expected=6129
2026-09-29 12:51:30 | INFO    | LISTING   | Listing H&M (Kids) route https://www.myntra.com/h-and-m-kids page 108 -> https://www.myntra.com/gateway/v4/search/h-and-m-kids?rows=50&o=5350&plaEnabled=false&xdEnabled=false&isFacet=true&p=108 | run_id=run_20260929_121204_794270_9f761b | brand=H&M (Kids) | page=108 | route=https://www.myntra.com/h-and-m-kids | seen=4668 | expected=6129
2026-09-29 12:51:31 | INFO    | LISTING   | Listing H&M (Kids) route https://www.myntra.com/h-and-m-kids page 109 -> https://www.myntra.com/gateway/v4/search/h-and-m-kids?rows=50&o=5400&plaEnabled=false&xdEnabled=false&isFacet=true&p=109 | run_id=run_20260929_121204_794270_9f761b | brand=H&M (Kids) | page=109 | route=https://www.myntra.com/h-and-m-kids | seen=4717 | expected=6129
2026-09-29 12:51:31 | INFO    | LISTING   | Listing H&M (Kids) route https://www.myntra.com/h-and-m-kids page 110 -> https://www.myntra.com/gateway/v4/search/h-and-m-kids?rows=50&o=5450&plaEnabled=false&xdEnabled=false&isFacet=true&p=110 | run_id=run_20260929_121204_794270_9f761b | brand=H&M (Kids) | page=110 | route=https://www.myntra.com/h-and-m-kids | seen=4765 | expected=6129
2026-09-29 12:51:32 | INFO    | LISTING   | Listing H&M (Kids) route https://www.myntra.com/h-and-m-kids page 111 -> https://www.myntra.com/gateway/v4/search/h-and-m-kids?rows=50&o=5500&plaEnabled=false&xdEnabled=false&isFacet=true&p=111 | run_id=run_20260929_121204_794270_9f761b | brand=H&M (Kids) | page=111 | route=https://www.myntra.com/h-and-m-kids | seen=4808 | expected=6129
2026-09-29 12:51:33 | INFO    | LISTING   | Listing H&M (Kids) route https://www.myntra.com/h-and-m-kids page 112 -> https://www.myntra.com/gateway/v4/search/h-and-m-kids?rows=50&o=5550&plaEnabled=false&xdEnabled=false&isFacet=true&p=112 | run_id=run_20260929_121204_794270_9f761b | brand=H&M (Kids) | page=112 | route=https://www.myntra.com/h-and-m-kids | seen=4853 | expected=6129
2026-09-29 12:51:33 | INFO    | LISTING   | Listing H&M (Kids) route https://www.myntra.com/h-and-m-kids page 113 -> https://www.myntra.com/gateway/v4/search/h-and-m-kids?rows=50&o=5600&plaEnabled=false&xdEnabled=false&isFacet=true&p=113 | run_id=run_20260929_121204_794270_9f761b | brand=H&M (Kids) | page=113 | route=https://www.myntra.com/h-and-m-kids | seen=4901 | expected=6129
2026-09-29 12:51:34 | INFO    | LISTING   | Listing H&M (Kids) route https://www.myntra.com/h-and-m-kids page 114 -> https://www.myntra.com/gateway/v4/search/h-and-m-kids?rows=50&o=5650&plaEnabled=false&xdEnabled=false&isFacet=true&p=114 | run_id=run_20260929_121204_794270_9f761b | brand=H&M (Kids) | page=114 | route=https://www.myntra.com/h-and-m-kids | seen=4950 | expected=6129
2026-09-29 12:51:34 | INFO    | LISTING   | Listing H&M (Kids) route https://www.myntra.com/h-and-m-kids page 115 -> https://www.myntra.com/gateway/v4/search/h-and-m-kids?rows=50&o=5700&plaEnabled=false&xdEnabled=false&isFacet=true&p=115 | run_id=run_20260929_121204_794270_9f761b | brand=H&M (Kids) | page=115 | route=https://www.myntra.com/h-and-m-kids | seen=5000 | expected=6129
2026-09-29 12:51:35 | INFO    | LISTING   | Listing H&M (Kids) route https://www.myntra.com/h-and-m-kids page 116 -> https://www.myntra.com/gateway/v4/search/h-and-m-kids?rows=50&o=5750&plaEnabled=false&xdEnabled=false&isFacet=true&p=116 | run_id=run_20260929_121204_794270_9f761b | brand=H&M (Kids) | page=116 | route=https://www.myntra.com/h-and-m-kids | seen=5047 | expected=6129
2026-09-29 12:51:36 | INFO    | PDP       | Processed 1 target products for H&M (Kids) in 0s (157.54 products/min). | run_id=run_20260929_121204_794270_9f761b | brand=H&M (Kids) | saved=1 | elapsed_label=0s | products_per_minute=157.54
2026-09-29 12:51:36 | INFO    | LISTING   | Listing H&M (Kids) route https://www.myntra.com/h-and-m-kids page 117 -> https://www.myntra.com/gateway/v4/search/h-and-m-kids?rows=50&o=5800&plaEnabled=false&xdEnabled=false&isFacet=true&p=117 | run_id=run_20260929_121204_794270_9f761b | brand=H&M (Kids) | page=117 | route=https://www.myntra.com/h-and-m-kids | seen=5096 | expected=6129
2026-09-29 12:51:36 | INFO    | LISTING   | Listing H&M (Kids) route https://www.myntra.com/h-and-m-kids page 118 -> https://www.myntra.com/gateway/v4/search/h-and-m-kids?rows=50&o=5850&plaEnabled=false&xdEnabled=false&isFacet=true&p=118 | run_id=run_20260929_121204_794270_9f761b | brand=H&M (Kids) | page=118 | route=https://www.myntra.com/h-and-m-kids | seen=5145 | expected=6129
2026-09-29 12:51:37 | INFO    | LISTING   | Listing H&M (Kids) route https://www.myntra.com/h-and-m-kids page 119 -> https://www.myntra.com/gateway/v4/search/h-and-m-kids?rows=50&o=5900&plaEnabled=false&xdEnabled=false&isFacet=true&p=119 | run_id=run_20260929_121204_794270_9f761b | brand=H&M (Kids) | page=119 | route=https://www.myntra.com/h-and-m-kids | seen=5192 | expected=6129
2026-09-29 12:51:37 | INFO    | LISTING   | Listing H&M (Kids) route https://www.myntra.com/h-and-m-kids page 120 -> https://www.myntra.com/gateway/v4/search/h-and-m-kids?rows=50&o=5950&plaEnabled=false&xdEnabled=false&isFacet=true&p=120 | run_id=run_20260929_121204_794270_9f761b | brand=H&M (Kids) | page=120 | route=https://www.myntra.com/h-and-m-kids | seen=5241 | expected=6129
2026-09-29 12:51:38 | INFO    | PDP       | Processed 4 target products for H&M (Kids) in 0s (587.31 products/min). | run_id=run_20260929_121204_794270_9f761b | brand=H&M (Kids) | saved=4 | elapsed_label=0s | products_per_minute=587.31
2026-09-29 12:51:38 | INFO    | LISTING   | Listing H&M (Kids) route https://www.myntra.com/h-and-m-kids page 121 -> https://www.myntra.com/gateway/v4/search/h-and-m-kids?rows=50&o=6000&plaEnabled=false&xdEnabled=false&isFacet=true&p=121 | run_id=run_20260929_121204_794270_9f761b | brand=H&M (Kids) | page=121 | route=https://www.myntra.com/h-and-m-kids | seen=5291 | expected=6129
2026-09-29 12:51:39 | INFO    | LISTING   | Listing H&M (Kids) route https://www.myntra.com/h-and-m-kids page 122 -> https://www.myntra.com/gateway/v4/search/h-and-m-kids?rows=50&o=6050&plaEnabled=false&xdEnabled=false&isFacet=true&p=122 | run_id=run_20260929_121204_794270_9f761b | brand=H&M (Kids) | page=122 | route=https://www.myntra.com/h-and-m-kids | seen=5340 | expected=6129
2026-09-29 12:51:40 | INFO    | PDP       | Processed 1 target products for H&M (Kids) in 0s (137.79 products/min). | run_id=run_20260929_121204_794270_9f761b | brand=H&M (Kids) | saved=1 | elapsed_label=0s | products_per_minute=137.79
2026-09-29 12:51:40 | INFO    | LISTING   | Listing H&M (Kids) route https://www.myntra.com/h-and-m-kids page 123 -> https://www.myntra.com/gateway/v4/search/h-and-m-kids?rows=50&o=6100&plaEnabled=false&xdEnabled=false&isFacet=true&p=123 | run_id=run_20260929_121204_794270_9f761b | brand=H&M (Kids) | page=123 | route=https://www.myntra.com/h-and-m-kids | seen=5388 | expected=6129
2026-09-29 12:51:41 | INFO    | PDP       | Processed 10 target products for H&M (Kids) in 1s (732.59 products/min). | run_id=run_20260929_121204_794270_9f761b | brand=H&M (Kids) | saved=10 | elapsed_label=1s | products_per_minute=732.59
2026-09-29 12:51:41 | WARNING | LISTING   | Retrying route https://www.myntra.com/h-and-m-kids for H&M (Kids) (pass 1/2) after incomplete coverage: 5436/6129 unique products seen. | run_id=run_20260929_121204_794270_9f761b | brand=H&M (Kids) | route=https://www.myntra.com/h-and-m-kids | seen=5436 | expected=6129 | attempt=1/2
2026-09-29 12:51:41 | INFO    | LISTING   | Listing H&M (Kids) route https://www.myntra.com/h-and-m-kids page 1 -> https://www.myntra.com/gateway/v4/search/h-and-m-kids?rows=50&o=0&plaEnabled=false&xdEnabled=false&isFacet=true&p=1 | run_id=run_20260929_121204_794270_9f761b | brand=H&M (Kids) | page=1 | route=https://www.myntra.com/h-and-m-kids | seen=5436 | expected=6129
2026-09-29 12:51:42 | INFO    | LISTING   | Listing H&M (Kids) route https://www.myntra.com/h-and-m-kids page 2 -> https://www.myntra.com/gateway/v4/search/h-and-m-kids?rows=50&o=50&plaEnabled=false&xdEnabled=false&isFacet=true&p=2 | run_id=run_20260929_121204_794270_9f761b | brand=H&M (Kids) | page=2 | route=https://www.myntra.com/h-and-m-kids | seen=5436 | expected=6129
2026-09-29 12:51:42 | INFO    | LISTING   | Listing H&M (Kids) route https://www.myntra.com/h-and-m-kids page 3 -> https://www.myntra.com/gateway/v4/search/h-and-m-kids?rows=50&o=100&plaEnabled=false&xdEnabled=false&isFacet=true&p=3 | run_id=run_20260929_121204_794270_9f761b | brand=H&M (Kids) | page=3 | route=https://www.myntra.com/h-and-m-kids | seen=5436 | expected=6129
2026-09-29 12:51:43 | WARNING | LISTING   | Route https://www.myntra.com/h-and-m-kids for H&M (Kids) stalled for 3 consecutive pages before reaching expected total; restarting route pass. | run_id=run_20260929_121204_794270_9f761b | brand=H&M (Kids) | page=3 | route=https://www.myntra.com/h-and-m-kids | seen=5436 | expected=6129
2026-09-29 12:51:43 | WARNING | LISTING   | Retrying route https://www.myntra.com/h-and-m-kids for H&M (Kids) (pass 2/2) after incomplete coverage: 5436/6129 unique products seen. | run_id=run_20260929_121204_794270_9f761b | brand=H&M (Kids) | route=https://www.myntra.com/h-and-m-kids | seen=5436 | expected=6129 | attempt=2/2
2026-09-29 12:51:43 | INFO    | LISTING   | Listing H&M (Kids) route https://www.myntra.com/h-and-m-kids page 1 -> https://www.myntra.com/gateway/v4/search/h-and-m-kids?rows=50&o=0&plaEnabled=false&xdEnabled=false&isFacet=true&p=1 | run_id=run_20260929_121204_794270_9f761b | brand=H&M (Kids) | page=1 | route=https://www.myntra.com/h-and-m-kids | seen=5436 | expected=6129
2026-09-29 12:51:44 | INFO    | LISTING   | Listing H&M (Kids) route https://www.myntra.com/h-and-m-kids page 2 -> https://www.myntra.com/gateway/v4/search/h-and-m-kids?rows=50&o=50&plaEnabled=false&xdEnabled=false&isFacet=true&p=2 | run_id=run_20260929_121204_794270_9f761b | brand=H&M (Kids) | page=2 | route=https://www.myntra.com/h-and-m-kids | seen=5436 | expected=6129
2026-09-29 12:51:45 | INFO    | LISTING   | Listing H&M (Kids) route https://www.myntra.com/h-and-m-kids page 3 -> https://www.myntra.com/gateway/v4/search/h-and-m-kids?rows=50&o=100&plaEnabled=false&xdEnabled=false&isFacet=true&p=3 | run_id=run_20260929_121204_794270_9f761b | brand=H&M (Kids) | page=3 | route=https://www.myntra.com/h-and-m-kids | seen=5436 | expected=6129
2026-09-29 12:51:45 | WARNING | LISTING   | Route https://www.myntra.com/h-and-m-kids for H&M (Kids) stalled for 3 consecutive pages before reaching expected total; restarting route pass. | run_id=run_20260929_121204_794270_9f761b | brand=H&M (Kids) | page=3 | route=https://www.myntra.com/h-and-m-kids | seen=5436 | expected=6129
2026-09-29 12:51:45 | INFO    | BRAND     | Skipping redundant route https://www.myntra.com/kids-hm for H&M (Kids) (100% of first page already captured). | run_id=run_20260929_121204_794270_9f761b | brand=H&M (Kids) | route=https://www.myntra.com/kids-hm
2026-09-29 12:51:45 | WARNING | BRAND     | Brand H&M (Kids) finished below expected count: saw 5436 unique shirts products vs expected 6129. | run_id=run_20260929_121204_794270_9f761b | brand=H&M (Kids) | seen=5436 | expected=6129
2026-09-29 12:51:45 | INFO    | BRAND     | Brand scrape completed in 1m 14s (4548.06 products/min). | run_id=run_20260929_121204_794270_9f761b | brand=H&M (Kids) | status=COMPLETED | saved=5626 | seen=5605 | expected=6129 | elapsed_label=1m 14s | products_per_minute=4548.06
2026-09-29 12:51:45 | INFO    | AUDIT     | Audit retry completed for H&M (Kids): saved=18, shortfall_before=521 | run_id=run_20260929_121204_794270_9f761b | brand=H&M (Kids) | saved=18
2026-09-29 12:52:05 | INFO    | INVENTORY | Final inventory repair completed. | run_id=run_20260929_121204_794270_9f761b
2026-09-29 12:52:12 | INFO    | SNAPSHOT  | Final snapshot created. | run_id=run_20260929_121204_794270_9f761b
{
  "myntra": {
    "run_id": "run_20260929_121204_794270_9f761b",
    "brands_requested": 6,
    "brands_completed": 6,
    "saved_products": 21362,
    "listing_pages": 970,
    "brands_not_currently_listed_on_myntra": [
      "H&M (Kids)",
      "U.S. Polo Kids"
    ],
    "marketplace_available_brand_count": 4564,
    "listing_products_seen": 48321,
    "listing_products_kept": 21362,
    "pdp_fetched": 21362,
    "pdp_failed": 0,
    "pdp_retry_recovered": 0,
    "pdp_skipped": 0,
    "products_saved": 21362,
    "strict_full_pdp_only": true,
    "failed_pdp_log": "/Users/turbom/Desktop/MYNTRA GTM BRANDS/Kids/logs/failed_pdp_products.jsonl",
    "brand_run_details": {
      "Kidbea": {
        "expected_brand_total": 862,
        "unique_target_products_seen": 761,
        "brand_completion_ratio": 0.8828,
        "routes_scraped": [
          {
            "url": "https://www.myntra.com/kidbea",
            "route_total_count": 862,
            "route_brand_count": 862,
            "route_unique_target_products_seen": 761,
            "route_total_pages_planned": 27,
            "route_completion_ratio": 0.8828,
            "route_fetch_error": "Failed to fetch JSON payload from https://www.myntra.com/gateway/v4/search/kidbea?rows=50&o=1049&plaEnabled=false&xdEnabled=false&isFacet=true&p=22: HTTP Error 400: "
          }
        ],
        "saved_products": 761,
        "duration_seconds": 30.86,
        "duration_label": "31s",
        "products_per_minute": 1479.42,
        "db_product_count": 761,
        "audit_shortfall": 101,
        "audit_complete": false
      },
      "Hopscotch": {
        "expected_brand_total": 5159,
        "unique_target_products_seen": 4905,
        "brand_completion_ratio": 0.9508,
        "routes_scraped": [
          {
            "url": "https://www.myntra.com/hopscotch",
            "route_total_count": 5159,
            "route_brand_count": 5159,
            "route_unique_target_products_seen": 4905,
            "route_total_pages_planned": 104,
            "route_completion_ratio": 0.9508,
            "route_fetch_error": null
          }
        ],
        "saved_products": 4915,
        "duration_seconds": 60.22,
        "duration_label": "1m 0s",
        "products_per_minute": 4897.03,
        "db_product_count": 4915,
        "audit_shortfall": 244,
        "audit_complete": false
      },
      "H&M (Kids)": {
        "expected_brand_total": 6129,
        "unique_target_products_seen": 5605,
        "brand_completion_ratio": 0.9145,
        "routes_scraped": [
          {
            "url": "https://www.myntra.com/h-and-m-kids",
            "route_total_count": 6129,
            "route_brand_count": 6129,
            "route_unique_target_products_seen": 5436,
            "route_total_pages_planned": 123,
            "route_completion_ratio": 0.8869,
            "route_fetch_error": null
          }
        ],
        "saved_products": 5626,
        "duration_seconds": 74.22,
        "duration_label": "1m 14s",
        "products_per_minute": 4548.06,
        "db_product_count": 5626,
        "audit_shortfall": 503,
        "audit_complete": false
      },
      "Next": {
        "expected_brand_total": 2326,
        "unique_target_products_seen": 2306,
        "brand_completion_ratio": 0.9914,
        "routes_scraped": [
          {
            "url": "https://www.myntra.com/next-kids",
            "route_total_count": 2326,
            "route_brand_count": 2326,
            "route_unique_target_products_seen": 2306,
            "route_total_pages_planned": 73,
            "route_completion_ratio": 0.9914,
            "route_fetch_error": "Failed to fetch JSON payload from https://www.myntra.com/gateway/v4/search/next-kids?rows=50&o=2449&plaEnabled=false&xdEnabled=false&isFacet=true&p=50: HTTP Error 400: "
          }
        ],
        "saved_products": 2306,
        "duration_seconds": 195.25,
        "duration_label": "3m 15s",
        "products_per_minute": 708.64,
        "db_product_count": 2306,
        "audit_shortfall": 20,
        "audit_complete": true
      },
      "Gini and Jony": {
        "expected_brand_total": 2558,
        "unique_target_products_seen": 2550,
        "brand_completion_ratio": 0.9969,
        "routes_scraped": [
          {
            "url": "https://www.myntra.com/gini-and-jony",
            "route_total_count": 2558,
            "route_brand_count": 2558,
            "route_unique_target_products_seen": 2550,
            "route_total_pages_planned": 80,
            "route_completion_ratio": 0.9969,
            "route_fetch_error": "Failed to fetch JSON payload from https://www.myntra.com/gateway/v4/search/gini-and-jony?rows=50&o=2649&plaEnabled=false&xdEnabled=false&isFacet=true&p=54: HTTP Error 400: "
          }
        ],
        "saved_products": 2550,
        "duration_seconds": 236.0,
        "duration_label": "3m 56s",
        "products_per_minute": 648.3,
        "db_product_count": 2550,
        "audit_shortfall": 8,
        "audit_complete": true
      },
      "U.S. Polo Kids": {
        "expected_brand_total": 5263,
        "unique_target_products_seen": 5204,
        "brand_completion_ratio": 0.9888,
        "routes_scraped": [
          {
            "url": "https://www.myntra.com/us-polo-assn-kids",
            "route_total_count": 5263,
            "route_brand_count": 5263,
            "route_unique_target_products_seen": 5204,
            "route_total_pages_planned": 165,
            "route_completion_ratio": 0.9886,
            "route_fetch_error": "Failed to fetch JSON payload from https://www.myntra.com/gateway/v4/search/us-polo-assn-kids?rows=50&o=5349&plaEnabled=false&xdEnabled=false&isFacet=true&p=108: HTTP Error 400: "
          }
        ],
        "saved_products": 5204,
        "duration_seconds": 486.32,
        "duration_label": "8m 6s",
        "products_per_minute": 642.04,
        "db_product_count": 5204,
        "audit_shortfall": 59,
        "audit_complete": true
      }
    },
    "brand_failures": {},
    "brands_failed": [],
    "brand_audit_runs": [
      {
        "pass": 1,
        "incomplete_brands": [
          {
            "brand": "Kidbea",
            "expected_brand_total": 864,
            "db_product_count": 761,
            "shortfall": 103,
            "is_complete": false
          },
          {
            "brand": "Hopscotch",
            "expected_brand_total": 5158,
            "db_product_count": 4899,
            "shortfall": 259,
            "is_complete": false
          },
          {
            "brand": "H&M (Kids)",
            "expected_brand_total": 6124,
            "db_product_count": 5605,
            "shortfall": 519,
            "is_complete": false
          }
        ]
      },
      {
        "pass": 2,
        "incomplete_brands": [
          {
            "brand": "Kidbea",
            "expected_brand_total": 862,
            "db_product_count": 761,
            "shortfall": 101,
            "is_complete": false
          },
          {
            "brand": "Hopscotch",
            "expected_brand_total": 5159,
            "db_product_count": 4915,
            "shortfall": 244,
            "is_complete": false
          },
          {
            "brand": "H&M (Kids)",
            "expected_brand_total": 6129,
            "db_product_count": 5608,
            "shortfall": 521,
            "is_complete": false
          }
        ]
      }
    ],
    "brand_audit_final": [
      {
        "brand": "Kidbea",
        "expected_brand_total": 862,
        "db_product_count": 761,
        "shortfall": 101,
        "is_complete": false
      },
      {
        "brand": "Hopscotch",
        "expected_brand_total": 5159,
        "db_product_count": 4915,
        "shortfall": 244,
        "is_complete": false
      },
      {
        "brand": "H&M (Kids)",
        "expected_brand_total": 6129,
        "db_product_count": 5626,
        "shortfall": 503,
        "is_complete": false
      },
      {
        "brand": "Next",
        "expected_brand_total": 2326,
        "db_product_count": 2306,
        "shortfall": 20,
        "is_complete": true
      },
      {
        "brand": "Gini and Jony",
        "expected_brand_total": 2558,
        "db_product_count": 2550,
        "shortfall": 8,
        "is_complete": true
      },
      {
        "brand": "U.S. Polo Kids",
        "expected_brand_total": 5263,
        "db_product_count": 5204,
        "shortfall": 59,
        "is_complete": true
      }
    ],
    "brands_incomplete_after_audit": [
      "Kidbea",
      "Hopscotch",
      "H&M (Kids)"
    ],
    "missing_target_brands_in_db": [],
    "periodic_snapshots": [
      {
        "date": "2026-09-29T12:13:22+05:30",
        "snapshot_at": "2026-09-29T12:13:22+05:30",
        "products_snapshotted": 761,
        "units_sold": 0,
        "revenue": 0.0,
        "stock_added": 0
      },
      {
        "date": "2026-09-29T12:21:16+05:30",
        "snapshot_at": "2026-09-29T12:21:16+05:30",
        "products_snapshotted": 5660,
        "units_sold": 0,
        "revenue": 0.0,
        "stock_added": 0
      },
      {
        "date": "2026-09-29T12:30:13+05:30",
        "snapshot_at": "2026-09-29T12:30:13+05:30",
        "products_snapshotted": 11265,
        "units_sold": 0,
        "revenue": 0.0,
        "stock_added": 0
      },
      {
        "date": "2026-09-29T12:33:31+05:30",
        "snapshot_at": "2026-09-29T12:33:31+05:30",
        "products_snapshotted": 13571,
        "units_sold": 0,
        "revenue": 0.0,
        "stock_added": 0
      },
      {
        "date": "2026-09-29T12:37:31+05:30",
        "snapshot_at": "2026-09-29T12:37:31+05:30",
        "products_snapshotted": 16121,
        "units_sold": 0,
        "revenue": 0.0,
        "stock_added": 0
      },
      {
        "date": "2026-09-29T12:45:42+05:30",
        "snapshot_at": "2026-09-29T12:45:42+05:30",
        "products_snapshotted": 21325,
        "units_sold": 0,
        "revenue": 0.0,
        "stock_added": 0
      }
    ],
    "periodic_snapshot_errors": [],
    "inventory_repair": {
      "scanned_rows": 149002,
      "updated_rows": 0,
      "scanned_products": 21386,
      "updated_products": 0
    },
    "snapshot": {
      "date": "2026-09-29T12:52:05+05:30",
      "snapshot_at": "2026-09-29T12:52:05+05:30",
      "products_snapshotted": 21362,
      "units_sold": 0,
      "revenue": 0.0,
      "stock_added": 0
    },
    "duration_seconds": 2408.05,
    "run_status": "COMPLETED_WITH_ERRORS"
  }
}
    [0;32m✓[0m Scraped 5204 products (0 failed)
  [0;36m→[0m Exporting local DB (kids_gtm)...
    [0;32m✓[0m Exported: 149002 sizes | 90065 snapshots | units_sold=0 | revenue=₹0.0

[1m[0;36m╔══════════════════════════════════════════════════════╗[0m
[1m[0;36m║               PIPELINE SUMMARY                       ║[0m
[1m[0;36m╚══════════════════════════════════════════════════════╝[0m

  CATEGORY             STATUS     UNITS      REVENUE          TIME    
  ─────────────────────────────────────────────────────────────────
  Kidswear             [0;32mOK[0m         0       ₹0.0          2411s

  [1mTOTAL UNITS SOLD  : 0[0m
  [1mTOTAL REVENUE     : ₹0[0m
  [2mPipeline duration : 40m 11s[0m
  [2mLog saved to      : /Users/turbom/Desktop/MYNTRA GTM BRANDS/.pipeline_logs/pipeline_20260929_121204.log[0m

[0;32m  ✅  All categories scraped and synced successfully![0m

