
[0;36m╔══════════════════════════════════════════════════════╗[0m
[0;36m║  LAL10 Fashion Intelligence — Daily Pipeline         ║[0m
[0;36m║  Mon 28 Sep 2026, 10:30 PM                          ║[0m
[0;36m╚══════════════════════════════════════════════════════╝[0m
  [1;33mDRY RUN — EC2 sync skipped[0m

[1m[0;36m[1/9] Activewear[0m  [2m(ACTIVEWEAR → activewear_myntra_data :3008)[0m
  [0;36m→[0m Scraping...
2026-09-28 22:30:49 | INFO    | GENERAL   | Pre-loaded 0 existing products from DB into seen cache.
2026-09-28 22:30:50 | INFO    | BRAND     | Resolving brand routes. | run_id=run_20260928_223049_216788_344b07 | brand=FUAARK
2026-09-28 22:30:54 | INFO    | BRAND     | Resolved FUAARK -> 6 routes (best brand total=1303): https://www.myntra.com/fuaark, https://www.myntra.com/fuaark-gym-wear, https://www.myntra.com/fuaark-men, https://www.myntra.com/sports-wear?f=Brand%3AFUAARK, https://www.myntra.com/activewear?f=Brand%3AFUAARK, https://www.myntra.com/fuaark-activewear | run_id=run_20260928_223049_216788_344b07 | brand=FUAARK | expected=1303
2026-09-28 22:30:54 | INFO    | BRAND     | Starting brand scrape. | run_id=run_20260928_223049_216788_344b07 | brand=FUAARK | expected=2263
2026-09-28 22:30:54 | INFO    | LISTING   | Listing FUAARK route https://www.myntra.com/fuaark page 1 -> https://www.myntra.com/gateway/v4/search/fuaark?rows=50&o=0&plaEnabled=false&xdEnabled=false&isFacet=true&p=1 | run_id=run_20260928_223049_216788_344b07 | brand=FUAARK | page=1 | route=https://www.myntra.com/fuaark | seen=0 | expected=1303
2026-09-28 22:30:59 | WARNING | PDP       | PDP fetch failed for https://www.myntra.com/Tshirts/FUAARK/FUAARK-Men-Typography-Printed-Casual--Sports-Wear-Moisture-Wicking-T-shirt/34101738/buy: PDP payload did not contain pdpData. | run_id=run_20260928_223049_216788_344b07 | brand=FUAARK | route=https://www.myntra.com/Tshirts/FUAARK/FUAARK-Men-Typography-Printed-Casual--Sports-Wear-Moisture-Wicking-T-shirt/34101738/buy
2026-09-28 22:31:00 | INFO    | PDP       | Retrying 1 PDP fetches for FUAARK (retry round 1/5). | run_id=run_20260928_223049_216788_344b07 | brand=FUAARK | attempt=1/5
2026-09-28 22:31:01 | INFO    | PDP       | Processed 50 target products for FUAARK in 6s (525.92 products/min). | run_id=run_20260928_223049_216788_344b07 | brand=FUAARK | saved=50 | elapsed_label=6s | products_per_minute=525.92
2026-09-28 22:31:02 | INFO    | LISTING   | Listing FUAARK route https://www.myntra.com/fuaark page 2 -> https://www.myntra.com/gateway/v4/search/fuaark?rows=50&o=50&plaEnabled=false&xdEnabled=false&isFacet=true&p=2 | run_id=run_20260928_223049_216788_344b07 | brand=FUAARK | page=2 | route=https://www.myntra.com/fuaark | seen=50 | expected=1303
2026-09-28 22:31:06 | INFO    | PDP       | Processed 50 target products for FUAARK in 4s (768.76 products/min). | run_id=run_20260928_223049_216788_344b07 | brand=FUAARK | saved=50 | elapsed_label=4s | products_per_minute=768.76
2026-09-28 22:31:06 | INFO    | LISTING   | Listing FUAARK route https://www.myntra.com/fuaark page 3 -> https://www.myntra.com/gateway/v4/search/fuaark?rows=50&o=100&plaEnabled=false&xdEnabled=false&isFacet=true&p=3 | run_id=run_20260928_223049_216788_344b07 | brand=FUAARK | page=3 | route=https://www.myntra.com/fuaark | seen=100 | expected=1303
2026-09-28 22:31:11 | INFO    | PDP       | Processed 50 target products for FUAARK in 3s (863.99 products/min). | run_id=run_20260928_223049_216788_344b07 | brand=FUAARK | saved=50 | elapsed_label=3s | products_per_minute=863.99
2026-09-28 22:31:11 | INFO    | LISTING   | Listing FUAARK route https://www.myntra.com/fuaark page 4 -> https://www.myntra.com/gateway/v4/search/fuaark?rows=50&o=150&plaEnabled=false&xdEnabled=false&isFacet=true&p=4 | run_id=run_20260928_223049_216788_344b07 | brand=FUAARK | page=4 | route=https://www.myntra.com/fuaark | seen=150 | expected=1303
2026-09-28 22:31:14 | WARNING | PDP       | PDP fetch failed for https://www.myntra.com/Tshirts/FUAARK/FUAARK-Men-Anti-Odour-Solid-Round-Neck-Slim-Fit-T-shirt/34514153/buy: PDP payload did not contain pdpData. | run_id=run_20260928_223049_216788_344b07 | brand=FUAARK | route=https://www.myntra.com/Tshirts/FUAARK/FUAARK-Men-Anti-Odour-Solid-Round-Neck-Slim-Fit-T-shirt/34514153/buy
2026-09-28 22:31:15 | INFO    | PDP       | Retrying 1 PDP fetches for FUAARK (retry round 1/5). | run_id=run_20260928_223049_216788_344b07 | brand=FUAARK | attempt=1/5
2026-09-28 22:31:16 | INFO    | PDP       | Processed 50 target products for FUAARK in 5s (621.42 products/min). | run_id=run_20260928_223049_216788_344b07 | brand=FUAARK | saved=50 | elapsed_label=5s | products_per_minute=621.42
2026-09-28 22:31:17 | INFO    | LISTING   | Listing FUAARK route https://www.myntra.com/fuaark page 5 -> https://www.myntra.com/gateway/v4/search/fuaark?rows=50&o=200&plaEnabled=false&xdEnabled=false&isFacet=true&p=5 | run_id=run_20260928_223049_216788_344b07 | brand=FUAARK | page=5 | route=https://www.myntra.com/fuaark | seen=200 | expected=1303
2026-09-28 22:31:21 | INFO    | PDP       | Processed 50 target products for FUAARK in 3s (901.88 products/min). | run_id=run_20260928_223049_216788_344b07 | brand=FUAARK | saved=50 | elapsed_label=3s | products_per_minute=901.88
2026-09-28 22:31:21 | INFO    | LISTING   | Listing FUAARK route https://www.myntra.com/fuaark page 6 -> https://www.myntra.com/gateway/v4/search/fuaark?rows=50&o=250&plaEnabled=false&xdEnabled=false&isFacet=true&p=6 | run_id=run_20260928_223049_216788_344b07 | brand=FUAARK | page=6 | route=https://www.myntra.com/fuaark | seen=250 | expected=1303
2026-09-28 22:31:25 | INFO    | PDP       | Processed 50 target products for FUAARK in 4s (807.65 products/min). | run_id=run_20260928_223049_216788_344b07 | brand=FUAARK | saved=50 | elapsed_label=4s | products_per_minute=807.65
2026-09-28 22:31:26 | INFO    | LISTING   | Listing FUAARK route https://www.myntra.com/fuaark page 7 -> https://www.myntra.com/gateway/v4/search/fuaark?rows=50&o=300&plaEnabled=false&xdEnabled=false&isFacet=true&p=7 | run_id=run_20260928_223049_216788_344b07 | brand=FUAARK | page=7 | route=https://www.myntra.com/fuaark | seen=300 | expected=1303
2026-09-28 22:31:30 | INFO    | PDP       | Processed 50 target products for FUAARK in 3s (941.79 products/min). | run_id=run_20260928_223049_216788_344b07 | brand=FUAARK | saved=50 | elapsed_label=3s | products_per_minute=941.79
2026-09-28 22:31:30 | INFO    | LISTING   | Listing FUAARK route https://www.myntra.com/fuaark page 8 -> https://www.myntra.com/gateway/v4/search/fuaark?rows=50&o=350&plaEnabled=false&xdEnabled=false&isFacet=true&p=8 | run_id=run_20260928_223049_216788_344b07 | brand=FUAARK | page=8 | route=https://www.myntra.com/fuaark | seen=350 | expected=1303
2026-09-28 22:31:34 | INFO    | PDP       | Processed 50 target products for FUAARK in 4s (764.74 products/min). | run_id=run_20260928_223049_216788_344b07 | brand=FUAARK | saved=50 | elapsed_label=4s | products_per_minute=764.74
2026-09-28 22:31:35 | INFO    | LISTING   | Listing FUAARK route https://www.myntra.com/fuaark page 9 -> https://www.myntra.com/gateway/v4/search/fuaark?rows=50&o=400&plaEnabled=false&xdEnabled=false&isFacet=true&p=9 | run_id=run_20260928_223049_216788_344b07 | brand=FUAARK | page=9 | route=https://www.myntra.com/fuaark | seen=400 | expected=1303
2026-09-28 22:31:37 | WARNING | PDP       | PDP fetch failed for https://www.myntra.com/Shorts/FUAARK/FUAARK-Men-Slim-Fit-Compression-Inner-with-Printed-Gym-Shorts/37074516/buy: PDP payload did not contain pdpData. | run_id=run_20260928_223049_216788_344b07 | brand=FUAARK | route=https://www.myntra.com/Shorts/FUAARK/FUAARK-Men-Slim-Fit-Compression-Inner-with-Printed-Gym-Shorts/37074516/buy
2026-09-28 22:31:40 | INFO    | PDP       | Retrying 1 PDP fetches for FUAARK (retry round 1/5). | run_id=run_20260928_223049_216788_344b07 | brand=FUAARK | attempt=1/5
2026-09-28 22:31:41 | INFO    | PDP       | Processed 50 target products for FUAARK in 5s (562.06 products/min). | run_id=run_20260928_223049_216788_344b07 | brand=FUAARK | saved=50 | elapsed_label=5s | products_per_minute=562.06
2026-09-28 22:31:41 | INFO    | LISTING   | Listing FUAARK route https://www.myntra.com/fuaark page 10 -> https://www.myntra.com/gateway/v4/search/fuaark?rows=50&o=450&plaEnabled=false&xdEnabled=false&isFacet=true&p=10 | run_id=run_20260928_223049_216788_344b07 | brand=FUAARK | page=10 | route=https://www.myntra.com/fuaark | seen=450 | expected=1303
2026-09-28 22:31:45 | WARNING | PDP       | PDP fetch failed for https://www.myntra.com/Track-Pants/FUAARK/FUAARK-Men-Cotton-Regular-Fit-Anti-Odour-Training-Track-Pants/44850829/buy: PDP payload did not contain pdpData. | run_id=run_20260928_223049_216788_344b07 | brand=FUAARK | route=https://www.myntra.com/Track-Pants/FUAARK/FUAARK-Men-Cotton-Regular-Fit-Anti-Odour-Training-Track-Pants/44850829/buy
2026-09-28 22:31:46 | INFO    | PDP       | Retrying 1 PDP fetches for FUAARK (retry round 1/5). | run_id=run_20260928_223049_216788_344b07 | brand=FUAARK | attempt=1/5
2026-09-28 22:31:47 | INFO    | PDP       | Processed 48 target products for FUAARK in 5s (609.54 products/min). | run_id=run_20260928_223049_216788_344b07 | brand=FUAARK | saved=48 | elapsed_label=5s | products_per_minute=609.54
2026-09-28 22:31:47 | INFO    | LISTING   | Listing FUAARK route https://www.myntra.com/fuaark page 11 -> https://www.myntra.com/gateway/v4/search/fuaark?rows=50&o=500&plaEnabled=false&xdEnabled=false&isFacet=true&p=11 | run_id=run_20260928_223049_216788_344b07 | brand=FUAARK | page=11 | route=https://www.myntra.com/fuaark | seen=498 | expected=1303
2026-09-28 22:31:52 | INFO    | PDP       | Processed 50 target products for FUAARK in 4s (729.33 products/min). | run_id=run_20260928_223049_216788_344b07 | brand=FUAARK | saved=50 | elapsed_label=4s | products_per_minute=729.33
2026-09-28 22:31:52 | INFO    | LISTING   | Listing FUAARK route https://www.myntra.com/fuaark page 12 -> https://www.myntra.com/gateway/v4/search/fuaark?rows=50&o=550&plaEnabled=false&xdEnabled=false&isFacet=true&p=12 | run_id=run_20260928_223049_216788_344b07 | brand=FUAARK | page=12 | route=https://www.myntra.com/fuaark | seen=548 | expected=1303
2026-09-28 22:31:57 | INFO    | PDP       | Processed 50 target products for FUAARK in 4s (812.97 products/min). | run_id=run_20260928_223049_216788_344b07 | brand=FUAARK | saved=50 | elapsed_label=4s | products_per_minute=812.97
2026-09-28 22:31:57 | INFO    | LISTING   | Listing FUAARK route https://www.myntra.com/fuaark page 13 -> https://www.myntra.com/gateway/v4/search/fuaark?rows=50&o=600&plaEnabled=false&xdEnabled=false&isFacet=true&p=13 | run_id=run_20260928_223049_216788_344b07 | brand=FUAARK | page=13 | route=https://www.myntra.com/fuaark | seen=598 | expected=1303
2026-09-28 22:32:02 | INFO    | PDP       | Processed 50 target products for FUAARK in 4s (751.49 products/min). | run_id=run_20260928_223049_216788_344b07 | brand=FUAARK | saved=50 | elapsed_label=4s | products_per_minute=751.49
2026-09-28 22:32:02 | INFO    | LISTING   | Listing FUAARK route https://www.myntra.com/fuaark page 14 -> https://www.myntra.com/gateway/v4/search/fuaark?rows=50&o=650&plaEnabled=false&xdEnabled=false&isFacet=true&p=14 | run_id=run_20260928_223049_216788_344b07 | brand=FUAARK | page=14 | route=https://www.myntra.com/fuaark | seen=648 | expected=1303
2026-09-28 22:32:06 | INFO    | PDP       | Processed 47 target products for FUAARK in 3s (855.1 products/min). | run_id=run_20260928_223049_216788_344b07 | brand=FUAARK | saved=47 | elapsed_label=3s | products_per_minute=855.1
2026-09-28 22:32:07 | INFO    | LISTING   | Listing FUAARK route https://www.myntra.com/fuaark page 15 -> https://www.myntra.com/gateway/v4/search/fuaark?rows=50&o=700&plaEnabled=false&xdEnabled=false&isFacet=true&p=15 | run_id=run_20260928_223049_216788_344b07 | brand=FUAARK | page=15 | route=https://www.myntra.com/fuaark | seen=695 | expected=1303
2026-09-28 22:32:11 | INFO    | PDP       | Processed 50 target products for FUAARK in 3s (904.96 products/min). | run_id=run_20260928_223049_216788_344b07 | brand=FUAARK | saved=50 | elapsed_label=3s | products_per_minute=904.96
2026-09-28 22:32:11 | INFO    | LISTING   | Listing FUAARK route https://www.myntra.com/fuaark page 16 -> https://www.myntra.com/gateway/v4/search/fuaark?rows=50&o=750&plaEnabled=false&xdEnabled=false&isFacet=true&p=16 | run_id=run_20260928_223049_216788_344b07 | brand=FUAARK | page=16 | route=https://www.myntra.com/fuaark | seen=745 | expected=1303
2026-09-28 22:32:16 | INFO    | PDP       | Processed 50 target products for FUAARK in 4s (740.21 products/min). | run_id=run_20260928_223049_216788_344b07 | brand=FUAARK | saved=50 | elapsed_label=4s | products_per_minute=740.21
2026-09-28 22:32:16 | INFO    | LISTING   | Listing FUAARK route https://www.myntra.com/fuaark page 17 -> https://www.myntra.com/gateway/v4/search/fuaark?rows=50&o=800&plaEnabled=false&xdEnabled=false&isFacet=true&p=17 | run_id=run_20260928_223049_216788_344b07 | brand=FUAARK | page=17 | route=https://www.myntra.com/fuaark | seen=795 | expected=1303
2026-09-28 22:32:20 | INFO    | PDP       | Processed 50 target products for FUAARK in 4s (787.8 products/min). | run_id=run_20260928_223049_216788_344b07 | brand=FUAARK | saved=50 | elapsed_label=4s | products_per_minute=787.8
2026-09-28 22:32:21 | INFO    | LISTING   | Listing FUAARK route https://www.myntra.com/fuaark page 18 -> https://www.myntra.com/gateway/v4/search/fuaark?rows=50&o=850&plaEnabled=false&xdEnabled=false&isFacet=true&p=18 | run_id=run_20260928_223049_216788_344b07 | brand=FUAARK | page=18 | route=https://www.myntra.com/fuaark | seen=845 | expected=1303
2026-09-28 22:32:25 | INFO    | PDP       | Processed 50 target products for FUAARK in 4s (794.64 products/min). | run_id=run_20260928_223049_216788_344b07 | brand=FUAARK | saved=50 | elapsed_label=4s | products_per_minute=794.64
2026-09-28 22:32:25 | INFO    | LISTING   | Listing FUAARK route https://www.myntra.com/fuaark page 19 -> https://www.myntra.com/gateway/v4/search/fuaark?rows=50&o=900&plaEnabled=false&xdEnabled=false&isFacet=true&p=19 | run_id=run_20260928_223049_216788_344b07 | brand=FUAARK | page=19 | route=https://www.myntra.com/fuaark | seen=895 | expected=1303
2026-09-28 22:32:30 | INFO    | PDP       | Processed 49 target products for FUAARK in 3s (894.23 products/min). | run_id=run_20260928_223049_216788_344b07 | brand=FUAARK | saved=49 | elapsed_label=3s | products_per_minute=894.23
2026-09-28 22:32:30 | INFO    | LISTING   | Listing FUAARK route https://www.myntra.com/fuaark page 20 -> https://www.myntra.com/gateway/v4/search/fuaark?rows=50&o=950&plaEnabled=false&xdEnabled=false&isFacet=true&p=20 | run_id=run_20260928_223049_216788_344b07 | brand=FUAARK | page=20 | route=https://www.myntra.com/fuaark | seen=944 | expected=1303
2026-09-28 22:32:34 | INFO    | PDP       | Processed 50 target products for FUAARK in 3s (877.62 products/min). | run_id=run_20260928_223049_216788_344b07 | brand=FUAARK | saved=50 | elapsed_label=3s | products_per_minute=877.62
2026-09-28 22:32:34 | INFO    | LISTING   | Listing FUAARK route https://www.myntra.com/fuaark page 21 -> https://www.myntra.com/gateway/v4/search/fuaark?rows=50&o=1000&plaEnabled=false&xdEnabled=false&isFacet=true&p=21 | run_id=run_20260928_223049_216788_344b07 | brand=FUAARK | page=21 | route=https://www.myntra.com/fuaark | seen=994 | expected=1303
2026-09-28 22:32:38 | WARNING | PDP       | PDP fetch failed for https://www.myntra.com/Tshirts/FUAARK/FUAARK-Shadow-Washed-Cotton-Dyed-Round-Neck-Short-Sleeves-Oversized-T-shirt/37922627/buy: PDP payload did not contain pdpData. | run_id=run_20260928_223049_216788_344b07 | brand=FUAARK | route=https://www.myntra.com/Tshirts/FUAARK/FUAARK-Shadow-Washed-Cotton-Dyed-Round-Neck-Short-Sleeves-Oversized-T-shirt/37922627/buy
2026-09-28 22:32:39 | INFO    | PDP       | Retrying 1 PDP fetches for FUAARK (retry round 1/5). | run_id=run_20260928_223049_216788_344b07 | brand=FUAARK | attempt=1/5
2026-09-28 22:32:40 | INFO    | PDP       | Processed 50 target products for FUAARK in 5s (567.36 products/min). | run_id=run_20260928_223049_216788_344b07 | brand=FUAARK | saved=50 | elapsed_label=5s | products_per_minute=567.36
2026-09-28 22:32:40 | INFO    | LISTING   | Listing FUAARK route https://www.myntra.com/fuaark page 22 -> https://www.myntra.com/gateway/v4/search/fuaark?rows=50&o=1050&plaEnabled=false&xdEnabled=false&isFacet=true&p=22 | run_id=run_20260928_223049_216788_344b07 | brand=FUAARK | page=22 | route=https://www.myntra.com/fuaark | seen=1044 | expected=1303
2026-09-28 22:32:44 | INFO    | PDP       | Processed 50 target products for FUAARK in 3s (914.6 products/min). | run_id=run_20260928_223049_216788_344b07 | brand=FUAARK | saved=50 | elapsed_label=3s | products_per_minute=914.6
2026-09-28 22:32:45 | INFO    | LISTING   | Listing FUAARK route https://www.myntra.com/fuaark page 23 -> https://www.myntra.com/gateway/v4/search/fuaark?rows=50&o=1100&plaEnabled=false&xdEnabled=false&isFacet=true&p=23 | run_id=run_20260928_223049_216788_344b07 | brand=FUAARK | page=23 | route=https://www.myntra.com/fuaark | seen=1094 | expected=1303
2026-09-28 22:32:48 | INFO    | PDP       | Processed 50 target products for FUAARK in 3s (1012.77 products/min). | run_id=run_20260928_223049_216788_344b07 | brand=FUAARK | saved=50 | elapsed_label=3s | products_per_minute=1012.77
2026-09-28 22:32:49 | INFO    | LISTING   | Listing FUAARK route https://www.myntra.com/fuaark page 24 -> https://www.myntra.com/gateway/v4/search/fuaark?rows=50&o=1150&plaEnabled=false&xdEnabled=false&isFacet=true&p=24 | run_id=run_20260928_223049_216788_344b07 | brand=FUAARK | page=24 | route=https://www.myntra.com/fuaark | seen=1144 | expected=1303
2026-09-28 22:32:50 | WARNING | PDP       | PDP fetch failed for https://www.myntra.com/Trunk/FUAARK/FUAARK-Pack-Of-3-Snug-Fit-Trunks-FUSMTrP3-Black-Blue-Olive-S/24242164/buy: PDP payload did not contain pdpData. | run_id=run_20260928_223049_216788_344b07 | brand=FUAARK | route=https://www.myntra.com/Trunk/FUAARK/FUAARK-Pack-Of-3-Snug-Fit-Trunks-FUSMTrP3-Black-Blue-Olive-S/24242164/buy
2026-09-28 22:32:53 | INFO    | PDP       | Retrying 1 PDP fetches for FUAARK (retry round 1/5). | run_id=run_20260928_223049_216788_344b07 | brand=FUAARK | attempt=1/5
2026-09-28 22:32:55 | INFO    | PDP       | Processed 50 target products for FUAARK in 6s (535.04 products/min). | run_id=run_20260928_223049_216788_344b07 | brand=FUAARK | saved=50 | elapsed_label=6s | products_per_minute=535.04
2026-09-28 22:32:55 | INFO    | LISTING   | Listing FUAARK route https://www.myntra.com/fuaark page 25 -> https://www.myntra.com/gateway/v4/search/fuaark?rows=50&o=1200&plaEnabled=false&xdEnabled=false&isFacet=true&p=25 | run_id=run_20260928_223049_216788_344b07 | brand=FUAARK | page=25 | route=https://www.myntra.com/fuaark | seen=1194 | expected=1303
2026-09-28 22:33:00 | INFO    | PDP       | Processed 50 target products for FUAARK in 4s (813.54 products/min). | run_id=run_20260928_223049_216788_344b07 | brand=FUAARK | saved=50 | elapsed_label=4s | products_per_minute=813.54
2026-09-28 22:33:00 | INFO    | LISTING   | Listing FUAARK route https://www.myntra.com/fuaark page 26 -> https://www.myntra.com/gateway/v4/search/fuaark?rows=50&o=1250&plaEnabled=false&xdEnabled=false&isFacet=true&p=26 | run_id=run_20260928_223049_216788_344b07 | brand=FUAARK | page=26 | route=https://www.myntra.com/fuaark | seen=1244 | expected=1303
2026-09-28 22:33:04 | WARNING | PDP       | PDP fetch failed for https://www.myntra.com/Tshirts/FUAARK/FUAARK-Men-Moisture-Wicking-Graphic-Printed-Round-Neck-Cotton-Oversized-T-shirt/33381052/buy: PDP payload did not contain pdpData. | run_id=run_20260928_223049_216788_344b07 | brand=FUAARK | route=https://www.myntra.com/Tshirts/FUAARK/FUAARK-Men-Moisture-Wicking-Graphic-Printed-Round-Neck-Cotton-Oversized-T-shirt/33381052/buy
2026-09-28 22:33:04 | INFO    | PDP       | Retrying 1 PDP fetches for FUAARK (retry round 1/5). | run_id=run_20260928_223049_216788_344b07 | brand=FUAARK | attempt=1/5
2026-09-28 22:33:05 | INFO    | PDP       | Processed 50 target products for FUAARK in 5s (643.81 products/min). | run_id=run_20260928_223049_216788_344b07 | brand=FUAARK | saved=50 | elapsed_label=5s | products_per_minute=643.81
2026-09-28 22:33:06 | INFO    | LISTING   | Listing FUAARK route https://www.myntra.com/fuaark page 27 -> https://www.myntra.com/gateway/v4/search/fuaark?rows=50&o=1300&plaEnabled=false&xdEnabled=false&isFacet=true&p=27 | run_id=run_20260928_223049_216788_344b07 | brand=FUAARK | page=27 | route=https://www.myntra.com/fuaark | seen=1294 | expected=1303
2026-09-28 22:33:07 | INFO    | PDP       | Processed 9 target products for FUAARK in 1s (467.27 products/min). | run_id=run_20260928_223049_216788_344b07 | brand=FUAARK | saved=9 | elapsed_label=1s | products_per_minute=467.27
2026-09-28 22:33:07 | INFO    | LISTING   | Listing FUAARK route https://www.myntra.com/fuaark page 28 -> https://www.myntra.com/gateway/v4/search/fuaark?rows=50&o=1350&plaEnabled=false&xdEnabled=false&isFacet=true&p=28 | run_id=run_20260928_223049_216788_344b07 | brand=FUAARK | page=28 | route=https://www.myntra.com/fuaark | seen=1303 | expected=1303
2026-09-28 22:33:08 | WARNING | LISTING   | Empty listing page for FUAARK on page 28 before expected end; continuing. | run_id=run_20260928_223049_216788_344b07 | brand=FUAARK | page=28 | route=https://www.myntra.com/fuaark
2026-09-28 22:33:08 | INFO    | LISTING   | Listing FUAARK route https://www.myntra.com/fuaark page 29 -> https://www.myntra.com/gateway/v4/search/fuaark?rows=50&o=1400&plaEnabled=false&xdEnabled=false&isFacet=true&p=29 | run_id=run_20260928_223049_216788_344b07 | brand=FUAARK | page=29 | route=https://www.myntra.com/fuaark | seen=1303 | expected=1303
2026-09-28 22:33:08 | WARNING | NETWORK   | JSON request failed for https://www.myntra.com/gateway/v4/search/fuaark?rows=50&o=1400&plaEnabled=false&xdEnabled=false&isFacet=true&p=29 on attempt 1/3: HTTP Error 400:  | run_id=run_20260928_223049_216788_344b07 | route=https://www.myntra.com/gateway/v4/search/fuaark?rows=50&o=1400&plaEnabled=false&xdEnabled=false&isFacet=true&p=29 | attempt=1/3
2026-09-28 22:33:10 | WARNING | NETWORK   | JSON request failed for https://www.myntra.com/gateway/v4/search/fuaark?rows=50&o=1400&plaEnabled=false&xdEnabled=false&isFacet=true&p=29 on attempt 2/3: HTTP Error 400:  | run_id=run_20260928_223049_216788_344b07 | route=https://www.myntra.com/gateway/v4/search/fuaark?rows=50&o=1400&plaEnabled=false&xdEnabled=false&isFacet=true&p=29 | attempt=2/3
2026-09-28 22:33:13 | WARNING | NETWORK   | JSON request failed for https://www.myntra.com/gateway/v4/search/fuaark?rows=50&o=1400&plaEnabled=false&xdEnabled=false&isFacet=true&p=29 on attempt 3/3: HTTP Error 400:  | run_id=run_20260928_223049_216788_344b07 | route=https://www.myntra.com/gateway/v4/search/fuaark?rows=50&o=1400&plaEnabled=false&xdEnabled=false&isFacet=true&p=29 | attempt=3/3
2026-09-28 22:33:13 | WARNING | NETWORK   | JSON request failed for https://www.myntra.com/gateway/v4/search/fuaark?rows=50&o=1399&plaEnabled=false&xdEnabled=false&isFacet=true&p=29 on attempt 1/3: HTTP Error 400:  | run_id=run_20260928_223049_216788_344b07 | route=https://www.myntra.com/gateway/v4/search/fuaark?rows=50&o=1399&plaEnabled=false&xdEnabled=false&isFacet=true&p=29 | attempt=1/3
2026-09-28 22:33:15 | WARNING | NETWORK   | JSON request failed for https://www.myntra.com/gateway/v4/search/fuaark?rows=50&o=1399&plaEnabled=false&xdEnabled=false&isFacet=true&p=29 on attempt 2/3: HTTP Error 400:  | run_id=run_20260928_223049_216788_344b07 | route=https://www.myntra.com/gateway/v4/search/fuaark?rows=50&o=1399&plaEnabled=false&xdEnabled=false&isFacet=true&p=29 | attempt=2/3
2026-09-28 22:33:18 | WARNING | NETWORK   | JSON request failed for https://www.myntra.com/gateway/v4/search/fuaark?rows=50&o=1399&plaEnabled=false&xdEnabled=false&isFacet=true&p=29 on attempt 3/3: HTTP Error 400:  | run_id=run_20260928_223049_216788_344b07 | route=https://www.myntra.com/gateway/v4/search/fuaark?rows=50&o=1399&plaEnabled=false&xdEnabled=false&isFacet=true&p=29 | attempt=3/3
2026-09-28 22:33:19 | WARNING | LISTING   | Route fetch failed for https://www.myntra.com/fuaark page 29 (Failed to fetch JSON payload from https://www.myntra.com/gateway/v4/search/fuaark?rows=50&o=1399&plaEnabled=false&xdEnabled=false&isFacet=true&p=29: HTTP Error 400: ). Will retry with another pass or fallback route. | run_id=run_20260928_223049_216788_344b07 | brand=FUAARK | page=29 | route=https://www.myntra.com/fuaark
2026-09-28 22:33:19 | INFO    | BRAND     | Skipping redundant route https://www.myntra.com/fuaark-gym-wear for FUAARK (100% of first page already captured). | run_id=run_20260928_223049_216788_344b07 | brand=FUAARK | route=https://www.myntra.com/fuaark-gym-wear
2026-09-28 22:33:19 | INFO    | BRAND     | Skipping redundant route https://www.myntra.com/fuaark-men for FUAARK (100% of first page already captured). | run_id=run_20260928_223049_216788_344b07 | brand=FUAARK | route=https://www.myntra.com/fuaark-men
2026-09-28 22:33:19 | INFO    | BRAND     | Skipping redundant route https://www.myntra.com/sports-wear?f=Brand%3AFUAARK for FUAARK (100% of first page already captured). | run_id=run_20260928_223049_216788_344b07 | brand=FUAARK | route=https://www.myntra.com/sports-wear?f=Brand%3AFUAARK
2026-09-28 22:33:19 | INFO    | BRAND     | Skipping redundant route https://www.myntra.com/activewear?f=Brand%3AFUAARK for FUAARK (100% of first page already captured). | run_id=run_20260928_223049_216788_344b07 | brand=FUAARK | route=https://www.myntra.com/activewear?f=Brand%3AFUAARK
2026-09-28 22:33:19 | INFO    | BRAND     | Skipping redundant route https://www.myntra.com/fuaark-activewear for FUAARK (100% of first page already captured). | run_id=run_20260928_223049_216788_344b07 | brand=FUAARK | route=https://www.myntra.com/fuaark-activewear
2026-09-28 22:33:19 | WARNING | BRAND     | Brand FUAARK finished below expected count: saw 1303 unique activewear products vs expected 2263. | run_id=run_20260928_223049_216788_344b07 | brand=FUAARK | seen=1303 | expected=2263
2026-09-28 22:33:19 | INFO    | BRAND     | Brand scrape completed in 2m 29s (525.78 products/min). | run_id=run_20260928_223049_216788_344b07 | brand=FUAARK | status=COMPLETED | saved=1303 | seen=1303 | expected=2263 | elapsed_label=2m 29s | products_per_minute=525.78
2026-09-28 22:33:19 | INFO    | BRAND     | Resolving brand routes. | run_id=run_20260928_223049_216788_344b07 | brand=BlissClub
2026-09-28 22:33:23 | INFO    | BRAND     | Resolved BlissClub -> 5 routes (best brand total=1016): https://www.myntra.com/blissclub, https://www.myntra.com/blissclub-gym-wear, https://www.myntra.com/blissclub-women, https://www.myntra.com/blissclub-sportswear, https://www.myntra.com/blissclub-activewear | run_id=run_20260928_223049_216788_344b07 | brand=BlissClub | expected=1016
2026-09-28 22:33:23 | INFO    | BRAND     | Starting brand scrape. | run_id=run_20260928_223049_216788_344b07 | brand=BlissClub | expected=1135
2026-09-28 22:33:23 | INFO    | LISTING   | Listing BlissClub route https://www.myntra.com/blissclub page 1 -> https://www.myntra.com/gateway/v4/search/blissclub?rows=50&o=0&plaEnabled=false&xdEnabled=false&isFacet=true&p=1 | run_id=run_20260928_223049_216788_344b07 | brand=BlissClub | page=1 | route=https://www.myntra.com/blissclub | seen=0 | expected=1016
2026-09-28 22:33:29 | INFO    | PDP       | Processed 50 target products for BlissClub in 4s (749.48 products/min). | run_id=run_20260928_223049_216788_344b07 | brand=BlissClub | saved=50 | elapsed_label=4s | products_per_minute=749.48
2026-09-28 22:33:29 | INFO    | LISTING   | Listing BlissClub route https://www.myntra.com/blissclub page 2 -> https://www.myntra.com/gateway/v4/search/blissclub?rows=50&o=50&plaEnabled=false&xdEnabled=false&isFacet=true&p=2 | run_id=run_20260928_223049_216788_344b07 | brand=BlissClub | page=2 | route=https://www.myntra.com/blissclub | seen=50 | expected=1016
2026-09-28 22:33:33 | INFO    | PDP       | Processed 50 target products for BlissClub in 4s (832.75 products/min). | run_id=run_20260928_223049_216788_344b07 | brand=BlissClub | saved=50 | elapsed_label=4s | products_per_minute=832.75
2026-09-28 22:33:34 | INFO    | LISTING   | Listing BlissClub route https://www.myntra.com/blissclub page 3 -> https://www.myntra.com/gateway/v4/search/blissclub?rows=50&o=100&plaEnabled=false&xdEnabled=false&isFacet=true&p=3 | run_id=run_20260928_223049_216788_344b07 | brand=BlissClub | page=3 | route=https://www.myntra.com/blissclub | seen=100 | expected=1016
2026-09-28 22:33:37 | INFO    | PDP       | Processed 50 target products for BlissClub in 3s (975.56 products/min). | run_id=run_20260928_223049_216788_344b07 | brand=BlissClub | saved=50 | elapsed_label=3s | products_per_minute=975.56
2026-09-28 22:33:38 | INFO    | LISTING   | Listing BlissClub route https://www.myntra.com/blissclub page 4 -> https://www.myntra.com/gateway/v4/search/blissclub?rows=50&o=150&plaEnabled=false&xdEnabled=false&isFacet=true&p=4 | run_id=run_20260928_223049_216788_344b07 | brand=BlissClub | page=4 | route=https://www.myntra.com/blissclub | seen=150 | expected=1016
2026-09-28 22:33:42 | INFO    | PDP       | Processed 50 target products for BlissClub in 4s (820.13 products/min). | run_id=run_20260928_223049_216788_344b07 | brand=BlissClub | saved=50 | elapsed_label=4s | products_per_minute=820.13
2026-09-28 22:33:42 | INFO    | LISTING   | Listing BlissClub route https://www.myntra.com/blissclub page 5 -> https://www.myntra.com/gateway/v4/search/blissclub?rows=50&o=200&plaEnabled=false&xdEnabled=false&isFacet=true&p=5 | run_id=run_20260928_223049_216788_344b07 | brand=BlissClub | page=5 | route=https://www.myntra.com/blissclub | seen=200 | expected=1016
2026-09-28 22:33:46 | INFO    | PDP       | Processed 50 target products for BlissClub in 3s (901.37 products/min). | run_id=run_20260928_223049_216788_344b07 | brand=BlissClub | saved=50 | elapsed_label=3s | products_per_minute=901.37
2026-09-28 22:33:46 | INFO    | LISTING   | Listing BlissClub route https://www.myntra.com/blissclub page 6 -> https://www.myntra.com/gateway/v4/search/blissclub?rows=50&o=250&plaEnabled=false&xdEnabled=false&isFacet=true&p=6 | run_id=run_20260928_223049_216788_344b07 | brand=BlissClub | page=6 | route=https://www.myntra.com/blissclub | seen=250 | expected=1016
2026-09-28 22:33:51 | INFO    | PDP       | Processed 50 target products for BlissClub in 3s (863.94 products/min). | run_id=run_20260928_223049_216788_344b07 | brand=BlissClub | saved=50 | elapsed_label=3s | products_per_minute=863.94
2026-09-28 22:33:51 | INFO    | LISTING   | Listing BlissClub route https://www.myntra.com/blissclub page 7 -> https://www.myntra.com/gateway/v4/search/blissclub?rows=50&o=300&plaEnabled=false&xdEnabled=false&isFacet=true&p=7 | run_id=run_20260928_223049_216788_344b07 | brand=BlissClub | page=7 | route=https://www.myntra.com/blissclub | seen=300 | expected=1016
2026-09-28 22:33:55 | INFO    | PDP       | Processed 49 target products for BlissClub in 3s (855.89 products/min). | run_id=run_20260928_223049_216788_344b07 | brand=BlissClub | saved=49 | elapsed_label=3s | products_per_minute=855.89
2026-09-28 22:33:56 | INFO    | LISTING   | Listing BlissClub route https://www.myntra.com/blissclub page 8 -> https://www.myntra.com/gateway/v4/search/blissclub?rows=50&o=350&plaEnabled=false&xdEnabled=false&isFacet=true&p=8 | run_id=run_20260928_223049_216788_344b07 | brand=BlissClub | page=8 | route=https://www.myntra.com/blissclub | seen=349 | expected=1016
2026-09-28 22:34:00 | INFO    | PDP       | Processed 50 target products for BlissClub in 3s (938.61 products/min). | run_id=run_20260928_223049_216788_344b07 | brand=BlissClub | saved=50 | elapsed_label=3s | products_per_minute=938.61
2026-09-28 22:34:00 | INFO    | LISTING   | Listing BlissClub route https://www.myntra.com/blissclub page 9 -> https://www.myntra.com/gateway/v4/search/blissclub?rows=50&o=400&plaEnabled=false&xdEnabled=false&isFacet=true&p=9 | run_id=run_20260928_223049_216788_344b07 | brand=BlissClub | page=9 | route=https://www.myntra.com/blissclub | seen=399 | expected=1016
2026-09-28 22:34:04 | INFO    | PDP       | Processed 50 target products for BlissClub in 4s (812.24 products/min). | run_id=run_20260928_223049_216788_344b07 | brand=BlissClub | saved=50 | elapsed_label=4s | products_per_minute=812.24
2026-09-28 22:34:05 | INFO    | LISTING   | Listing BlissClub route https://www.myntra.com/blissclub page 10 -> https://www.myntra.com/gateway/v4/search/blissclub?rows=50&o=450&plaEnabled=false&xdEnabled=false&isFacet=true&p=10 | run_id=run_20260928_223049_216788_344b07 | brand=BlissClub | page=10 | route=https://www.myntra.com/blissclub | seen=449 | expected=1016
2026-09-28 22:34:09 | INFO    | PDP       | Processed 49 target products for BlissClub in 4s (797.1 products/min). | run_id=run_20260928_223049_216788_344b07 | brand=BlissClub | saved=49 | elapsed_label=4s | products_per_minute=797.1
2026-09-28 22:34:09 | INFO    | LISTING   | Listing BlissClub route https://www.myntra.com/blissclub page 11 -> https://www.myntra.com/gateway/v4/search/blissclub?rows=50&o=500&plaEnabled=false&xdEnabled=false&isFacet=true&p=11 | run_id=run_20260928_223049_216788_344b07 | brand=BlissClub | page=11 | route=https://www.myntra.com/blissclub | seen=498 | expected=1016
2026-09-28 22:34:14 | INFO    | PDP       | Processed 43 target products for BlissClub in 4s (630.16 products/min). | run_id=run_20260928_223049_216788_344b07 | brand=BlissClub | saved=43 | elapsed_label=4s | products_per_minute=630.16
2026-09-28 22:34:14 | INFO    | LISTING   | Listing BlissClub route https://www.myntra.com/blissclub page 12 -> https://www.myntra.com/gateway/v4/search/blissclub?rows=50&o=550&plaEnabled=false&xdEnabled=false&isFacet=true&p=12 | run_id=run_20260928_223049_216788_344b07 | brand=BlissClub | page=12 | route=https://www.myntra.com/blissclub | seen=541 | expected=1016
2026-09-28 22:34:18 | INFO    | PDP       | Processed 50 target products for BlissClub in 3s (869.78 products/min). | run_id=run_20260928_223049_216788_344b07 | brand=BlissClub | saved=50 | elapsed_label=3s | products_per_minute=869.78
2026-09-28 22:34:19 | INFO    | LISTING   | Listing BlissClub route https://www.myntra.com/blissclub page 13 -> https://www.myntra.com/gateway/v4/search/blissclub?rows=50&o=600&plaEnabled=false&xdEnabled=false&isFacet=true&p=13 | run_id=run_20260928_223049_216788_344b07 | brand=BlissClub | page=13 | route=https://www.myntra.com/blissclub | seen=591 | expected=1016
2026-09-28 22:34:23 | INFO    | PDP       | Processed 50 target products for BlissClub in 3s (877.68 products/min). | run_id=run_20260928_223049_216788_344b07 | brand=BlissClub | saved=50 | elapsed_label=3s | products_per_minute=877.68
2026-09-28 22:34:23 | INFO    | LISTING   | Listing BlissClub route https://www.myntra.com/blissclub page 14 -> https://www.myntra.com/gateway/v4/search/blissclub?rows=50&o=650&plaEnabled=false&xdEnabled=false&isFacet=true&p=14 | run_id=run_20260928_223049_216788_344b07 | brand=BlissClub | page=14 | route=https://www.myntra.com/blissclub | seen=641 | expected=1016
2026-09-28 22:34:27 | INFO    | PDP       | Processed 50 target products for BlissClub in 4s (788.02 products/min). | run_id=run_20260928_223049_216788_344b07 | brand=BlissClub | saved=50 | elapsed_label=4s | products_per_minute=788.02
2026-09-28 22:34:28 | INFO    | LISTING   | Listing BlissClub route https://www.myntra.com/blissclub page 15 -> https://www.myntra.com/gateway/v4/search/blissclub?rows=50&o=700&plaEnabled=false&xdEnabled=false&isFacet=true&p=15 | run_id=run_20260928_223049_216788_344b07 | brand=BlissClub | page=15 | route=https://www.myntra.com/blissclub | seen=691 | expected=1016
2026-09-28 22:34:32 | INFO    | PDP       | Processed 49 target products for BlissClub in 3s (840.63 products/min). | run_id=run_20260928_223049_216788_344b07 | brand=BlissClub | saved=49 | elapsed_label=3s | products_per_minute=840.63
2026-09-28 22:34:32 | INFO    | LISTING   | Listing BlissClub route https://www.myntra.com/blissclub page 16 -> https://www.myntra.com/gateway/v4/search/blissclub?rows=50&o=750&plaEnabled=false&xdEnabled=false&isFacet=true&p=16 | run_id=run_20260928_223049_216788_344b07 | brand=BlissClub | page=16 | route=https://www.myntra.com/blissclub | seen=740 | expected=1016
2026-09-28 22:34:36 | INFO    | PDP       | Processed 50 target products for BlissClub in 4s (834.12 products/min). | run_id=run_20260928_223049_216788_344b07 | brand=BlissClub | saved=50 | elapsed_label=4s | products_per_minute=834.12
2026-09-28 22:34:37 | INFO    | LISTING   | Listing BlissClub route https://www.myntra.com/blissclub page 17 -> https://www.myntra.com/gateway/v4/search/blissclub?rows=50&o=800&plaEnabled=false&xdEnabled=false&isFacet=true&p=17 | run_id=run_20260928_223049_216788_344b07 | brand=BlissClub | page=17 | route=https://www.myntra.com/blissclub | seen=790 | expected=1016
2026-09-28 22:34:40 | WARNING | PDP       | PDP fetch failed for https://www.myntra.com/Trousers/Blissclub/Blissclub-Women-Solid-Relaxed-Straight-Leg-Fit-High-Rise-Easy-Wash-Trousers/42767128/buy: PDP payload did not contain pdpData. | run_id=run_20260928_223049_216788_344b07 | brand=BlissClub | route=https://www.myntra.com/Trousers/Blissclub/Blissclub-Women-Solid-Relaxed-Straight-Leg-Fit-High-Rise-Easy-Wash-Trousers/42767128/buy
2026-09-28 22:34:41 | INFO    | PDP       | Retrying 1 PDP fetches for BlissClub (retry round 1/5). | run_id=run_20260928_223049_216788_344b07 | brand=BlissClub | attempt=1/5
2026-09-28 22:34:43 | INFO    | PDP       | Processed 50 target products for BlissClub in 5s (574.11 products/min). | run_id=run_20260928_223049_216788_344b07 | brand=BlissClub | saved=50 | elapsed_label=5s | products_per_minute=574.11
2026-09-28 22:34:43 | INFO    | LISTING   | Listing BlissClub route https://www.myntra.com/blissclub page 18 -> https://www.myntra.com/gateway/v4/search/blissclub?rows=50&o=850&plaEnabled=false&xdEnabled=false&isFacet=true&p=18 | run_id=run_20260928_223049_216788_344b07 | brand=BlissClub | page=18 | route=https://www.myntra.com/blissclub | seen=840 | expected=1016
2026-09-28 22:34:47 | INFO    | PDP       | Processed 50 target products for BlissClub in 3s (913.39 products/min). | run_id=run_20260928_223049_216788_344b07 | brand=BlissClub | saved=50 | elapsed_label=3s | products_per_minute=913.39
2026-09-28 22:34:47 | INFO    | LISTING   | Listing BlissClub route https://www.myntra.com/blissclub page 19 -> https://www.myntra.com/gateway/v4/search/blissclub?rows=50&o=900&plaEnabled=false&xdEnabled=false&isFacet=true&p=19 | run_id=run_20260928_223049_216788_344b07 | brand=BlissClub | page=19 | route=https://www.myntra.com/blissclub | seen=890 | expected=1016
2026-09-28 22:34:51 | WARNING | PDP       | PDP fetch failed for https://www.myntra.com/Trousers/Blissclub/Blissclub-Women-High-Waist-The-Ultimate-Flare-Track-Pants---Regular/17380120/buy: PDP payload did not contain pdpData. | run_id=run_20260928_223049_216788_344b07 | brand=BlissClub | route=https://www.myntra.com/Trousers/Blissclub/Blissclub-Women-High-Waist-The-Ultimate-Flare-Track-Pants---Regular/17380120/buy
2026-09-28 22:34:51 | INFO    | PDP       | Retrying 1 PDP fetches for BlissClub (retry round 1/5). | run_id=run_20260928_223049_216788_344b07 | brand=BlissClub | attempt=1/5
2026-09-28 22:34:53 | INFO    | PDP       | Processed 50 target products for BlissClub in 5s (559.66 products/min). | run_id=run_20260928_223049_216788_344b07 | brand=BlissClub | saved=50 | elapsed_label=5s | products_per_minute=559.66
2026-09-28 22:34:53 | INFO    | LISTING   | Listing BlissClub route https://www.myntra.com/blissclub page 20 -> https://www.myntra.com/gateway/v4/search/blissclub?rows=50&o=950&plaEnabled=false&xdEnabled=false&isFacet=true&p=20 | run_id=run_20260928_223049_216788_344b07 | brand=BlissClub | page=20 | route=https://www.myntra.com/blissclub | seen=940 | expected=1016
2026-09-28 22:34:58 | INFO    | PDP       | Processed 50 target products for BlissClub in 4s (822.87 products/min). | run_id=run_20260928_223049_216788_344b07 | brand=BlissClub | saved=50 | elapsed_label=4s | products_per_minute=822.87
2026-09-28 22:34:58 | INFO    | LISTING   | Listing BlissClub route https://www.myntra.com/blissclub page 21 -> https://www.myntra.com/gateway/v4/search/blissclub?rows=50&o=1000&plaEnabled=false&xdEnabled=false&isFacet=true&p=21 | run_id=run_20260928_223049_216788_344b07 | brand=BlissClub | page=21 | route=https://www.myntra.com/blissclub | seen=990 | expected=1016
2026-09-28 22:35:00 | INFO    | PDP       | Processed 19 target products for BlissClub in 2s (646.92 products/min). | run_id=run_20260928_223049_216788_344b07 | brand=BlissClub | saved=19 | elapsed_label=2s | products_per_minute=646.92
2026-09-28 22:35:00 | INFO    | LISTING   | Listing BlissClub route https://www.myntra.com/blissclub page 22 -> https://www.myntra.com/gateway/v4/search/blissclub?rows=50&o=1050&plaEnabled=false&xdEnabled=false&isFacet=true&p=22 | run_id=run_20260928_223049_216788_344b07 | brand=BlissClub | page=22 | route=https://www.myntra.com/blissclub | seen=1009 | expected=1016
2026-09-28 22:35:02 | WARNING | LISTING   | Empty listing page for BlissClub on page 22 before expected end; continuing. | run_id=run_20260928_223049_216788_344b07 | brand=BlissClub | page=22 | route=https://www.myntra.com/blissclub
2026-09-28 22:35:02 | INFO    | LISTING   | Listing BlissClub route https://www.myntra.com/blissclub page 23 -> https://www.myntra.com/gateway/v4/search/blissclub?rows=50&o=1100&plaEnabled=false&xdEnabled=false&isFacet=true&p=23 | run_id=run_20260928_223049_216788_344b07 | brand=BlissClub | page=23 | route=https://www.myntra.com/blissclub | seen=1009 | expected=1016
2026-09-28 22:35:02 | WARNING | NETWORK   | JSON request failed for https://www.myntra.com/gateway/v4/search/blissclub?rows=50&o=1100&plaEnabled=false&xdEnabled=false&isFacet=true&p=23 on attempt 1/3: HTTP Error 400:  | run_id=run_20260928_223049_216788_344b07 | route=https://www.myntra.com/gateway/v4/search/blissclub?rows=50&o=1100&plaEnabled=false&xdEnabled=false&isFacet=true&p=23 | attempt=1/3
2026-09-28 22:35:04 | WARNING | NETWORK   | JSON request failed for https://www.myntra.com/gateway/v4/search/blissclub?rows=50&o=1100&plaEnabled=false&xdEnabled=false&isFacet=true&p=23 on attempt 2/3: HTTP Error 400:  | run_id=run_20260928_223049_216788_344b07 | route=https://www.myntra.com/gateway/v4/search/blissclub?rows=50&o=1100&plaEnabled=false&xdEnabled=false&isFacet=true&p=23 | attempt=2/3
2026-09-28 22:35:06 | WARNING | NETWORK   | JSON request failed for https://www.myntra.com/gateway/v4/search/blissclub?rows=50&o=1100&plaEnabled=false&xdEnabled=false&isFacet=true&p=23 on attempt 3/3: HTTP Error 400:  | run_id=run_20260928_223049_216788_344b07 | route=https://www.myntra.com/gateway/v4/search/blissclub?rows=50&o=1100&plaEnabled=false&xdEnabled=false&isFacet=true&p=23 | attempt=3/3
2026-09-28 22:35:07 | WARNING | NETWORK   | JSON request failed for https://www.myntra.com/gateway/v4/search/blissclub?rows=50&o=1099&plaEnabled=false&xdEnabled=false&isFacet=true&p=23 on attempt 1/3: HTTP Error 400:  | run_id=run_20260928_223049_216788_344b07 | route=https://www.myntra.com/gateway/v4/search/blissclub?rows=50&o=1099&plaEnabled=false&xdEnabled=false&isFacet=true&p=23 | attempt=1/3
2026-09-28 22:35:08 | WARNING | NETWORK   | JSON request failed for https://www.myntra.com/gateway/v4/search/blissclub?rows=50&o=1099&plaEnabled=false&xdEnabled=false&isFacet=true&p=23 on attempt 2/3: HTTP Error 400:  | run_id=run_20260928_223049_216788_344b07 | route=https://www.myntra.com/gateway/v4/search/blissclub?rows=50&o=1099&plaEnabled=false&xdEnabled=false&isFacet=true&p=23 | attempt=2/3
2026-09-28 22:35:11 | WARNING | NETWORK   | JSON request failed for https://www.myntra.com/gateway/v4/search/blissclub?rows=50&o=1099&plaEnabled=false&xdEnabled=false&isFacet=true&p=23 on attempt 3/3: HTTP Error 400:  | run_id=run_20260928_223049_216788_344b07 | route=https://www.myntra.com/gateway/v4/search/blissclub?rows=50&o=1099&plaEnabled=false&xdEnabled=false&isFacet=true&p=23 | attempt=3/3
2026-09-28 22:35:11 | WARNING | LISTING   | Route fetch failed for https://www.myntra.com/blissclub page 23 (Failed to fetch JSON payload from https://www.myntra.com/gateway/v4/search/blissclub?rows=50&o=1099&plaEnabled=false&xdEnabled=false&isFacet=true&p=23: HTTP Error 400: ). Will retry with another pass or fallback route. | run_id=run_20260928_223049_216788_344b07 | brand=BlissClub | page=23 | route=https://www.myntra.com/blissclub
2026-09-28 22:35:11 | INFO    | BRAND     | Skipping redundant route https://www.myntra.com/blissclub-gym-wear for BlissClub (100% of first page already captured). | run_id=run_20260928_223049_216788_344b07 | brand=BlissClub | route=https://www.myntra.com/blissclub-gym-wear
2026-09-28 22:35:11 | INFO    | BRAND     | Skipping redundant route https://www.myntra.com/blissclub-women for BlissClub (100% of first page already captured). | run_id=run_20260928_223049_216788_344b07 | brand=BlissClub | route=https://www.myntra.com/blissclub-women
2026-09-28 22:35:11 | INFO    | BRAND     | Skipping redundant route https://www.myntra.com/blissclub-sportswear for BlissClub (97% of first page already captured). | run_id=run_20260928_223049_216788_344b07 | brand=BlissClub | route=https://www.myntra.com/blissclub-sportswear
2026-09-28 22:35:11 | INFO    | BRAND     | Skipping redundant route https://www.myntra.com/blissclub-activewear for BlissClub (100% of first page already captured). | run_id=run_20260928_223049_216788_344b07 | brand=BlissClub | route=https://www.myntra.com/blissclub-activewear
2026-09-28 22:35:11 | WARNING | BRAND     | Brand BlissClub finished below expected count: saw 1009 unique activewear products vs expected 1135. | run_id=run_20260928_223049_216788_344b07 | brand=BlissClub | seen=1009 | expected=1135
2026-09-28 22:35:11 | INFO    | BRAND     | Brand scrape completed in 1m 52s (540.21 products/min). | run_id=run_20260928_223049_216788_344b07 | brand=BlissClub | status=COMPLETED | saved=1009 | seen=1009 | expected=1135 | elapsed_label=1m 52s | products_per_minute=540.21
2026-09-28 22:35:11 | INFO    | BRAND     | Resolving brand routes. | run_id=run_20260928_223049_216788_344b07 | brand=Cava
2026-09-28 22:35:15 | INFO    | BRAND     | Resolved Cava -> 6 routes (best brand total=411): https://www.myntra.com/cava, https://www.myntra.com/cava-athleisure, https://www.myntra.com/cava-women, https://www.myntra.com/cava-gym-wear, https://www.myntra.com/cava-activewear, https://www.myntra.com/cava-sportswear | run_id=run_20260928_223049_216788_344b07 | brand=Cava | expected=411
2026-09-28 22:35:15 | INFO    | BRAND     | Starting brand scrape. | run_id=run_20260928_223049_216788_344b07 | brand=Cava | expected=928
2026-09-28 22:35:15 | INFO    | LISTING   | Listing Cava route https://www.myntra.com/cava page 1 -> https://www.myntra.com/gateway/v4/search/cava?rows=50&o=0&plaEnabled=false&xdEnabled=false&isFacet=true&p=1 | run_id=run_20260928_223049_216788_344b07 | brand=Cava | page=1 | route=https://www.myntra.com/cava | seen=0 | expected=411
2026-09-28 22:35:21 | INFO    | PDP       | Processed 50 target products for Cava in 4s (755.66 products/min). | run_id=run_20260928_223049_216788_344b07 | brand=Cava | saved=50 | elapsed_label=4s | products_per_minute=755.66
2026-09-28 22:35:21 | INFO    | LISTING   | Listing Cava route https://www.myntra.com/cava page 2 -> https://www.myntra.com/gateway/v4/search/cava?rows=50&o=50&plaEnabled=false&xdEnabled=false&isFacet=true&p=2 | run_id=run_20260928_223049_216788_344b07 | brand=Cava | page=2 | route=https://www.myntra.com/cava | seen=50 | expected=411
2026-09-28 22:35:25 | INFO    | PDP       | Processed 50 target products for Cava in 4s (843.87 products/min). | run_id=run_20260928_223049_216788_344b07 | brand=Cava | saved=50 | elapsed_label=4s | products_per_minute=843.87
2026-09-28 22:35:25 | INFO    | LISTING   | Listing Cava route https://www.myntra.com/cava page 3 -> https://www.myntra.com/gateway/v4/search/cava?rows=50&o=100&plaEnabled=false&xdEnabled=false&isFacet=true&p=3 | run_id=run_20260928_223049_216788_344b07 | brand=Cava | page=3 | route=https://www.myntra.com/cava | seen=100 | expected=411
2026-09-28 22:35:31 | INFO    | PDP       | Processed 50 target products for Cava in 3s (898.96 products/min). | run_id=run_20260928_223049_216788_344b07 | brand=Cava | saved=50 | elapsed_label=3s | products_per_minute=898.96
2026-09-28 22:35:31 | INFO    | LISTING   | Listing Cava route https://www.myntra.com/cava page 4 -> https://www.myntra.com/gateway/v4/search/cava?rows=50&o=150&plaEnabled=false&xdEnabled=false&isFacet=true&p=4 | run_id=run_20260928_223049_216788_344b07 | brand=Cava | page=4 | route=https://www.myntra.com/cava | seen=150 | expected=411
2026-09-28 22:35:35 | INFO    | PDP       | Processed 50 target products for Cava in 3s (1011.5 products/min). | run_id=run_20260928_223049_216788_344b07 | brand=Cava | saved=50 | elapsed_label=3s | products_per_minute=1011.5
2026-09-28 22:35:35 | INFO    | LISTING   | Listing Cava route https://www.myntra.com/cava page 5 -> https://www.myntra.com/gateway/v4/search/cava?rows=50&o=200&plaEnabled=false&xdEnabled=false&isFacet=true&p=5 | run_id=run_20260928_223049_216788_344b07 | brand=Cava | page=5 | route=https://www.myntra.com/cava | seen=200 | expected=411
2026-09-28 22:35:40 | INFO    | PDP       | Processed 50 target products for Cava in 3s (889.09 products/min). | run_id=run_20260928_223049_216788_344b07 | brand=Cava | saved=50 | elapsed_label=3s | products_per_minute=889.09
2026-09-28 22:35:40 | INFO    | LISTING   | Listing Cava route https://www.myntra.com/cava page 6 -> https://www.myntra.com/gateway/v4/search/cava?rows=50&o=250&plaEnabled=false&xdEnabled=false&isFacet=true&p=6 | run_id=run_20260928_223049_216788_344b07 | brand=Cava | page=6 | route=https://www.myntra.com/cava | seen=250 | expected=411
2026-09-28 22:35:44 | INFO    | PDP       | Processed 50 target products for Cava in 3s (890.82 products/min). | run_id=run_20260928_223049_216788_344b07 | brand=Cava | saved=50 | elapsed_label=3s | products_per_minute=890.82
2026-09-28 22:35:44 | INFO    | LISTING   | Listing Cava route https://www.myntra.com/cava page 7 -> https://www.myntra.com/gateway/v4/search/cava?rows=50&o=300&plaEnabled=false&xdEnabled=false&isFacet=true&p=7 | run_id=run_20260928_223049_216788_344b07 | brand=Cava | page=7 | route=https://www.myntra.com/cava | seen=300 | expected=411
2026-09-28 22:35:49 | INFO    | PDP       | Processed 50 target products for Cava in 4s (836.8 products/min). | run_id=run_20260928_223049_216788_344b07 | brand=Cava | saved=50 | elapsed_label=4s | products_per_minute=836.8
2026-09-28 22:35:49 | INFO    | LISTING   | Listing Cava route https://www.myntra.com/cava page 8 -> https://www.myntra.com/gateway/v4/search/cava?rows=50&o=350&plaEnabled=false&xdEnabled=false&isFacet=true&p=8 | run_id=run_20260928_223049_216788_344b07 | brand=Cava | page=8 | route=https://www.myntra.com/cava | seen=350 | expected=411
2026-09-28 22:35:54 | INFO    | PDP       | Processed 50 target products for Cava in 4s (752.81 products/min). | run_id=run_20260928_223049_216788_344b07 | brand=Cava | saved=50 | elapsed_label=4s | products_per_minute=752.81
2026-09-28 22:35:54 | INFO    | LISTING   | Listing Cava route https://www.myntra.com/cava page 9 -> https://www.myntra.com/gateway/v4/search/cava?rows=50&o=400&plaEnabled=false&xdEnabled=false&isFacet=true&p=9 | run_id=run_20260928_223049_216788_344b07 | brand=Cava | page=9 | route=https://www.myntra.com/cava | seen=400 | expected=411
2026-09-28 22:35:56 | INFO    | PDP       | Processed 11 target products for Cava in 1s (575.33 products/min). | run_id=run_20260928_223049_216788_344b07 | brand=Cava | saved=11 | elapsed_label=1s | products_per_minute=575.33
2026-09-28 22:35:56 | INFO    | LISTING   | Listing Cava route https://www.myntra.com/cava page 10 -> https://www.myntra.com/gateway/v4/search/cava?rows=50&o=450&plaEnabled=false&xdEnabled=false&isFacet=true&p=10 | run_id=run_20260928_223049_216788_344b07 | brand=Cava | page=10 | route=https://www.myntra.com/cava | seen=411 | expected=411
2026-09-28 22:35:57 | WARNING | LISTING   | Empty listing page for Cava on page 10 before expected end; continuing. | run_id=run_20260928_223049_216788_344b07 | brand=Cava | page=10 | route=https://www.myntra.com/cava
2026-09-28 22:35:57 | INFO    | LISTING   | Listing Cava route https://www.myntra.com/cava page 11 -> https://www.myntra.com/gateway/v4/search/cava?rows=50&o=500&plaEnabled=false&xdEnabled=false&isFacet=true&p=11 | run_id=run_20260928_223049_216788_344b07 | brand=Cava | page=11 | route=https://www.myntra.com/cava | seen=411 | expected=411
2026-09-28 22:35:58 | WARNING | NETWORK   | JSON request failed for https://www.myntra.com/gateway/v4/search/cava?rows=50&o=500&plaEnabled=false&xdEnabled=false&isFacet=true&p=11 on attempt 1/3: HTTP Error 400:  | run_id=run_20260928_223049_216788_344b07 | route=https://www.myntra.com/gateway/v4/search/cava?rows=50&o=500&plaEnabled=false&xdEnabled=false&isFacet=true&p=11 | attempt=1/3
2026-09-28 22:36:00 | WARNING | NETWORK   | JSON request failed for https://www.myntra.com/gateway/v4/search/cava?rows=50&o=500&plaEnabled=false&xdEnabled=false&isFacet=true&p=11 on attempt 2/3: HTTP Error 400:  | run_id=run_20260928_223049_216788_344b07 | route=https://www.myntra.com/gateway/v4/search/cava?rows=50&o=500&plaEnabled=false&xdEnabled=false&isFacet=true&p=11 | attempt=2/3
2026-09-28 22:36:03 | WARNING | NETWORK   | JSON request failed for https://www.myntra.com/gateway/v4/search/cava?rows=50&o=500&plaEnabled=false&xdEnabled=false&isFacet=true&p=11 on attempt 3/3: HTTP Error 400:  | run_id=run_20260928_223049_216788_344b07 | route=https://www.myntra.com/gateway/v4/search/cava?rows=50&o=500&plaEnabled=false&xdEnabled=false&isFacet=true&p=11 | attempt=3/3
2026-09-28 22:36:03 | WARNING | LISTING   | Empty listing page for Cava on page 11 before expected end; continuing. | run_id=run_20260928_223049_216788_344b07 | brand=Cava | page=11 | route=https://www.myntra.com/cava
2026-09-28 22:36:03 | INFO    | LISTING   | Listing Cava route https://www.myntra.com/cava page 12 -> https://www.myntra.com/gateway/v4/search/cava?rows=50&o=550&plaEnabled=false&xdEnabled=false&isFacet=true&p=12 | run_id=run_20260928_223049_216788_344b07 | brand=Cava | page=12 | route=https://www.myntra.com/cava | seen=411 | expected=411
2026-09-28 22:36:04 | WARNING | NETWORK   | JSON request failed for https://www.myntra.com/gateway/v4/search/cava?rows=50&o=550&plaEnabled=false&xdEnabled=false&isFacet=true&p=12 on attempt 1/3: HTTP Error 400:  | run_id=run_20260928_223049_216788_344b07 | route=https://www.myntra.com/gateway/v4/search/cava?rows=50&o=550&plaEnabled=false&xdEnabled=false&isFacet=true&p=12 | attempt=1/3
2026-09-28 22:36:05 | WARNING | NETWORK   | JSON request failed for https://www.myntra.com/gateway/v4/search/cava?rows=50&o=550&plaEnabled=false&xdEnabled=false&isFacet=true&p=12 on attempt 2/3: HTTP Error 400:  | run_id=run_20260928_223049_216788_344b07 | route=https://www.myntra.com/gateway/v4/search/cava?rows=50&o=550&plaEnabled=false&xdEnabled=false&isFacet=true&p=12 | attempt=2/3
2026-09-28 22:36:08 | WARNING | NETWORK   | JSON request failed for https://www.myntra.com/gateway/v4/search/cava?rows=50&o=550&plaEnabled=false&xdEnabled=false&isFacet=true&p=12 on attempt 3/3: HTTP Error 400:  | run_id=run_20260928_223049_216788_344b07 | route=https://www.myntra.com/gateway/v4/search/cava?rows=50&o=550&plaEnabled=false&xdEnabled=false&isFacet=true&p=12 | attempt=3/3
2026-09-28 22:36:09 | WARNING | NETWORK   | JSON request failed for https://www.myntra.com/gateway/v4/search/cava?rows=50&o=549&plaEnabled=false&xdEnabled=false&isFacet=true&p=12 on attempt 1/3: HTTP Error 400:  | run_id=run_20260928_223049_216788_344b07 | route=https://www.myntra.com/gateway/v4/search/cava?rows=50&o=549&plaEnabled=false&xdEnabled=false&isFacet=true&p=12 | attempt=1/3
2026-09-28 22:36:11 | WARNING | NETWORK   | JSON request failed for https://www.myntra.com/gateway/v4/search/cava?rows=50&o=549&plaEnabled=false&xdEnabled=false&isFacet=true&p=12 on attempt 2/3: HTTP Error 400:  | run_id=run_20260928_223049_216788_344b07 | route=https://www.myntra.com/gateway/v4/search/cava?rows=50&o=549&plaEnabled=false&xdEnabled=false&isFacet=true&p=12 | attempt=2/3
2026-09-28 22:36:13 | WARNING | NETWORK   | JSON request failed for https://www.myntra.com/gateway/v4/search/cava?rows=50&o=549&plaEnabled=false&xdEnabled=false&isFacet=true&p=12 on attempt 3/3: HTTP Error 400:  | run_id=run_20260928_223049_216788_344b07 | route=https://www.myntra.com/gateway/v4/search/cava?rows=50&o=549&plaEnabled=false&xdEnabled=false&isFacet=true&p=12 | attempt=3/3
2026-09-28 22:36:14 | WARNING | LISTING   | Route fetch failed for https://www.myntra.com/cava page 12 (Failed to fetch JSON payload from https://www.myntra.com/gateway/v4/search/cava?rows=50&o=549&plaEnabled=false&xdEnabled=false&isFacet=true&p=12: HTTP Error 400: ). Will retry with another pass or fallback route. | run_id=run_20260928_223049_216788_344b07 | brand=Cava | page=12 | route=https://www.myntra.com/cava
2026-09-28 22:36:14 | INFO    | BRAND     | Skipping redundant route https://www.myntra.com/cava-athleisure for Cava (100% of first page already captured). | run_id=run_20260928_223049_216788_344b07 | brand=Cava | route=https://www.myntra.com/cava-athleisure
2026-09-28 22:36:14 | INFO    | BRAND     | Skipping redundant route https://www.myntra.com/cava-women for Cava (100% of first page already captured). | run_id=run_20260928_223049_216788_344b07 | brand=Cava | route=https://www.myntra.com/cava-women
2026-09-28 22:36:14 | INFO    | BRAND     | Skipping redundant route https://www.myntra.com/cava-gym-wear for Cava (100% of first page already captured). | run_id=run_20260928_223049_216788_344b07 | brand=Cava | route=https://www.myntra.com/cava-gym-wear
2026-09-28 22:36:14 | INFO    | BRAND     | Skipping redundant route https://www.myntra.com/cava-activewear for Cava (100% of first page already captured). | run_id=run_20260928_223049_216788_344b07 | brand=Cava | route=https://www.myntra.com/cava-activewear
2026-09-28 22:36:14 | INFO    | BRAND     | Skipping redundant route https://www.myntra.com/cava-sportswear for Cava (100% of first page already captured). | run_id=run_20260928_223049_216788_344b07 | brand=Cava | route=https://www.myntra.com/cava-sportswear
2026-09-28 22:36:14 | WARNING | BRAND     | Brand Cava finished below expected count: saw 411 unique activewear products vs expected 928. | run_id=run_20260928_223049_216788_344b07 | brand=Cava | seen=411 | expected=928
2026-09-28 22:36:14 | INFO    | BRAND     | Brand scrape completed in 1m 3s (391.81 products/min). | run_id=run_20260928_223049_216788_344b07 | brand=Cava | status=COMPLETED | saved=411 | seen=411 | expected=928 | elapsed_label=1m 3s | products_per_minute=391.81
2026-09-28 22:36:14 | INFO    | BRAND     | Resolving brand routes. | run_id=run_20260928_223049_216788_344b07 | brand=Dollar (Forcenxt)
2026-09-28 22:36:27 | INFO    | BRAND     | Resolved Dollar (Forcenxt) -> 17 routes (best brand total=2923): https://www.myntra.com/force-nxt, https://www.myntra.com/dollar-missy, https://www.myntra.com/dollar-bigboss, https://www.myntra.com/tshirts?f=Brand%3ADollar, https://www.myntra.com/leggings?f=Brand%3ADollar%20Missy, https://www.myntra.com/dollar?f=Brand%3ADollar%3A%3AGender%3Aboys, https://www.myntra.com/dollar?f=Brand%3ADollar%3A%3AGender%3Awomen, https://www.myntra.com/dollar-socks, https://www.myntra.com/bra?f=Brand%3ADollar%20Missy, https://www.myntra.com/camisoles?f=Brand%3ADollar%20Missy, https://www.myntra.com/trousers?f=Brand%3ADollar%20Missy, https://www.myntra.com/trunk?f=Brand%3ADollar, https://www.myntra.com/shorts?f=Brand%3ADollar, https://www.myntra.com/track-pants?f=Brand%3ADollar, https://www.myntra.com/briefs?f=Brand%3ADollar, https://www.myntra.com/thermal?f=Brand%3ADollar, https://www.myntra.com/dollar-ultra | run_id=run_20260928_223049_216788_344b07 | brand=Dollar (Forcenxt) | expected=2923
2026-09-28 22:36:27 | INFO    | BRAND     | Starting brand scrape. | run_id=run_20260928_223049_216788_344b07 | brand=Dollar (Forcenxt) | expected=11617
2026-09-28 22:36:27 | INFO    | LISTING   | Listing Dollar (Forcenxt) route https://www.myntra.com/force-nxt page 1 -> https://www.myntra.com/gateway/v4/search/force-nxt?rows=50&o=0&plaEnabled=false&xdEnabled=false&isFacet=true&p=1 | run_id=run_20260928_223049_216788_344b07 | brand=Dollar (Forcenxt) | page=1 | route=https://www.myntra.com/force-nxt | seen=0 | expected=2923
2026-09-28 22:36:31 | INFO    | PDP       | Processed 50 target products for Dollar (Forcenxt) in 3s (978.78 products/min). | run_id=run_20260928_223049_216788_344b07 | brand=Dollar (Forcenxt) | saved=50 | elapsed_label=3s | products_per_minute=978.78
2026-09-28 22:36:32 | INFO    | LISTING   | Listing Dollar (Forcenxt) route https://www.myntra.com/force-nxt page 2 -> https://www.myntra.com/gateway/v4/search/force-nxt?rows=50&o=50&plaEnabled=false&xdEnabled=false&isFacet=true&p=2 | run_id=run_20260928_223049_216788_344b07 | brand=Dollar (Forcenxt) | page=2 | route=https://www.myntra.com/force-nxt | seen=50 | expected=2923
2026-09-28 22:36:35 | INFO    | PDP       | Processed 40 target products for Dollar (Forcenxt) in 3s (906.5 products/min). | run_id=run_20260928_223049_216788_344b07 | brand=Dollar (Forcenxt) | saved=40 | elapsed_label=3s | products_per_minute=906.5
2026-09-28 22:36:35 | INFO    | LISTING   | Listing Dollar (Forcenxt) route https://www.myntra.com/force-nxt page 3 -> https://www.myntra.com/gateway/v4/search/force-nxt?rows=50&o=100&plaEnabled=false&xdEnabled=false&isFacet=true&p=3 | run_id=run_20260928_223049_216788_344b07 | brand=Dollar (Forcenxt) | page=3 | route=https://www.myntra.com/force-nxt | seen=90 | expected=2923
2026-09-28 22:36:39 | INFO    | PDP       | Processed 46 target products for Dollar (Forcenxt) in 4s (756.27 products/min). | run_id=run_20260928_223049_216788_344b07 | brand=Dollar (Forcenxt) | saved=46 | elapsed_label=4s | products_per_minute=756.27
2026-09-28 22:36:40 | INFO    | LISTING   | Listing Dollar (Forcenxt) route https://www.myntra.com/force-nxt page 4 -> https://www.myntra.com/gateway/v4/search/force-nxt?rows=50&o=150&plaEnabled=false&xdEnabled=false&isFacet=true&p=4 | run_id=run_20260928_223049_216788_344b07 | brand=Dollar (Forcenxt) | page=4 | route=https://www.myntra.com/force-nxt | seen=136 | expected=2923
2026-09-28 22:36:43 | INFO    | PDP       | Processed 39 target products for Dollar (Forcenxt) in 3s (764.32 products/min). | run_id=run_20260928_223049_216788_344b07 | brand=Dollar (Forcenxt) | saved=39 | elapsed_label=3s | products_per_minute=764.32
2026-09-28 22:36:44 | INFO    | LISTING   | Listing Dollar (Forcenxt) route https://www.myntra.com/force-nxt page 5 -> https://www.myntra.com/gateway/v4/search/force-nxt?rows=50&o=200&plaEnabled=false&xdEnabled=false&isFacet=true&p=5 | run_id=run_20260928_223049_216788_344b07 | brand=Dollar (Forcenxt) | page=5 | route=https://www.myntra.com/force-nxt | seen=175 | expected=2923
2026-09-28 22:36:47 | INFO    | PDP       | Processed 43 target products for Dollar (Forcenxt) in 3s (872.35 products/min). | run_id=run_20260928_223049_216788_344b07 | brand=Dollar (Forcenxt) | saved=43 | elapsed_label=3s | products_per_minute=872.35
2026-09-28 22:36:47 | INFO    | LISTING   | Listing Dollar (Forcenxt) route https://www.myntra.com/force-nxt page 6 -> https://www.myntra.com/gateway/v4/search/force-nxt?rows=50&o=250&plaEnabled=false&xdEnabled=false&isFacet=true&p=6 | run_id=run_20260928_223049_216788_344b07 | brand=Dollar (Forcenxt) | page=6 | route=https://www.myntra.com/force-nxt | seen=218 | expected=2923
2026-09-28 22:36:51 | INFO    | PDP       | Processed 45 target products for Dollar (Forcenxt) in 3s (914.16 products/min). | run_id=run_20260928_223049_216788_344b07 | brand=Dollar (Forcenxt) | saved=45 | elapsed_label=3s | products_per_minute=914.16
2026-09-28 22:36:51 | INFO    | LISTING   | Listing Dollar (Forcenxt) route https://www.myntra.com/force-nxt page 7 -> https://www.myntra.com/gateway/v4/search/force-nxt?rows=50&o=300&plaEnabled=false&xdEnabled=false&isFacet=true&p=7 | run_id=run_20260928_223049_216788_344b07 | brand=Dollar (Forcenxt) | page=7 | route=https://www.myntra.com/force-nxt | seen=263 | expected=2923
2026-09-28 22:36:55 | INFO    | PDP       | Processed 44 target products for Dollar (Forcenxt) in 3s (874.44 products/min). | run_id=run_20260928_223049_216788_344b07 | brand=Dollar (Forcenxt) | saved=44 | elapsed_label=3s | products_per_minute=874.44
2026-09-28 22:36:55 | INFO    | LISTING   | Listing Dollar (Forcenxt) route https://www.myntra.com/force-nxt page 8 -> https://www.myntra.com/gateway/v4/search/force-nxt?rows=50&o=350&plaEnabled=false&xdEnabled=false&isFacet=true&p=8 | run_id=run_20260928_223049_216788_344b07 | brand=Dollar (Forcenxt) | page=8 | route=https://www.myntra.com/force-nxt | seen=307 | expected=2923
2026-09-28 22:36:59 | INFO    | PDP       | Processed 42 target products for Dollar (Forcenxt) in 3s (796.37 products/min). | run_id=run_20260928_223049_216788_344b07 | brand=Dollar (Forcenxt) | saved=42 | elapsed_label=3s | products_per_minute=796.37
2026-09-28 22:36:59 | INFO    | LISTING   | Listing Dollar (Forcenxt) route https://www.myntra.com/force-nxt page 9 -> https://www.myntra.com/gateway/v4/search/force-nxt?rows=50&o=400&plaEnabled=false&xdEnabled=false&isFacet=true&p=9 | run_id=run_20260928_223049_216788_344b07 | brand=Dollar (Forcenxt) | page=9 | route=https://www.myntra.com/force-nxt | seen=349 | expected=2923
2026-09-28 22:37:03 | INFO    | PDP       | Processed 49 target products for Dollar (Forcenxt) in 3s (842.45 products/min). | run_id=run_20260928_223049_216788_344b07 | brand=Dollar (Forcenxt) | saved=49 | elapsed_label=3s | products_per_minute=842.45
2026-09-28 22:37:04 | INFO    | LISTING   | Listing Dollar (Forcenxt) route https://www.myntra.com/force-nxt page 10 -> https://www.myntra.com/gateway/v4/search/force-nxt?rows=50&o=450&plaEnabled=false&xdEnabled=false&isFacet=true&p=10 | run_id=run_20260928_223049_216788_344b07 | brand=Dollar (Forcenxt) | page=10 | route=https://www.myntra.com/force-nxt | seen=398 | expected=2923
2026-09-28 22:37:08 | INFO    | PDP       | Processed 48 target products for Dollar (Forcenxt) in 4s (706.67 products/min). | run_id=run_20260928_223049_216788_344b07 | brand=Dollar (Forcenxt) | saved=48 | elapsed_label=4s | products_per_minute=706.67
2026-09-28 22:37:09 | INFO    | LISTING   | Listing Dollar (Forcenxt) route https://www.myntra.com/force-nxt page 11 -> https://www.myntra.com/gateway/v4/search/force-nxt?rows=50&o=500&plaEnabled=false&xdEnabled=false&isFacet=true&p=11 | run_id=run_20260928_223049_216788_344b07 | brand=Dollar (Forcenxt) | page=11 | route=https://www.myntra.com/force-nxt | seen=446 | expected=2923
2026-09-28 22:37:13 | INFO    | PDP       | Processed 49 target products for Dollar (Forcenxt) in 3s (846.82 products/min). | run_id=run_20260928_223049_216788_344b07 | brand=Dollar (Forcenxt) | saved=49 | elapsed_label=3s | products_per_minute=846.82
2026-09-28 22:37:13 | INFO    | LISTING   | Listing Dollar (Forcenxt) route https://www.myntra.com/force-nxt page 12 -> https://www.myntra.com/gateway/v4/search/force-nxt?rows=50&o=550&plaEnabled=false&xdEnabled=false&isFacet=true&p=12 | run_id=run_20260928_223049_216788_344b07 | brand=Dollar (Forcenxt) | page=12 | route=https://www.myntra.com/force-nxt | seen=495 | expected=2923
2026-09-28 22:37:17 | INFO    | PDP       | Processed 50 target products for Dollar (Forcenxt) in 3s (1041.13 products/min). | run_id=run_20260928_223049_216788_344b07 | brand=Dollar (Forcenxt) | saved=50 | elapsed_label=3s | products_per_minute=1041.13
2026-09-28 22:37:17 | INFO    | LISTING   | Listing Dollar (Forcenxt) route https://www.myntra.com/force-nxt page 13 -> https://www.myntra.com/gateway/v4/search/force-nxt?rows=50&o=600&plaEnabled=false&xdEnabled=false&isFacet=true&p=13 | run_id=run_20260928_223049_216788_344b07 | brand=Dollar (Forcenxt) | page=13 | route=https://www.myntra.com/force-nxt | seen=545 | expected=2923
2026-09-28 22:37:21 | INFO    | PDP       | Processed 50 target products for Dollar (Forcenxt) in 3s (868.56 products/min). | run_id=run_20260928_223049_216788_344b07 | brand=Dollar (Forcenxt) | saved=50 | elapsed_label=3s | products_per_minute=868.56
2026-09-28 22:37:21 | INFO    | LISTING   | Listing Dollar (Forcenxt) route https://www.myntra.com/force-nxt page 14 -> https://www.myntra.com/gateway/v4/search/force-nxt?rows=50&o=650&plaEnabled=false&xdEnabled=false&isFacet=true&p=14 | run_id=run_20260928_223049_216788_344b07 | brand=Dollar (Forcenxt) | page=14 | route=https://www.myntra.com/force-nxt | seen=595 | expected=2923
2026-09-28 22:37:25 | INFO    | PDP       | Processed 49 target products for Dollar (Forcenxt) in 3s (904.32 products/min). | run_id=run_20260928_223049_216788_344b07 | brand=Dollar (Forcenxt) | saved=49 | elapsed_label=3s | products_per_minute=904.32
2026-09-28 22:37:25 | INFO    | LISTING   | Listing Dollar (Forcenxt) route https://www.myntra.com/force-nxt page 15 -> https://www.myntra.com/gateway/v4/search/force-nxt?rows=50&o=700&plaEnabled=false&xdEnabled=false&isFacet=true&p=15 | run_id=run_20260928_223049_216788_344b07 | brand=Dollar (Forcenxt) | page=15 | route=https://www.myntra.com/force-nxt | seen=644 | expected=2923
2026-09-28 22:37:29 | INFO    | PDP       | Processed 50 target products for Dollar (Forcenxt) in 3s (977.83 products/min). | run_id=run_20260928_223049_216788_344b07 | brand=Dollar (Forcenxt) | saved=50 | elapsed_label=3s | products_per_minute=977.83
2026-09-28 22:37:29 | INFO    | LISTING   | Listing Dollar (Forcenxt) route https://www.myntra.com/force-nxt page 16 -> https://www.myntra.com/gateway/v4/search/force-nxt?rows=50&o=750&plaEnabled=false&xdEnabled=false&isFacet=true&p=16 | run_id=run_20260928_223049_216788_344b07 | brand=Dollar (Forcenxt) | page=16 | route=https://www.myntra.com/force-nxt | seen=694 | expected=2923
2026-09-28 22:37:33 | INFO    | PDP       | Processed 50 target products for Dollar (Forcenxt) in 3s (940.04 products/min). | run_id=run_20260928_223049_216788_344b07 | brand=Dollar (Forcenxt) | saved=50 | elapsed_label=3s | products_per_minute=940.04
2026-09-28 22:37:33 | INFO    | LISTING   | Listing Dollar (Forcenxt) route https://www.myntra.com/force-nxt page 17 -> https://www.myntra.com/gateway/v4/search/force-nxt?rows=50&o=800&plaEnabled=false&xdEnabled=false&isFacet=true&p=17 | run_id=run_20260928_223049_216788_344b07 | brand=Dollar (Forcenxt) | page=17 | route=https://www.myntra.com/force-nxt | seen=744 | expected=2923
2026-09-28 22:37:38 | WARNING | PDP       | PDP fetch failed for https://www.myntra.com/Trunk/Force+NXT/Force-NXT-Men-Pack-Of-3-Long-Trunks-MNFG-92-COL-345-PO3/33539082/buy: PDP payload did not contain pdpData. | run_id=run_20260928_223049_216788_344b07 | brand=Dollar (Forcenxt) | route=https://www.myntra.com/Trunk/Force+NXT/Force-NXT-Men-Pack-Of-3-Long-Trunks-MNFG-92-COL-345-PO3/33539082/buy
2026-09-28 22:37:38 | INFO    | PDP       | Retrying 1 PDP fetches for Dollar (Forcenxt) (retry round 1/5). | run_id=run_20260928_223049_216788_344b07 | brand=Dollar (Forcenxt) | attempt=1/5
2026-09-28 22:37:39 | INFO    | PDP       | Processed 50 target products for Dollar (Forcenxt) in 5s (622.75 products/min). | run_id=run_20260928_223049_216788_344b07 | brand=Dollar (Forcenxt) | saved=50 | elapsed_label=5s | products_per_minute=622.75
2026-09-28 22:37:39 | INFO    | LISTING   | Listing Dollar (Forcenxt) route https://www.myntra.com/force-nxt page 18 -> https://www.myntra.com/gateway/v4/search/force-nxt?rows=50&o=850&plaEnabled=false&xdEnabled=false&isFacet=true&p=18 | run_id=run_20260928_223049_216788_344b07 | brand=Dollar (Forcenxt) | page=18 | route=https://www.myntra.com/force-nxt | seen=794 | expected=2923
2026-09-28 22:37:43 | INFO    | PDP       | Processed 47 target products for Dollar (Forcenxt) in 3s (805.95 products/min). | run_id=run_20260928_223049_216788_344b07 | brand=Dollar (Forcenxt) | saved=47 | elapsed_label=3s | products_per_minute=805.95
2026-09-28 22:37:43 | INFO    | LISTING   | Listing Dollar (Forcenxt) route https://www.myntra.com/force-nxt page 19 -> https://www.myntra.com/gateway/v4/search/force-nxt?rows=50&o=900&plaEnabled=false&xdEnabled=false&isFacet=true&p=19 | run_id=run_20260928_223049_216788_344b07 | brand=Dollar (Forcenxt) | page=19 | route=https://www.myntra.com/force-nxt | seen=841 | expected=2923
2026-09-28 22:37:47 | INFO    | PDP       | Processed 50 target products for Dollar (Forcenxt) in 3s (898.87 products/min). | run_id=run_20260928_223049_216788_344b07 | brand=Dollar (Forcenxt) | saved=50 | elapsed_label=3s | products_per_minute=898.87
2026-09-28 22:37:48 | INFO    | LISTING   | Listing Dollar (Forcenxt) route https://www.myntra.com/force-nxt page 20 -> https://www.myntra.com/gateway/v4/search/force-nxt?rows=50&o=950&plaEnabled=false&xdEnabled=false&isFacet=true&p=20 | run_id=run_20260928_223049_216788_344b07 | brand=Dollar (Forcenxt) | page=20 | route=https://www.myntra.com/force-nxt | seen=891 | expected=2923
2026-09-28 22:37:53 | INFO    | PDP       | Processed 50 target products for Dollar (Forcenxt) in 5s (621.17 products/min). | run_id=run_20260928_223049_216788_344b07 | brand=Dollar (Forcenxt) | saved=50 | elapsed_label=5s | products_per_minute=621.17
2026-09-28 22:37:53 | INFO    | LISTING   | Listing Dollar (Forcenxt) route https://www.myntra.com/force-nxt page 21 -> https://www.myntra.com/gateway/v4/search/force-nxt?rows=50&o=1000&plaEnabled=false&xdEnabled=false&isFacet=true&p=21 | run_id=run_20260928_223049_216788_344b07 | brand=Dollar (Forcenxt) | page=21 | route=https://www.myntra.com/force-nxt | seen=941 | expected=2923
2026-09-28 22:37:57 | INFO    | PDP       | Processed 50 target products for Dollar (Forcenxt) in 3s (874.07 products/min). | run_id=run_20260928_223049_216788_344b07 | brand=Dollar (Forcenxt) | saved=50 | elapsed_label=3s | products_per_minute=874.07
2026-09-28 22:37:57 | INFO    | LISTING   | Listing Dollar (Forcenxt) route https://www.myntra.com/force-nxt page 22 -> https://www.myntra.com/gateway/v4/search/force-nxt?rows=50&o=1050&plaEnabled=false&xdEnabled=false&isFacet=true&p=22 | run_id=run_20260928_223049_216788_344b07 | brand=Dollar (Forcenxt) | page=22 | route=https://www.myntra.com/force-nxt | seen=991 | expected=2923
2026-09-28 22:38:01 | INFO    | PDP       | Processed 50 target products for Dollar (Forcenxt) in 3s (880.61 products/min). | run_id=run_20260928_223049_216788_344b07 | brand=Dollar (Forcenxt) | saved=50 | elapsed_label=3s | products_per_minute=880.61
2026-09-28 22:38:02 | INFO    | LISTING   | Listing Dollar (Forcenxt) route https://www.myntra.com/force-nxt page 23 -> https://www.myntra.com/gateway/v4/search/force-nxt?rows=50&o=1100&plaEnabled=false&xdEnabled=false&isFacet=true&p=23 | run_id=run_20260928_223049_216788_344b07 | brand=Dollar (Forcenxt) | page=23 | route=https://www.myntra.com/force-nxt | seen=1041 | expected=2923
2026-09-28 22:38:04 | WARNING | PDP       | PDP fetch failed for https://www.myntra.com/Shorts/Force+NXT/Force-NXT-Men-Microfiber-Anti-Viral-Anti-Odour-Cool-Pack-Of-2-Sports-Shorts/30026631/buy: PDP payload did not contain pdpData. | run_id=run_20260928_223049_216788_344b07 | brand=Dollar (Forcenxt) | route=https://www.myntra.com/Shorts/Force+NXT/Force-NXT-Men-Microfiber-Anti-Viral-Anti-Odour-Cool-Pack-Of-2-Sports-Shorts/30026631/buy
2026-09-28 22:38:06 | INFO    | PDP       | Retrying 1 PDP fetches for Dollar (Forcenxt) (retry round 1/5). | run_id=run_20260928_223049_216788_344b07 | brand=Dollar (Forcenxt) | attempt=1/5
2026-09-28 22:38:07 | INFO    | PDP       | Processed 50 target products for Dollar (Forcenxt) in 5s (587.81 products/min). | run_id=run_20260928_223049_216788_344b07 | brand=Dollar (Forcenxt) | saved=50 | elapsed_label=5s | products_per_minute=587.81
2026-09-28 22:38:08 | INFO    | LISTING   | Listing Dollar (Forcenxt) route https://www.myntra.com/force-nxt page 24 -> https://www.myntra.com/gateway/v4/search/force-nxt?rows=50&o=1150&plaEnabled=false&xdEnabled=false&isFacet=true&p=24 | run_id=run_20260928_223049_216788_344b07 | brand=Dollar (Forcenxt) | page=24 | route=https://www.myntra.com/force-nxt | seen=1091 | expected=2923
2026-09-28 22:38:12 | INFO    | PDP       | Processed 50 target products for Dollar (Forcenxt) in 4s (821.34 products/min). | run_id=run_20260928_223049_216788_344b07 | brand=Dollar (Forcenxt) | saved=50 | elapsed_label=4s | products_per_minute=821.34
2026-09-28 22:38:12 | INFO    | LISTING   | Listing Dollar (Forcenxt) route https://www.myntra.com/force-nxt page 25 -> https://www.myntra.com/gateway/v4/search/force-nxt?rows=50&o=1200&plaEnabled=false&xdEnabled=false&isFacet=true&p=25 | run_id=run_20260928_223049_216788_344b07 | brand=Dollar (Forcenxt) | page=25 | route=https://www.myntra.com/force-nxt | seen=1141 | expected=2923
2026-09-28 22:38:16 | INFO    | PDP       | Processed 46 target products for Dollar (Forcenxt) in 3s (828.16 products/min). | run_id=run_20260928_223049_216788_344b07 | brand=Dollar (Forcenxt) | saved=46 | elapsed_label=3s | products_per_minute=828.16
2026-09-28 22:38:17 | INFO    | LISTING   | Listing Dollar (Forcenxt) route https://www.myntra.com/force-nxt page 26 -> https://www.myntra.com/gateway/v4/search/force-nxt?rows=50&o=1250&plaEnabled=false&xdEnabled=false&isFacet=true&p=26 | run_id=run_20260928_223049_216788_344b07 | brand=Dollar (Forcenxt) | page=26 | route=https://www.myntra.com/force-nxt | seen=1187 | expected=2923
2026-09-28 22:38:21 | INFO    | PDP       | Processed 50 target products for Dollar (Forcenxt) in 3s (865.12 products/min). | run_id=run_20260928_223049_216788_344b07 | brand=Dollar (Forcenxt) | saved=50 | elapsed_label=3s | products_per_minute=865.12
2026-09-28 22:38:21 | INFO    | LISTING   | Listing Dollar (Forcenxt) route https://www.myntra.com/force-nxt page 27 -> https://www.myntra.com/gateway/v4/search/force-nxt?rows=50&o=1300&plaEnabled=false&xdEnabled=false&isFacet=true&p=27 | run_id=run_20260928_223049_216788_344b07 | brand=Dollar (Forcenxt) | page=27 | route=https://www.myntra.com/force-nxt | seen=1237 | expected=2923
2026-09-28 22:38:25 | INFO    | PDP       | Processed 50 target products for Dollar (Forcenxt) in 3s (904.05 products/min). | run_id=run_20260928_223049_216788_344b07 | brand=Dollar (Forcenxt) | saved=50 | elapsed_label=3s | products_per_minute=904.05
2026-09-28 22:38:25 | INFO    | LISTING   | Listing Dollar (Forcenxt) route https://www.myntra.com/force-nxt page 28 -> https://www.myntra.com/gateway/v4/search/force-nxt?rows=50&o=1350&plaEnabled=false&xdEnabled=false&isFacet=true&p=28 | run_id=run_20260928_223049_216788_344b07 | brand=Dollar (Forcenxt) | page=28 | route=https://www.myntra.com/force-nxt | seen=1287 | expected=2923
2026-09-28 22:38:29 | INFO    | PDP       | Processed 50 target products for Dollar (Forcenxt) in 3s (940.34 products/min). | run_id=run_20260928_223049_216788_344b07 | brand=Dollar (Forcenxt) | saved=50 | elapsed_label=3s | products_per_minute=940.34
2026-09-28 22:38:29 | INFO    | LISTING   | Listing Dollar (Forcenxt) route https://www.myntra.com/force-nxt page 29 -> https://www.myntra.com/gateway/v4/search/force-nxt?rows=50&o=1400&plaEnabled=false&xdEnabled=false&isFacet=true&p=29 | run_id=run_20260928_223049_216788_344b07 | brand=Dollar (Forcenxt) | page=29 | route=https://www.myntra.com/force-nxt | seen=1337 | expected=2923
2026-09-28 22:38:32 | WARNING | PDP       | PDP fetch failed for https://www.myntra.com/Shorts/Force+NXT/Force-NXT-Men-Pack-Of-2-Mid-Rise-Cotton-Shorts/25993764/buy: PDP payload did not contain pdpData. | run_id=run_20260928_223049_216788_344b07 | brand=Dollar (Forcenxt) | route=https://www.myntra.com/Shorts/Force+NXT/Force-NXT-Men-Pack-Of-2-Mid-Rise-Cotton-Shorts/25993764/buy
2026-09-28 22:38:34 | INFO    | PDP       | Retrying 1 PDP fetches for Dollar (Forcenxt) (retry round 1/5). | run_id=run_20260928_223049_216788_344b07 | brand=Dollar (Forcenxt) | attempt=1/5
2026-09-28 22:38:35 | INFO    | PDP       | Processed 50 target products for Dollar (Forcenxt) in 5s (551.96 products/min). | run_id=run_20260928_223049_216788_344b07 | brand=Dollar (Forcenxt) | saved=50 | elapsed_label=5s | products_per_minute=551.96
2026-09-28 22:38:35 | INFO    | LISTING   | Listing Dollar (Forcenxt) route https://www.myntra.com/force-nxt page 30 -> https://www.myntra.com/gateway/v4/search/force-nxt?rows=50&o=1450&plaEnabled=false&xdEnabled=false&isFacet=true&p=30 | run_id=run_20260928_223049_216788_344b07 | brand=Dollar (Forcenxt) | page=30 | route=https://www.myntra.com/force-nxt | seen=1387 | expected=2923
2026-09-28 22:38:39 | INFO    | PDP       | Processed 50 target products for Dollar (Forcenxt) in 3s (889.09 products/min). | run_id=run_20260928_223049_216788_344b07 | brand=Dollar (Forcenxt) | saved=50 | elapsed_label=3s | products_per_minute=889.09
2026-09-28 22:38:40 | INFO    | LISTING   | Listing Dollar (Forcenxt) route https://www.myntra.com/force-nxt page 31 -> https://www.myntra.com/gateway/v4/search/force-nxt?rows=50&o=1500&plaEnabled=false&xdEnabled=false&isFacet=true&p=31 | run_id=run_20260928_223049_216788_344b07 | brand=Dollar (Forcenxt) | page=31 | route=https://www.myntra.com/force-nxt | seen=1437 | expected=2923
2026-09-28 22:38:44 | INFO    | PDP       | Processed 50 target products for Dollar (Forcenxt) in 3s (941.3 products/min). | run_id=run_20260928_223049_216788_344b07 | brand=Dollar (Forcenxt) | saved=50 | elapsed_label=3s | products_per_minute=941.3
2026-09-28 22:38:44 | INFO    | LISTING   | Listing Dollar (Forcenxt) route https://www.myntra.com/force-nxt page 32 -> https://www.myntra.com/gateway/v4/search/force-nxt?rows=50&o=1550&plaEnabled=false&xdEnabled=false&isFacet=true&p=32 | run_id=run_20260928_223049_216788_344b07 | brand=Dollar (Forcenxt) | page=32 | route=https://www.myntra.com/force-nxt | seen=1487 | expected=2923
2026-09-28 22:38:48 | INFO    | PDP       | Processed 50 target products for Dollar (Forcenxt) in 4s (775.62 products/min). | run_id=run_20260928_223049_216788_344b07 | brand=Dollar (Forcenxt) | saved=50 | elapsed_label=4s | products_per_minute=775.62
2026-09-28 22:38:49 | INFO    | LISTING   | Listing Dollar (Forcenxt) route https://www.myntra.com/force-nxt page 33 -> https://www.myntra.com/gateway/v4/search/force-nxt?rows=50&o=1600&plaEnabled=false&xdEnabled=false&isFacet=true&p=33 | run_id=run_20260928_223049_216788_344b07 | brand=Dollar (Forcenxt) | page=33 | route=https://www.myntra.com/force-nxt | seen=1537 | expected=2923
2026-09-28 22:38:53 | INFO    | PDP       | Processed 50 target products for Dollar (Forcenxt) in 4s (822.88 products/min). | run_id=run_20260928_223049_216788_344b07 | brand=Dollar (Forcenxt) | saved=50 | elapsed_label=4s | products_per_minute=822.88
2026-09-28 22:38:53 | INFO    | LISTING   | Listing Dollar (Forcenxt) route https://www.myntra.com/force-nxt page 34 -> https://www.myntra.com/gateway/v4/search/force-nxt?rows=50&o=1650&plaEnabled=false&xdEnabled=false&isFacet=true&p=34 | run_id=run_20260928_223049_216788_344b07 | brand=Dollar (Forcenxt) | page=34 | route=https://www.myntra.com/force-nxt | seen=1587 | expected=2923
2026-09-28 22:38:56 | WARNING | PDP       | PDP fetch failed for https://www.myntra.com/Tshirts/Force+NXT/Force-NXT-Men-Microfiber-Anti-Viral-Anti-Odour-Cool-Round-Neck-Pack-Of-2-Sports-Printed-T-Shirt/25666496/buy: PDP payload did not contain pdpData. | run_id=run_20260928_223049_216788_344b07 | brand=Dollar (Forcenxt) | route=https://www.myntra.com/Tshirts/Force+NXT/Force-NXT-Men-Microfiber-Anti-Viral-Anti-Odour-Cool-Round-Neck-Pack-Of-2-Sports-Printed-T-Shirt/25666496/buy
2026-09-28 22:38:57 | WARNING | PDP       | PDP fetch failed for https://www.myntra.com/Track-Pants/Force+NXT/Force-NXT-Men-Microfiber-Anti-Viral-Anti-Odour-Cool-Sports-Track-Pant/24006954/buy: PDP payload did not contain pdpData. | run_id=run_20260928_223049_216788_344b07 | brand=Dollar (Forcenxt) | route=https://www.myntra.com/Track-Pants/Force+NXT/Force-NXT-Men-Microfiber-Anti-Viral-Anti-Odour-Cool-Sports-Track-Pant/24006954/buy
2026-09-28 22:38:58 | INFO    | PDP       | Retrying 2 PDP fetches for Dollar (Forcenxt) (retry round 1/5). | run_id=run_20260928_223049_216788_344b07 | brand=Dollar (Forcenxt) | attempt=1/5
2026-09-28 22:38:59 | INFO    | PDP       | Processed 50 target products for Dollar (Forcenxt) in 5s (620.19 products/min). | run_id=run_20260928_223049_216788_344b07 | brand=Dollar (Forcenxt) | saved=50 | elapsed_label=5s | products_per_minute=620.19
2026-09-28 22:38:59 | INFO    | LISTING   | Listing Dollar (Forcenxt) route https://www.myntra.com/force-nxt page 35 -> https://www.myntra.com/gateway/v4/search/force-nxt?rows=50&o=1700&plaEnabled=false&xdEnabled=false&isFacet=true&p=35 | run_id=run_20260928_223049_216788_344b07 | brand=Dollar (Forcenxt) | page=35 | route=https://www.myntra.com/force-nxt | seen=1637 | expected=2923
2026-09-28 22:39:03 | INFO    | PDP       | Processed 50 target products for Dollar (Forcenxt) in 3s (880.4 products/min). | run_id=run_20260928_223049_216788_344b07 | brand=Dollar (Forcenxt) | saved=50 | elapsed_label=3s | products_per_minute=880.4
2026-09-28 22:39:03 | INFO    | LISTING   | Listing Dollar (Forcenxt) route https://www.myntra.com/force-nxt page 36 -> https://www.myntra.com/gateway/v4/search/force-nxt?rows=50&o=1750&plaEnabled=false&xdEnabled=false&isFacet=true&p=36 | run_id=run_20260928_223049_216788_344b07 | brand=Dollar (Forcenxt) | page=36 | route=https://www.myntra.com/force-nxt | seen=1687 | expected=2923
2026-09-28 22:39:07 | INFO    | PDP       | Processed 50 target products for Dollar (Forcenxt) in 3s (994.55 products/min). | run_id=run_20260928_223049_216788_344b07 | brand=Dollar (Forcenxt) | saved=50 | elapsed_label=3s | products_per_minute=994.55
2026-09-28 22:39:07 | INFO    | LISTING   | Listing Dollar (Forcenxt) route https://www.myntra.com/force-nxt page 37 -> https://www.myntra.com/gateway/v4/search/force-nxt?rows=50&o=1800&plaEnabled=false&xdEnabled=false&isFacet=true&p=37 | run_id=run_20260928_223049_216788_344b07 | brand=Dollar (Forcenxt) | page=37 | route=https://www.myntra.com/force-nxt | seen=1737 | expected=2923
2026-09-28 22:39:11 | INFO    | PDP       | Processed 50 target products for Dollar (Forcenxt) in 3s (950.37 products/min). | run_id=run_20260928_223049_216788_344b07 | brand=Dollar (Forcenxt) | saved=50 | elapsed_label=3s | products_per_minute=950.37
2026-09-28 22:39:11 | INFO    | LISTING   | Listing Dollar (Forcenxt) route https://www.myntra.com/force-nxt page 38 -> https://www.myntra.com/gateway/v4/search/force-nxt?rows=50&o=1850&plaEnabled=false&xdEnabled=false&isFacet=true&p=38 | run_id=run_20260928_223049_216788_344b07 | brand=Dollar (Forcenxt) | page=38 | route=https://www.myntra.com/force-nxt | seen=1787 | expected=2923
2026-09-28 22:39:16 | INFO    | PDP       | Processed 50 target products for Dollar (Forcenxt) in 4s (792.74 products/min). | run_id=run_20260928_223049_216788_344b07 | brand=Dollar (Forcenxt) | saved=50 | elapsed_label=4s | products_per_minute=792.74
2026-09-28 22:39:16 | INFO    | LISTING   | Listing Dollar (Forcenxt) route https://www.myntra.com/force-nxt page 39 -> https://www.myntra.com/gateway/v4/search/force-nxt?rows=50&o=1900&plaEnabled=false&xdEnabled=false&isFacet=true&p=39 | run_id=run_20260928_223049_216788_344b07 | brand=Dollar (Forcenxt) | page=39 | route=https://www.myntra.com/force-nxt | seen=1837 | expected=2923
2026-09-28 22:39:21 | INFO    | PDP       | Processed 50 target products for Dollar (Forcenxt) in 3s (888.49 products/min). | run_id=run_20260928_223049_216788_344b07 | brand=Dollar (Forcenxt) | saved=50 | elapsed_label=3s | products_per_minute=888.49
2026-09-28 22:39:21 | INFO    | LISTING   | Listing Dollar (Forcenxt) route https://www.myntra.com/force-nxt page 40 -> https://www.myntra.com/gateway/v4/search/force-nxt?rows=50&o=1950&plaEnabled=false&xdEnabled=false&isFacet=true&p=40 | run_id=run_20260928_223049_216788_344b07 | brand=Dollar (Forcenxt) | page=40 | route=https://www.myntra.com/force-nxt | seen=1887 | expected=2923
2026-09-28 22:39:25 | INFO    | PDP       | Processed 49 target products for Dollar (Forcenxt) in 3s (944.59 products/min). | run_id=run_20260928_223049_216788_344b07 | brand=Dollar (Forcenxt) | saved=49 | elapsed_label=3s | products_per_minute=944.59
2026-09-28 22:39:25 | INFO    | LISTING   | Listing Dollar (Forcenxt) route https://www.myntra.com/force-nxt page 41 -> https://www.myntra.com/gateway/v4/search/force-nxt?rows=50&o=2000&plaEnabled=false&xdEnabled=false&isFacet=true&p=41 | run_id=run_20260928_223049_216788_344b07 | brand=Dollar (Forcenxt) | page=41 | route=https://www.myntra.com/force-nxt | seen=1936 | expected=2923
2026-09-28 22:39:29 | INFO    | PDP       | Processed 50 target products for Dollar (Forcenxt) in 3s (940.95 products/min). | run_id=run_20260928_223049_216788_344b07 | brand=Dollar (Forcenxt) | saved=50 | elapsed_label=3s | products_per_minute=940.95
2026-09-28 22:39:29 | INFO    | LISTING   | Listing Dollar (Forcenxt) route https://www.myntra.com/force-nxt page 42 -> https://www.myntra.com/gateway/v4/search/force-nxt?rows=50&o=2050&plaEnabled=false&xdEnabled=false&isFacet=true&p=42 | run_id=run_20260928_223049_216788_344b07 | brand=Dollar (Forcenxt) | page=42 | route=https://www.myntra.com/force-nxt | seen=1986 | expected=2923
2026-09-28 22:39:34 | INFO    | PDP       | Processed 50 target products for Dollar (Forcenxt) in 4s (821.25 products/min). | run_id=run_20260928_223049_216788_344b07 | brand=Dollar (Forcenxt) | saved=50 | elapsed_label=4s | products_per_minute=821.25
2026-09-28 22:39:34 | INFO    | LISTING   | Listing Dollar (Forcenxt) route https://www.myntra.com/force-nxt page 43 -> https://www.myntra.com/gateway/v4/search/force-nxt?rows=50&o=2100&plaEnabled=false&xdEnabled=false&isFacet=true&p=43 | run_id=run_20260928_223049_216788_344b07 | brand=Dollar (Forcenxt) | page=43 | route=https://www.myntra.com/force-nxt | seen=2036 | expected=2923
2026-09-28 22:39:38 | INFO    | PDP       | Processed 50 target products for Dollar (Forcenxt) in 3s (905.86 products/min). | run_id=run_20260928_223049_216788_344b07 | brand=Dollar (Forcenxt) | saved=50 | elapsed_label=3s | products_per_minute=905.86
2026-09-28 22:39:38 | INFO    | LISTING   | Listing Dollar (Forcenxt) route https://www.myntra.com/force-nxt page 44 -> https://www.myntra.com/gateway/v4/search/force-nxt?rows=50&o=2150&plaEnabled=false&xdEnabled=false&isFacet=true&p=44 | run_id=run_20260928_223049_216788_344b07 | brand=Dollar (Forcenxt) | page=44 | route=https://www.myntra.com/force-nxt | seen=2086 | expected=2923
2026-09-28 22:39:42 | INFO    | PDP       | Processed 50 target products for Dollar (Forcenxt) in 3s (858.9 products/min). | run_id=run_20260928_223049_216788_344b07 | brand=Dollar (Forcenxt) | saved=50 | elapsed_label=3s | products_per_minute=858.9
2026-09-28 22:39:42 | INFO    | LISTING   | Listing Dollar (Forcenxt) route https://www.myntra.com/force-nxt page 45 -> https://www.myntra.com/gateway/v4/search/force-nxt?rows=50&o=2200&plaEnabled=false&xdEnabled=false&isFacet=true&p=45 | run_id=run_20260928_223049_216788_344b07 | brand=Dollar (Forcenxt) | page=45 | route=https://www.myntra.com/force-nxt | seen=2136 | expected=2923
2026-09-28 22:39:47 | INFO    | PDP       | Processed 50 target products for Dollar (Forcenxt) in 4s (809.19 products/min). | run_id=run_20260928_223049_216788_344b07 | brand=Dollar (Forcenxt) | saved=50 | elapsed_label=4s | products_per_minute=809.19
2026-09-28 22:39:47 | INFO    | LISTING   | Listing Dollar (Forcenxt) route https://www.myntra.com/force-nxt page 46 -> https://www.myntra.com/gateway/v4/search/force-nxt?rows=50&o=2250&plaEnabled=false&xdEnabled=false&isFacet=true&p=46 | run_id=run_20260928_223049_216788_344b07 | brand=Dollar (Forcenxt) | page=46 | route=https://www.myntra.com/force-nxt | seen=2186 | expected=2923
2026-09-28 22:39:51 | INFO    | PDP       | Processed 47 target products for Dollar (Forcenxt) in 3s (852.13 products/min). | run_id=run_20260928_223049_216788_344b07 | brand=Dollar (Forcenxt) | saved=47 | elapsed_label=3s | products_per_minute=852.13
2026-09-28 22:39:51 | INFO    | LISTING   | Listing Dollar (Forcenxt) route https://www.myntra.com/force-nxt page 47 -> https://www.myntra.com/gateway/v4/search/force-nxt?rows=50&o=2300&plaEnabled=false&xdEnabled=false&isFacet=true&p=47 | run_id=run_20260928_223049_216788_344b07 | brand=Dollar (Forcenxt) | page=47 | route=https://www.myntra.com/force-nxt | seen=2233 | expected=2923
2026-09-28 22:39:55 | INFO    | PDP       | Processed 45 target products for Dollar (Forcenxt) in 3s (774.57 products/min). | run_id=run_20260928_223049_216788_344b07 | brand=Dollar (Forcenxt) | saved=45 | elapsed_label=3s | products_per_minute=774.57
2026-09-28 22:39:55 | INFO    | LISTING   | Listing Dollar (Forcenxt) route https://www.myntra.com/force-nxt page 48 -> https://www.myntra.com/gateway/v4/search/force-nxt?rows=50&o=2350&plaEnabled=false&xdEnabled=false&isFacet=true&p=48 | run_id=run_20260928_223049_216788_344b07 | brand=Dollar (Forcenxt) | page=48 | route=https://www.myntra.com/force-nxt | seen=2278 | expected=2923
2026-09-28 22:39:59 | INFO    | PDP       | Processed 44 target products for Dollar (Forcenxt) in 3s (804.29 products/min). | run_id=run_20260928_223049_216788_344b07 | brand=Dollar (Forcenxt) | saved=44 | elapsed_label=3s | products_per_minute=804.29
2026-09-28 22:40:00 | INFO    | LISTING   | Listing Dollar (Forcenxt) route https://www.myntra.com/force-nxt page 49 -> https://www.myntra.com/gateway/v4/search/force-nxt?rows=50&o=2400&plaEnabled=false&xdEnabled=false&isFacet=true&p=49 | run_id=run_20260928_223049_216788_344b07 | brand=Dollar (Forcenxt) | page=49 | route=https://www.myntra.com/force-nxt | seen=2322 | expected=2923
2026-09-28 22:40:04 | INFO    | PDP       | Processed 46 target products for Dollar (Forcenxt) in 3s (808.94 products/min). | run_id=run_20260928_223049_216788_344b07 | brand=Dollar (Forcenxt) | saved=46 | elapsed_label=3s | products_per_minute=808.94
2026-09-28 22:40:04 | INFO    | LISTING   | Listing Dollar (Forcenxt) route https://www.myntra.com/force-nxt page 50 -> https://www.myntra.com/gateway/v4/search/force-nxt?rows=50&o=2450&plaEnabled=false&xdEnabled=false&isFacet=true&p=50 | run_id=run_20260928_223049_216788_344b07 | brand=Dollar (Forcenxt) | page=50 | route=https://www.myntra.com/force-nxt | seen=2368 | expected=2923
2026-09-28 22:40:08 | INFO    | PDP       | Processed 50 target products for Dollar (Forcenxt) in 4s (809.37 products/min). | run_id=run_20260928_223049_216788_344b07 | brand=Dollar (Forcenxt) | saved=50 | elapsed_label=4s | products_per_minute=809.37
2026-09-28 22:40:08 | INFO    | LISTING   | Listing Dollar (Forcenxt) route https://www.myntra.com/force-nxt page 51 -> https://www.myntra.com/gateway/v4/search/force-nxt?rows=50&o=2500&plaEnabled=false&xdEnabled=false&isFacet=true&p=51 | run_id=run_20260928_223049_216788_344b07 | brand=Dollar (Forcenxt) | page=51 | route=https://www.myntra.com/force-nxt | seen=2418 | expected=2923
2026-09-28 22:40:12 | INFO    | PDP       | Processed 50 target products for Dollar (Forcenxt) in 3s (921.69 products/min). | run_id=run_20260928_223049_216788_344b07 | brand=Dollar (Forcenxt) | saved=50 | elapsed_label=3s | products_per_minute=921.69
2026-09-28 22:40:13 | INFO    | LISTING   | Listing Dollar (Forcenxt) route https://www.myntra.com/force-nxt page 52 -> https://www.myntra.com/gateway/v4/search/force-nxt?rows=50&o=2550&plaEnabled=false&xdEnabled=false&isFacet=true&p=52 | run_id=run_20260928_223049_216788_344b07 | brand=Dollar (Forcenxt) | page=52 | route=https://www.myntra.com/force-nxt | seen=2468 | expected=2923
2026-09-28 22:40:17 | INFO    | PDP       | Processed 50 target products for Dollar (Forcenxt) in 4s (779.38 products/min). | run_id=run_20260928_223049_216788_344b07 | brand=Dollar (Forcenxt) | saved=50 | elapsed_label=4s | products_per_minute=779.38
2026-09-28 22:40:17 | INFO    | LISTING   | Listing Dollar (Forcenxt) route https://www.myntra.com/force-nxt page 53 -> https://www.myntra.com/gateway/v4/search/force-nxt?rows=50&o=2600&plaEnabled=false&xdEnabled=false&isFacet=true&p=53 | run_id=run_20260928_223049_216788_344b07 | brand=Dollar (Forcenxt) | page=53 | route=https://www.myntra.com/force-nxt | seen=2518 | expected=2923
2026-09-28 22:40:22 | INFO    | PDP       | Processed 50 target products for Dollar (Forcenxt) in 4s (841.48 products/min). | run_id=run_20260928_223049_216788_344b07 | brand=Dollar (Forcenxt) | saved=50 | elapsed_label=4s | products_per_minute=841.48
2026-09-28 22:40:22 | INFO    | LISTING   | Listing Dollar (Forcenxt) route https://www.myntra.com/force-nxt page 54 -> https://www.myntra.com/gateway/v4/search/force-nxt?rows=50&o=2650&plaEnabled=false&xdEnabled=false&isFacet=true&p=54 | run_id=run_20260928_223049_216788_344b07 | brand=Dollar (Forcenxt) | page=54 | route=https://www.myntra.com/force-nxt | seen=2568 | expected=2923
2026-09-28 22:40:26 | INFO    | PDP       | Processed 50 target products for Dollar (Forcenxt) in 3s (887.69 products/min). | run_id=run_20260928_223049_216788_344b07 | brand=Dollar (Forcenxt) | saved=50 | elapsed_label=3s | products_per_minute=887.69
2026-09-28 22:40:26 | INFO    | LISTING   | Listing Dollar (Forcenxt) route https://www.myntra.com/force-nxt page 55 -> https://www.myntra.com/gateway/v4/search/force-nxt?rows=50&o=2700&plaEnabled=false&xdEnabled=false&isFacet=true&p=55 | run_id=run_20260928_223049_216788_344b07 | brand=Dollar (Forcenxt) | page=55 | route=https://www.myntra.com/force-nxt | seen=2618 | expected=2923
2026-09-28 22:40:30 | WARNING | PDP       | PDP fetch failed for https://www.myntra.com/Tshirts/Force+NXT/Force-NXT-Men-Round-Neck-Cotton-Slim-Fit-T-shirt/33641939/buy: PDP payload did not contain pdpData. | run_id=run_20260928_223049_216788_344b07 | brand=Dollar (Forcenxt) | route=https://www.myntra.com/Tshirts/Force+NXT/Force-NXT-Men-Round-Neck-Cotton-Slim-Fit-T-shirt/33641939/buy
2026-09-28 22:40:30 | INFO    | PDP       | Retrying 1 PDP fetches for Dollar (Forcenxt) (retry round 1/5). | run_id=run_20260928_223049_216788_344b07 | brand=Dollar (Forcenxt) | attempt=1/5
2026-09-28 22:40:32 | INFO    | PDP       | Processed 50 target products for Dollar (Forcenxt) in 5s (625.07 products/min). | run_id=run_20260928_223049_216788_344b07 | brand=Dollar (Forcenxt) | saved=50 | elapsed_label=5s | products_per_minute=625.07
2026-09-28 22:40:32 | INFO    | LISTING   | Listing Dollar (Forcenxt) route https://www.myntra.com/force-nxt page 56 -> https://www.myntra.com/gateway/v4/search/force-nxt?rows=50&o=2750&plaEnabled=false&xdEnabled=false&isFacet=true&p=56 | run_id=run_20260928_223049_216788_344b07 | brand=Dollar (Forcenxt) | page=56 | route=https://www.myntra.com/force-nxt | seen=2668 | expected=2923
2026-09-28 22:40:37 | INFO    | PDP       | Processed 50 target products for Dollar (Forcenxt) in 4s (843.78 products/min). | run_id=run_20260928_223049_216788_344b07 | brand=Dollar (Forcenxt) | saved=50 | elapsed_label=4s | products_per_minute=843.78
2026-09-28 22:40:37 | INFO    | LISTING   | Listing Dollar (Forcenxt) route https://www.myntra.com/force-nxt page 57 -> https://www.myntra.com/gateway/v4/search/force-nxt?rows=50&o=2800&plaEnabled=false&xdEnabled=false&isFacet=true&p=57 | run_id=run_20260928_223049_216788_344b07 | brand=Dollar (Forcenxt) | page=57 | route=https://www.myntra.com/force-nxt | seen=2718 | expected=2923
2026-09-28 22:40:42 | INFO    | PDP       | Processed 50 target products for Dollar (Forcenxt) in 5s (664.42 products/min). | run_id=run_20260928_223049_216788_344b07 | brand=Dollar (Forcenxt) | saved=50 | elapsed_label=5s | products_per_minute=664.42
2026-09-28 22:40:42 | INFO    | LISTING   | Listing Dollar (Forcenxt) route https://www.myntra.com/force-nxt page 58 -> https://www.myntra.com/gateway/v4/search/force-nxt?rows=50&o=2850&plaEnabled=false&xdEnabled=false&isFacet=true&p=58 | run_id=run_20260928_223049_216788_344b07 | brand=Dollar (Forcenxt) | page=58 | route=https://www.myntra.com/force-nxt | seen=2768 | expected=2923
2026-09-28 22:40:46 | WARNING | PDP       | PDP fetch failed for https://www.myntra.com/Innerwear-Vests/Force+NXT/Force-NXT-Pack-Of-8-Men-Super-Combed-Cotton-Rib-Vest/27248238/buy: PDP payload did not contain pdpData. | run_id=run_20260928_223049_216788_344b07 | brand=Dollar (Forcenxt) | route=https://www.myntra.com/Innerwear-Vests/Force+NXT/Force-NXT-Pack-Of-8-Men-Super-Combed-Cotton-Rib-Vest/27248238/buy
2026-09-28 22:40:47 | INFO    | PDP       | Retrying 1 PDP fetches for Dollar (Forcenxt) (retry round 1/5). | run_id=run_20260928_223049_216788_344b07 | brand=Dollar (Forcenxt) | attempt=1/5
2026-09-28 22:40:48 | INFO    | PDP       | Processed 50 target products for Dollar (Forcenxt) in 5s (572.86 products/min). | run_id=run_20260928_223049_216788_344b07 | brand=Dollar (Forcenxt) | saved=50 | elapsed_label=5s | products_per_minute=572.86
2026-09-28 22:40:49 | INFO    | LISTING   | Listing Dollar (Forcenxt) route https://www.myntra.com/force-nxt page 59 -> https://www.myntra.com/gateway/v4/search/force-nxt?rows=50&o=2900&plaEnabled=false&xdEnabled=false&isFacet=true&p=59 | run_id=run_20260928_223049_216788_344b07 | brand=Dollar (Forcenxt) | page=59 | route=https://www.myntra.com/force-nxt | seen=2818 | expected=2923
    [0;31m✗[0m Scraper timed out after 10 minutes — skipping
  [0;36m→[0m Exporting local DB (activewear_myntra_data)...
    [0;32m✓[0m Exported: 29115 sizes | 0 snapshots | units_sold=0 | revenue=₹0.0

[1m[0;36m[2/9] Polo[0m  [2m(POLOS → polos_myntra_data :3009)[0m
  [0;36m→[0m Scraping...
2026-09-28 22:40:49 | INFO    | GENERAL   | Pre-loaded 0 existing products from DB into seen cache.
2026-09-28 22:40:50 | INFO    | BRAND     | Resolving brand routes. | run_id=run_20260928_224049_427763_06222e | brand=U.S. Polo Assn.
2026-09-28 22:40:54 | INFO    | BRAND     | Resolved U.S. Polo Assn. -> 3 routes (best brand total=1943): https://www.myntra.com/polo-tshirts?f=Brand%3AU.S.%20Polo%20Assn., https://www.myntra.com/men-polo-tshirts?f=Brand%3AU.S.%20Polo%20Assn., https://www.myntra.com/kids-polo-tshirts?f=Brand%3AU.S.%20Polo%20Assn. | run_id=run_20260928_224049_427763_06222e | brand=U.S. Polo Assn. | expected=1943
2026-09-28 22:40:54 | INFO    | BRAND     | Starting brand scrape. | run_id=run_20260928_224049_427763_06222e | brand=U.S. Polo Assn. | expected=1943
2026-09-28 22:40:54 | INFO    | LISTING   | Listing U.S. Polo Assn. route https://www.myntra.com/polo-tshirts?f=Brand%3AU.S.%20Polo%20Assn. page 1 -> https://www.myntra.com/gateway/v4/search/polo-tshirts?f=Brand%3AU.S.+Polo+Assn.&rows=50&o=0&plaEnabled=false&xdEnabled=false&isFacet=true&p=1 | run_id=run_20260928_224049_427763_06222e | brand=U.S. Polo Assn. | page=1 | route=https://www.myntra.com/polo-tshirts?f=Brand%3AU.S.%20Polo%20Assn. | seen=0 | expected=1943
2026-09-28 22:40:57 | WARNING | PDP       | PDP fetch failed for https://www.myntra.com/Tshirts/U.S.+Polo+Assn./US-Polo-Assn-Men-Solid-Pure-Cotton-Slim-Fit-Polo-T-shirt/33593383/buy: PDP payload did not contain pdpData. | run_id=run_20260928_224049_427763_06222e | brand=U.S. Polo Assn. | route=https://www.myntra.com/Tshirts/U.S.+Polo+Assn./US-Polo-Assn-Men-Solid-Pure-Cotton-Slim-Fit-Polo-T-shirt/33593383/buy
2026-09-28 22:40:58 | WARNING | PDP       | PDP fetch failed for https://www.myntra.com/Tshirts/U.S.+Polo+Assn./US-Polo-Assn-Short-Sleeves-Cotton-Polo-Collar-Slim-Fit-T-shirt/27083146/buy: PDP payload did not contain pdpData. | run_id=run_20260928_224049_427763_06222e | brand=U.S. Polo Assn. | route=https://www.myntra.com/Tshirts/U.S.+Polo+Assn./US-Polo-Assn-Short-Sleeves-Cotton-Polo-Collar-Slim-Fit-T-shirt/27083146/buy
2026-09-28 22:40:59 | WARNING | PDP       | PDP fetch failed for https://www.myntra.com/Tshirts/U.S.+Polo+Assn./US-Polo-Assn-All-Over-Brand-Logo-Printed-Polo-Collar-Pure-Cotton-Slim-Fit-T-shirt/23082628/buy: PDP payload did not contain pdpData. | run_id=run_20260928_224049_427763_06222e | brand=U.S. Polo Assn. | route=https://www.myntra.com/Tshirts/U.S.+Polo+Assn./US-Polo-Assn-All-Over-Brand-Logo-Printed-Polo-Collar-Pure-Cotton-Slim-Fit-T-shirt/23082628/buy
2026-09-28 22:40:59 | INFO    | PDP       | Retrying 3 PDP fetches for U.S. Polo Assn. (retry round 1/5). | run_id=run_20260928_224049_427763_06222e | brand=U.S. Polo Assn. | attempt=1/5
2026-09-28 22:41:00 | INFO    | PDP       | Processed 50 target products for U.S. Polo Assn. in 5s (577.51 products/min). | run_id=run_20260928_224049_427763_06222e | brand=U.S. Polo Assn. | saved=50 | elapsed_label=5s | products_per_minute=577.51
2026-09-28 22:41:01 | INFO    | LISTING   | Listing U.S. Polo Assn. route https://www.myntra.com/polo-tshirts?f=Brand%3AU.S.%20Polo%20Assn. page 2 -> https://www.myntra.com/gateway/v4/search/polo-tshirts?f=Brand%3AU.S.+Polo+Assn.&rows=50&o=50&plaEnabled=false&xdEnabled=false&isFacet=true&p=2 | run_id=run_20260928_224049_427763_06222e | brand=U.S. Polo Assn. | page=2 | route=https://www.myntra.com/polo-tshirts?f=Brand%3AU.S.%20Polo%20Assn. | seen=50 | expected=1943
2026-09-28 22:41:05 | INFO    | PDP       | Processed 50 target products for U.S. Polo Assn. in 4s (782.88 products/min). | run_id=run_20260928_224049_427763_06222e | brand=U.S. Polo Assn. | saved=50 | elapsed_label=4s | products_per_minute=782.88
2026-09-28 22:41:06 | INFO    | LISTING   | Listing U.S. Polo Assn. route https://www.myntra.com/polo-tshirts?f=Brand%3AU.S.%20Polo%20Assn. page 3 -> https://www.myntra.com/gateway/v4/search/polo-tshirts?f=Brand%3AU.S.+Polo+Assn.&rows=50&o=100&plaEnabled=false&xdEnabled=false&isFacet=true&p=3 | run_id=run_20260928_224049_427763_06222e | brand=U.S. Polo Assn. | page=3 | route=https://www.myntra.com/polo-tshirts?f=Brand%3AU.S.%20Polo%20Assn. | seen=100 | expected=1943
2026-09-28 22:41:10 | WARNING | PDP       | PDP fetch failed for https://www.myntra.com/Tshirts/U.S.+Polo+Assn./US-Polo-Assn-Men-Brand-Logo-Striped-Polo-Collar-Slim-Fit-T-shirt/43243670/buy: PDP payload did not contain pdpData. | run_id=run_20260928_224049_427763_06222e | brand=U.S. Polo Assn. | route=https://www.myntra.com/Tshirts/U.S.+Polo+Assn./US-Polo-Assn-Men-Brand-Logo-Striped-Polo-Collar-Slim-Fit-T-shirt/43243670/buy
2026-09-28 22:41:10 | INFO    | PDP       | Retrying 1 PDP fetches for U.S. Polo Assn. (retry round 1/5). | run_id=run_20260928_224049_427763_06222e | brand=U.S. Polo Assn. | attempt=1/5
2026-09-28 22:41:12 | INFO    | PDP       | Processed 50 target products for U.S. Polo Assn. in 5s (573.34 products/min). | run_id=run_20260928_224049_427763_06222e | brand=U.S. Polo Assn. | saved=50 | elapsed_label=5s | products_per_minute=573.34
2026-09-28 22:41:12 | INFO    | LISTING   | Listing U.S. Polo Assn. route https://www.myntra.com/polo-tshirts?f=Brand%3AU.S.%20Polo%20Assn. page 4 -> https://www.myntra.com/gateway/v4/search/polo-tshirts?f=Brand%3AU.S.+Polo+Assn.&rows=50&o=150&plaEnabled=false&xdEnabled=false&isFacet=true&p=4 | run_id=run_20260928_224049_427763_06222e | brand=U.S. Polo Assn. | page=4 | route=https://www.myntra.com/polo-tshirts?f=Brand%3AU.S.%20Polo%20Assn. | seen=150 | expected=1943
2026-09-28 22:41:16 | INFO    | PDP       | Processed 50 target products for U.S. Polo Assn. in 4s (833.04 products/min). | run_id=run_20260928_224049_427763_06222e | brand=U.S. Polo Assn. | saved=50 | elapsed_label=4s | products_per_minute=833.04
2026-09-28 22:41:17 | INFO    | LISTING   | Listing U.S. Polo Assn. route https://www.myntra.com/polo-tshirts?f=Brand%3AU.S.%20Polo%20Assn. page 5 -> https://www.myntra.com/gateway/v4/search/polo-tshirts?f=Brand%3AU.S.+Polo+Assn.&rows=50&o=200&plaEnabled=false&xdEnabled=false&isFacet=true&p=5 | run_id=run_20260928_224049_427763_06222e | brand=U.S. Polo Assn. | page=5 | route=https://www.myntra.com/polo-tshirts?f=Brand%3AU.S.%20Polo%20Assn. | seen=200 | expected=1943
2026-09-28 22:41:21 | INFO    | PDP       | Processed 50 target products for U.S. Polo Assn. in 3s (862.05 products/min). | run_id=run_20260928_224049_427763_06222e | brand=U.S. Polo Assn. | saved=50 | elapsed_label=3s | products_per_minute=862.05
2026-09-28 22:41:21 | INFO    | LISTING   | Listing U.S. Polo Assn. route https://www.myntra.com/polo-tshirts?f=Brand%3AU.S.%20Polo%20Assn. page 6 -> https://www.myntra.com/gateway/v4/search/polo-tshirts?f=Brand%3AU.S.+Polo+Assn.&rows=50&o=250&plaEnabled=false&xdEnabled=false&isFacet=true&p=6 | run_id=run_20260928_224049_427763_06222e | brand=U.S. Polo Assn. | page=6 | route=https://www.myntra.com/polo-tshirts?f=Brand%3AU.S.%20Polo%20Assn. | seen=250 | expected=1943
2026-09-28 22:41:23 | WARNING | PDP       | PDP fetch failed for https://www.myntra.com/Tshirts/U.S.+Polo+Assn./US-Polo-Assn-Men-Brand-Logo-Polo-Collar-Slim-Fit-T-shirt/44223279/buy: PDP payload did not contain pdpData. | run_id=run_20260928_224049_427763_06222e | brand=U.S. Polo Assn. | route=https://www.myntra.com/Tshirts/U.S.+Polo+Assn./US-Polo-Assn-Men-Brand-Logo-Polo-Collar-Slim-Fit-T-shirt/44223279/buy
2026-09-28 22:41:25 | WARNING | PDP       | PDP fetch failed for https://www.myntra.com/Tshirts/U.S.+Polo+Assn./US-Polo-Assn-Men-Striped-Polo-Collar-Cotton-Slim-Fit-T-shirt/31243806/buy: PDP payload did not contain pdpData. | run_id=run_20260928_224049_427763_06222e | brand=U.S. Polo Assn. | route=https://www.myntra.com/Tshirts/U.S.+Polo+Assn./US-Polo-Assn-Men-Striped-Polo-Collar-Cotton-Slim-Fit-T-shirt/31243806/buy
2026-09-28 22:41:26 | INFO    | PDP       | Retrying 2 PDP fetches for U.S. Polo Assn. (retry round 1/5). | run_id=run_20260928_224049_427763_06222e | brand=U.S. Polo Assn. | attempt=1/5
2026-09-28 22:41:28 | INFO    | PDP       | Processed 49 target products for U.S. Polo Assn. in 5s (541.85 products/min). | run_id=run_20260928_224049_427763_06222e | brand=U.S. Polo Assn. | saved=49 | elapsed_label=5s | products_per_minute=541.85
2026-09-28 22:41:28 | INFO    | LISTING   | Listing U.S. Polo Assn. route https://www.myntra.com/polo-tshirts?f=Brand%3AU.S.%20Polo%20Assn. page 7 -> https://www.myntra.com/gateway/v4/search/polo-tshirts?f=Brand%3AU.S.+Polo+Assn.&rows=50&o=300&plaEnabled=false&xdEnabled=false&isFacet=true&p=7 | run_id=run_20260928_224049_427763_06222e | brand=U.S. Polo Assn. | page=7 | route=https://www.myntra.com/polo-tshirts?f=Brand%3AU.S.%20Polo%20Assn. | seen=299 | expected=1943
2026-09-28 22:41:32 | INFO    | PDP       | Processed 50 target products for U.S. Polo Assn. in 3s (878.34 products/min). | run_id=run_20260928_224049_427763_06222e | brand=U.S. Polo Assn. | saved=50 | elapsed_label=3s | products_per_minute=878.34
2026-09-28 22:41:32 | INFO    | LISTING   | Listing U.S. Polo Assn. route https://www.myntra.com/polo-tshirts?f=Brand%3AU.S.%20Polo%20Assn. page 8 -> https://www.myntra.com/gateway/v4/search/polo-tshirts?f=Brand%3AU.S.+Polo+Assn.&rows=50&o=350&plaEnabled=false&xdEnabled=false&isFacet=true&p=8 | run_id=run_20260928_224049_427763_06222e | brand=U.S. Polo Assn. | page=8 | route=https://www.myntra.com/polo-tshirts?f=Brand%3AU.S.%20Polo%20Assn. | seen=349 | expected=1943
2026-09-28 22:41:37 | INFO    | PDP       | Processed 50 target products for U.S. Polo Assn. in 4s (702.58 products/min). | run_id=run_20260928_224049_427763_06222e | brand=U.S. Polo Assn. | saved=50 | elapsed_label=4s | products_per_minute=702.58
2026-09-28 22:41:37 | INFO    | LISTING   | Listing U.S. Polo Assn. route https://www.myntra.com/polo-tshirts?f=Brand%3AU.S.%20Polo%20Assn. page 9 -> https://www.myntra.com/gateway/v4/search/polo-tshirts?f=Brand%3AU.S.+Polo+Assn.&rows=50&o=400&plaEnabled=false&xdEnabled=false&isFacet=true&p=9 | run_id=run_20260928_224049_427763_06222e | brand=U.S. Polo Assn. | page=9 | route=https://www.myntra.com/polo-tshirts?f=Brand%3AU.S.%20Polo%20Assn. | seen=399 | expected=1943
2026-09-28 22:41:42 | INFO    | PDP       | Processed 50 target products for U.S. Polo Assn. in 4s (837.37 products/min). | run_id=run_20260928_224049_427763_06222e | brand=U.S. Polo Assn. | saved=50 | elapsed_label=4s | products_per_minute=837.37
2026-09-28 22:41:42 | INFO    | LISTING   | Listing U.S. Polo Assn. route https://www.myntra.com/polo-tshirts?f=Brand%3AU.S.%20Polo%20Assn. page 10 -> https://www.myntra.com/gateway/v4/search/polo-tshirts?f=Brand%3AU.S.+Polo+Assn.&rows=50&o=450&plaEnabled=false&xdEnabled=false&isFacet=true&p=10 | run_id=run_20260928_224049_427763_06222e | brand=U.S. Polo Assn. | page=10 | route=https://www.myntra.com/polo-tshirts?f=Brand%3AU.S.%20Polo%20Assn. | seen=449 | expected=1943
2026-09-28 22:41:46 | INFO    | PDP       | Processed 50 target products for U.S. Polo Assn. in 4s (835.28 products/min). | run_id=run_20260928_224049_427763_06222e | brand=U.S. Polo Assn. | saved=50 | elapsed_label=4s | products_per_minute=835.28
2026-09-28 22:41:47 | INFO    | LISTING   | Listing U.S. Polo Assn. route https://www.myntra.com/polo-tshirts?f=Brand%3AU.S.%20Polo%20Assn. page 11 -> https://www.myntra.com/gateway/v4/search/polo-tshirts?f=Brand%3AU.S.+Polo+Assn.&rows=50&o=500&plaEnabled=false&xdEnabled=false&isFacet=true&p=11 | run_id=run_20260928_224049_427763_06222e | brand=U.S. Polo Assn. | page=11 | route=https://www.myntra.com/polo-tshirts?f=Brand%3AU.S.%20Polo%20Assn. | seen=499 | expected=1943
2026-09-28 22:41:51 | INFO    | PDP       | Processed 50 target products for U.S. Polo Assn. in 3s (860.67 products/min). | run_id=run_20260928_224049_427763_06222e | brand=U.S. Polo Assn. | saved=50 | elapsed_label=3s | products_per_minute=860.67
2026-09-28 22:41:51 | INFO    | LISTING   | Listing U.S. Polo Assn. route https://www.myntra.com/polo-tshirts?f=Brand%3AU.S.%20Polo%20Assn. page 12 -> https://www.myntra.com/gateway/v4/search/polo-tshirts?f=Brand%3AU.S.+Polo+Assn.&rows=50&o=550&plaEnabled=false&xdEnabled=false&isFacet=true&p=12 | run_id=run_20260928_224049_427763_06222e | brand=U.S. Polo Assn. | page=12 | route=https://www.myntra.com/polo-tshirts?f=Brand%3AU.S.%20Polo%20Assn. | seen=549 | expected=1943
2026-09-28 22:41:54 | WARNING | PDP       | PDP fetch failed for https://www.myntra.com/Tshirts/U.S.+Polo+Assn./US-Polo-Assn-Men-Brand-Logo-Polo-Collar-T-shirt/38778177/buy: PDP payload did not contain pdpData. | run_id=run_20260928_224049_427763_06222e | brand=U.S. Polo Assn. | route=https://www.myntra.com/Tshirts/U.S.+Polo+Assn./US-Polo-Assn-Men-Brand-Logo-Polo-Collar-T-shirt/38778177/buy
2026-09-28 22:41:56 | INFO    | PDP       | Retrying 1 PDP fetches for U.S. Polo Assn. (retry round 1/5). | run_id=run_20260928_224049_427763_06222e | brand=U.S. Polo Assn. | attempt=1/5
2026-09-28 22:41:57 | INFO    | PDP       | Processed 50 target products for U.S. Polo Assn. in 5s (603.93 products/min). | run_id=run_20260928_224049_427763_06222e | brand=U.S. Polo Assn. | saved=50 | elapsed_label=5s | products_per_minute=603.93
2026-09-28 22:41:57 | INFO    | LISTING   | Listing U.S. Polo Assn. route https://www.myntra.com/polo-tshirts?f=Brand%3AU.S.%20Polo%20Assn. page 13 -> https://www.myntra.com/gateway/v4/search/polo-tshirts?f=Brand%3AU.S.+Polo+Assn.&rows=50&o=600&plaEnabled=false&xdEnabled=false&isFacet=true&p=13 | run_id=run_20260928_224049_427763_06222e | brand=U.S. Polo Assn. | page=13 | route=https://www.myntra.com/polo-tshirts?f=Brand%3AU.S.%20Polo%20Assn. | seen=599 | expected=1943
2026-09-28 22:42:02 | INFO    | PDP       | Processed 50 target products for U.S. Polo Assn. in 5s (666.42 products/min). | run_id=run_20260928_224049_427763_06222e | brand=U.S. Polo Assn. | saved=50 | elapsed_label=5s | products_per_minute=666.42
2026-09-28 22:42:03 | INFO    | LISTING   | Listing U.S. Polo Assn. route https://www.myntra.com/polo-tshirts?f=Brand%3AU.S.%20Polo%20Assn. page 14 -> https://www.myntra.com/gateway/v4/search/polo-tshirts?f=Brand%3AU.S.+Polo+Assn.&rows=50&o=650&plaEnabled=false&xdEnabled=false&isFacet=true&p=14 | run_id=run_20260928_224049_427763_06222e | brand=U.S. Polo Assn. | page=14 | route=https://www.myntra.com/polo-tshirts?f=Brand%3AU.S.%20Polo%20Assn. | seen=649 | expected=1943
2026-09-28 22:42:06 | WARNING | PDP       | PDP fetch failed for https://www.myntra.com/Tshirts/U.S.+Polo+Assn./US-Polo-Assn-Polo-Collar-Regular-Sleeves-Cotton-Casual-Slim-Fit-T-shirt/23370160/buy: PDP payload did not contain pdpData. | run_id=run_20260928_224049_427763_06222e | brand=U.S. Polo Assn. | route=https://www.myntra.com/Tshirts/U.S.+Polo+Assn./US-Polo-Assn-Polo-Collar-Regular-Sleeves-Cotton-Casual-Slim-Fit-T-shirt/23370160/buy
2026-09-28 22:42:07 | INFO    | PDP       | Retrying 1 PDP fetches for U.S. Polo Assn. (retry round 1/5). | run_id=run_20260928_224049_427763_06222e | brand=U.S. Polo Assn. | attempt=1/5
2026-09-28 22:42:09 | INFO    | PDP       | Processed 50 target products for U.S. Polo Assn. in 6s (522.94 products/min). | run_id=run_20260928_224049_427763_06222e | brand=U.S. Polo Assn. | saved=50 | elapsed_label=6s | products_per_minute=522.94
2026-09-28 22:42:09 | INFO    | LISTING   | Listing U.S. Polo Assn. route https://www.myntra.com/polo-tshirts?f=Brand%3AU.S.%20Polo%20Assn. page 15 -> https://www.myntra.com/gateway/v4/search/polo-tshirts?f=Brand%3AU.S.+Polo+Assn.&rows=50&o=700&plaEnabled=false&xdEnabled=false&isFacet=true&p=15 | run_id=run_20260928_224049_427763_06222e | brand=U.S. Polo Assn. | page=15 | route=https://www.myntra.com/polo-tshirts?f=Brand%3AU.S.%20Polo%20Assn. | seen=699 | expected=1943
2026-09-28 22:42:13 | INFO    | PDP       | Processed 49 target products for U.S. Polo Assn. in 3s (889.37 products/min). | run_id=run_20260928_224049_427763_06222e | brand=U.S. Polo Assn. | saved=49 | elapsed_label=3s | products_per_minute=889.37
2026-09-28 22:42:14 | INFO    | LISTING   | Listing U.S. Polo Assn. route https://www.myntra.com/polo-tshirts?f=Brand%3AU.S.%20Polo%20Assn. page 16 -> https://www.myntra.com/gateway/v4/search/polo-tshirts?f=Brand%3AU.S.+Polo+Assn.&rows=50&o=750&plaEnabled=false&xdEnabled=false&isFacet=true&p=16 | run_id=run_20260928_224049_427763_06222e | brand=U.S. Polo Assn. | page=16 | route=https://www.myntra.com/polo-tshirts?f=Brand%3AU.S.%20Polo%20Assn. | seen=748 | expected=1943
2026-09-28 22:42:17 | WARNING | PDP       | PDP fetch failed for https://www.myntra.com/Tshirts/U.S.+Polo+Assn./US-Polo-Assn-Men-Brand-Logo-Polo-Collar-Slim-Fit-T-shirt/39665762/buy: PDP payload did not contain pdpData. | run_id=run_20260928_224049_427763_06222e | brand=U.S. Polo Assn. | route=https://www.myntra.com/Tshirts/U.S.+Polo+Assn./US-Polo-Assn-Men-Brand-Logo-Polo-Collar-Slim-Fit-T-shirt/39665762/buy
2026-09-28 22:42:18 | INFO    | PDP       | Retrying 1 PDP fetches for U.S. Polo Assn. (retry round 1/5). | run_id=run_20260928_224049_427763_06222e | brand=U.S. Polo Assn. | attempt=1/5
2026-09-28 22:42:19 | INFO    | PDP       | Processed 49 target products for U.S. Polo Assn. in 5s (645.0 products/min). | run_id=run_20260928_224049_427763_06222e | brand=U.S. Polo Assn. | saved=49 | elapsed_label=5s | products_per_minute=645.0
2026-09-28 22:42:19 | INFO    | LISTING   | Listing U.S. Polo Assn. route https://www.myntra.com/polo-tshirts?f=Brand%3AU.S.%20Polo%20Assn. page 17 -> https://www.myntra.com/gateway/v4/search/polo-tshirts?f=Brand%3AU.S.+Polo+Assn.&rows=50&o=800&plaEnabled=false&xdEnabled=false&isFacet=true&p=17 | run_id=run_20260928_224049_427763_06222e | brand=U.S. Polo Assn. | page=17 | route=https://www.myntra.com/polo-tshirts?f=Brand%3AU.S.%20Polo%20Assn. | seen=797 | expected=1943
2026-09-28 22:42:23 | INFO    | PDP       | Processed 50 target products for U.S. Polo Assn. in 3s (884.35 products/min). | run_id=run_20260928_224049_427763_06222e | brand=U.S. Polo Assn. | saved=50 | elapsed_label=3s | products_per_minute=884.35
2026-09-28 22:42:24 | INFO    | LISTING   | Listing U.S. Polo Assn. route https://www.myntra.com/polo-tshirts?f=Brand%3AU.S.%20Polo%20Assn. page 18 -> https://www.myntra.com/gateway/v4/search/polo-tshirts?f=Brand%3AU.S.+Polo+Assn.&rows=50&o=850&plaEnabled=false&xdEnabled=false&isFacet=true&p=18 | run_id=run_20260928_224049_427763_06222e | brand=U.S. Polo Assn. | page=18 | route=https://www.myntra.com/polo-tshirts?f=Brand%3AU.S.%20Polo%20Assn. | seen=847 | expected=1943
2026-09-28 22:42:28 | INFO    | PDP       | Processed 50 target products for U.S. Polo Assn. in 3s (877.95 products/min). | run_id=run_20260928_224049_427763_06222e | brand=U.S. Polo Assn. | saved=50 | elapsed_label=3s | products_per_minute=877.95
2026-09-28 22:42:28 | INFO    | LISTING   | Listing U.S. Polo Assn. route https://www.myntra.com/polo-tshirts?f=Brand%3AU.S.%20Polo%20Assn. page 19 -> https://www.myntra.com/gateway/v4/search/polo-tshirts?f=Brand%3AU.S.+Polo+Assn.&rows=50&o=900&plaEnabled=false&xdEnabled=false&isFacet=true&p=19 | run_id=run_20260928_224049_427763_06222e | brand=U.S. Polo Assn. | page=19 | route=https://www.myntra.com/polo-tshirts?f=Brand%3AU.S.%20Polo%20Assn. | seen=897 | expected=1943
2026-09-28 22:42:33 | INFO    | PDP       | Processed 50 target products for U.S. Polo Assn. in 4s (728.02 products/min). | run_id=run_20260928_224049_427763_06222e | brand=U.S. Polo Assn. | saved=50 | elapsed_label=4s | products_per_minute=728.02
2026-09-28 22:42:33 | INFO    | LISTING   | Listing U.S. Polo Assn. route https://www.myntra.com/polo-tshirts?f=Brand%3AU.S.%20Polo%20Assn. page 20 -> https://www.myntra.com/gateway/v4/search/polo-tshirts?f=Brand%3AU.S.+Polo+Assn.&rows=50&o=950&plaEnabled=false&xdEnabled=false&isFacet=true&p=20 | run_id=run_20260928_224049_427763_06222e | brand=U.S. Polo Assn. | page=20 | route=https://www.myntra.com/polo-tshirts?f=Brand%3AU.S.%20Polo%20Assn. | seen=947 | expected=1943
2026-09-28 22:42:38 | INFO    | PDP       | Processed 50 target products for U.S. Polo Assn. in 4s (782.06 products/min). | run_id=run_20260928_224049_427763_06222e | brand=U.S. Polo Assn. | saved=50 | elapsed_label=4s | products_per_minute=782.06
2026-09-28 22:42:38 | INFO    | LISTING   | Listing U.S. Polo Assn. route https://www.myntra.com/polo-tshirts?f=Brand%3AU.S.%20Polo%20Assn. page 21 -> https://www.myntra.com/gateway/v4/search/polo-tshirts?f=Brand%3AU.S.+Polo+Assn.&rows=50&o=1000&plaEnabled=false&xdEnabled=false&isFacet=true&p=21 | run_id=run_20260928_224049_427763_06222e | brand=U.S. Polo Assn. | page=21 | route=https://www.myntra.com/polo-tshirts?f=Brand%3AU.S.%20Polo%20Assn. | seen=997 | expected=1943
2026-09-28 22:42:41 | INFO    | PDP       | Processed 50 target products for U.S. Polo Assn. in 3s (1023.16 products/min). | run_id=run_20260928_224049_427763_06222e | brand=U.S. Polo Assn. | saved=50 | elapsed_label=3s | products_per_minute=1023.16
2026-09-28 22:42:42 | INFO    | LISTING   | Listing U.S. Polo Assn. route https://www.myntra.com/polo-tshirts?f=Brand%3AU.S.%20Polo%20Assn. page 22 -> https://www.myntra.com/gateway/v4/search/polo-tshirts?f=Brand%3AU.S.+Polo+Assn.&rows=50&o=1050&plaEnabled=false&xdEnabled=false&isFacet=true&p=22 | run_id=run_20260928_224049_427763_06222e | brand=U.S. Polo Assn. | page=22 | route=https://www.myntra.com/polo-tshirts?f=Brand%3AU.S.%20Polo%20Assn. | seen=1047 | expected=1943
2026-09-28 22:42:47 | INFO    | PDP       | Processed 48 target products for U.S. Polo Assn. in 4s (644.12 products/min). | run_id=run_20260928_224049_427763_06222e | brand=U.S. Polo Assn. | saved=48 | elapsed_label=4s | products_per_minute=644.12
2026-09-28 22:42:47 | INFO    | LISTING   | Listing U.S. Polo Assn. route https://www.myntra.com/polo-tshirts?f=Brand%3AU.S.%20Polo%20Assn. page 23 -> https://www.myntra.com/gateway/v4/search/polo-tshirts?f=Brand%3AU.S.+Polo+Assn.&rows=50&o=1100&plaEnabled=false&xdEnabled=false&isFacet=true&p=23 | run_id=run_20260928_224049_427763_06222e | brand=U.S. Polo Assn. | page=23 | route=https://www.myntra.com/polo-tshirts?f=Brand%3AU.S.%20Polo%20Assn. | seen=1095 | expected=1943
2026-09-28 22:42:52 | INFO    | PDP       | Processed 50 target products for U.S. Polo Assn. in 4s (801.9 products/min). | run_id=run_20260928_224049_427763_06222e | brand=U.S. Polo Assn. | saved=50 | elapsed_label=4s | products_per_minute=801.9
2026-09-28 22:42:52 | INFO    | LISTING   | Listing U.S. Polo Assn. route https://www.myntra.com/polo-tshirts?f=Brand%3AU.S.%20Polo%20Assn. page 24 -> https://www.myntra.com/gateway/v4/search/polo-tshirts?f=Brand%3AU.S.+Polo+Assn.&rows=50&o=1150&plaEnabled=false&xdEnabled=false&isFacet=true&p=24 | run_id=run_20260928_224049_427763_06222e | brand=U.S. Polo Assn. | page=24 | route=https://www.myntra.com/polo-tshirts?f=Brand%3AU.S.%20Polo%20Assn. | seen=1145 | expected=1943
2026-09-28 22:42:56 | INFO    | PDP       | Processed 48 target products for U.S. Polo Assn. in 4s (738.85 products/min). | run_id=run_20260928_224049_427763_06222e | brand=U.S. Polo Assn. | saved=48 | elapsed_label=4s | products_per_minute=738.85
2026-09-28 22:42:57 | INFO    | LISTING   | Listing U.S. Polo Assn. route https://www.myntra.com/polo-tshirts?f=Brand%3AU.S.%20Polo%20Assn. page 25 -> https://www.myntra.com/gateway/v4/search/polo-tshirts?f=Brand%3AU.S.+Polo+Assn.&rows=50&o=1200&plaEnabled=false&xdEnabled=false&isFacet=true&p=25 | run_id=run_20260928_224049_427763_06222e | brand=U.S. Polo Assn. | page=25 | route=https://www.myntra.com/polo-tshirts?f=Brand%3AU.S.%20Polo%20Assn. | seen=1193 | expected=1943
2026-09-28 22:43:01 | INFO    | PDP       | Processed 49 target products for U.S. Polo Assn. in 3s (842.15 products/min). | run_id=run_20260928_224049_427763_06222e | brand=U.S. Polo Assn. | saved=49 | elapsed_label=3s | products_per_minute=842.15
2026-09-28 22:43:01 | INFO    | LISTING   | Listing U.S. Polo Assn. route https://www.myntra.com/polo-tshirts?f=Brand%3AU.S.%20Polo%20Assn. page 26 -> https://www.myntra.com/gateway/v4/search/polo-tshirts?f=Brand%3AU.S.+Polo+Assn.&rows=50&o=1250&plaEnabled=false&xdEnabled=false&isFacet=true&p=26 | run_id=run_20260928_224049_427763_06222e | brand=U.S. Polo Assn. | page=26 | route=https://www.myntra.com/polo-tshirts?f=Brand%3AU.S.%20Polo%20Assn. | seen=1242 | expected=1943
2026-09-28 22:43:05 | INFO    | PDP       | Processed 46 target products for U.S. Polo Assn. in 3s (838.05 products/min). | run_id=run_20260928_224049_427763_06222e | brand=U.S. Polo Assn. | saved=46 | elapsed_label=3s | products_per_minute=838.05
2026-09-28 22:43:05 | INFO    | LISTING   | Listing U.S. Polo Assn. route https://www.myntra.com/polo-tshirts?f=Brand%3AU.S.%20Polo%20Assn. page 27 -> https://www.myntra.com/gateway/v4/search/polo-tshirts?f=Brand%3AU.S.+Polo+Assn.&rows=50&o=1300&plaEnabled=false&xdEnabled=false&isFacet=true&p=27 | run_id=run_20260928_224049_427763_06222e | brand=U.S. Polo Assn. | page=27 | route=https://www.myntra.com/polo-tshirts?f=Brand%3AU.S.%20Polo%20Assn. | seen=1288 | expected=1943
2026-09-28 22:43:09 | INFO    | PDP       | Processed 50 target products for U.S. Polo Assn. in 3s (886.96 products/min). | run_id=run_20260928_224049_427763_06222e | brand=U.S. Polo Assn. | saved=50 | elapsed_label=3s | products_per_minute=886.96
2026-09-28 22:43:09 | INFO    | LISTING   | Listing U.S. Polo Assn. route https://www.myntra.com/polo-tshirts?f=Brand%3AU.S.%20Polo%20Assn. page 28 -> https://www.myntra.com/gateway/v4/search/polo-tshirts?f=Brand%3AU.S.+Polo+Assn.&rows=50&o=1350&plaEnabled=false&xdEnabled=false&isFacet=true&p=28 | run_id=run_20260928_224049_427763_06222e | brand=U.S. Polo Assn. | page=28 | route=https://www.myntra.com/polo-tshirts?f=Brand%3AU.S.%20Polo%20Assn. | seen=1338 | expected=1943
2026-09-28 22:43:15 | INFO    | PDP       | Processed 50 target products for U.S. Polo Assn. in 5s (627.38 products/min). | run_id=run_20260928_224049_427763_06222e | brand=U.S. Polo Assn. | saved=50 | elapsed_label=5s | products_per_minute=627.38
2026-09-28 22:43:15 | INFO    | LISTING   | Listing U.S. Polo Assn. route https://www.myntra.com/polo-tshirts?f=Brand%3AU.S.%20Polo%20Assn. page 29 -> https://www.myntra.com/gateway/v4/search/polo-tshirts?f=Brand%3AU.S.+Polo+Assn.&rows=50&o=1400&plaEnabled=false&xdEnabled=false&isFacet=true&p=29 | run_id=run_20260928_224049_427763_06222e | brand=U.S. Polo Assn. | page=29 | route=https://www.myntra.com/polo-tshirts?f=Brand%3AU.S.%20Polo%20Assn. | seen=1388 | expected=1943
2026-09-28 22:43:20 | INFO    | PDP       | Processed 48 target products for U.S. Polo Assn. in 4s (722.31 products/min). | run_id=run_20260928_224049_427763_06222e | brand=U.S. Polo Assn. | saved=48 | elapsed_label=4s | products_per_minute=722.31
2026-09-28 22:43:20 | INFO    | LISTING   | Listing U.S. Polo Assn. route https://www.myntra.com/polo-tshirts?f=Brand%3AU.S.%20Polo%20Assn. page 30 -> https://www.myntra.com/gateway/v4/search/polo-tshirts?f=Brand%3AU.S.+Polo+Assn.&rows=50&o=1450&plaEnabled=false&xdEnabled=false&isFacet=true&p=30 | run_id=run_20260928_224049_427763_06222e | brand=U.S. Polo Assn. | page=30 | route=https://www.myntra.com/polo-tshirts?f=Brand%3AU.S.%20Polo%20Assn. | seen=1436 | expected=1943
2026-09-28 22:43:25 | WARNING | PDP       | PDP fetch failed for https://www.myntra.com/Tshirts/U.S.+Polo+Assn./US-Polo-Assn-Men-Solid-Polo-Collar-Cotton-Slim-Fit-T-Shirt/30714858/buy: PDP payload did not contain pdpData. | run_id=run_20260928_224049_427763_06222e | brand=U.S. Polo Assn. | route=https://www.myntra.com/Tshirts/U.S.+Polo+Assn./US-Polo-Assn-Men-Solid-Polo-Collar-Cotton-Slim-Fit-T-Shirt/30714858/buy
2026-09-28 22:43:25 | INFO    | PDP       | Retrying 1 PDP fetches for U.S. Polo Assn. (retry round 1/5). | run_id=run_20260928_224049_427763_06222e | brand=U.S. Polo Assn. | attempt=1/5
2026-09-28 22:43:27 | INFO    | PDP       | Processed 50 target products for U.S. Polo Assn. in 6s (479.75 products/min). | run_id=run_20260928_224049_427763_06222e | brand=U.S. Polo Assn. | saved=50 | elapsed_label=6s | products_per_minute=479.75
2026-09-28 22:43:27 | INFO    | LISTING   | Listing U.S. Polo Assn. route https://www.myntra.com/polo-tshirts?f=Brand%3AU.S.%20Polo%20Assn. page 31 -> https://www.myntra.com/gateway/v4/search/polo-tshirts?f=Brand%3AU.S.+Polo+Assn.&rows=50&o=1500&plaEnabled=false&xdEnabled=false&isFacet=true&p=31 | run_id=run_20260928_224049_427763_06222e | brand=U.S. Polo Assn. | page=31 | route=https://www.myntra.com/polo-tshirts?f=Brand%3AU.S.%20Polo%20Assn. | seen=1486 | expected=1943
2026-09-28 22:43:32 | INFO    | PDP       | Processed 49 target products for U.S. Polo Assn. in 4s (818.06 products/min). | run_id=run_20260928_224049_427763_06222e | brand=U.S. Polo Assn. | saved=49 | elapsed_label=4s | products_per_minute=818.06
2026-09-28 22:43:32 | INFO    | LISTING   | Listing U.S. Polo Assn. route https://www.myntra.com/polo-tshirts?f=Brand%3AU.S.%20Polo%20Assn. page 32 -> https://www.myntra.com/gateway/v4/search/polo-tshirts?f=Brand%3AU.S.+Polo+Assn.&rows=50&o=1550&plaEnabled=false&xdEnabled=false&isFacet=true&p=32 | run_id=run_20260928_224049_427763_06222e | brand=U.S. Polo Assn. | page=32 | route=https://www.myntra.com/polo-tshirts?f=Brand%3AU.S.%20Polo%20Assn. | seen=1535 | expected=1943
2026-09-28 22:43:37 | INFO    | PDP       | Processed 50 target products for U.S. Polo Assn. in 4s (791.71 products/min). | run_id=run_20260928_224049_427763_06222e | brand=U.S. Polo Assn. | saved=50 | elapsed_label=4s | products_per_minute=791.71
2026-09-28 22:43:37 | INFO    | LISTING   | Listing U.S. Polo Assn. route https://www.myntra.com/polo-tshirts?f=Brand%3AU.S.%20Polo%20Assn. page 33 -> https://www.myntra.com/gateway/v4/search/polo-tshirts?f=Brand%3AU.S.+Polo+Assn.&rows=50&o=1600&plaEnabled=false&xdEnabled=false&isFacet=true&p=33 | run_id=run_20260928_224049_427763_06222e | brand=U.S. Polo Assn. | page=33 | route=https://www.myntra.com/polo-tshirts?f=Brand%3AU.S.%20Polo%20Assn. | seen=1585 | expected=1943
2026-09-28 22:43:43 | INFO    | PDP       | Processed 50 target products for U.S. Polo Assn. in 5s (611.09 products/min). | run_id=run_20260928_224049_427763_06222e | brand=U.S. Polo Assn. | saved=50 | elapsed_label=5s | products_per_minute=611.09
2026-09-28 22:43:43 | INFO    | LISTING   | Listing U.S. Polo Assn. route https://www.myntra.com/polo-tshirts?f=Brand%3AU.S.%20Polo%20Assn. page 34 -> https://www.myntra.com/gateway/v4/search/polo-tshirts?f=Brand%3AU.S.+Polo+Assn.&rows=50&o=1650&plaEnabled=false&xdEnabled=false&isFacet=true&p=34 | run_id=run_20260928_224049_427763_06222e | brand=U.S. Polo Assn. | page=34 | route=https://www.myntra.com/polo-tshirts?f=Brand%3AU.S.%20Polo%20Assn. | seen=1635 | expected=1943
2026-09-28 22:43:48 | WARNING | PDP       | PDP fetch failed for https://www.myntra.com/Tshirts/U.S.+Polo+Assn./US-Polo-Assn-Men-Brand-Logo-Polo-Collar-Slim-Fit-T-shirt/41673771/buy: PDP payload did not contain pdpData. | run_id=run_20260928_224049_427763_06222e | brand=U.S. Polo Assn. | route=https://www.myntra.com/Tshirts/U.S.+Polo+Assn./US-Polo-Assn-Men-Brand-Logo-Polo-Collar-Slim-Fit-T-shirt/41673771/buy
2026-09-28 22:43:48 | INFO    | PDP       | Retrying 1 PDP fetches for U.S. Polo Assn. (retry round 1/5). | run_id=run_20260928_224049_427763_06222e | brand=U.S. Polo Assn. | attempt=1/5
2026-09-28 22:43:49 | INFO    | PDP       | Processed 49 target products for U.S. Polo Assn. in 5s (584.96 products/min). | run_id=run_20260928_224049_427763_06222e | brand=U.S. Polo Assn. | saved=49 | elapsed_label=5s | products_per_minute=584.96
2026-09-28 22:43:49 | INFO    | LISTING   | Listing U.S. Polo Assn. route https://www.myntra.com/polo-tshirts?f=Brand%3AU.S.%20Polo%20Assn. page 35 -> https://www.myntra.com/gateway/v4/search/polo-tshirts?f=Brand%3AU.S.+Polo+Assn.&rows=50&o=1700&plaEnabled=false&xdEnabled=false&isFacet=true&p=35 | run_id=run_20260928_224049_427763_06222e | brand=U.S. Polo Assn. | page=35 | route=https://www.myntra.com/polo-tshirts?f=Brand%3AU.S.%20Polo%20Assn. | seen=1684 | expected=1943
2026-09-28 22:43:54 | INFO    | PDP       | Processed 50 target products for U.S. Polo Assn. in 4s (782.43 products/min). | run_id=run_20260928_224049_427763_06222e | brand=U.S. Polo Assn. | saved=50 | elapsed_label=4s | products_per_minute=782.43
2026-09-28 22:43:54 | INFO    | LISTING   | Listing U.S. Polo Assn. route https://www.myntra.com/polo-tshirts?f=Brand%3AU.S.%20Polo%20Assn. page 36 -> https://www.myntra.com/gateway/v4/search/polo-tshirts?f=Brand%3AU.S.+Polo+Assn.&rows=50&o=1750&plaEnabled=false&xdEnabled=false&isFacet=true&p=36 | run_id=run_20260928_224049_427763_06222e | brand=U.S. Polo Assn. | page=36 | route=https://www.myntra.com/polo-tshirts?f=Brand%3AU.S.%20Polo%20Assn. | seen=1734 | expected=1943
2026-09-28 22:43:57 | WARNING | PDP       | PDP fetch failed for https://www.myntra.com/Tshirts/U.S.+Polo+Assn./US-Polo-Assn-Polo-Collar-Pure-Cotton-Slim-Fit-T-shirt/32413368/buy: PDP payload did not contain pdpData. | run_id=run_20260928_224049_427763_06222e | brand=U.S. Polo Assn. | route=https://www.myntra.com/Tshirts/U.S.+Polo+Assn./US-Polo-Assn-Polo-Collar-Pure-Cotton-Slim-Fit-T-shirt/32413368/buy
2026-09-28 22:43:58 | WARNING | PDP       | PDP fetch failed for https://www.myntra.com/Tshirts/U.S.+Polo+Assn./US-Polo-Assn-Men-Checked-Polo-Collar-Pockets-Slim-Fit-T-shirt/32905485/buy: PDP payload did not contain pdpData. | run_id=run_20260928_224049_427763_06222e | brand=U.S. Polo Assn. | route=https://www.myntra.com/Tshirts/U.S.+Polo+Assn./US-Polo-Assn-Men-Checked-Polo-Collar-Pockets-Slim-Fit-T-shirt/32905485/buy
2026-09-28 22:43:59 | INFO    | PDP       | Retrying 2 PDP fetches for U.S. Polo Assn. (retry round 1/5). | run_id=run_20260928_224049_427763_06222e | brand=U.S. Polo Assn. | attempt=1/5
2026-09-28 22:44:01 | INFO    | PDP       | Processed 50 target products for U.S. Polo Assn. in 6s (524.46 products/min). | run_id=run_20260928_224049_427763_06222e | brand=U.S. Polo Assn. | saved=50 | elapsed_label=6s | products_per_minute=524.46
2026-09-28 22:44:01 | INFO    | LISTING   | Listing U.S. Polo Assn. route https://www.myntra.com/polo-tshirts?f=Brand%3AU.S.%20Polo%20Assn. page 37 -> https://www.myntra.com/gateway/v4/search/polo-tshirts?f=Brand%3AU.S.+Polo+Assn.&rows=50&o=1800&plaEnabled=false&xdEnabled=false&isFacet=true&p=37 | run_id=run_20260928_224049_427763_06222e | brand=U.S. Polo Assn. | page=37 | route=https://www.myntra.com/polo-tshirts?f=Brand%3AU.S.%20Polo%20Assn. | seen=1784 | expected=1943
2026-09-28 22:44:05 | WARNING | PDP       | PDP fetch failed for https://www.myntra.com/Tshirts/U.S.+Polo+Assn./US-Polo-Assn-Men-Striped-Polo-Collar-Cotton-Slim-Fit-T-Shirt/30675888/buy: PDP payload did not contain pdpData. | run_id=run_20260928_224049_427763_06222e | brand=U.S. Polo Assn. | route=https://www.myntra.com/Tshirts/U.S.+Polo+Assn./US-Polo-Assn-Men-Striped-Polo-Collar-Cotton-Slim-Fit-T-Shirt/30675888/buy
2026-09-28 22:44:06 | WARNING | PDP       | PDP fetch failed for https://www.myntra.com/Tshirts/U.S.+Polo+Assn./US-Polo-Assn-Pure-Cotton-Colourblocked-Polo-Collar-Slim-Fit-T-shirt/24841040/buy: PDP payload did not contain pdpData. | run_id=run_20260928_224049_427763_06222e | brand=U.S. Polo Assn. | route=https://www.myntra.com/Tshirts/U.S.+Polo+Assn./US-Polo-Assn-Pure-Cotton-Colourblocked-Polo-Collar-Slim-Fit-T-shirt/24841040/buy
2026-09-28 22:44:07 | INFO    | PDP       | Retrying 2 PDP fetches for U.S. Polo Assn. (retry round 1/5). | run_id=run_20260928_224049_427763_06222e | brand=U.S. Polo Assn. | attempt=1/5
2026-09-28 22:44:08 | INFO    | PDP       | Processed 50 target products for U.S. Polo Assn. in 6s (489.07 products/min). | run_id=run_20260928_224049_427763_06222e | brand=U.S. Polo Assn. | saved=50 | elapsed_label=6s | products_per_minute=489.07
2026-09-28 22:44:08 | INFO    | LISTING   | Listing U.S. Polo Assn. route https://www.myntra.com/polo-tshirts?f=Brand%3AU.S.%20Polo%20Assn. page 38 -> https://www.myntra.com/gateway/v4/search/polo-tshirts?f=Brand%3AU.S.+Polo+Assn.&rows=50&o=1850&plaEnabled=false&xdEnabled=false&isFacet=true&p=38 | run_id=run_20260928_224049_427763_06222e | brand=U.S. Polo Assn. | page=38 | route=https://www.myntra.com/polo-tshirts?f=Brand%3AU.S.%20Polo%20Assn. | seen=1834 | expected=1943
2026-09-28 22:44:12 | WARNING | PDP       | PDP fetch failed for https://www.myntra.com/Tshirts/U.S.+Polo+Assn./US-Polo-Assn-Men-Solid-Polo-Collar-Casual-T-shirt-With-Striped-Detail/20585146/buy: PDP payload did not contain pdpData. | run_id=run_20260928_224049_427763_06222e | brand=U.S. Polo Assn. | route=https://www.myntra.com/Tshirts/U.S.+Polo+Assn./US-Polo-Assn-Men-Solid-Polo-Collar-Casual-T-shirt-With-Striped-Detail/20585146/buy
2026-09-28 22:44:14 | INFO    | PDP       | Retrying 1 PDP fetches for U.S. Polo Assn. (retry round 1/5). | run_id=run_20260928_224049_427763_06222e | brand=U.S. Polo Assn. | attempt=1/5
2026-09-28 22:44:16 | INFO    | PDP       | Processed 50 target products for U.S. Polo Assn. in 6s (512.75 products/min). | run_id=run_20260928_224049_427763_06222e | brand=U.S. Polo Assn. | saved=50 | elapsed_label=6s | products_per_minute=512.75
2026-09-28 22:44:16 | INFO    | LISTING   | Listing U.S. Polo Assn. route https://www.myntra.com/polo-tshirts?f=Brand%3AU.S.%20Polo%20Assn. page 39 -> https://www.myntra.com/gateway/v4/search/polo-tshirts?f=Brand%3AU.S.+Polo+Assn.&rows=50&o=1900&plaEnabled=false&xdEnabled=false&isFacet=true&p=39 | run_id=run_20260928_224049_427763_06222e | brand=U.S. Polo Assn. | page=39 | route=https://www.myntra.com/polo-tshirts?f=Brand%3AU.S.%20Polo%20Assn. | seen=1884 | expected=1943
2026-09-28 22:44:21 | INFO    | PDP       | Processed 48 target products for U.S. Polo Assn. in 4s (656.62 products/min). | run_id=run_20260928_224049_427763_06222e | brand=U.S. Polo Assn. | saved=48 | elapsed_label=4s | products_per_minute=656.62
2026-09-28 22:44:21 | INFO    | LISTING   | Listing U.S. Polo Assn. route https://www.myntra.com/polo-tshirts?f=Brand%3AU.S.%20Polo%20Assn. page 40 -> https://www.myntra.com/gateway/v4/search/polo-tshirts?f=Brand%3AU.S.+Polo+Assn.&rows=50&o=1950&plaEnabled=false&xdEnabled=false&isFacet=true&p=40 | run_id=run_20260928_224049_427763_06222e | brand=U.S. Polo Assn. | page=40 | route=https://www.myntra.com/polo-tshirts?f=Brand%3AU.S.%20Polo%20Assn. | seen=1932 | expected=1943
2026-09-28 22:44:22 | WARNING | LISTING   | Empty listing page for U.S. Polo Assn. on page 40 before expected end; continuing. | run_id=run_20260928_224049_427763_06222e | brand=U.S. Polo Assn. | page=40 | route=https://www.myntra.com/polo-tshirts?f=Brand%3AU.S.%20Polo%20Assn.
2026-09-28 22:44:22 | INFO    | LISTING   | Listing U.S. Polo Assn. route https://www.myntra.com/polo-tshirts?f=Brand%3AU.S.%20Polo%20Assn. page 41 -> https://www.myntra.com/gateway/v4/search/polo-tshirts?f=Brand%3AU.S.+Polo+Assn.&rows=50&o=2000&plaEnabled=false&xdEnabled=false&isFacet=true&p=41 | run_id=run_20260928_224049_427763_06222e | brand=U.S. Polo Assn. | page=41 | route=https://www.myntra.com/polo-tshirts?f=Brand%3AU.S.%20Polo%20Assn. | seen=1932 | expected=1943
2026-09-28 22:44:23 | WARNING | NETWORK   | JSON request failed for https://www.myntra.com/gateway/v4/search/polo-tshirts?f=Brand%3AU.S.+Polo+Assn.&rows=50&o=2000&plaEnabled=false&xdEnabled=false&isFacet=true&p=41 on attempt 1/3: HTTP Error 400:  | run_id=run_20260928_224049_427763_06222e | route=https://www.myntra.com/gateway/v4/search/polo-tshirts?f=Brand%3AU.S.+Polo+Assn.&rows=50&o=2000&plaEnabled=false&xdEnabled=false&isFacet=true&p=41 | attempt=1/3
2026-09-28 22:44:25 | WARNING | NETWORK   | JSON request failed for https://www.myntra.com/gateway/v4/search/polo-tshirts?f=Brand%3AU.S.+Polo+Assn.&rows=50&o=2000&plaEnabled=false&xdEnabled=false&isFacet=true&p=41 on attempt 2/3: HTTP Error 400:  | run_id=run_20260928_224049_427763_06222e | route=https://www.myntra.com/gateway/v4/search/polo-tshirts?f=Brand%3AU.S.+Polo+Assn.&rows=50&o=2000&plaEnabled=false&xdEnabled=false&isFacet=true&p=41 | attempt=2/3
2026-09-28 22:44:27 | WARNING | NETWORK   | JSON request failed for https://www.myntra.com/gateway/v4/search/polo-tshirts?f=Brand%3AU.S.+Polo+Assn.&rows=50&o=2000&plaEnabled=false&xdEnabled=false&isFacet=true&p=41 on attempt 3/3: HTTP Error 400:  | run_id=run_20260928_224049_427763_06222e | route=https://www.myntra.com/gateway/v4/search/polo-tshirts?f=Brand%3AU.S.+Polo+Assn.&rows=50&o=2000&plaEnabled=false&xdEnabled=false&isFacet=true&p=41 | attempt=3/3
2026-09-28 22:44:28 | WARNING | NETWORK   | JSON request failed for https://www.myntra.com/gateway/v4/search/polo-tshirts?f=Brand%3AU.S.+Polo+Assn.&rows=25&o=2000&plaEnabled=false&xdEnabled=false&isFacet=true&p=41 on attempt 1/3: HTTP Error 400:  | run_id=run_20260928_224049_427763_06222e | route=https://www.myntra.com/gateway/v4/search/polo-tshirts?f=Brand%3AU.S.+Polo+Assn.&rows=25&o=2000&plaEnabled=false&xdEnabled=false&isFacet=true&p=41 | attempt=1/3
2026-09-28 22:44:30 | WARNING | NETWORK   | JSON request failed for https://www.myntra.com/gateway/v4/search/polo-tshirts?f=Brand%3AU.S.+Polo+Assn.&rows=25&o=2000&plaEnabled=false&xdEnabled=false&isFacet=true&p=41 on attempt 2/3: HTTP Error 400:  | run_id=run_20260928_224049_427763_06222e | route=https://www.myntra.com/gateway/v4/search/polo-tshirts?f=Brand%3AU.S.+Polo+Assn.&rows=25&o=2000&plaEnabled=false&xdEnabled=false&isFacet=true&p=41 | attempt=2/3
2026-09-28 22:44:33 | WARNING | NETWORK   | JSON request failed for https://www.myntra.com/gateway/v4/search/polo-tshirts?f=Brand%3AU.S.+Polo+Assn.&rows=25&o=2000&plaEnabled=false&xdEnabled=false&isFacet=true&p=41 on attempt 3/3: HTTP Error 400:  | run_id=run_20260928_224049_427763_06222e | route=https://www.myntra.com/gateway/v4/search/polo-tshirts?f=Brand%3AU.S.+Polo+Assn.&rows=25&o=2000&plaEnabled=false&xdEnabled=false&isFacet=true&p=41 | attempt=3/3
2026-09-28 22:44:34 | WARNING | NETWORK   | JSON request failed for https://www.myntra.com/gateway/v4/search/polo-tshirts?f=Brand%3AU.S.+Polo+Assn.&rows=10&o=2000&plaEnabled=false&xdEnabled=false&isFacet=true&p=41 on attempt 1/3: HTTP Error 400:  | run_id=run_20260928_224049_427763_06222e | route=https://www.myntra.com/gateway/v4/search/polo-tshirts?f=Brand%3AU.S.+Polo+Assn.&rows=10&o=2000&plaEnabled=false&xdEnabled=false&isFacet=true&p=41 | attempt=1/3
2026-09-28 22:44:35 | WARNING | NETWORK   | JSON request failed for https://www.myntra.com/gateway/v4/search/polo-tshirts?f=Brand%3AU.S.+Polo+Assn.&rows=10&o=2000&plaEnabled=false&xdEnabled=false&isFacet=true&p=41 on attempt 2/3: HTTP Error 400:  | run_id=run_20260928_224049_427763_06222e | route=https://www.myntra.com/gateway/v4/search/polo-tshirts?f=Brand%3AU.S.+Polo+Assn.&rows=10&o=2000&plaEnabled=false&xdEnabled=false&isFacet=true&p=41 | attempt=2/3
2026-09-28 22:44:38 | WARNING | NETWORK   | JSON request failed for https://www.myntra.com/gateway/v4/search/polo-tshirts?f=Brand%3AU.S.+Polo+Assn.&rows=10&o=2000&plaEnabled=false&xdEnabled=false&isFacet=true&p=41 on attempt 3/3: HTTP Error 400:  | run_id=run_20260928_224049_427763_06222e | route=https://www.myntra.com/gateway/v4/search/polo-tshirts?f=Brand%3AU.S.+Polo+Assn.&rows=10&o=2000&plaEnabled=false&xdEnabled=false&isFacet=true&p=41 | attempt=3/3
2026-09-28 22:44:39 | WARNING | NETWORK   | JSON request failed for https://www.myntra.com/gateway/v4/search/polo-tshirts?f=Brand%3AU.S.+Polo+Assn.&rows=50&o=1999&plaEnabled=false&xdEnabled=false&isFacet=true&p=41 on attempt 1/3: HTTP Error 400:  | run_id=run_20260928_224049_427763_06222e | route=https://www.myntra.com/gateway/v4/search/polo-tshirts?f=Brand%3AU.S.+Polo+Assn.&rows=50&o=1999&plaEnabled=false&xdEnabled=false&isFacet=true&p=41 | attempt=1/3
2026-09-28 22:44:40 | WARNING | NETWORK   | JSON request failed for https://www.myntra.com/gateway/v4/search/polo-tshirts?f=Brand%3AU.S.+Polo+Assn.&rows=50&o=1999&plaEnabled=false&xdEnabled=false&isFacet=true&p=41 on attempt 2/3: HTTP Error 400:  | run_id=run_20260928_224049_427763_06222e | route=https://www.myntra.com/gateway/v4/search/polo-tshirts?f=Brand%3AU.S.+Polo+Assn.&rows=50&o=1999&plaEnabled=false&xdEnabled=false&isFacet=true&p=41 | attempt=2/3
2026-09-28 22:44:43 | WARNING | NETWORK   | JSON request failed for https://www.myntra.com/gateway/v4/search/polo-tshirts?f=Brand%3AU.S.+Polo+Assn.&rows=50&o=1999&plaEnabled=false&xdEnabled=false&isFacet=true&p=41 on attempt 3/3: HTTP Error 400:  | run_id=run_20260928_224049_427763_06222e | route=https://www.myntra.com/gateway/v4/search/polo-tshirts?f=Brand%3AU.S.+Polo+Assn.&rows=50&o=1999&plaEnabled=false&xdEnabled=false&isFacet=true&p=41 | attempt=3/3
2026-09-28 22:44:44 | WARNING | NETWORK   | JSON request failed for https://www.myntra.com/gateway/v4/search/polo-tshirts?f=Brand%3AU.S.+Polo+Assn.&rows=25&o=1999&plaEnabled=false&xdEnabled=false&isFacet=true&p=41 on attempt 1/3: HTTP Error 400:  | run_id=run_20260928_224049_427763_06222e | route=https://www.myntra.com/gateway/v4/search/polo-tshirts?f=Brand%3AU.S.+Polo+Assn.&rows=25&o=1999&plaEnabled=false&xdEnabled=false&isFacet=true&p=41 | attempt=1/3
2026-09-28 22:44:46 | WARNING | NETWORK   | JSON request failed for https://www.myntra.com/gateway/v4/search/polo-tshirts?f=Brand%3AU.S.+Polo+Assn.&rows=25&o=1999&plaEnabled=false&xdEnabled=false&isFacet=true&p=41 on attempt 2/3: HTTP Error 400:  | run_id=run_20260928_224049_427763_06222e | route=https://www.myntra.com/gateway/v4/search/polo-tshirts?f=Brand%3AU.S.+Polo+Assn.&rows=25&o=1999&plaEnabled=false&xdEnabled=false&isFacet=true&p=41 | attempt=2/3
2026-09-28 22:44:48 | WARNING | NETWORK   | JSON request failed for https://www.myntra.com/gateway/v4/search/polo-tshirts?f=Brand%3AU.S.+Polo+Assn.&rows=25&o=1999&plaEnabled=false&xdEnabled=false&isFacet=true&p=41 on attempt 3/3: HTTP Error 400:  | run_id=run_20260928_224049_427763_06222e | route=https://www.myntra.com/gateway/v4/search/polo-tshirts?f=Brand%3AU.S.+Polo+Assn.&rows=25&o=1999&plaEnabled=false&xdEnabled=false&isFacet=true&p=41 | attempt=3/3
2026-09-28 22:44:49 | WARNING | NETWORK   | JSON request failed for https://www.myntra.com/gateway/v4/search/polo-tshirts?f=Brand%3AU.S.+Polo+Assn.&rows=10&o=1999&plaEnabled=false&xdEnabled=false&isFacet=true&p=41 on attempt 1/3: HTTP Error 400:  | run_id=run_20260928_224049_427763_06222e | route=https://www.myntra.com/gateway/v4/search/polo-tshirts?f=Brand%3AU.S.+Polo+Assn.&rows=10&o=1999&plaEnabled=false&xdEnabled=false&isFacet=true&p=41 | attempt=1/3
2026-09-28 22:44:51 | WARNING | NETWORK   | JSON request failed for https://www.myntra.com/gateway/v4/search/polo-tshirts?f=Brand%3AU.S.+Polo+Assn.&rows=10&o=1999&plaEnabled=false&xdEnabled=false&isFacet=true&p=41 on attempt 2/3: HTTP Error 400:  | run_id=run_20260928_224049_427763_06222e | route=https://www.myntra.com/gateway/v4/search/polo-tshirts?f=Brand%3AU.S.+Polo+Assn.&rows=10&o=1999&plaEnabled=false&xdEnabled=false&isFacet=true&p=41 | attempt=2/3
2026-09-28 22:44:53 | WARNING | NETWORK   | JSON request failed for https://www.myntra.com/gateway/v4/search/polo-tshirts?f=Brand%3AU.S.+Polo+Assn.&rows=10&o=1999&plaEnabled=false&xdEnabled=false&isFacet=true&p=41 on attempt 3/3: HTTP Error 400:  | run_id=run_20260928_224049_427763_06222e | route=https://www.myntra.com/gateway/v4/search/polo-tshirts?f=Brand%3AU.S.+Polo+Assn.&rows=10&o=1999&plaEnabled=false&xdEnabled=false&isFacet=true&p=41 | attempt=3/3
2026-09-28 22:44:53 | INFO    | LISTING   | Natural catalog end reached for https://www.myntra.com/polo-tshirts?f=Brand%3AU.S.%20Polo%20Assn. at page 41 (1932 products captured, 1943 expected). | run_id=run_20260928_224049_427763_06222e | brand=U.S. Polo Assn. | page=41 | route=https://www.myntra.com/polo-tshirts?f=Brand%3AU.S.%20Polo%20Assn.
2026-09-28 22:44:53 | INFO    | BRAND     | Skipping redundant route https://www.myntra.com/men-polo-tshirts?f=Brand%3AU.S.%20Polo%20Assn. for U.S. Polo Assn. (100% of first page already captured). | run_id=run_20260928_224049_427763_06222e | brand=U.S. Polo Assn. | route=https://www.myntra.com/men-polo-tshirts?f=Brand%3AU.S.%20Polo%20Assn.
2026-09-28 22:44:53 | INFO    | LISTING   | Listing U.S. Polo Assn. route https://www.myntra.com/kids-polo-tshirts?f=Brand%3AU.S.%20Polo%20Assn. page 1 -> https://www.myntra.com/gateway/v4/search/kids-polo-tshirts?f=Brand%3AU.S.+Polo+Assn.&rows=50&o=0&plaEnabled=false&xdEnabled=false&isFacet=true&p=1 | run_id=run_20260928_224049_427763_06222e | brand=U.S. Polo Assn. | page=1 | route=https://www.myntra.com/kids-polo-tshirts?f=Brand%3AU.S.%20Polo%20Assn. | seen=0 | expected=6
2026-09-28 22:44:55 | WARNING | BRAND     | Brand U.S. Polo Assn. finished below expected count: saw 1932 unique activewear products vs expected 1943. | run_id=run_20260928_224049_427763_06222e | brand=U.S. Polo Assn. | seen=1932 | expected=1943
2026-09-28 22:44:55 | INFO    | BRAND     | Brand scrape completed in 4m 4s (474.54 products/min). | run_id=run_20260928_224049_427763_06222e | brand=U.S. Polo Assn. | status=COMPLETED | saved=1932 | seen=1932 | expected=1943 | elapsed_label=4m 4s | products_per_minute=474.54
2026-09-28 22:44:55 | INFO    | BRAND     | Resolving brand routes. | run_id=run_20260928_224049_427763_06222e | brand=Jack & Jones
2026-09-28 22:44:57 | INFO    | BRAND     | Resolved Jack & Jones -> 3 routes (best brand total=469): https://www.myntra.com/polo-tshirts?f=Brand%3AJack%20%26%20Jones, https://www.myntra.com/men-polo-tshirts?f=Brand%3AJack%20%26%20Jones, https://www.myntra.com/jack-and-jones-polo-tshirts | run_id=run_20260928_224049_427763_06222e | brand=Jack & Jones | expected=469
2026-09-28 22:44:57 | INFO    | BRAND     | Starting brand scrape. | run_id=run_20260928_224049_427763_06222e | brand=Jack & Jones | expected=469
2026-09-28 22:44:57 | INFO    | LISTING   | Listing Jack & Jones route https://www.myntra.com/polo-tshirts?f=Brand%3AJack%20%26%20Jones page 1 -> https://www.myntra.com/gateway/v4/search/polo-tshirts?f=Brand%3AJack+%26+Jones&rows=50&o=0&plaEnabled=false&xdEnabled=false&isFacet=true&p=1 | run_id=run_20260928_224049_427763_06222e | brand=Jack & Jones | page=1 | route=https://www.myntra.com/polo-tshirts?f=Brand%3AJack%20%26%20Jones | seen=0 | expected=469
2026-09-28 22:45:02 | INFO    | PDP       | Processed 50 target products for Jack & Jones in 4s (762.6 products/min). | run_id=run_20260928_224049_427763_06222e | brand=Jack & Jones | saved=50 | elapsed_label=4s | products_per_minute=762.6
2026-09-28 22:45:02 | INFO    | LISTING   | Listing Jack & Jones route https://www.myntra.com/polo-tshirts?f=Brand%3AJack%20%26%20Jones page 2 -> https://www.myntra.com/gateway/v4/search/polo-tshirts?f=Brand%3AJack+%26+Jones&rows=50&o=50&plaEnabled=false&xdEnabled=false&isFacet=true&p=2 | run_id=run_20260928_224049_427763_06222e | brand=Jack & Jones | page=2 | route=https://www.myntra.com/polo-tshirts?f=Brand%3AJack%20%26%20Jones | seen=50 | expected=469
2026-09-28 22:45:07 | INFO    | PDP       | Processed 49 target products for Jack & Jones in 4s (776.02 products/min). | run_id=run_20260928_224049_427763_06222e | brand=Jack & Jones | saved=49 | elapsed_label=4s | products_per_minute=776.02
2026-09-28 22:45:07 | INFO    | LISTING   | Listing Jack & Jones route https://www.myntra.com/polo-tshirts?f=Brand%3AJack%20%26%20Jones page 3 -> https://www.myntra.com/gateway/v4/search/polo-tshirts?f=Brand%3AJack+%26+Jones&rows=50&o=100&plaEnabled=false&xdEnabled=false&isFacet=true&p=3 | run_id=run_20260928_224049_427763_06222e | brand=Jack & Jones | page=3 | route=https://www.myntra.com/polo-tshirts?f=Brand%3AJack%20%26%20Jones | seen=99 | expected=469
2026-09-28 22:45:11 | INFO    | PDP       | Processed 49 target products for Jack & Jones in 3s (891.81 products/min). | run_id=run_20260928_224049_427763_06222e | brand=Jack & Jones | saved=49 | elapsed_label=3s | products_per_minute=891.81
2026-09-28 22:45:11 | INFO    | LISTING   | Listing Jack & Jones route https://www.myntra.com/polo-tshirts?f=Brand%3AJack%20%26%20Jones page 4 -> https://www.myntra.com/gateway/v4/search/polo-tshirts?f=Brand%3AJack+%26+Jones&rows=50&o=150&plaEnabled=false&xdEnabled=false&isFacet=true&p=4 | run_id=run_20260928_224049_427763_06222e | brand=Jack & Jones | page=4 | route=https://www.myntra.com/polo-tshirts?f=Brand%3AJack%20%26%20Jones | seen=148 | expected=469
2026-09-28 22:45:15 | INFO    | PDP       | Processed 46 target products for Jack & Jones in 3s (844.78 products/min). | run_id=run_20260928_224049_427763_06222e | brand=Jack & Jones | saved=46 | elapsed_label=3s | products_per_minute=844.78
2026-09-28 22:45:15 | INFO    | LISTING   | Listing Jack & Jones route https://www.myntra.com/polo-tshirts?f=Brand%3AJack%20%26%20Jones page 5 -> https://www.myntra.com/gateway/v4/search/polo-tshirts?f=Brand%3AJack+%26+Jones&rows=50&o=200&plaEnabled=false&xdEnabled=false&isFacet=true&p=5 | run_id=run_20260928_224049_427763_06222e | brand=Jack & Jones | page=5 | route=https://www.myntra.com/polo-tshirts?f=Brand%3AJack%20%26%20Jones | seen=194 | expected=469
2026-09-28 22:45:20 | INFO    | PDP       | Processed 49 target products for Jack & Jones in 4s (781.2 products/min). | run_id=run_20260928_224049_427763_06222e | brand=Jack & Jones | saved=49 | elapsed_label=4s | products_per_minute=781.2
2026-09-28 22:45:20 | INFO    | LISTING   | Listing Jack & Jones route https://www.myntra.com/polo-tshirts?f=Brand%3AJack%20%26%20Jones page 6 -> https://www.myntra.com/gateway/v4/search/polo-tshirts?f=Brand%3AJack+%26+Jones&rows=50&o=250&plaEnabled=false&xdEnabled=false&isFacet=true&p=6 | run_id=run_20260928_224049_427763_06222e | brand=Jack & Jones | page=6 | route=https://www.myntra.com/polo-tshirts?f=Brand%3AJack%20%26%20Jones | seen=243 | expected=469
2026-09-28 22:45:24 | INFO    | PDP       | Processed 48 target products for Jack & Jones in 3s (839.74 products/min). | run_id=run_20260928_224049_427763_06222e | brand=Jack & Jones | saved=48 | elapsed_label=3s | products_per_minute=839.74
2026-09-28 22:45:24 | INFO    | LISTING   | Listing Jack & Jones route https://www.myntra.com/polo-tshirts?f=Brand%3AJack%20%26%20Jones page 7 -> https://www.myntra.com/gateway/v4/search/polo-tshirts?f=Brand%3AJack+%26+Jones&rows=50&o=300&plaEnabled=false&xdEnabled=false&isFacet=true&p=7 | run_id=run_20260928_224049_427763_06222e | brand=Jack & Jones | page=7 | route=https://www.myntra.com/polo-tshirts?f=Brand%3AJack%20%26%20Jones | seen=291 | expected=469
2026-09-28 22:45:28 | INFO    | PDP       | Processed 49 target products for Jack & Jones in 3s (885.64 products/min). | run_id=run_20260928_224049_427763_06222e | brand=Jack & Jones | saved=49 | elapsed_label=3s | products_per_minute=885.64
2026-09-28 22:45:28 | INFO    | LISTING   | Listing Jack & Jones route https://www.myntra.com/polo-tshirts?f=Brand%3AJack%20%26%20Jones page 8 -> https://www.myntra.com/gateway/v4/search/polo-tshirts?f=Brand%3AJack+%26+Jones&rows=50&o=350&plaEnabled=false&xdEnabled=false&isFacet=true&p=8 | run_id=run_20260928_224049_427763_06222e | brand=Jack & Jones | page=8 | route=https://www.myntra.com/polo-tshirts?f=Brand%3AJack%20%26%20Jones | seen=340 | expected=469
2026-09-28 22:45:33 | INFO    | PDP       | Processed 50 target products for Jack & Jones in 4s (764.09 products/min). | run_id=run_20260928_224049_427763_06222e | brand=Jack & Jones | saved=50 | elapsed_label=4s | products_per_minute=764.09
2026-09-28 22:45:33 | INFO    | LISTING   | Listing Jack & Jones route https://www.myntra.com/polo-tshirts?f=Brand%3AJack%20%26%20Jones page 9 -> https://www.myntra.com/gateway/v4/search/polo-tshirts?f=Brand%3AJack+%26+Jones&rows=50&o=400&plaEnabled=false&xdEnabled=false&isFacet=true&p=9 | run_id=run_20260928_224049_427763_06222e | brand=Jack & Jones | page=9 | route=https://www.myntra.com/polo-tshirts?f=Brand%3AJack%20%26%20Jones | seen=390 | expected=469
2026-09-28 22:45:37 | INFO    | PDP       | Processed 49 target products for Jack & Jones in 3s (902.39 products/min). | run_id=run_20260928_224049_427763_06222e | brand=Jack & Jones | saved=49 | elapsed_label=3s | products_per_minute=902.39
2026-09-28 22:45:37 | INFO    | LISTING   | Listing Jack & Jones route https://www.myntra.com/polo-tshirts?f=Brand%3AJack%20%26%20Jones page 10 -> https://www.myntra.com/gateway/v4/search/polo-tshirts?f=Brand%3AJack+%26+Jones&rows=50&o=450&plaEnabled=false&xdEnabled=false&isFacet=true&p=10 | run_id=run_20260928_224049_427763_06222e | brand=Jack & Jones | page=10 | route=https://www.myntra.com/polo-tshirts?f=Brand%3AJack%20%26%20Jones | seen=439 | expected=469
2026-09-28 22:45:41 | INFO    | PDP       | Processed 18 target products for Jack & Jones in 2s (441.04 products/min). | run_id=run_20260928_224049_427763_06222e | brand=Jack & Jones | saved=18 | elapsed_label=2s | products_per_minute=441.04
2026-09-28 22:45:41 | INFO    | LISTING   | Listing Jack & Jones route https://www.myntra.com/polo-tshirts?f=Brand%3AJack%20%26%20Jones page 11 -> https://www.myntra.com/gateway/v4/search/polo-tshirts?f=Brand%3AJack+%26+Jones&rows=50&o=500&plaEnabled=false&xdEnabled=false&isFacet=true&p=11 | run_id=run_20260928_224049_427763_06222e | brand=Jack & Jones | page=11 | route=https://www.myntra.com/polo-tshirts?f=Brand%3AJack%20%26%20Jones | seen=457 | expected=469
2026-09-28 22:45:41 | WARNING | LISTING   | Empty listing page for Jack & Jones on page 11 before expected end; continuing. | run_id=run_20260928_224049_427763_06222e | brand=Jack & Jones | page=11 | route=https://www.myntra.com/polo-tshirts?f=Brand%3AJack%20%26%20Jones
2026-09-28 22:45:41 | INFO    | LISTING   | Listing Jack & Jones route https://www.myntra.com/polo-tshirts?f=Brand%3AJack%20%26%20Jones page 12 -> https://www.myntra.com/gateway/v4/search/polo-tshirts?f=Brand%3AJack+%26+Jones&rows=50&o=550&plaEnabled=false&xdEnabled=false&isFacet=true&p=12 | run_id=run_20260928_224049_427763_06222e | brand=Jack & Jones | page=12 | route=https://www.myntra.com/polo-tshirts?f=Brand%3AJack%20%26%20Jones | seen=457 | expected=469
2026-09-28 22:45:42 | WARNING | NETWORK   | JSON request failed for https://www.myntra.com/gateway/v4/search/polo-tshirts?f=Brand%3AJack+%26+Jones&rows=50&o=550&plaEnabled=false&xdEnabled=false&isFacet=true&p=12 on attempt 1/3: HTTP Error 400:  | run_id=run_20260928_224049_427763_06222e | route=https://www.myntra.com/gateway/v4/search/polo-tshirts?f=Brand%3AJack+%26+Jones&rows=50&o=550&plaEnabled=false&xdEnabled=false&isFacet=true&p=12 | attempt=1/3
2026-09-28 22:45:44 | WARNING | NETWORK   | JSON request failed for https://www.myntra.com/gateway/v4/search/polo-tshirts?f=Brand%3AJack+%26+Jones&rows=50&o=550&plaEnabled=false&xdEnabled=false&isFacet=true&p=12 on attempt 2/3: HTTP Error 400:  | run_id=run_20260928_224049_427763_06222e | route=https://www.myntra.com/gateway/v4/search/polo-tshirts?f=Brand%3AJack+%26+Jones&rows=50&o=550&plaEnabled=false&xdEnabled=false&isFacet=true&p=12 | attempt=2/3
2026-09-28 22:45:47 | WARNING | NETWORK   | JSON request failed for https://www.myntra.com/gateway/v4/search/polo-tshirts?f=Brand%3AJack+%26+Jones&rows=50&o=550&plaEnabled=false&xdEnabled=false&isFacet=true&p=12 on attempt 3/3: HTTP Error 400:  | run_id=run_20260928_224049_427763_06222e | route=https://www.myntra.com/gateway/v4/search/polo-tshirts?f=Brand%3AJack+%26+Jones&rows=50&o=550&plaEnabled=false&xdEnabled=false&isFacet=true&p=12 | attempt=3/3
2026-09-28 22:45:47 | WARNING | NETWORK   | JSON request failed for https://www.myntra.com/gateway/v4/search/polo-tshirts?f=Brand%3AJack+%26+Jones&rows=25&o=550&plaEnabled=false&xdEnabled=false&isFacet=true&p=12 on attempt 1/3: HTTP Error 400:  | run_id=run_20260928_224049_427763_06222e | route=https://www.myntra.com/gateway/v4/search/polo-tshirts?f=Brand%3AJack+%26+Jones&rows=25&o=550&plaEnabled=false&xdEnabled=false&isFacet=true&p=12 | attempt=1/3
2026-09-28 22:45:49 | WARNING | NETWORK   | JSON request failed for https://www.myntra.com/gateway/v4/search/polo-tshirts?f=Brand%3AJack+%26+Jones&rows=25&o=550&plaEnabled=false&xdEnabled=false&isFacet=true&p=12 on attempt 2/3: HTTP Error 400:  | run_id=run_20260928_224049_427763_06222e | route=https://www.myntra.com/gateway/v4/search/polo-tshirts?f=Brand%3AJack+%26+Jones&rows=25&o=550&plaEnabled=false&xdEnabled=false&isFacet=true&p=12 | attempt=2/3
2026-09-28 22:45:51 | WARNING | NETWORK   | JSON request failed for https://www.myntra.com/gateway/v4/search/polo-tshirts?f=Brand%3AJack+%26+Jones&rows=25&o=550&plaEnabled=false&xdEnabled=false&isFacet=true&p=12 on attempt 3/3: HTTP Error 400:  | run_id=run_20260928_224049_427763_06222e | route=https://www.myntra.com/gateway/v4/search/polo-tshirts?f=Brand%3AJack+%26+Jones&rows=25&o=550&plaEnabled=false&xdEnabled=false&isFacet=true&p=12 | attempt=3/3
2026-09-28 22:45:52 | WARNING | NETWORK   | JSON request failed for https://www.myntra.com/gateway/v4/search/polo-tshirts?f=Brand%3AJack+%26+Jones&rows=10&o=550&plaEnabled=false&xdEnabled=false&isFacet=true&p=12 on attempt 1/3: HTTP Error 400:  | run_id=run_20260928_224049_427763_06222e | route=https://www.myntra.com/gateway/v4/search/polo-tshirts?f=Brand%3AJack+%26+Jones&rows=10&o=550&plaEnabled=false&xdEnabled=false&isFacet=true&p=12 | attempt=1/3
2026-09-28 22:45:54 | WARNING | NETWORK   | JSON request failed for https://www.myntra.com/gateway/v4/search/polo-tshirts?f=Brand%3AJack+%26+Jones&rows=10&o=550&plaEnabled=false&xdEnabled=false&isFacet=true&p=12 on attempt 2/3: HTTP Error 400:  | run_id=run_20260928_224049_427763_06222e | route=https://www.myntra.com/gateway/v4/search/polo-tshirts?f=Brand%3AJack+%26+Jones&rows=10&o=550&plaEnabled=false&xdEnabled=false&isFacet=true&p=12 | attempt=2/3
2026-09-28 22:45:56 | WARNING | NETWORK   | JSON request failed for https://www.myntra.com/gateway/v4/search/polo-tshirts?f=Brand%3AJack+%26+Jones&rows=10&o=550&plaEnabled=false&xdEnabled=false&isFacet=true&p=12 on attempt 3/3: HTTP Error 400:  | run_id=run_20260928_224049_427763_06222e | route=https://www.myntra.com/gateway/v4/search/polo-tshirts?f=Brand%3AJack+%26+Jones&rows=10&o=550&plaEnabled=false&xdEnabled=false&isFacet=true&p=12 | attempt=3/3
2026-09-28 22:45:57 | WARNING | NETWORK   | JSON request failed for https://www.myntra.com/gateway/v4/search/polo-tshirts?f=Brand%3AJack+%26+Jones&rows=50&o=549&plaEnabled=false&xdEnabled=false&isFacet=true&p=12 on attempt 1/3: HTTP Error 400:  | run_id=run_20260928_224049_427763_06222e | route=https://www.myntra.com/gateway/v4/search/polo-tshirts?f=Brand%3AJack+%26+Jones&rows=50&o=549&plaEnabled=false&xdEnabled=false&isFacet=true&p=12 | attempt=1/3
2026-09-28 22:45:59 | WARNING | NETWORK   | JSON request failed for https://www.myntra.com/gateway/v4/search/polo-tshirts?f=Brand%3AJack+%26+Jones&rows=50&o=549&plaEnabled=false&xdEnabled=false&isFacet=true&p=12 on attempt 2/3: HTTP Error 400:  | run_id=run_20260928_224049_427763_06222e | route=https://www.myntra.com/gateway/v4/search/polo-tshirts?f=Brand%3AJack+%26+Jones&rows=50&o=549&plaEnabled=false&xdEnabled=false&isFacet=true&p=12 | attempt=2/3
2026-09-28 22:46:02 | WARNING | NETWORK   | JSON request failed for https://www.myntra.com/gateway/v4/search/polo-tshirts?f=Brand%3AJack+%26+Jones&rows=50&o=549&plaEnabled=false&xdEnabled=false&isFacet=true&p=12 on attempt 3/3: HTTP Error 400:  | run_id=run_20260928_224049_427763_06222e | route=https://www.myntra.com/gateway/v4/search/polo-tshirts?f=Brand%3AJack+%26+Jones&rows=50&o=549&plaEnabled=false&xdEnabled=false&isFacet=true&p=12 | attempt=3/3
2026-09-28 22:46:02 | WARNING | NETWORK   | JSON request failed for https://www.myntra.com/gateway/v4/search/polo-tshirts?f=Brand%3AJack+%26+Jones&rows=25&o=549&plaEnabled=false&xdEnabled=false&isFacet=true&p=12 on attempt 1/3: HTTP Error 400:  | run_id=run_20260928_224049_427763_06222e | route=https://www.myntra.com/gateway/v4/search/polo-tshirts?f=Brand%3AJack+%26+Jones&rows=25&o=549&plaEnabled=false&xdEnabled=false&isFacet=true&p=12 | attempt=1/3
2026-09-28 22:46:04 | WARNING | NETWORK   | JSON request failed for https://www.myntra.com/gateway/v4/search/polo-tshirts?f=Brand%3AJack+%26+Jones&rows=25&o=549&plaEnabled=false&xdEnabled=false&isFacet=true&p=12 on attempt 2/3: HTTP Error 400:  | run_id=run_20260928_224049_427763_06222e | route=https://www.myntra.com/gateway/v4/search/polo-tshirts?f=Brand%3AJack+%26+Jones&rows=25&o=549&plaEnabled=false&xdEnabled=false&isFacet=true&p=12 | attempt=2/3
2026-09-28 22:46:07 | WARNING | NETWORK   | JSON request failed for https://www.myntra.com/gateway/v4/search/polo-tshirts?f=Brand%3AJack+%26+Jones&rows=25&o=549&plaEnabled=false&xdEnabled=false&isFacet=true&p=12 on attempt 3/3: HTTP Error 400:  | run_id=run_20260928_224049_427763_06222e | route=https://www.myntra.com/gateway/v4/search/polo-tshirts?f=Brand%3AJack+%26+Jones&rows=25&o=549&plaEnabled=false&xdEnabled=false&isFacet=true&p=12 | attempt=3/3
2026-09-28 22:46:08 | WARNING | NETWORK   | JSON request failed for https://www.myntra.com/gateway/v4/search/polo-tshirts?f=Brand%3AJack+%26+Jones&rows=10&o=549&plaEnabled=false&xdEnabled=false&isFacet=true&p=12 on attempt 1/3: HTTP Error 400:  | run_id=run_20260928_224049_427763_06222e | route=https://www.myntra.com/gateway/v4/search/polo-tshirts?f=Brand%3AJack+%26+Jones&rows=10&o=549&plaEnabled=false&xdEnabled=false&isFacet=true&p=12 | attempt=1/3
2026-09-28 22:46:09 | WARNING | NETWORK   | JSON request failed for https://www.myntra.com/gateway/v4/search/polo-tshirts?f=Brand%3AJack+%26+Jones&rows=10&o=549&plaEnabled=false&xdEnabled=false&isFacet=true&p=12 on attempt 2/3: HTTP Error 400:  | run_id=run_20260928_224049_427763_06222e | route=https://www.myntra.com/gateway/v4/search/polo-tshirts?f=Brand%3AJack+%26+Jones&rows=10&o=549&plaEnabled=false&xdEnabled=false&isFacet=true&p=12 | attempt=2/3
2026-09-28 22:46:12 | WARNING | NETWORK   | JSON request failed for https://www.myntra.com/gateway/v4/search/polo-tshirts?f=Brand%3AJack+%26+Jones&rows=10&o=549&plaEnabled=false&xdEnabled=false&isFacet=true&p=12 on attempt 3/3: HTTP Error 400:  | run_id=run_20260928_224049_427763_06222e | route=https://www.myntra.com/gateway/v4/search/polo-tshirts?f=Brand%3AJack+%26+Jones&rows=10&o=549&plaEnabled=false&xdEnabled=false&isFacet=true&p=12 | attempt=3/3
2026-09-28 22:46:12 | INFO    | LISTING   | Natural catalog end reached for https://www.myntra.com/polo-tshirts?f=Brand%3AJack%20%26%20Jones at page 12 (457 products captured, 469 expected). | run_id=run_20260928_224049_427763_06222e | brand=Jack & Jones | page=12 | route=https://www.myntra.com/polo-tshirts?f=Brand%3AJack%20%26%20Jones
2026-09-28 22:46:12 | WARNING | LISTING   | Retrying route https://www.myntra.com/polo-tshirts?f=Brand%3AJack%20%26%20Jones for Jack & Jones (pass 1/2) after incomplete coverage: 457/469 unique products seen. | run_id=run_20260928_224049_427763_06222e | brand=Jack & Jones | route=https://www.myntra.com/polo-tshirts?f=Brand%3AJack%20%26%20Jones | seen=457 | expected=469 | attempt=1/2
2026-09-28 22:46:12 | INFO    | LISTING   | Listing Jack & Jones route https://www.myntra.com/polo-tshirts?f=Brand%3AJack%20%26%20Jones page 1 -> https://www.myntra.com/gateway/v4/search/polo-tshirts?f=Brand%3AJack+%26+Jones&rows=50&o=0&plaEnabled=false&xdEnabled=false&isFacet=true&p=1 | run_id=run_20260928_224049_427763_06222e | brand=Jack & Jones | page=1 | route=https://www.myntra.com/polo-tshirts?f=Brand%3AJack%20%26%20Jones | seen=457 | expected=469
2026-09-28 22:46:14 | INFO    | LISTING   | Listing Jack & Jones route https://www.myntra.com/polo-tshirts?f=Brand%3AJack%20%26%20Jones page 2 -> https://www.myntra.com/gateway/v4/search/polo-tshirts?f=Brand%3AJack+%26+Jones&rows=50&o=50&plaEnabled=false&xdEnabled=false&isFacet=true&p=2 | run_id=run_20260928_224049_427763_06222e | brand=Jack & Jones | page=2 | route=https://www.myntra.com/polo-tshirts?f=Brand%3AJack%20%26%20Jones | seen=457 | expected=469
2026-09-28 22:46:15 | INFO    | LISTING   | Listing Jack & Jones route https://www.myntra.com/polo-tshirts?f=Brand%3AJack%20%26%20Jones page 3 -> https://www.myntra.com/gateway/v4/search/polo-tshirts?f=Brand%3AJack+%26+Jones&rows=50&o=100&plaEnabled=false&xdEnabled=false&isFacet=true&p=3 | run_id=run_20260928_224049_427763_06222e | brand=Jack & Jones | page=3 | route=https://www.myntra.com/polo-tshirts?f=Brand%3AJack%20%26%20Jones | seen=457 | expected=469
2026-09-28 22:46:17 | INFO    | PDP       | Processed 2 target products for Jack & Jones in 1s (121.87 products/min). | run_id=run_20260928_224049_427763_06222e | brand=Jack & Jones | saved=2 | elapsed_label=1s | products_per_minute=121.87
2026-09-28 22:46:17 | INFO    | LISTING   | Listing Jack & Jones route https://www.myntra.com/polo-tshirts?f=Brand%3AJack%20%26%20Jones page 4 -> https://www.myntra.com/gateway/v4/search/polo-tshirts?f=Brand%3AJack+%26+Jones&rows=50&o=150&plaEnabled=false&xdEnabled=false&isFacet=true&p=4 | run_id=run_20260928_224049_427763_06222e | brand=Jack & Jones | page=4 | route=https://www.myntra.com/polo-tshirts?f=Brand%3AJack%20%26%20Jones | seen=459 | expected=469
2026-09-28 22:46:18 | INFO    | LISTING   | Listing Jack & Jones route https://www.myntra.com/polo-tshirts?f=Brand%3AJack%20%26%20Jones page 5 -> https://www.myntra.com/gateway/v4/search/polo-tshirts?f=Brand%3AJack+%26+Jones&rows=50&o=200&plaEnabled=false&xdEnabled=false&isFacet=true&p=5 | run_id=run_20260928_224049_427763_06222e | brand=Jack & Jones | page=5 | route=https://www.myntra.com/polo-tshirts?f=Brand%3AJack%20%26%20Jones | seen=459 | expected=469
2026-09-28 22:46:19 | INFO    | PDP       | Processed 1 target products for Jack & Jones in 0s (141.57 products/min). | run_id=run_20260928_224049_427763_06222e | brand=Jack & Jones | saved=1 | elapsed_label=0s | products_per_minute=141.57
2026-09-28 22:46:19 | INFO    | LISTING   | Listing Jack & Jones route https://www.myntra.com/polo-tshirts?f=Brand%3AJack%20%26%20Jones page 6 -> https://www.myntra.com/gateway/v4/search/polo-tshirts?f=Brand%3AJack+%26+Jones&rows=50&o=250&plaEnabled=false&xdEnabled=false&isFacet=true&p=6 | run_id=run_20260928_224049_427763_06222e | brand=Jack & Jones | page=6 | route=https://www.myntra.com/polo-tshirts?f=Brand%3AJack%20%26%20Jones | seen=460 | expected=469
2026-09-28 22:46:20 | INFO    | LISTING   | Listing Jack & Jones route https://www.myntra.com/polo-tshirts?f=Brand%3AJack%20%26%20Jones page 7 -> https://www.myntra.com/gateway/v4/search/polo-tshirts?f=Brand%3AJack+%26+Jones&rows=50&o=300&plaEnabled=false&xdEnabled=false&isFacet=true&p=7 | run_id=run_20260928_224049_427763_06222e | brand=Jack & Jones | page=7 | route=https://www.myntra.com/polo-tshirts?f=Brand%3AJack%20%26%20Jones | seen=460 | expected=469
2026-09-28 22:46:21 | INFO    | LISTING   | Listing Jack & Jones route https://www.myntra.com/polo-tshirts?f=Brand%3AJack%20%26%20Jones page 8 -> https://www.myntra.com/gateway/v4/search/polo-tshirts?f=Brand%3AJack+%26+Jones&rows=50&o=350&plaEnabled=false&xdEnabled=false&isFacet=true&p=8 | run_id=run_20260928_224049_427763_06222e | brand=Jack & Jones | page=8 | route=https://www.myntra.com/polo-tshirts?f=Brand%3AJack%20%26%20Jones | seen=460 | expected=469
2026-09-28 22:46:21 | WARNING | LISTING   | Route https://www.myntra.com/polo-tshirts?f=Brand%3AJack%20%26%20Jones for Jack & Jones stalled for 3 consecutive pages before reaching expected total; restarting route pass. | run_id=run_20260928_224049_427763_06222e | brand=Jack & Jones | page=8 | route=https://www.myntra.com/polo-tshirts?f=Brand%3AJack%20%26%20Jones | seen=460 | expected=469
2026-09-28 22:46:21 | INFO    | BRAND     | Skipping redundant route https://www.myntra.com/men-polo-tshirts?f=Brand%3AJack%20%26%20Jones for Jack & Jones (100% of first page already captured). | run_id=run_20260928_224049_427763_06222e | brand=Jack & Jones | route=https://www.myntra.com/men-polo-tshirts?f=Brand%3AJack%20%26%20Jones
2026-09-28 22:46:21 | INFO    | BRAND     | Skipping redundant route https://www.myntra.com/jack-and-jones-polo-tshirts for Jack & Jones (100% of first page already captured). | run_id=run_20260928_224049_427763_06222e | brand=Jack & Jones | route=https://www.myntra.com/jack-and-jones-polo-tshirts
2026-09-28 22:46:21 | WARNING | BRAND     | Brand Jack & Jones finished below expected count: saw 460 unique activewear products vs expected 469. | run_id=run_20260928_224049_427763_06222e | brand=Jack & Jones | seen=460 | expected=469
2026-09-28 22:46:21 | INFO    | BRAND     | Brand scrape completed in 1m 27s (318.04 products/min). | run_id=run_20260928_224049_427763_06222e | brand=Jack & Jones | status=COMPLETED | saved=460 | seen=460 | expected=469 | elapsed_label=1m 27s | products_per_minute=318.04
2026-09-28 22:46:21 | INFO    | BRAND     | Resolving brand routes. | run_id=run_20260928_224049_427763_06222e | brand=Rare Rabbit
2026-09-28 22:46:24 | INFO    | BRAND     | Resolved Rare Rabbit -> 3 routes (best brand total=583): https://www.myntra.com/polo-tshirts?f=Brand%3ARARE%20RABBIT, https://www.myntra.com/polo-tshirts?f=Brand%3ARare%20Rabbit, https://www.myntra.com/rare-rabbit-polo | run_id=run_20260928_224049_427763_06222e | brand=Rare Rabbit | expected=583
2026-09-28 22:46:24 | INFO    | BRAND     | Starting brand scrape. | run_id=run_20260928_224049_427763_06222e | brand=Rare Rabbit | expected=583
2026-09-28 22:46:24 | INFO    | LISTING   | Listing Rare Rabbit route https://www.myntra.com/polo-tshirts?f=Brand%3ARARE%20RABBIT page 1 -> https://www.myntra.com/gateway/v4/search/polo-tshirts?f=Brand%3ARARE+RABBIT&rows=50&o=0&plaEnabled=false&xdEnabled=false&isFacet=true&p=1 | run_id=run_20260928_224049_427763_06222e | brand=Rare Rabbit | page=1 | route=https://www.myntra.com/polo-tshirts?f=Brand%3ARARE%20RABBIT | seen=0 | expected=583
2026-09-28 22:46:30 | INFO    | PDP       | Processed 49 target products for Rare Rabbit in 4s (732.36 products/min). | run_id=run_20260928_224049_427763_06222e | brand=Rare Rabbit | saved=49 | elapsed_label=4s | products_per_minute=732.36
2026-09-28 22:46:30 | INFO    | LISTING   | Listing Rare Rabbit route https://www.myntra.com/polo-tshirts?f=Brand%3ARARE%20RABBIT page 2 -> https://www.myntra.com/gateway/v4/search/polo-tshirts?f=Brand%3ARARE+RABBIT&rows=50&o=50&plaEnabled=false&xdEnabled=false&isFacet=true&p=2 | run_id=run_20260928_224049_427763_06222e | brand=Rare Rabbit | page=2 | route=https://www.myntra.com/polo-tshirts?f=Brand%3ARARE%20RABBIT | seen=49 | expected=583
2026-09-28 22:46:34 | INFO    | PDP       | Processed 50 target products for Rare Rabbit in 4s (810.21 products/min). | run_id=run_20260928_224049_427763_06222e | brand=Rare Rabbit | saved=50 | elapsed_label=4s | products_per_minute=810.21
2026-09-28 22:46:35 | INFO    | LISTING   | Listing Rare Rabbit route https://www.myntra.com/polo-tshirts?f=Brand%3ARARE%20RABBIT page 3 -> https://www.myntra.com/gateway/v4/search/polo-tshirts?f=Brand%3ARARE+RABBIT&rows=50&o=100&plaEnabled=false&xdEnabled=false&isFacet=true&p=3 | run_id=run_20260928_224049_427763_06222e | brand=Rare Rabbit | page=3 | route=https://www.myntra.com/polo-tshirts?f=Brand%3ARARE%20RABBIT | seen=99 | expected=583
2026-09-28 22:46:37 | WARNING | PDP       | PDP fetch failed for https://www.myntra.com/Tshirts/RARE+RABBIT/RARE-RABBIT-Men-Plain-Spread-Collar-Half-Sleeve-Polyester-Blend-Regular-Fit-Polo-T-Shirt/39381302/buy: PDP payload did not contain pdpData. | run_id=run_20260928_224049_427763_06222e | brand=Rare Rabbit | route=https://www.myntra.com/Tshirts/RARE+RABBIT/RARE-RABBIT-Men-Plain-Spread-Collar-Half-Sleeve-Polyester-Blend-Regular-Fit-Polo-T-Shirt/39381302/buy
2026-09-28 22:46:40 | INFO    | PDP       | Retrying 1 PDP fetches for Rare Rabbit (retry round 1/5). | run_id=run_20260928_224049_427763_06222e | brand=Rare Rabbit | attempt=1/5
2026-09-28 22:46:41 | INFO    | PDP       | Processed 50 target products for Rare Rabbit in 6s (541.56 products/min). | run_id=run_20260928_224049_427763_06222e | brand=Rare Rabbit | saved=50 | elapsed_label=6s | products_per_minute=541.56
2026-09-28 22:46:41 | INFO    | LISTING   | Listing Rare Rabbit route https://www.myntra.com/polo-tshirts?f=Brand%3ARARE%20RABBIT page 4 -> https://www.myntra.com/gateway/v4/search/polo-tshirts?f=Brand%3ARARE+RABBIT&rows=50&o=150&plaEnabled=false&xdEnabled=false&isFacet=true&p=4 | run_id=run_20260928_224049_427763_06222e | brand=Rare Rabbit | page=4 | route=https://www.myntra.com/polo-tshirts?f=Brand%3ARARE%20RABBIT | seen=149 | expected=583
2026-09-28 22:46:46 | INFO    | PDP       | Processed 47 target products for Rare Rabbit in 4s (682.43 products/min). | run_id=run_20260928_224049_427763_06222e | brand=Rare Rabbit | saved=47 | elapsed_label=4s | products_per_minute=682.43
2026-09-28 22:46:47 | INFO    | LISTING   | Listing Rare Rabbit route https://www.myntra.com/polo-tshirts?f=Brand%3ARARE%20RABBIT page 5 -> https://www.myntra.com/gateway/v4/search/polo-tshirts?f=Brand%3ARARE+RABBIT&rows=50&o=200&plaEnabled=false&xdEnabled=false&isFacet=true&p=5 | run_id=run_20260928_224049_427763_06222e | brand=Rare Rabbit | page=5 | route=https://www.myntra.com/polo-tshirts?f=Brand%3ARARE%20RABBIT | seen=196 | expected=583
2026-09-28 22:46:51 | INFO    | PDP       | Processed 49 target products for Rare Rabbit in 4s (753.1 products/min). | run_id=run_20260928_224049_427763_06222e | brand=Rare Rabbit | saved=49 | elapsed_label=4s | products_per_minute=753.1
2026-09-28 22:46:52 | INFO    | LISTING   | Listing Rare Rabbit route https://www.myntra.com/polo-tshirts?f=Brand%3ARARE%20RABBIT page 6 -> https://www.myntra.com/gateway/v4/search/polo-tshirts?f=Brand%3ARARE+RABBIT&rows=50&o=250&plaEnabled=false&xdEnabled=false&isFacet=true&p=6 | run_id=run_20260928_224049_427763_06222e | brand=Rare Rabbit | page=6 | route=https://www.myntra.com/polo-tshirts?f=Brand%3ARARE%20RABBIT | seen=245 | expected=583
2026-09-28 22:46:56 | INFO    | PDP       | Processed 49 target products for Rare Rabbit in 4s (755.28 products/min). | run_id=run_20260928_224049_427763_06222e | brand=Rare Rabbit | saved=49 | elapsed_label=4s | products_per_minute=755.28
2026-09-28 22:46:57 | INFO    | LISTING   | Listing Rare Rabbit route https://www.myntra.com/polo-tshirts?f=Brand%3ARARE%20RABBIT page 7 -> https://www.myntra.com/gateway/v4/search/polo-tshirts?f=Brand%3ARARE+RABBIT&rows=50&o=300&plaEnabled=false&xdEnabled=false&isFacet=true&p=7 | run_id=run_20260928_224049_427763_06222e | brand=Rare Rabbit | page=7 | route=https://www.myntra.com/polo-tshirts?f=Brand%3ARARE%20RABBIT | seen=294 | expected=583
2026-09-28 22:47:02 | INFO    | PDP       | Processed 49 target products for Rare Rabbit in 4s (716.94 products/min). | run_id=run_20260928_224049_427763_06222e | brand=Rare Rabbit | saved=49 | elapsed_label=4s | products_per_minute=716.94
2026-09-28 22:47:02 | INFO    | LISTING   | Listing Rare Rabbit route https://www.myntra.com/polo-tshirts?f=Brand%3ARARE%20RABBIT page 8 -> https://www.myntra.com/gateway/v4/search/polo-tshirts?f=Brand%3ARARE+RABBIT&rows=50&o=350&plaEnabled=false&xdEnabled=false&isFacet=true&p=8 | run_id=run_20260928_224049_427763_06222e | brand=Rare Rabbit | page=8 | route=https://www.myntra.com/polo-tshirts?f=Brand%3ARARE%20RABBIT | seen=343 | expected=583
2026-09-28 22:47:06 | INFO    | PDP       | Processed 50 target products for Rare Rabbit in 4s (808.07 products/min). | run_id=run_20260928_224049_427763_06222e | brand=Rare Rabbit | saved=50 | elapsed_label=4s | products_per_minute=808.07
2026-09-28 22:47:07 | INFO    | LISTING   | Listing Rare Rabbit route https://www.myntra.com/polo-tshirts?f=Brand%3ARARE%20RABBIT page 9 -> https://www.myntra.com/gateway/v4/search/polo-tshirts?f=Brand%3ARARE+RABBIT&rows=50&o=400&plaEnabled=false&xdEnabled=false&isFacet=true&p=9 | run_id=run_20260928_224049_427763_06222e | brand=Rare Rabbit | page=9 | route=https://www.myntra.com/polo-tshirts?f=Brand%3ARARE%20RABBIT | seen=393 | expected=583
2026-09-28 22:47:09 | WARNING | PDP       | PDP fetch failed for https://www.myntra.com/Tshirts/RARE+RABBIT/RARE-RABBIT-Men-Monogram-Print-Spread-Collar-Half-Sleeve-Cotton-Regular-Fit-Polo-T-Shirt/30699332/buy: PDP payload did not contain pdpData. | run_id=run_20260928_224049_427763_06222e | brand=Rare Rabbit | route=https://www.myntra.com/Tshirts/RARE+RABBIT/RARE-RABBIT-Men-Monogram-Print-Spread-Collar-Half-Sleeve-Cotton-Regular-Fit-Polo-T-Shirt/30699332/buy
2026-09-28 22:47:11 | INFO    | PDP       | Retrying 1 PDP fetches for Rare Rabbit (retry round 1/5). | run_id=run_20260928_224049_427763_06222e | brand=Rare Rabbit | attempt=1/5
2026-09-28 22:47:12 | INFO    | PDP       | Processed 50 target products for Rare Rabbit in 5s (580.27 products/min). | run_id=run_20260928_224049_427763_06222e | brand=Rare Rabbit | saved=50 | elapsed_label=5s | products_per_minute=580.27
2026-09-28 22:47:13 | INFO    | LISTING   | Listing Rare Rabbit route https://www.myntra.com/polo-tshirts?f=Brand%3ARARE%20RABBIT page 10 -> https://www.myntra.com/gateway/v4/search/polo-tshirts?f=Brand%3ARARE+RABBIT&rows=50&o=450&plaEnabled=false&xdEnabled=false&isFacet=true&p=10 | run_id=run_20260928_224049_427763_06222e | brand=Rare Rabbit | page=10 | route=https://www.myntra.com/polo-tshirts?f=Brand%3ARARE%20RABBIT | seen=443 | expected=583
2026-09-28 22:47:18 | INFO    | PDP       | Processed 50 target products for Rare Rabbit in 4s (751.48 products/min). | run_id=run_20260928_224049_427763_06222e | brand=Rare Rabbit | saved=50 | elapsed_label=4s | products_per_minute=751.48
2026-09-28 22:47:18 | INFO    | LISTING   | Listing Rare Rabbit route https://www.myntra.com/polo-tshirts?f=Brand%3ARARE%20RABBIT page 11 -> https://www.myntra.com/gateway/v4/search/polo-tshirts?f=Brand%3ARARE+RABBIT&rows=50&o=500&plaEnabled=false&xdEnabled=false&isFacet=true&p=11 | run_id=run_20260928_224049_427763_06222e | brand=Rare Rabbit | page=11 | route=https://www.myntra.com/polo-tshirts?f=Brand%3ARARE%20RABBIT | seen=493 | expected=583
2026-09-28 22:47:22 | INFO    | PDP       | Processed 49 target products for Rare Rabbit in 3s (892.96 products/min). | run_id=run_20260928_224049_427763_06222e | brand=Rare Rabbit | saved=49 | elapsed_label=3s | products_per_minute=892.96
2026-09-28 22:47:22 | INFO    | LISTING   | Listing Rare Rabbit route https://www.myntra.com/polo-tshirts?f=Brand%3ARARE%20RABBIT page 12 -> https://www.myntra.com/gateway/v4/search/polo-tshirts?f=Brand%3ARARE+RABBIT&rows=50&o=550&plaEnabled=false&xdEnabled=false&isFacet=true&p=12 | run_id=run_20260928_224049_427763_06222e | brand=Rare Rabbit | page=12 | route=https://www.myntra.com/polo-tshirts?f=Brand%3ARARE%20RABBIT | seen=542 | expected=583
2026-09-28 22:47:26 | INFO    | PDP       | Processed 34 target products for Rare Rabbit in 3s (639.74 products/min). | run_id=run_20260928_224049_427763_06222e | brand=Rare Rabbit | saved=34 | elapsed_label=3s | products_per_minute=639.74
2026-09-28 22:47:27 | INFO    | LISTING   | Listing Rare Rabbit route https://www.myntra.com/polo-tshirts?f=Brand%3ARARE%20RABBIT page 13 -> https://www.myntra.com/gateway/v4/search/polo-tshirts?f=Brand%3ARARE+RABBIT&rows=50&o=600&plaEnabled=false&xdEnabled=false&isFacet=true&p=13 | run_id=run_20260928_224049_427763_06222e | brand=Rare Rabbit | page=13 | route=https://www.myntra.com/polo-tshirts?f=Brand%3ARARE%20RABBIT | seen=576 | expected=583
2026-09-28 22:47:27 | WARNING | LISTING   | Empty listing page for Rare Rabbit on page 13 before expected end; continuing. | run_id=run_20260928_224049_427763_06222e | brand=Rare Rabbit | page=13 | route=https://www.myntra.com/polo-tshirts?f=Brand%3ARARE%20RABBIT
2026-09-28 22:47:27 | INFO    | LISTING   | Listing Rare Rabbit route https://www.myntra.com/polo-tshirts?f=Brand%3ARARE%20RABBIT page 14 -> https://www.myntra.com/gateway/v4/search/polo-tshirts?f=Brand%3ARARE+RABBIT&rows=50&o=650&plaEnabled=false&xdEnabled=false&isFacet=true&p=14 | run_id=run_20260928_224049_427763_06222e | brand=Rare Rabbit | page=14 | route=https://www.myntra.com/polo-tshirts?f=Brand%3ARARE%20RABBIT | seen=576 | expected=583
2026-09-28 22:47:28 | WARNING | NETWORK   | JSON request failed for https://www.myntra.com/gateway/v4/search/polo-tshirts?f=Brand%3ARARE+RABBIT&rows=50&o=650&plaEnabled=false&xdEnabled=false&isFacet=true&p=14 on attempt 1/3: HTTP Error 400:  | run_id=run_20260928_224049_427763_06222e | route=https://www.myntra.com/gateway/v4/search/polo-tshirts?f=Brand%3ARARE+RABBIT&rows=50&o=650&plaEnabled=false&xdEnabled=false&isFacet=true&p=14 | attempt=1/3
2026-09-28 22:47:30 | WARNING | NETWORK   | JSON request failed for https://www.myntra.com/gateway/v4/search/polo-tshirts?f=Brand%3ARARE+RABBIT&rows=50&o=650&plaEnabled=false&xdEnabled=false&isFacet=true&p=14 on attempt 2/3: HTTP Error 400:  | run_id=run_20260928_224049_427763_06222e | route=https://www.myntra.com/gateway/v4/search/polo-tshirts?f=Brand%3ARARE+RABBIT&rows=50&o=650&plaEnabled=false&xdEnabled=false&isFacet=true&p=14 | attempt=2/3
2026-09-28 22:47:33 | WARNING | NETWORK   | JSON request failed for https://www.myntra.com/gateway/v4/search/polo-tshirts?f=Brand%3ARARE+RABBIT&rows=50&o=650&plaEnabled=false&xdEnabled=false&isFacet=true&p=14 on attempt 3/3: HTTP Error 400:  | run_id=run_20260928_224049_427763_06222e | route=https://www.myntra.com/gateway/v4/search/polo-tshirts?f=Brand%3ARARE+RABBIT&rows=50&o=650&plaEnabled=false&xdEnabled=false&isFacet=true&p=14 | attempt=3/3
2026-09-28 22:47:34 | WARNING | NETWORK   | JSON request failed for https://www.myntra.com/gateway/v4/search/polo-tshirts?f=Brand%3ARARE+RABBIT&rows=25&o=650&plaEnabled=false&xdEnabled=false&isFacet=true&p=14 on attempt 1/3: HTTP Error 400:  | run_id=run_20260928_224049_427763_06222e | route=https://www.myntra.com/gateway/v4/search/polo-tshirts?f=Brand%3ARARE+RABBIT&rows=25&o=650&plaEnabled=false&xdEnabled=false&isFacet=true&p=14 | attempt=1/3
2026-09-28 22:47:35 | WARNING | NETWORK   | JSON request failed for https://www.myntra.com/gateway/v4/search/polo-tshirts?f=Brand%3ARARE+RABBIT&rows=25&o=650&plaEnabled=false&xdEnabled=false&isFacet=true&p=14 on attempt 2/3: HTTP Error 400:  | run_id=run_20260928_224049_427763_06222e | route=https://www.myntra.com/gateway/v4/search/polo-tshirts?f=Brand%3ARARE+RABBIT&rows=25&o=650&plaEnabled=false&xdEnabled=false&isFacet=true&p=14 | attempt=2/3
2026-09-28 22:47:38 | WARNING | NETWORK   | JSON request failed for https://www.myntra.com/gateway/v4/search/polo-tshirts?f=Brand%3ARARE+RABBIT&rows=25&o=650&plaEnabled=false&xdEnabled=false&isFacet=true&p=14 on attempt 3/3: HTTP Error 400:  | run_id=run_20260928_224049_427763_06222e | route=https://www.myntra.com/gateway/v4/search/polo-tshirts?f=Brand%3ARARE+RABBIT&rows=25&o=650&plaEnabled=false&xdEnabled=false&isFacet=true&p=14 | attempt=3/3
2026-09-28 22:47:39 | WARNING | NETWORK   | JSON request failed for https://www.myntra.com/gateway/v4/search/polo-tshirts?f=Brand%3ARARE+RABBIT&rows=10&o=650&plaEnabled=false&xdEnabled=false&isFacet=true&p=14 on attempt 1/3: HTTP Error 400:  | run_id=run_20260928_224049_427763_06222e | route=https://www.myntra.com/gateway/v4/search/polo-tshirts?f=Brand%3ARARE+RABBIT&rows=10&o=650&plaEnabled=false&xdEnabled=false&isFacet=true&p=14 | attempt=1/3
2026-09-28 22:47:40 | WARNING | NETWORK   | JSON request failed for https://www.myntra.com/gateway/v4/search/polo-tshirts?f=Brand%3ARARE+RABBIT&rows=10&o=650&plaEnabled=false&xdEnabled=false&isFacet=true&p=14 on attempt 2/3: HTTP Error 400:  | run_id=run_20260928_224049_427763_06222e | route=https://www.myntra.com/gateway/v4/search/polo-tshirts?f=Brand%3ARARE+RABBIT&rows=10&o=650&plaEnabled=false&xdEnabled=false&isFacet=true&p=14 | attempt=2/3
2026-09-28 22:47:43 | WARNING | NETWORK   | JSON request failed for https://www.myntra.com/gateway/v4/search/polo-tshirts?f=Brand%3ARARE+RABBIT&rows=10&o=650&plaEnabled=false&xdEnabled=false&isFacet=true&p=14 on attempt 3/3: HTTP Error 400:  | run_id=run_20260928_224049_427763_06222e | route=https://www.myntra.com/gateway/v4/search/polo-tshirts?f=Brand%3ARARE+RABBIT&rows=10&o=650&plaEnabled=false&xdEnabled=false&isFacet=true&p=14 | attempt=3/3
2026-09-28 22:47:44 | WARNING | NETWORK   | JSON request failed for https://www.myntra.com/gateway/v4/search/polo-tshirts?f=Brand%3ARARE+RABBIT&rows=50&o=649&plaEnabled=false&xdEnabled=false&isFacet=true&p=14 on attempt 1/3: HTTP Error 400:  | run_id=run_20260928_224049_427763_06222e | route=https://www.myntra.com/gateway/v4/search/polo-tshirts?f=Brand%3ARARE+RABBIT&rows=50&o=649&plaEnabled=false&xdEnabled=false&isFacet=true&p=14 | attempt=1/3
2026-09-28 22:47:46 | WARNING | NETWORK   | JSON request failed for https://www.myntra.com/gateway/v4/search/polo-tshirts?f=Brand%3ARARE+RABBIT&rows=50&o=649&plaEnabled=false&xdEnabled=false&isFacet=true&p=14 on attempt 2/3: HTTP Error 400:  | run_id=run_20260928_224049_427763_06222e | route=https://www.myntra.com/gateway/v4/search/polo-tshirts?f=Brand%3ARARE+RABBIT&rows=50&o=649&plaEnabled=false&xdEnabled=false&isFacet=true&p=14 | attempt=2/3
2026-09-28 22:47:48 | WARNING | NETWORK   | JSON request failed for https://www.myntra.com/gateway/v4/search/polo-tshirts?f=Brand%3ARARE+RABBIT&rows=50&o=649&plaEnabled=false&xdEnabled=false&isFacet=true&p=14 on attempt 3/3: HTTP Error 400:  | run_id=run_20260928_224049_427763_06222e | route=https://www.myntra.com/gateway/v4/search/polo-tshirts?f=Brand%3ARARE+RABBIT&rows=50&o=649&plaEnabled=false&xdEnabled=false&isFacet=true&p=14 | attempt=3/3
2026-09-28 22:47:49 | WARNING | NETWORK   | JSON request failed for https://www.myntra.com/gateway/v4/search/polo-tshirts?f=Brand%3ARARE+RABBIT&rows=25&o=649&plaEnabled=false&xdEnabled=false&isFacet=true&p=14 on attempt 1/3: HTTP Error 400:  | run_id=run_20260928_224049_427763_06222e | route=https://www.myntra.com/gateway/v4/search/polo-tshirts?f=Brand%3ARARE+RABBIT&rows=25&o=649&plaEnabled=false&xdEnabled=false&isFacet=true&p=14 | attempt=1/3
2026-09-28 22:47:50 | WARNING | NETWORK   | JSON request failed for https://www.myntra.com/gateway/v4/search/polo-tshirts?f=Brand%3ARARE+RABBIT&rows=25&o=649&plaEnabled=false&xdEnabled=false&isFacet=true&p=14 on attempt 2/3: HTTP Error 400:  | run_id=run_20260928_224049_427763_06222e | route=https://www.myntra.com/gateway/v4/search/polo-tshirts?f=Brand%3ARARE+RABBIT&rows=25&o=649&plaEnabled=false&xdEnabled=false&isFacet=true&p=14 | attempt=2/3
2026-09-28 22:47:53 | WARNING | NETWORK   | JSON request failed for https://www.myntra.com/gateway/v4/search/polo-tshirts?f=Brand%3ARARE+RABBIT&rows=25&o=649&plaEnabled=false&xdEnabled=false&isFacet=true&p=14 on attempt 3/3: HTTP Error 400:  | run_id=run_20260928_224049_427763_06222e | route=https://www.myntra.com/gateway/v4/search/polo-tshirts?f=Brand%3ARARE+RABBIT&rows=25&o=649&plaEnabled=false&xdEnabled=false&isFacet=true&p=14 | attempt=3/3
2026-09-28 22:47:54 | WARNING | NETWORK   | JSON request failed for https://www.myntra.com/gateway/v4/search/polo-tshirts?f=Brand%3ARARE+RABBIT&rows=10&o=649&plaEnabled=false&xdEnabled=false&isFacet=true&p=14 on attempt 1/3: HTTP Error 400:  | run_id=run_20260928_224049_427763_06222e | route=https://www.myntra.com/gateway/v4/search/polo-tshirts?f=Brand%3ARARE+RABBIT&rows=10&o=649&plaEnabled=false&xdEnabled=false&isFacet=true&p=14 | attempt=1/3
2026-09-28 22:47:55 | WARNING | NETWORK   | JSON request failed for https://www.myntra.com/gateway/v4/search/polo-tshirts?f=Brand%3ARARE+RABBIT&rows=10&o=649&plaEnabled=false&xdEnabled=false&isFacet=true&p=14 on attempt 2/3: HTTP Error 400:  | run_id=run_20260928_224049_427763_06222e | route=https://www.myntra.com/gateway/v4/search/polo-tshirts?f=Brand%3ARARE+RABBIT&rows=10&o=649&plaEnabled=false&xdEnabled=false&isFacet=true&p=14 | attempt=2/3
2026-09-28 22:47:58 | WARNING | NETWORK   | JSON request failed for https://www.myntra.com/gateway/v4/search/polo-tshirts?f=Brand%3ARARE+RABBIT&rows=10&o=649&plaEnabled=false&xdEnabled=false&isFacet=true&p=14 on attempt 3/3: HTTP Error 400:  | run_id=run_20260928_224049_427763_06222e | route=https://www.myntra.com/gateway/v4/search/polo-tshirts?f=Brand%3ARARE+RABBIT&rows=10&o=649&plaEnabled=false&xdEnabled=false&isFacet=true&p=14 | attempt=3/3
2026-09-28 22:47:59 | INFO    | LISTING   | Natural catalog end reached for https://www.myntra.com/polo-tshirts?f=Brand%3ARARE%20RABBIT at page 14 (576 products captured, 583 expected). | run_id=run_20260928_224049_427763_06222e | brand=Rare Rabbit | page=14 | route=https://www.myntra.com/polo-tshirts?f=Brand%3ARARE%20RABBIT
2026-09-28 22:47:59 | INFO    | BRAND     | Skipping redundant route https://www.myntra.com/polo-tshirts?f=Brand%3ARare%20Rabbit for Rare Rabbit (100% of first page already captured). | run_id=run_20260928_224049_427763_06222e | brand=Rare Rabbit | route=https://www.myntra.com/polo-tshirts?f=Brand%3ARare%20Rabbit
2026-09-28 22:47:59 | INFO    | BRAND     | Skipping redundant route https://www.myntra.com/rare-rabbit-polo for Rare Rabbit (100% of first page already captured). | run_id=run_20260928_224049_427763_06222e | brand=Rare Rabbit | route=https://www.myntra.com/rare-rabbit-polo
2026-09-28 22:47:59 | WARNING | BRAND     | Brand Rare Rabbit finished below expected count: saw 576 unique activewear products vs expected 583. | run_id=run_20260928_224049_427763_06222e | brand=Rare Rabbit | seen=576 | expected=583
2026-09-28 22:47:59 | INFO    | BRAND     | Brand scrape completed in 1m 37s (355.32 products/min). | run_id=run_20260928_224049_427763_06222e | brand=Rare Rabbit | status=COMPLETED | saved=576 | seen=576 | expected=583 | elapsed_label=1m 37s | products_per_minute=355.32
2026-09-28 22:47:59 | INFO    | BRAND     | Resolving brand routes. | run_id=run_20260928_224049_427763_06222e | brand=GANT
2026-09-28 22:48:01 | INFO    | BRAND     | Resolved GANT -> 3 routes (best brand total=342): https://www.myntra.com/polo-tshirts?f=Brand%3AGANT, https://www.myntra.com/gant-polo-tshirts, https://www.myntra.com/men-polo-tshirts?f=Brand%3AGANT | run_id=run_20260928_224049_427763_06222e | brand=GANT | expected=342
2026-09-28 22:48:01 | INFO    | BRAND     | Starting brand scrape. | run_id=run_20260928_224049_427763_06222e | brand=GANT | expected=342
2026-09-28 22:48:01 | INFO    | LISTING   | Listing GANT route https://www.myntra.com/polo-tshirts?f=Brand%3AGANT page 1 -> https://www.myntra.com/gateway/v4/search/polo-tshirts?f=Brand%3AGANT&rows=50&o=0&plaEnabled=false&xdEnabled=false&isFacet=true&p=1 | run_id=run_20260928_224049_427763_06222e | brand=GANT | page=1 | route=https://www.myntra.com/polo-tshirts?f=Brand%3AGANT | seen=0 | expected=342
2026-09-28 22:48:05 | INFO    | PDP       | Processed 50 target products for GANT in 3s (1002.76 products/min). | run_id=run_20260928_224049_427763_06222e | brand=GANT | saved=50 | elapsed_label=3s | products_per_minute=1002.76
2026-09-28 22:48:05 | INFO    | LISTING   | Listing GANT route https://www.myntra.com/polo-tshirts?f=Brand%3AGANT page 2 -> https://www.myntra.com/gateway/v4/search/polo-tshirts?f=Brand%3AGANT&rows=50&o=50&plaEnabled=false&xdEnabled=false&isFacet=true&p=2 | run_id=run_20260928_224049_427763_06222e | brand=GANT | page=2 | route=https://www.myntra.com/polo-tshirts?f=Brand%3AGANT | seen=50 | expected=342
2026-09-28 22:48:10 | INFO    | PDP       | Processed 50 target products for GANT in 4s (807.25 products/min). | run_id=run_20260928_224049_427763_06222e | brand=GANT | saved=50 | elapsed_label=4s | products_per_minute=807.25
2026-09-28 22:48:11 | INFO    | LISTING   | Listing GANT route https://www.myntra.com/polo-tshirts?f=Brand%3AGANT page 3 -> https://www.myntra.com/gateway/v4/search/polo-tshirts?f=Brand%3AGANT&rows=50&o=100&plaEnabled=false&xdEnabled=false&isFacet=true&p=3 | run_id=run_20260928_224049_427763_06222e | brand=GANT | page=3 | route=https://www.myntra.com/polo-tshirts?f=Brand%3AGANT | seen=100 | expected=342
2026-09-28 22:48:15 | INFO    | PDP       | Processed 47 target products for GANT in 3s (828.3 products/min). | run_id=run_20260928_224049_427763_06222e | brand=GANT | saved=47 | elapsed_label=3s | products_per_minute=828.3
2026-09-28 22:48:15 | INFO    | LISTING   | Listing GANT route https://www.myntra.com/polo-tshirts?f=Brand%3AGANT page 4 -> https://www.myntra.com/gateway/v4/search/polo-tshirts?f=Brand%3AGANT&rows=50&o=150&plaEnabled=false&xdEnabled=false&isFacet=true&p=4 | run_id=run_20260928_224049_427763_06222e | brand=GANT | page=4 | route=https://www.myntra.com/polo-tshirts?f=Brand%3AGANT | seen=147 | expected=342
2026-09-28 22:48:20 | INFO    | PDP       | Processed 50 target products for GANT in 4s (772.04 products/min). | run_id=run_20260928_224049_427763_06222e | brand=GANT | saved=50 | elapsed_label=4s | products_per_minute=772.04
2026-09-28 22:48:20 | INFO    | LISTING   | Listing GANT route https://www.myntra.com/polo-tshirts?f=Brand%3AGANT page 5 -> https://www.myntra.com/gateway/v4/search/polo-tshirts?f=Brand%3AGANT&rows=50&o=200&plaEnabled=false&xdEnabled=false&isFacet=true&p=5 | run_id=run_20260928_224049_427763_06222e | brand=GANT | page=5 | route=https://www.myntra.com/polo-tshirts?f=Brand%3AGANT | seen=197 | expected=342
2026-09-28 22:48:25 | INFO    | PDP       | Processed 49 target products for GANT in 4s (734.94 products/min). | run_id=run_20260928_224049_427763_06222e | brand=GANT | saved=49 | elapsed_label=4s | products_per_minute=734.94
2026-09-28 22:48:25 | INFO    | LISTING   | Listing GANT route https://www.myntra.com/polo-tshirts?f=Brand%3AGANT page 6 -> https://www.myntra.com/gateway/v4/search/polo-tshirts?f=Brand%3AGANT&rows=50&o=250&plaEnabled=false&xdEnabled=false&isFacet=true&p=6 | run_id=run_20260928_224049_427763_06222e | brand=GANT | page=6 | route=https://www.myntra.com/polo-tshirts?f=Brand%3AGANT | seen=246 | expected=342
2026-09-28 22:48:30 | INFO    | PDP       | Processed 50 target products for GANT in 4s (744.54 products/min). | run_id=run_20260928_224049_427763_06222e | brand=GANT | saved=50 | elapsed_label=4s | products_per_minute=744.54
2026-09-28 22:48:31 | INFO    | LISTING   | Listing GANT route https://www.myntra.com/polo-tshirts?f=Brand%3AGANT page 7 -> https://www.myntra.com/gateway/v4/search/polo-tshirts?f=Brand%3AGANT&rows=50&o=300&plaEnabled=false&xdEnabled=false&isFacet=true&p=7 | run_id=run_20260928_224049_427763_06222e | brand=GANT | page=7 | route=https://www.myntra.com/polo-tshirts?f=Brand%3AGANT | seen=296 | expected=342
2026-09-28 22:48:34 | INFO    | PDP       | Processed 42 target products for GANT in 3s (851.5 products/min). | run_id=run_20260928_224049_427763_06222e | brand=GANT | saved=42 | elapsed_label=3s | products_per_minute=851.5
2026-09-28 22:48:34 | INFO    | LISTING   | Listing GANT route https://www.myntra.com/polo-tshirts?f=Brand%3AGANT page 8 -> https://www.myntra.com/gateway/v4/search/polo-tshirts?f=Brand%3AGANT&rows=50&o=350&plaEnabled=false&xdEnabled=false&isFacet=true&p=8 | run_id=run_20260928_224049_427763_06222e | brand=GANT | page=8 | route=https://www.myntra.com/polo-tshirts?f=Brand%3AGANT | seen=338 | expected=342
2026-09-28 22:48:35 | WARNING | LISTING   | Empty listing page for GANT on page 8 before expected end; continuing. | run_id=run_20260928_224049_427763_06222e | brand=GANT | page=8 | route=https://www.myntra.com/polo-tshirts?f=Brand%3AGANT
2026-09-28 22:48:35 | INFO    | LISTING   | Listing GANT route https://www.myntra.com/polo-tshirts?f=Brand%3AGANT page 9 -> https://www.myntra.com/gateway/v4/search/polo-tshirts?f=Brand%3AGANT&rows=50&o=400&plaEnabled=false&xdEnabled=false&isFacet=true&p=9 | run_id=run_20260928_224049_427763_06222e | brand=GANT | page=9 | route=https://www.myntra.com/polo-tshirts?f=Brand%3AGANT | seen=338 | expected=342
2026-09-28 22:48:37 | INFO    | PDP       | Processed 1 target products for GANT in 1s (54.52 products/min). | run_id=run_20260928_224049_427763_06222e | brand=GANT | saved=1 | elapsed_label=1s | products_per_minute=54.52
2026-09-28 22:48:37 | INFO    | LISTING   | Listing GANT route https://www.myntra.com/polo-tshirts?f=Brand%3AGANT page 10 -> https://www.myntra.com/gateway/v4/search/polo-tshirts?f=Brand%3AGANT&rows=50&o=450&plaEnabled=false&xdEnabled=false&isFacet=true&p=10 | run_id=run_20260928_224049_427763_06222e | brand=GANT | page=10 | route=https://www.myntra.com/polo-tshirts?f=Brand%3AGANT | seen=339 | expected=342
2026-09-28 22:48:38 | WARNING | LISTING   | Empty listing page for GANT on page 10 before expected end; continuing. | run_id=run_20260928_224049_427763_06222e | brand=GANT | page=10 | route=https://www.myntra.com/polo-tshirts?f=Brand%3AGANT
2026-09-28 22:48:38 | INFO    | LISTING   | Listing GANT route https://www.myntra.com/polo-tshirts?f=Brand%3AGANT page 11 -> https://www.myntra.com/gateway/v4/search/polo-tshirts?f=Brand%3AGANT&rows=50&o=500&plaEnabled=false&xdEnabled=false&isFacet=true&p=11 | run_id=run_20260928_224049_427763_06222e | brand=GANT | page=11 | route=https://www.myntra.com/polo-tshirts?f=Brand%3AGANT | seen=339 | expected=342
2026-09-28 22:48:38 | WARNING | NETWORK   | JSON request failed for https://www.myntra.com/gateway/v4/search/polo-tshirts?f=Brand%3AGANT&rows=50&o=500&plaEnabled=false&xdEnabled=false&isFacet=true&p=11 on attempt 1/3: HTTP Error 400:  | run_id=run_20260928_224049_427763_06222e | route=https://www.myntra.com/gateway/v4/search/polo-tshirts?f=Brand%3AGANT&rows=50&o=500&plaEnabled=false&xdEnabled=false&isFacet=true&p=11 | attempt=1/3
2026-09-28 22:48:40 | WARNING | NETWORK   | JSON request failed for https://www.myntra.com/gateway/v4/search/polo-tshirts?f=Brand%3AGANT&rows=50&o=500&plaEnabled=false&xdEnabled=false&isFacet=true&p=11 on attempt 2/3: HTTP Error 400:  | run_id=run_20260928_224049_427763_06222e | route=https://www.myntra.com/gateway/v4/search/polo-tshirts?f=Brand%3AGANT&rows=50&o=500&plaEnabled=false&xdEnabled=false&isFacet=true&p=11 | attempt=2/3
2026-09-28 22:48:43 | WARNING | NETWORK   | JSON request failed for https://www.myntra.com/gateway/v4/search/polo-tshirts?f=Brand%3AGANT&rows=50&o=500&plaEnabled=false&xdEnabled=false&isFacet=true&p=11 on attempt 3/3: HTTP Error 400:  | run_id=run_20260928_224049_427763_06222e | route=https://www.myntra.com/gateway/v4/search/polo-tshirts?f=Brand%3AGANT&rows=50&o=500&plaEnabled=false&xdEnabled=false&isFacet=true&p=11 | attempt=3/3
2026-09-28 22:48:43 | WARNING | NETWORK   | JSON request failed for https://www.myntra.com/gateway/v4/search/polo-tshirts?f=Brand%3AGANT&rows=25&o=500&plaEnabled=false&xdEnabled=false&isFacet=true&p=11 on attempt 1/3: HTTP Error 400:  | run_id=run_20260928_224049_427763_06222e | route=https://www.myntra.com/gateway/v4/search/polo-tshirts?f=Brand%3AGANT&rows=25&o=500&plaEnabled=false&xdEnabled=false&isFacet=true&p=11 | attempt=1/3
2026-09-28 22:48:45 | WARNING | NETWORK   | JSON request failed for https://www.myntra.com/gateway/v4/search/polo-tshirts?f=Brand%3AGANT&rows=25&o=500&plaEnabled=false&xdEnabled=false&isFacet=true&p=11 on attempt 2/3: HTTP Error 400:  | run_id=run_20260928_224049_427763_06222e | route=https://www.myntra.com/gateway/v4/search/polo-tshirts?f=Brand%3AGANT&rows=25&o=500&plaEnabled=false&xdEnabled=false&isFacet=true&p=11 | attempt=2/3
2026-09-28 22:48:48 | WARNING | NETWORK   | JSON request failed for https://www.myntra.com/gateway/v4/search/polo-tshirts?f=Brand%3AGANT&rows=25&o=500&plaEnabled=false&xdEnabled=false&isFacet=true&p=11 on attempt 3/3: HTTP Error 400:  | run_id=run_20260928_224049_427763_06222e | route=https://www.myntra.com/gateway/v4/search/polo-tshirts?f=Brand%3AGANT&rows=25&o=500&plaEnabled=false&xdEnabled=false&isFacet=true&p=11 | attempt=3/3
2026-09-28 22:48:49 | WARNING | NETWORK   | JSON request failed for https://www.myntra.com/gateway/v4/search/polo-tshirts?f=Brand%3AGANT&rows=10&o=500&plaEnabled=false&xdEnabled=false&isFacet=true&p=11 on attempt 1/3: HTTP Error 400:  | run_id=run_20260928_224049_427763_06222e | route=https://www.myntra.com/gateway/v4/search/polo-tshirts?f=Brand%3AGANT&rows=10&o=500&plaEnabled=false&xdEnabled=false&isFacet=true&p=11 | attempt=1/3
2026-09-28 22:48:50 | WARNING | NETWORK   | JSON request failed for https://www.myntra.com/gateway/v4/search/polo-tshirts?f=Brand%3AGANT&rows=10&o=500&plaEnabled=false&xdEnabled=false&isFacet=true&p=11 on attempt 2/3: HTTP Error 400:  | run_id=run_20260928_224049_427763_06222e | route=https://www.myntra.com/gateway/v4/search/polo-tshirts?f=Brand%3AGANT&rows=10&o=500&plaEnabled=false&xdEnabled=false&isFacet=true&p=11 | attempt=2/3
2026-09-28 22:48:53 | WARNING | NETWORK   | JSON request failed for https://www.myntra.com/gateway/v4/search/polo-tshirts?f=Brand%3AGANT&rows=10&o=500&plaEnabled=false&xdEnabled=false&isFacet=true&p=11 on attempt 3/3: HTTP Error 400:  | run_id=run_20260928_224049_427763_06222e | route=https://www.myntra.com/gateway/v4/search/polo-tshirts?f=Brand%3AGANT&rows=10&o=500&plaEnabled=false&xdEnabled=false&isFacet=true&p=11 | attempt=3/3
2026-09-28 22:48:54 | INFO    | BRAND     | Skipping redundant route https://www.myntra.com/gant-polo-tshirts for GANT (100% of first page already captured). | run_id=run_20260928_224049_427763_06222e | brand=GANT | route=https://www.myntra.com/gant-polo-tshirts
2026-09-28 22:48:54 | INFO    | BRAND     | Skipping redundant route https://www.myntra.com/men-polo-tshirts?f=Brand%3AGANT for GANT (100% of first page already captured). | run_id=run_20260928_224049_427763_06222e | brand=GANT | route=https://www.myntra.com/men-polo-tshirts?f=Brand%3AGANT
2026-09-28 22:48:54 | WARNING | BRAND     | Brand GANT finished below expected count: saw 339 unique activewear products vs expected 342. | run_id=run_20260928_224049_427763_06222e | brand=GANT | seen=339 | expected=342
2026-09-28 22:48:54 | INFO    | BRAND     | Brand scrape completed in 55s (369.29 products/min). | run_id=run_20260928_224049_427763_06222e | brand=GANT | status=COMPLETED | saved=339 | seen=339 | expected=342 | elapsed_label=55s | products_per_minute=369.29
2026-09-28 22:48:54 | INFO    | BRAND     | Resolving brand routes. | run_id=run_20260928_224049_427763_06222e | brand=Lacoste
2026-09-28 22:48:56 | INFO    | BRAND     | Resolved Lacoste -> 4 routes (best brand total=787): https://www.myntra.com/women-polo-tshirts?f=Brand%3ALacoste, https://www.myntra.com/polo-tshirts?f=Brand%3ALacoste, https://www.myntra.com/men-polo-tshirts?f=Brand%3ALacoste, https://www.myntra.com/kids-polo-tshirts?f=Brand%3ALacoste | run_id=run_20260928_224049_427763_06222e | brand=Lacoste | expected=787
2026-09-28 22:48:56 | INFO    | BRAND     | Starting brand scrape. | run_id=run_20260928_224049_427763_06222e | brand=Lacoste | expected=787
2026-09-28 22:48:56 | INFO    | LISTING   | Listing Lacoste route https://www.myntra.com/women-polo-tshirts?f=Brand%3ALacoste page 1 -> https://www.myntra.com/gateway/v4/search/women-polo-tshirts?f=Brand%3ALacoste&rows=50&o=0&plaEnabled=false&xdEnabled=false&isFacet=true&p=1 | run_id=run_20260928_224049_427763_06222e | brand=Lacoste | page=1 | route=https://www.myntra.com/women-polo-tshirts?f=Brand%3ALacoste | seen=0 | expected=67
2026-09-28 22:49:01 | INFO    | PDP       | Processed 45 target products for Lacoste in 3s (797.1 products/min). | run_id=run_20260928_224049_427763_06222e | brand=Lacoste | saved=45 | elapsed_label=3s | products_per_minute=797.1
2026-09-28 22:49:01 | INFO    | LISTING   | Listing Lacoste route https://www.myntra.com/women-polo-tshirts?f=Brand%3ALacoste page 2 -> https://www.myntra.com/gateway/v4/search/women-polo-tshirts?f=Brand%3ALacoste&rows=50&o=50&plaEnabled=false&xdEnabled=false&isFacet=true&p=2 | run_id=run_20260928_224049_427763_06222e | brand=Lacoste | page=2 | route=https://www.myntra.com/women-polo-tshirts?f=Brand%3ALacoste | seen=45 | expected=67
2026-09-28 22:49:04 | INFO    | PDP       | Processed 17 target products for Lacoste in 2s (550.73 products/min). | run_id=run_20260928_224049_427763_06222e | brand=Lacoste | saved=17 | elapsed_label=2s | products_per_minute=550.73
2026-09-28 22:49:04 | WARNING | LISTING   | Retrying route https://www.myntra.com/women-polo-tshirts?f=Brand%3ALacoste for Lacoste (pass 1/2) after incomplete coverage: 62/67 unique products seen. | run_id=run_20260928_224049_427763_06222e | brand=Lacoste | route=https://www.myntra.com/women-polo-tshirts?f=Brand%3ALacoste | seen=62 | expected=67 | attempt=1/2
2026-09-28 22:49:04 | INFO    | LISTING   | Listing Lacoste route https://www.myntra.com/women-polo-tshirts?f=Brand%3ALacoste page 1 -> https://www.myntra.com/gateway/v4/search/women-polo-tshirts?f=Brand%3ALacoste&rows=50&o=0&plaEnabled=false&xdEnabled=false&isFacet=true&p=1 | run_id=run_20260928_224049_427763_06222e | brand=Lacoste | page=1 | route=https://www.myntra.com/women-polo-tshirts?f=Brand%3ALacoste | seen=62 | expected=67
2026-09-28 22:49:05 | INFO    | LISTING   | Listing Lacoste route https://www.myntra.com/women-polo-tshirts?f=Brand%3ALacoste page 2 -> https://www.myntra.com/gateway/v4/search/women-polo-tshirts?f=Brand%3ALacoste&rows=50&o=50&plaEnabled=false&xdEnabled=false&isFacet=true&p=2 | run_id=run_20260928_224049_427763_06222e | brand=Lacoste | page=2 | route=https://www.myntra.com/women-polo-tshirts?f=Brand%3ALacoste | seen=62 | expected=67
2026-09-28 22:49:06 | WARNING | LISTING   | Retrying route https://www.myntra.com/women-polo-tshirts?f=Brand%3ALacoste for Lacoste (pass 2/2) after incomplete coverage: 62/67 unique products seen. | run_id=run_20260928_224049_427763_06222e | brand=Lacoste | route=https://www.myntra.com/women-polo-tshirts?f=Brand%3ALacoste | seen=62 | expected=67 | attempt=2/2
2026-09-28 22:49:06 | INFO    | LISTING   | Listing Lacoste route https://www.myntra.com/women-polo-tshirts?f=Brand%3ALacoste page 1 -> https://www.myntra.com/gateway/v4/search/women-polo-tshirts?f=Brand%3ALacoste&rows=50&o=0&plaEnabled=false&xdEnabled=false&isFacet=true&p=1 | run_id=run_20260928_224049_427763_06222e | brand=Lacoste | page=1 | route=https://www.myntra.com/women-polo-tshirts?f=Brand%3ALacoste | seen=62 | expected=67
2026-09-28 22:49:08 | INFO    | LISTING   | Listing Lacoste route https://www.myntra.com/women-polo-tshirts?f=Brand%3ALacoste page 2 -> https://www.myntra.com/gateway/v4/search/women-polo-tshirts?f=Brand%3ALacoste&rows=50&o=50&plaEnabled=false&xdEnabled=false&isFacet=true&p=2 | run_id=run_20260928_224049_427763_06222e | brand=Lacoste | page=2 | route=https://www.myntra.com/women-polo-tshirts?f=Brand%3ALacoste | seen=62 | expected=67
2026-09-28 22:49:08 | INFO    | LISTING   | Listing Lacoste route https://www.myntra.com/polo-tshirts?f=Brand%3ALacoste page 1 -> https://www.myntra.com/gateway/v4/search/polo-tshirts?f=Brand%3ALacoste&rows=50&o=0&plaEnabled=false&xdEnabled=false&isFacet=true&p=1 | run_id=run_20260928_224049_427763_06222e | brand=Lacoste | page=1 | route=https://www.myntra.com/polo-tshirts?f=Brand%3ALacoste | seen=0 | expected=787
2026-09-28 22:49:11 | WARNING | PDP       | PDP fetch failed for https://www.myntra.com/Tshirts/Lacoste/Lacoste-Kids-Colourblocked-Polo-Collar-T-shirt/45382900/buy: PDP payload did not contain pdpData. | run_id=run_20260928_224049_427763_06222e | brand=Lacoste | route=https://www.myntra.com/Tshirts/Lacoste/Lacoste-Kids-Colourblocked-Polo-Collar-T-shirt/45382900/buy
2026-09-28 22:49:13 | INFO    | PDP       | Retrying 1 PDP fetches for Lacoste (retry round 1/5). | run_id=run_20260928_224049_427763_06222e | brand=Lacoste | attempt=1/5
2026-09-28 22:49:15 | INFO    | PDP       | Processed 46 target products for Lacoste in 5s (564.5 products/min). | run_id=run_20260928_224049_427763_06222e | brand=Lacoste | saved=46 | elapsed_label=5s | products_per_minute=564.5
2026-09-28 22:49:15 | INFO    | LISTING   | Listing Lacoste route https://www.myntra.com/polo-tshirts?f=Brand%3ALacoste page 2 -> https://www.myntra.com/gateway/v4/search/polo-tshirts?f=Brand%3ALacoste&rows=50&o=50&plaEnabled=false&xdEnabled=false&isFacet=true&p=2 | run_id=run_20260928_224049_427763_06222e | brand=Lacoste | page=2 | route=https://www.myntra.com/polo-tshirts?f=Brand%3ALacoste | seen=49 | expected=787
2026-09-28 22:49:19 | INFO    | PDP       | Processed 41 target products for Lacoste in 3s (723.67 products/min). | run_id=run_20260928_224049_427763_06222e | brand=Lacoste | saved=41 | elapsed_label=3s | products_per_minute=723.67
2026-09-28 22:49:20 | INFO    | LISTING   | Listing Lacoste route https://www.myntra.com/polo-tshirts?f=Brand%3ALacoste page 3 -> https://www.myntra.com/gateway/v4/search/polo-tshirts?f=Brand%3ALacoste&rows=50&o=100&plaEnabled=false&xdEnabled=false&isFacet=true&p=3 | run_id=run_20260928_224049_427763_06222e | brand=Lacoste | page=3 | route=https://www.myntra.com/polo-tshirts?f=Brand%3ALacoste | seen=99 | expected=787
2026-09-28 22:49:24 | INFO    | PDP       | Processed 48 target products for Lacoste in 3s (904.9 products/min). | run_id=run_20260928_224049_427763_06222e | brand=Lacoste | saved=48 | elapsed_label=3s | products_per_minute=904.9
2026-09-28 22:49:24 | INFO    | LISTING   | Listing Lacoste route https://www.myntra.com/polo-tshirts?f=Brand%3ALacoste page 4 -> https://www.myntra.com/gateway/v4/search/polo-tshirts?f=Brand%3ALacoste&rows=50&o=150&plaEnabled=false&xdEnabled=false&isFacet=true&p=4 | run_id=run_20260928_224049_427763_06222e | brand=Lacoste | page=4 | route=https://www.myntra.com/polo-tshirts?f=Brand%3ALacoste | seen=149 | expected=787
2026-09-28 22:49:27 | WARNING | PDP       | PDP fetch failed for https://www.myntra.com/Tshirts/Lacoste/Lacoste-Men-Brand-Logo-Polo-Collar-T-shirt/44945907/buy: PDP payload did not contain pdpData. | run_id=run_20260928_224049_427763_06222e | brand=Lacoste | route=https://www.myntra.com/Tshirts/Lacoste/Lacoste-Men-Brand-Logo-Polo-Collar-T-shirt/44945907/buy
2026-09-28 22:49:27 | WARNING | PDP       | PDP fetch failed for https://www.myntra.com/Tshirts/Lacoste/Lacoste-Men-Printed-Polo-Collar-T-shirt/46143954/buy: PDP payload did not contain pdpData. | run_id=run_20260928_224049_427763_06222e | brand=Lacoste | route=https://www.myntra.com/Tshirts/Lacoste/Lacoste-Men-Printed-Polo-Collar-T-shirt/46143954/buy
2026-09-28 22:49:28 | INFO    | PDP       | Retrying 2 PDP fetches for Lacoste (retry round 1/5). | run_id=run_20260928_224049_427763_06222e | brand=Lacoste | attempt=1/5
2026-09-28 22:49:29 | INFO    | PDP       | Processed 44 target products for Lacoste in 5s (580.57 products/min). | run_id=run_20260928_224049_427763_06222e | brand=Lacoste | saved=44 | elapsed_label=5s | products_per_minute=580.57
2026-09-28 22:49:30 | INFO    | LISTING   | Listing Lacoste route https://www.myntra.com/polo-tshirts?f=Brand%3ALacoste page 5 -> https://www.myntra.com/gateway/v4/search/polo-tshirts?f=Brand%3ALacoste&rows=50&o=200&plaEnabled=false&xdEnabled=false&isFacet=true&p=5 | run_id=run_20260928_224049_427763_06222e | brand=Lacoste | page=5 | route=https://www.myntra.com/polo-tshirts?f=Brand%3ALacoste | seen=197 | expected=787
2026-09-28 22:49:33 | INFO    | PDP       | Processed 44 target products for Lacoste in 3s (816.12 products/min). | run_id=run_20260928_224049_427763_06222e | brand=Lacoste | saved=44 | elapsed_label=3s | products_per_minute=816.12
2026-09-28 22:49:34 | INFO    | LISTING   | Listing Lacoste route https://www.myntra.com/polo-tshirts?f=Brand%3ALacoste page 6 -> https://www.myntra.com/gateway/v4/search/polo-tshirts?f=Brand%3ALacoste&rows=50&o=250&plaEnabled=false&xdEnabled=false&isFacet=true&p=6 | run_id=run_20260928_224049_427763_06222e | brand=Lacoste | page=6 | route=https://www.myntra.com/polo-tshirts?f=Brand%3ALacoste | seen=245 | expected=787
2026-09-28 22:49:38 | INFO    | PDP       | Processed 47 target products for Lacoste in 3s (846.84 products/min). | run_id=run_20260928_224049_427763_06222e | brand=Lacoste | saved=47 | elapsed_label=3s | products_per_minute=846.84
2026-09-28 22:49:38 | INFO    | LISTING   | Listing Lacoste route https://www.myntra.com/polo-tshirts?f=Brand%3ALacoste page 7 -> https://www.myntra.com/gateway/v4/search/polo-tshirts?f=Brand%3ALacoste&rows=50&o=300&plaEnabled=false&xdEnabled=false&isFacet=true&p=7 | run_id=run_20260928_224049_427763_06222e | brand=Lacoste | page=7 | route=https://www.myntra.com/polo-tshirts?f=Brand%3ALacoste | seen=294 | expected=787
2026-09-28 22:49:42 | INFO    | PDP       | Processed 36 target products for Lacoste in 3s (778.47 products/min). | run_id=run_20260928_224049_427763_06222e | brand=Lacoste | saved=36 | elapsed_label=3s | products_per_minute=778.47
2026-09-28 22:49:42 | INFO    | LISTING   | Listing Lacoste route https://www.myntra.com/polo-tshirts?f=Brand%3ALacoste page 8 -> https://www.myntra.com/gateway/v4/search/polo-tshirts?f=Brand%3ALacoste&rows=50&o=350&plaEnabled=false&xdEnabled=false&isFacet=true&p=8 | run_id=run_20260928_224049_427763_06222e | brand=Lacoste | page=8 | route=https://www.myntra.com/polo-tshirts?f=Brand%3ALacoste | seen=336 | expected=787
2026-09-28 22:49:46 | INFO    | PDP       | Processed 35 target products for Lacoste in 3s (730.84 products/min). | run_id=run_20260928_224049_427763_06222e | brand=Lacoste | saved=35 | elapsed_label=3s | products_per_minute=730.84
2026-09-28 22:49:46 | INFO    | LISTING   | Listing Lacoste route https://www.myntra.com/polo-tshirts?f=Brand%3ALacoste page 9 -> https://www.myntra.com/gateway/v4/search/polo-tshirts?f=Brand%3ALacoste&rows=50&o=400&plaEnabled=false&xdEnabled=false&isFacet=true&p=9 | run_id=run_20260928_224049_427763_06222e | brand=Lacoste | page=9 | route=https://www.myntra.com/polo-tshirts?f=Brand%3ALacoste | seen=374 | expected=787
2026-09-28 22:49:50 | INFO    | PDP       | Processed 46 target products for Lacoste in 3s (843.35 products/min). | run_id=run_20260928_224049_427763_06222e | brand=Lacoste | saved=46 | elapsed_label=3s | products_per_minute=843.35
2026-09-28 22:49:50 | INFO    | LISTING   | Listing Lacoste route https://www.myntra.com/polo-tshirts?f=Brand%3ALacoste page 10 -> https://www.myntra.com/gateway/v4/search/polo-tshirts?f=Brand%3ALacoste&rows=50&o=450&plaEnabled=false&xdEnabled=false&isFacet=true&p=10 | run_id=run_20260928_224049_427763_06222e | brand=Lacoste | page=10 | route=https://www.myntra.com/polo-tshirts?f=Brand%3ALacoste | seen=422 | expected=787
2026-09-28 22:49:54 | INFO    | PDP       | Processed 36 target products for Lacoste in 3s (753.69 products/min). | run_id=run_20260928_224049_427763_06222e | brand=Lacoste | saved=36 | elapsed_label=3s | products_per_minute=753.69
2026-09-28 22:49:54 | INFO    | LISTING   | Listing Lacoste route https://www.myntra.com/polo-tshirts?f=Brand%3ALacoste page 11 -> https://www.myntra.com/gateway/v4/search/polo-tshirts?f=Brand%3ALacoste&rows=50&o=500&plaEnabled=false&xdEnabled=false&isFacet=true&p=11 | run_id=run_20260928_224049_427763_06222e | brand=Lacoste | page=11 | route=https://www.myntra.com/polo-tshirts?f=Brand%3ALacoste | seen=461 | expected=787
2026-09-28 22:49:59 | INFO    | PDP       | Processed 48 target products for Lacoste in 4s (719.18 products/min). | run_id=run_20260928_224049_427763_06222e | brand=Lacoste | saved=48 | elapsed_label=4s | products_per_minute=719.18
2026-09-28 22:49:59 | INFO    | LISTING   | Listing Lacoste route https://www.myntra.com/polo-tshirts?f=Brand%3ALacoste page 12 -> https://www.myntra.com/gateway/v4/search/polo-tshirts?f=Brand%3ALacoste&rows=50&o=550&plaEnabled=false&xdEnabled=false&isFacet=true&p=12 | run_id=run_20260928_224049_427763_06222e | brand=Lacoste | page=12 | route=https://www.myntra.com/polo-tshirts?f=Brand%3ALacoste | seen=511 | expected=787
2026-09-28 22:50:03 | INFO    | PDP       | Processed 45 target products for Lacoste in 3s (847.24 products/min). | run_id=run_20260928_224049_427763_06222e | brand=Lacoste | saved=45 | elapsed_label=3s | products_per_minute=847.24
2026-09-28 22:50:03 | INFO    | LISTING   | Listing Lacoste route https://www.myntra.com/polo-tshirts?f=Brand%3ALacoste page 13 -> https://www.myntra.com/gateway/v4/search/polo-tshirts?f=Brand%3ALacoste&rows=50&o=600&plaEnabled=false&xdEnabled=false&isFacet=true&p=13 | run_id=run_20260928_224049_427763_06222e | brand=Lacoste | page=13 | route=https://www.myntra.com/polo-tshirts?f=Brand%3ALacoste | seen=560 | expected=787
2026-09-28 22:50:07 | INFO    | PDP       | Processed 49 target products for Lacoste in 4s (796.75 products/min). | run_id=run_20260928_224049_427763_06222e | brand=Lacoste | saved=49 | elapsed_label=4s | products_per_minute=796.75
2026-09-28 22:50:08 | INFO    | LISTING   | Listing Lacoste route https://www.myntra.com/polo-tshirts?f=Brand%3ALacoste page 14 -> https://www.myntra.com/gateway/v4/search/polo-tshirts?f=Brand%3ALacoste&rows=50&o=650&plaEnabled=false&xdEnabled=false&isFacet=true&p=14 | run_id=run_20260928_224049_427763_06222e | brand=Lacoste | page=14 | route=https://www.myntra.com/polo-tshirts?f=Brand%3ALacoste | seen=610 | expected=787
2026-09-28 22:50:11 | INFO    | PDP       | Processed 39 target products for Lacoste in 3s (837.25 products/min). | run_id=run_20260928_224049_427763_06222e | brand=Lacoste | saved=39 | elapsed_label=3s | products_per_minute=837.25
2026-09-28 22:50:11 | INFO    | LISTING   | Listing Lacoste route https://www.myntra.com/polo-tshirts?f=Brand%3ALacoste page 15 -> https://www.myntra.com/gateway/v4/search/polo-tshirts?f=Brand%3ALacoste&rows=50&o=700&plaEnabled=false&xdEnabled=false&isFacet=true&p=15 | run_id=run_20260928_224049_427763_06222e | brand=Lacoste | page=15 | route=https://www.myntra.com/polo-tshirts?f=Brand%3ALacoste | seen=657 | expected=787
2026-09-28 22:50:15 | INFO    | PDP       | Processed 39 target products for Lacoste in 3s (761.82 products/min). | run_id=run_20260928_224049_427763_06222e | brand=Lacoste | saved=39 | elapsed_label=3s | products_per_minute=761.82
2026-09-28 22:50:15 | INFO    | LISTING   | Listing Lacoste route https://www.myntra.com/polo-tshirts?f=Brand%3ALacoste page 16 -> https://www.myntra.com/gateway/v4/search/polo-tshirts?f=Brand%3ALacoste&rows=50&o=750&plaEnabled=false&xdEnabled=false&isFacet=true&p=16 | run_id=run_20260928_224049_427763_06222e | brand=Lacoste | page=16 | route=https://www.myntra.com/polo-tshirts?f=Brand%3ALacoste | seen=700 | expected=787
2026-09-28 22:50:19 | INFO    | PDP       | Processed 45 target products for Lacoste in 3s (908.27 products/min). | run_id=run_20260928_224049_427763_06222e | brand=Lacoste | saved=45 | elapsed_label=3s | products_per_minute=908.27
2026-09-28 22:50:19 | INFO    | LISTING   | Listing Lacoste route https://www.myntra.com/polo-tshirts?f=Brand%3ALacoste page 17 -> https://www.myntra.com/gateway/v4/search/polo-tshirts?f=Brand%3ALacoste&rows=50&o=800&plaEnabled=false&xdEnabled=false&isFacet=true&p=17 | run_id=run_20260928_224049_427763_06222e | brand=Lacoste | page=17 | route=https://www.myntra.com/polo-tshirts?f=Brand%3ALacoste | seen=748 | expected=787
2026-09-28 22:50:21 | INFO    | PDP       | Processed 6 target products for Lacoste in 1s (429.55 products/min). | run_id=run_20260928_224049_427763_06222e | brand=Lacoste | saved=6 | elapsed_label=1s | products_per_minute=429.55
2026-09-28 22:50:21 | INFO    | LISTING   | Listing Lacoste route https://www.myntra.com/polo-tshirts?f=Brand%3ALacoste page 18 -> https://www.myntra.com/gateway/v4/search/polo-tshirts?f=Brand%3ALacoste&rows=50&o=850&plaEnabled=false&xdEnabled=false&isFacet=true&p=18 | run_id=run_20260928_224049_427763_06222e | brand=Lacoste | page=18 | route=https://www.myntra.com/polo-tshirts?f=Brand%3ALacoste | seen=755 | expected=787
2026-09-28 22:50:21 | WARNING | LISTING   | Empty listing page for Lacoste on page 18 before expected end; continuing. | run_id=run_20260928_224049_427763_06222e | brand=Lacoste | page=18 | route=https://www.myntra.com/polo-tshirts?f=Brand%3ALacoste
2026-09-28 22:50:21 | INFO    | LISTING   | Listing Lacoste route https://www.myntra.com/polo-tshirts?f=Brand%3ALacoste page 19 -> https://www.myntra.com/gateway/v4/search/polo-tshirts?f=Brand%3ALacoste&rows=50&o=900&plaEnabled=false&xdEnabled=false&isFacet=true&p=19 | run_id=run_20260928_224049_427763_06222e | brand=Lacoste | page=19 | route=https://www.myntra.com/polo-tshirts?f=Brand%3ALacoste | seen=755 | expected=787
2026-09-28 22:50:22 | WARNING | NETWORK   | JSON request failed for https://www.myntra.com/gateway/v4/search/polo-tshirts?f=Brand%3ALacoste&rows=50&o=900&plaEnabled=false&xdEnabled=false&isFacet=true&p=19 on attempt 1/3: HTTP Error 400:  | run_id=run_20260928_224049_427763_06222e | route=https://www.myntra.com/gateway/v4/search/polo-tshirts?f=Brand%3ALacoste&rows=50&o=900&plaEnabled=false&xdEnabled=false&isFacet=true&p=19 | attempt=1/3
2026-09-28 22:50:24 | WARNING | NETWORK   | JSON request failed for https://www.myntra.com/gateway/v4/search/polo-tshirts?f=Brand%3ALacoste&rows=50&o=900&plaEnabled=false&xdEnabled=false&isFacet=true&p=19 on attempt 2/3: HTTP Error 400:  | run_id=run_20260928_224049_427763_06222e | route=https://www.myntra.com/gateway/v4/search/polo-tshirts?f=Brand%3ALacoste&rows=50&o=900&plaEnabled=false&xdEnabled=false&isFacet=true&p=19 | attempt=2/3
2026-09-28 22:50:26 | WARNING | NETWORK   | JSON request failed for https://www.myntra.com/gateway/v4/search/polo-tshirts?f=Brand%3ALacoste&rows=50&o=900&plaEnabled=false&xdEnabled=false&isFacet=true&p=19 on attempt 3/3: HTTP Error 400:  | run_id=run_20260928_224049_427763_06222e | route=https://www.myntra.com/gateway/v4/search/polo-tshirts?f=Brand%3ALacoste&rows=50&o=900&plaEnabled=false&xdEnabled=false&isFacet=true&p=19 | attempt=3/3
2026-09-28 22:50:26 | WARNING | NETWORK   | JSON request failed for https://www.myntra.com/gateway/v4/search/polo-tshirts?f=Brand%3ALacoste&rows=25&o=900&plaEnabled=false&xdEnabled=false&isFacet=true&p=19 on attempt 1/3: HTTP Error 400:  | run_id=run_20260928_224049_427763_06222e | route=https://www.myntra.com/gateway/v4/search/polo-tshirts?f=Brand%3ALacoste&rows=25&o=900&plaEnabled=false&xdEnabled=false&isFacet=true&p=19 | attempt=1/3
2026-09-28 22:50:28 | WARNING | NETWORK   | JSON request failed for https://www.myntra.com/gateway/v4/search/polo-tshirts?f=Brand%3ALacoste&rows=25&o=900&plaEnabled=false&xdEnabled=false&isFacet=true&p=19 on attempt 2/3: HTTP Error 400:  | run_id=run_20260928_224049_427763_06222e | route=https://www.myntra.com/gateway/v4/search/polo-tshirts?f=Brand%3ALacoste&rows=25&o=900&plaEnabled=false&xdEnabled=false&isFacet=true&p=19 | attempt=2/3
2026-09-28 22:50:31 | WARNING | NETWORK   | JSON request failed for https://www.myntra.com/gateway/v4/search/polo-tshirts?f=Brand%3ALacoste&rows=25&o=900&plaEnabled=false&xdEnabled=false&isFacet=true&p=19 on attempt 3/3: HTTP Error 400:  | run_id=run_20260928_224049_427763_06222e | route=https://www.myntra.com/gateway/v4/search/polo-tshirts?f=Brand%3ALacoste&rows=25&o=900&plaEnabled=false&xdEnabled=false&isFacet=true&p=19 | attempt=3/3
2026-09-28 22:50:32 | WARNING | NETWORK   | JSON request failed for https://www.myntra.com/gateway/v4/search/polo-tshirts?f=Brand%3ALacoste&rows=10&o=900&plaEnabled=false&xdEnabled=false&isFacet=true&p=19 on attempt 1/3: HTTP Error 400:  | run_id=run_20260928_224049_427763_06222e | route=https://www.myntra.com/gateway/v4/search/polo-tshirts?f=Brand%3ALacoste&rows=10&o=900&plaEnabled=false&xdEnabled=false&isFacet=true&p=19 | attempt=1/3
2026-09-28 22:50:33 | WARNING | NETWORK   | JSON request failed for https://www.myntra.com/gateway/v4/search/polo-tshirts?f=Brand%3ALacoste&rows=10&o=900&plaEnabled=false&xdEnabled=false&isFacet=true&p=19 on attempt 2/3: HTTP Error 400:  | run_id=run_20260928_224049_427763_06222e | route=https://www.myntra.com/gateway/v4/search/polo-tshirts?f=Brand%3ALacoste&rows=10&o=900&plaEnabled=false&xdEnabled=false&isFacet=true&p=19 | attempt=2/3
2026-09-28 22:50:36 | WARNING | NETWORK   | JSON request failed for https://www.myntra.com/gateway/v4/search/polo-tshirts?f=Brand%3ALacoste&rows=10&o=900&plaEnabled=false&xdEnabled=false&isFacet=true&p=19 on attempt 3/3: HTTP Error 400:  | run_id=run_20260928_224049_427763_06222e | route=https://www.myntra.com/gateway/v4/search/polo-tshirts?f=Brand%3ALacoste&rows=10&o=900&plaEnabled=false&xdEnabled=false&isFacet=true&p=19 | attempt=3/3
2026-09-28 22:50:37 | WARNING | NETWORK   | JSON request failed for https://www.myntra.com/gateway/v4/search/polo-tshirts?f=Brand%3ALacoste&rows=50&o=899&plaEnabled=false&xdEnabled=false&isFacet=true&p=19 on attempt 1/3: HTTP Error 400:  | run_id=run_20260928_224049_427763_06222e | route=https://www.myntra.com/gateway/v4/search/polo-tshirts?f=Brand%3ALacoste&rows=50&o=899&plaEnabled=false&xdEnabled=false&isFacet=true&p=19 | attempt=1/3
2026-09-28 22:50:38 | WARNING | NETWORK   | JSON request failed for https://www.myntra.com/gateway/v4/search/polo-tshirts?f=Brand%3ALacoste&rows=50&o=899&plaEnabled=false&xdEnabled=false&isFacet=true&p=19 on attempt 2/3: HTTP Error 400:  | run_id=run_20260928_224049_427763_06222e | route=https://www.myntra.com/gateway/v4/search/polo-tshirts?f=Brand%3ALacoste&rows=50&o=899&plaEnabled=false&xdEnabled=false&isFacet=true&p=19 | attempt=2/3
2026-09-28 22:50:41 | WARNING | NETWORK   | JSON request failed for https://www.myntra.com/gateway/v4/search/polo-tshirts?f=Brand%3ALacoste&rows=50&o=899&plaEnabled=false&xdEnabled=false&isFacet=true&p=19 on attempt 3/3: HTTP Error 400:  | run_id=run_20260928_224049_427763_06222e | route=https://www.myntra.com/gateway/v4/search/polo-tshirts?f=Brand%3ALacoste&rows=50&o=899&plaEnabled=false&xdEnabled=false&isFacet=true&p=19 | attempt=3/3
2026-09-28 22:50:42 | WARNING | NETWORK   | JSON request failed for https://www.myntra.com/gateway/v4/search/polo-tshirts?f=Brand%3ALacoste&rows=25&o=899&plaEnabled=false&xdEnabled=false&isFacet=true&p=19 on attempt 1/3: HTTP Error 400:  | run_id=run_20260928_224049_427763_06222e | route=https://www.myntra.com/gateway/v4/search/polo-tshirts?f=Brand%3ALacoste&rows=25&o=899&plaEnabled=false&xdEnabled=false&isFacet=true&p=19 | attempt=1/3
2026-09-28 22:50:44 | WARNING | NETWORK   | JSON request failed for https://www.myntra.com/gateway/v4/search/polo-tshirts?f=Brand%3ALacoste&rows=25&o=899&plaEnabled=false&xdEnabled=false&isFacet=true&p=19 on attempt 2/3: HTTP Error 400:  | run_id=run_20260928_224049_427763_06222e | route=https://www.myntra.com/gateway/v4/search/polo-tshirts?f=Brand%3ALacoste&rows=25&o=899&plaEnabled=false&xdEnabled=false&isFacet=true&p=19 | attempt=2/3
2026-09-28 22:50:46 | WARNING | NETWORK   | JSON request failed for https://www.myntra.com/gateway/v4/search/polo-tshirts?f=Brand%3ALacoste&rows=25&o=899&plaEnabled=false&xdEnabled=false&isFacet=true&p=19 on attempt 3/3: HTTP Error 400:  | run_id=run_20260928_224049_427763_06222e | route=https://www.myntra.com/gateway/v4/search/polo-tshirts?f=Brand%3ALacoste&rows=25&o=899&plaEnabled=false&xdEnabled=false&isFacet=true&p=19 | attempt=3/3
2026-09-28 22:50:47 | WARNING | NETWORK   | JSON request failed for https://www.myntra.com/gateway/v4/search/polo-tshirts?f=Brand%3ALacoste&rows=10&o=899&plaEnabled=false&xdEnabled=false&isFacet=true&p=19 on attempt 1/3: HTTP Error 400:  | run_id=run_20260928_224049_427763_06222e | route=https://www.myntra.com/gateway/v4/search/polo-tshirts?f=Brand%3ALacoste&rows=10&o=899&plaEnabled=false&xdEnabled=false&isFacet=true&p=19 | attempt=1/3
2026-09-28 22:50:49 | WARNING | NETWORK   | JSON request failed for https://www.myntra.com/gateway/v4/search/polo-tshirts?f=Brand%3ALacoste&rows=10&o=899&plaEnabled=false&xdEnabled=false&isFacet=true&p=19 on attempt 2/3: HTTP Error 400:  | run_id=run_20260928_224049_427763_06222e | route=https://www.myntra.com/gateway/v4/search/polo-tshirts?f=Brand%3ALacoste&rows=10&o=899&plaEnabled=false&xdEnabled=false&isFacet=true&p=19 | attempt=2/3
    [0;31m✗[0m Scraper timed out after 10 minutes — skipping
  [0;36m→[0m Exporting local DB (polos_myntra_data)...
    [0;32m✓[0m Exported: 23252 sizes | 0 snapshots | units_sold=0 | revenue=₹0.0

[1m[0;36m[3/9] Kidswear[0m  [2m(Kids → kids_gtm :3010)[0m
  [0;36m→[0m Scraping...
2026-09-28 22:50:49 | INFO    | GENERAL   | Pre-loaded 0 existing products from DB into seen cache.
2026-09-28 22:50:51 | INFO    | BRAND     | Resolving brand routes. | run_id=run_20260928_225049_642603_26e495 | brand=Kidbea
2026-09-28 22:50:52 | INFO    | BRAND     | Resolved Kidbea -> 1 routes (best brand total=865): https://www.myntra.com/kidbea | run_id=run_20260928_225049_642603_26e495 | brand=Kidbea | expected=865
2026-09-28 22:50:52 | INFO    | BRAND     | Starting brand scrape. | run_id=run_20260928_225049_642603_26e495 | brand=Kidbea | expected=865
2026-09-28 22:50:52 | INFO    | LISTING   | Listing Kidbea route https://www.myntra.com/kidbea page 1 -> https://www.myntra.com/gateway/v4/search/kidbea?rows=50&o=0&plaEnabled=false&xdEnabled=false&isFacet=true&p=1 | run_id=run_20260928_225049_642603_26e495 | brand=Kidbea | page=1 | route=https://www.myntra.com/kidbea | seen=0 | expected=865
2026-09-28 22:50:57 | INFO    | PDP       | Processed 44 target products for Kidbea in 4s (714.05 products/min). | run_id=run_20260928_225049_642603_26e495 | brand=Kidbea | saved=44 | elapsed_label=4s | products_per_minute=714.05
2026-09-28 22:50:57 | INFO    | LISTING   | Listing Kidbea route https://www.myntra.com/kidbea page 2 -> https://www.myntra.com/gateway/v4/search/kidbea?rows=50&o=50&plaEnabled=false&xdEnabled=false&isFacet=true&p=2 | run_id=run_20260928_225049_642603_26e495 | brand=Kidbea | page=2 | route=https://www.myntra.com/kidbea | seen=44 | expected=865
2026-09-28 22:51:02 | INFO    | PDP       | Processed 49 target products for Kidbea in 4s (756.87 products/min). | run_id=run_20260928_225049_642603_26e495 | brand=Kidbea | saved=49 | elapsed_label=4s | products_per_minute=756.87
2026-09-28 22:51:02 | INFO    | LISTING   | Listing Kidbea route https://www.myntra.com/kidbea page 3 -> https://www.myntra.com/gateway/v4/search/kidbea?rows=50&o=100&plaEnabled=false&xdEnabled=false&isFacet=true&p=3 | run_id=run_20260928_225049_642603_26e495 | brand=Kidbea | page=3 | route=https://www.myntra.com/kidbea | seen=93 | expected=865
2026-09-28 22:51:06 | INFO    | PDP       | Processed 47 target products for Kidbea in 4s (794.03 products/min). | run_id=run_20260928_225049_642603_26e495 | brand=Kidbea | saved=47 | elapsed_label=4s | products_per_minute=794.03
2026-09-28 22:51:07 | INFO    | LISTING   | Listing Kidbea route https://www.myntra.com/kidbea page 4 -> https://www.myntra.com/gateway/v4/search/kidbea?rows=50&o=150&plaEnabled=false&xdEnabled=false&isFacet=true&p=4 | run_id=run_20260928_225049_642603_26e495 | brand=Kidbea | page=4 | route=https://www.myntra.com/kidbea | seen=140 | expected=865
2026-09-28 22:51:11 | WARNING | PDP       | PDP fetch failed for https://www.myntra.com/Clothing-Set/Kidbea/Kidbea-Unisex-Kids-Printed-T-shirt-with-Pyjamas/41216044/buy: PDP payload did not contain pdpData. | run_id=run_20260928_225049_642603_26e495 | brand=Kidbea | route=https://www.myntra.com/Clothing-Set/Kidbea/Kidbea-Unisex-Kids-Printed-T-shirt-with-Pyjamas/41216044/buy
2026-09-28 22:51:11 | INFO    | PDP       | Retrying 1 PDP fetches for Kidbea (retry round 1/5). | run_id=run_20260928_225049_642603_26e495 | brand=Kidbea | attempt=1/5
2026-09-28 22:51:13 | INFO    | PDP       | Processed 50 target products for Kidbea in 6s (544.24 products/min). | run_id=run_20260928_225049_642603_26e495 | brand=Kidbea | saved=50 | elapsed_label=6s | products_per_minute=544.24
2026-09-28 22:51:13 | INFO    | LISTING   | Listing Kidbea route https://www.myntra.com/kidbea page 5 -> https://www.myntra.com/gateway/v4/search/kidbea?rows=50&o=200&plaEnabled=false&xdEnabled=false&isFacet=true&p=5 | run_id=run_20260928_225049_642603_26e495 | brand=Kidbea | page=5 | route=https://www.myntra.com/kidbea | seen=190 | expected=865
2026-09-28 22:51:17 | INFO    | PDP       | Processed 46 target products for Kidbea in 3s (802.12 products/min). | run_id=run_20260928_225049_642603_26e495 | brand=Kidbea | saved=46 | elapsed_label=3s | products_per_minute=802.12
2026-09-28 22:51:17 | INFO    | LISTING   | Listing Kidbea route https://www.myntra.com/kidbea page 6 -> https://www.myntra.com/gateway/v4/search/kidbea?rows=50&o=250&plaEnabled=false&xdEnabled=false&isFacet=true&p=6 | run_id=run_20260928_225049_642603_26e495 | brand=Kidbea | page=6 | route=https://www.myntra.com/kidbea | seen=236 | expected=865
2026-09-28 22:51:21 | INFO    | PDP       | Processed 32 target products for Kidbea in 3s (763.51 products/min). | run_id=run_20260928_225049_642603_26e495 | brand=Kidbea | saved=32 | elapsed_label=3s | products_per_minute=763.51
2026-09-28 22:51:21 | INFO    | LISTING   | Listing Kidbea route https://www.myntra.com/kidbea page 7 -> https://www.myntra.com/gateway/v4/search/kidbea?rows=50&o=300&plaEnabled=false&xdEnabled=false&isFacet=true&p=7 | run_id=run_20260928_225049_642603_26e495 | brand=Kidbea | page=7 | route=https://www.myntra.com/kidbea | seen=268 | expected=865
2026-09-28 22:51:24 | WARNING | PDP       | PDP fetch failed for https://www.myntra.com/Dresses/Kidbea/Kidbea-Animal-Print-A-Line-Dress/46173110/buy: PDP payload did not contain pdpData. | run_id=run_20260928_225049_642603_26e495 | brand=Kidbea | route=https://www.myntra.com/Dresses/Kidbea/Kidbea-Animal-Print-A-Line-Dress/46173110/buy
2026-09-28 22:51:25 | INFO    | PDP       | Retrying 1 PDP fetches for Kidbea (retry round 1/5). | run_id=run_20260928_225049_642603_26e495 | brand=Kidbea | attempt=1/5
2026-09-28 22:51:26 | INFO    | PDP       | Processed 39 target products for Kidbea in 4s (602.53 products/min). | run_id=run_20260928_225049_642603_26e495 | brand=Kidbea | saved=39 | elapsed_label=4s | products_per_minute=602.53
2026-09-28 22:51:26 | INFO    | LISTING   | Listing Kidbea route https://www.myntra.com/kidbea page 8 -> https://www.myntra.com/gateway/v4/search/kidbea?rows=50&o=350&plaEnabled=false&xdEnabled=false&isFacet=true&p=8 | run_id=run_20260928_225049_642603_26e495 | brand=Kidbea | page=8 | route=https://www.myntra.com/kidbea | seen=307 | expected=865
2026-09-28 22:51:30 | INFO    | PDP       | Processed 43 target products for Kidbea in 3s (929.12 products/min). | run_id=run_20260928_225049_642603_26e495 | brand=Kidbea | saved=43 | elapsed_label=3s | products_per_minute=929.12
2026-09-28 22:51:30 | INFO    | LISTING   | Listing Kidbea route https://www.myntra.com/kidbea page 9 -> https://www.myntra.com/gateway/v4/search/kidbea?rows=50&o=400&plaEnabled=false&xdEnabled=false&isFacet=true&p=9 | run_id=run_20260928_225049_642603_26e495 | brand=Kidbea | page=9 | route=https://www.myntra.com/kidbea | seen=350 | expected=865
2026-09-28 22:51:33 | INFO    | PDP       | Processed 43 target products for Kidbea in 3s (929.27 products/min). | run_id=run_20260928_225049_642603_26e495 | brand=Kidbea | saved=43 | elapsed_label=3s | products_per_minute=929.27
2026-09-28 22:51:34 | INFO    | LISTING   | Listing Kidbea route https://www.myntra.com/kidbea page 10 -> https://www.myntra.com/gateway/v4/search/kidbea?rows=50&o=450&plaEnabled=false&xdEnabled=false&isFacet=true&p=10 | run_id=run_20260928_225049_642603_26e495 | brand=Kidbea | page=10 | route=https://www.myntra.com/kidbea | seen=393 | expected=865
2026-09-28 22:51:37 | INFO    | PDP       | Processed 43 target products for Kidbea in 3s (824.3 products/min). | run_id=run_20260928_225049_642603_26e495 | brand=Kidbea | saved=43 | elapsed_label=3s | products_per_minute=824.3
2026-09-28 22:51:38 | INFO    | LISTING   | Listing Kidbea route https://www.myntra.com/kidbea page 11 -> https://www.myntra.com/gateway/v4/search/kidbea?rows=50&o=500&plaEnabled=false&xdEnabled=false&isFacet=true&p=11 | run_id=run_20260928_225049_642603_26e495 | brand=Kidbea | page=11 | route=https://www.myntra.com/kidbea | seen=436 | expected=865
2026-09-28 22:51:40 | INFO    | PDP       | Processed 25 target products for Kidbea in 2s (732.32 products/min). | run_id=run_20260928_225049_642603_26e495 | brand=Kidbea | saved=25 | elapsed_label=2s | products_per_minute=732.32
2026-09-28 22:51:41 | INFO    | LISTING   | Listing Kidbea route https://www.myntra.com/kidbea page 12 -> https://www.myntra.com/gateway/v4/search/kidbea?rows=50&o=550&plaEnabled=false&xdEnabled=false&isFacet=true&p=12 | run_id=run_20260928_225049_642603_26e495 | brand=Kidbea | page=12 | route=https://www.myntra.com/kidbea | seen=461 | expected=865
2026-09-28 22:51:44 | INFO    | PDP       | Processed 42 target products for Kidbea in 3s (985.97 products/min). | run_id=run_20260928_225049_642603_26e495 | brand=Kidbea | saved=42 | elapsed_label=3s | products_per_minute=985.97
2026-09-28 22:51:44 | INFO    | LISTING   | Listing Kidbea route https://www.myntra.com/kidbea page 13 -> https://www.myntra.com/gateway/v4/search/kidbea?rows=50&o=600&plaEnabled=false&xdEnabled=false&isFacet=true&p=13 | run_id=run_20260928_225049_642603_26e495 | brand=Kidbea | page=13 | route=https://www.myntra.com/kidbea | seen=503 | expected=865
2026-09-28 22:51:47 | INFO    | PDP       | Processed 16 target products for Kidbea in 2s (519.22 products/min). | run_id=run_20260928_225049_642603_26e495 | brand=Kidbea | saved=16 | elapsed_label=2s | products_per_minute=519.22
2026-09-28 22:51:47 | INFO    | LISTING   | Listing Kidbea route https://www.myntra.com/kidbea page 14 -> https://www.myntra.com/gateway/v4/search/kidbea?rows=50&o=650&plaEnabled=false&xdEnabled=false&isFacet=true&p=14 | run_id=run_20260928_225049_642603_26e495 | brand=Kidbea | page=14 | route=https://www.myntra.com/kidbea | seen=519 | expected=865
2026-09-28 22:51:50 | INFO    | PDP       | Processed 34 target products for Kidbea in 3s (810.11 products/min). | run_id=run_20260928_225049_642603_26e495 | brand=Kidbea | saved=34 | elapsed_label=3s | products_per_minute=810.11
2026-09-28 22:51:50 | INFO    | LISTING   | Listing Kidbea route https://www.myntra.com/kidbea page 15 -> https://www.myntra.com/gateway/v4/search/kidbea?rows=50&o=700&plaEnabled=false&xdEnabled=false&isFacet=true&p=15 | run_id=run_20260928_225049_642603_26e495 | brand=Kidbea | page=15 | route=https://www.myntra.com/kidbea | seen=553 | expected=865
2026-09-28 22:51:54 | INFO    | PDP       | Processed 50 target products for Kidbea in 3s (931.03 products/min). | run_id=run_20260928_225049_642603_26e495 | brand=Kidbea | saved=50 | elapsed_label=3s | products_per_minute=931.03
2026-09-28 22:51:55 | INFO    | LISTING   | Listing Kidbea route https://www.myntra.com/kidbea page 16 -> https://www.myntra.com/gateway/v4/search/kidbea?rows=50&o=750&plaEnabled=false&xdEnabled=false&isFacet=true&p=16 | run_id=run_20260928_225049_642603_26e495 | brand=Kidbea | page=16 | route=https://www.myntra.com/kidbea | seen=603 | expected=865
2026-09-28 22:51:57 | INFO    | PDP       | Processed 17 target products for Kidbea in 2s (668.32 products/min). | run_id=run_20260928_225049_642603_26e495 | brand=Kidbea | saved=17 | elapsed_label=2s | products_per_minute=668.32
2026-09-28 22:51:57 | INFO    | LISTING   | Listing Kidbea route https://www.myntra.com/kidbea page 17 -> https://www.myntra.com/gateway/v4/search/kidbea?rows=50&o=800&plaEnabled=false&xdEnabled=false&isFacet=true&p=17 | run_id=run_20260928_225049_642603_26e495 | brand=Kidbea | page=17 | route=https://www.myntra.com/kidbea | seen=620 | expected=865
2026-09-28 22:52:01 | INFO    | PDP       | Processed 40 target products for Kidbea in 3s (777.6 products/min). | run_id=run_20260928_225049_642603_26e495 | brand=Kidbea | saved=40 | elapsed_label=3s | products_per_minute=777.6
2026-09-28 22:52:01 | INFO    | LISTING   | Listing Kidbea route https://www.myntra.com/kidbea page 18 -> https://www.myntra.com/gateway/v4/search/kidbea?rows=50&o=850&plaEnabled=false&xdEnabled=false&isFacet=true&p=18 | run_id=run_20260928_225049_642603_26e495 | brand=Kidbea | page=18 | route=https://www.myntra.com/kidbea | seen=660 | expected=865
2026-09-28 22:52:05 | INFO    | PDP       | Processed 43 target products for Kidbea in 3s (809.72 products/min). | run_id=run_20260928_225049_642603_26e495 | brand=Kidbea | saved=43 | elapsed_label=3s | products_per_minute=809.72
2026-09-28 22:52:05 | INFO    | LISTING   | Listing Kidbea route https://www.myntra.com/kidbea page 19 -> https://www.myntra.com/gateway/v4/search/kidbea?rows=50&o=900&plaEnabled=false&xdEnabled=false&isFacet=true&p=19 | run_id=run_20260928_225049_642603_26e495 | brand=Kidbea | page=19 | route=https://www.myntra.com/kidbea | seen=703 | expected=865
2026-09-28 22:52:09 | INFO    | PDP       | Processed 48 target products for Kidbea in 3s (878.11 products/min). | run_id=run_20260928_225049_642603_26e495 | brand=Kidbea | saved=48 | elapsed_label=3s | products_per_minute=878.11
2026-09-28 22:52:09 | INFO    | LISTING   | Listing Kidbea route https://www.myntra.com/kidbea page 20 -> https://www.myntra.com/gateway/v4/search/kidbea?rows=50&o=950&plaEnabled=false&xdEnabled=false&isFacet=true&p=20 | run_id=run_20260928_225049_642603_26e495 | brand=Kidbea | page=20 | route=https://www.myntra.com/kidbea | seen=751 | expected=865
2026-09-28 22:52:11 | INFO    | PDP       | Processed 10 target products for Kidbea in 1s (417.47 products/min). | run_id=run_20260928_225049_642603_26e495 | brand=Kidbea | saved=10 | elapsed_label=1s | products_per_minute=417.47
2026-09-28 22:52:11 | INFO    | LISTING   | Listing Kidbea route https://www.myntra.com/kidbea page 21 -> https://www.myntra.com/gateway/v4/search/kidbea?rows=50&o=1000&plaEnabled=false&xdEnabled=false&isFacet=true&p=21 | run_id=run_20260928_225049_642603_26e495 | brand=Kidbea | page=21 | route=https://www.myntra.com/kidbea | seen=761 | expected=865
2026-09-28 22:52:12 | WARNING | LISTING   | Empty listing page for Kidbea on page 21 before expected end; continuing. | run_id=run_20260928_225049_642603_26e495 | brand=Kidbea | page=21 | route=https://www.myntra.com/kidbea
2026-09-28 22:52:12 | INFO    | LISTING   | Listing Kidbea route https://www.myntra.com/kidbea page 22 -> https://www.myntra.com/gateway/v4/search/kidbea?rows=50&o=1050&plaEnabled=false&xdEnabled=false&isFacet=true&p=22 | run_id=run_20260928_225049_642603_26e495 | brand=Kidbea | page=22 | route=https://www.myntra.com/kidbea | seen=761 | expected=865
2026-09-28 22:52:12 | WARNING | NETWORK   | JSON request failed for https://www.myntra.com/gateway/v4/search/kidbea?rows=50&o=1050&plaEnabled=false&xdEnabled=false&isFacet=true&p=22 on attempt 1/3: HTTP Error 400:  | run_id=run_20260928_225049_642603_26e495 | route=https://www.myntra.com/gateway/v4/search/kidbea?rows=50&o=1050&plaEnabled=false&xdEnabled=false&isFacet=true&p=22 | attempt=1/3
2026-09-28 22:52:14 | WARNING | NETWORK   | JSON request failed for https://www.myntra.com/gateway/v4/search/kidbea?rows=50&o=1050&plaEnabled=false&xdEnabled=false&isFacet=true&p=22 on attempt 2/3: HTTP Error 400:  | run_id=run_20260928_225049_642603_26e495 | route=https://www.myntra.com/gateway/v4/search/kidbea?rows=50&o=1050&plaEnabled=false&xdEnabled=false&isFacet=true&p=22 | attempt=2/3
2026-09-28 22:52:17 | WARNING | NETWORK   | JSON request failed for https://www.myntra.com/gateway/v4/search/kidbea?rows=50&o=1050&plaEnabled=false&xdEnabled=false&isFacet=true&p=22 on attempt 3/3: HTTP Error 400:  | run_id=run_20260928_225049_642603_26e495 | route=https://www.myntra.com/gateway/v4/search/kidbea?rows=50&o=1050&plaEnabled=false&xdEnabled=false&isFacet=true&p=22 | attempt=3/3
2026-09-28 22:52:18 | WARNING | NETWORK   | JSON request failed for https://www.myntra.com/gateway/v4/search/kidbea?rows=50&o=1049&plaEnabled=false&xdEnabled=false&isFacet=true&p=22 on attempt 1/3: HTTP Error 400:  | run_id=run_20260928_225049_642603_26e495 | route=https://www.myntra.com/gateway/v4/search/kidbea?rows=50&o=1049&plaEnabled=false&xdEnabled=false&isFacet=true&p=22 | attempt=1/3
2026-09-28 22:52:19 | WARNING | NETWORK   | JSON request failed for https://www.myntra.com/gateway/v4/search/kidbea?rows=50&o=1049&plaEnabled=false&xdEnabled=false&isFacet=true&p=22 on attempt 2/3: HTTP Error 400:  | run_id=run_20260928_225049_642603_26e495 | route=https://www.myntra.com/gateway/v4/search/kidbea?rows=50&o=1049&plaEnabled=false&xdEnabled=false&isFacet=true&p=22 | attempt=2/3
2026-09-28 22:52:22 | WARNING | NETWORK   | JSON request failed for https://www.myntra.com/gateway/v4/search/kidbea?rows=50&o=1049&plaEnabled=false&xdEnabled=false&isFacet=true&p=22 on attempt 3/3: HTTP Error 400:  | run_id=run_20260928_225049_642603_26e495 | route=https://www.myntra.com/gateway/v4/search/kidbea?rows=50&o=1049&plaEnabled=false&xdEnabled=false&isFacet=true&p=22 | attempt=3/3
2026-09-28 22:52:23 | WARNING | LISTING   | Route fetch failed for https://www.myntra.com/kidbea page 22 (Failed to fetch JSON payload from https://www.myntra.com/gateway/v4/search/kidbea?rows=50&o=1049&plaEnabled=false&xdEnabled=false&isFacet=true&p=22: HTTP Error 400: ). Will retry with another pass or fallback route. | run_id=run_20260928_225049_642603_26e495 | brand=Kidbea | page=22 | route=https://www.myntra.com/kidbea
2026-09-28 22:52:23 | WARNING | LISTING   | Retrying route https://www.myntra.com/kidbea for Kidbea (pass 1/2) after incomplete coverage: 761/865 unique products seen. | run_id=run_20260928_225049_642603_26e495 | brand=Kidbea | route=https://www.myntra.com/kidbea | seen=761 | expected=865 | attempt=1/2
2026-09-28 22:52:23 | INFO    | LISTING   | Listing Kidbea route https://www.myntra.com/kidbea page 1 -> https://www.myntra.com/gateway/v4/search/kidbea?rows=50&o=0&plaEnabled=false&xdEnabled=false&isFacet=true&p=1 | run_id=run_20260928_225049_642603_26e495 | brand=Kidbea | page=1 | route=https://www.myntra.com/kidbea | seen=761 | expected=865
2026-09-28 22:52:24 | INFO    | LISTING   | Listing Kidbea route https://www.myntra.com/kidbea page 2 -> https://www.myntra.com/gateway/v4/search/kidbea?rows=50&o=50&plaEnabled=false&xdEnabled=false&isFacet=true&p=2 | run_id=run_20260928_225049_642603_26e495 | brand=Kidbea | page=2 | route=https://www.myntra.com/kidbea | seen=761 | expected=865
2026-09-28 22:52:25 | INFO    | LISTING   | Listing Kidbea route https://www.myntra.com/kidbea page 3 -> https://www.myntra.com/gateway/v4/search/kidbea?rows=50&o=100&plaEnabled=false&xdEnabled=false&isFacet=true&p=3 | run_id=run_20260928_225049_642603_26e495 | brand=Kidbea | page=3 | route=https://www.myntra.com/kidbea | seen=761 | expected=865
2026-09-28 22:52:25 | WARNING | LISTING   | Route https://www.myntra.com/kidbea for Kidbea stalled for 3 consecutive pages before reaching expected total; restarting route pass. | run_id=run_20260928_225049_642603_26e495 | brand=Kidbea | page=3 | route=https://www.myntra.com/kidbea | seen=761 | expected=865
2026-09-28 22:52:25 | WARNING | LISTING   | Retrying route https://www.myntra.com/kidbea for Kidbea (pass 2/2) after incomplete coverage: 761/865 unique products seen. | run_id=run_20260928_225049_642603_26e495 | brand=Kidbea | route=https://www.myntra.com/kidbea | seen=761 | expected=865 | attempt=2/2
2026-09-28 22:52:25 | INFO    | LISTING   | Listing Kidbea route https://www.myntra.com/kidbea page 1 -> https://www.myntra.com/gateway/v4/search/kidbea?rows=50&o=0&plaEnabled=false&xdEnabled=false&isFacet=true&p=1 | run_id=run_20260928_225049_642603_26e495 | brand=Kidbea | page=1 | route=https://www.myntra.com/kidbea | seen=761 | expected=865
2026-09-28 22:52:27 | INFO    | LISTING   | Listing Kidbea route https://www.myntra.com/kidbea page 2 -> https://www.myntra.com/gateway/v4/search/kidbea?rows=50&o=50&plaEnabled=false&xdEnabled=false&isFacet=true&p=2 | run_id=run_20260928_225049_642603_26e495 | brand=Kidbea | page=2 | route=https://www.myntra.com/kidbea | seen=761 | expected=865
2026-09-28 22:52:27 | INFO    | LISTING   | Listing Kidbea route https://www.myntra.com/kidbea page 3 -> https://www.myntra.com/gateway/v4/search/kidbea?rows=50&o=100&plaEnabled=false&xdEnabled=false&isFacet=true&p=3 | run_id=run_20260928_225049_642603_26e495 | brand=Kidbea | page=3 | route=https://www.myntra.com/kidbea | seen=761 | expected=865
2026-09-28 22:52:28 | WARNING | LISTING   | Route https://www.myntra.com/kidbea for Kidbea stalled for 3 consecutive pages before reaching expected total; restarting route pass. | run_id=run_20260928_225049_642603_26e495 | brand=Kidbea | page=3 | route=https://www.myntra.com/kidbea | seen=761 | expected=865
2026-09-28 22:52:28 | WARNING | BRAND     | Brand Kidbea finished below expected count: saw 761 unique shirts products vs expected 865. | run_id=run_20260928_225049_642603_26e495 | brand=Kidbea | seen=761 | expected=865
2026-09-28 22:52:28 | INFO    | BRAND     | Brand scrape completed in 1m 37s (471.94 products/min). | run_id=run_20260928_225049_642603_26e495 | brand=Kidbea | status=COMPLETED | saved=761 | seen=761 | expected=865 | elapsed_label=1m 37s | products_per_minute=471.94
2026-09-28 22:52:28 | INFO    | BRAND     | Resolving brand routes. | run_id=run_20260928_225049_642603_26e495 | brand=Hopscotch
2026-09-28 22:52:29 | INFO    | BRAND     | Resolved Hopscotch -> 1 routes (best brand total=5164): https://www.myntra.com/hopscotch | run_id=run_20260928_225049_642603_26e495 | brand=Hopscotch | expected=5164
2026-09-28 22:52:29 | INFO    | BRAND     | Starting brand scrape. | run_id=run_20260928_225049_642603_26e495 | brand=Hopscotch | expected=5164
2026-09-28 22:52:29 | INFO    | LISTING   | Listing Hopscotch route https://www.myntra.com/hopscotch page 1 -> https://www.myntra.com/gateway/v4/search/hopscotch?rows=50&o=0&plaEnabled=false&xdEnabled=false&isFacet=true&p=1 | run_id=run_20260928_225049_642603_26e495 | brand=Hopscotch | page=1 | route=https://www.myntra.com/hopscotch | seen=0 | expected=5164
2026-09-28 22:52:33 | WARNING | PDP       | PDP fetch failed for https://www.myntra.com/Clothing-Set/Hopscotch/Hopscotch-Boys-Navy-Solid-Blazer-And-Pant-Formal-Set/40321251/buy: PDP payload did not contain pdpData. | run_id=run_20260928_225049_642603_26e495 | brand=Hopscotch | route=https://www.myntra.com/Clothing-Set/Hopscotch/Hopscotch-Boys-Navy-Solid-Blazer-And-Pant-Formal-Set/40321251/buy
2026-09-28 22:52:33 | INFO    | PDP       | Retrying 1 PDP fetches for Hopscotch (retry round 1/5). | run_id=run_20260928_225049_642603_26e495 | brand=Hopscotch | attempt=1/5
2026-09-28 22:52:34 | INFO    | PDP       | Processed 43 target products for Hopscotch in 4s (589.5 products/min). | run_id=run_20260928_225049_642603_26e495 | brand=Hopscotch | saved=43 | elapsed_label=4s | products_per_minute=589.5
2026-09-28 22:52:35 | INFO    | LISTING   | Listing Hopscotch route https://www.myntra.com/hopscotch page 2 -> https://www.myntra.com/gateway/v4/search/hopscotch?rows=50&o=50&plaEnabled=false&xdEnabled=false&isFacet=true&p=2 | run_id=run_20260928_225049_642603_26e495 | brand=Hopscotch | page=2 | route=https://www.myntra.com/hopscotch | seen=43 | expected=5164
2026-09-28 22:52:38 | INFO    | PDP       | Processed 47 target products for Hopscotch in 3s (949.85 products/min). | run_id=run_20260928_225049_642603_26e495 | brand=Hopscotch | saved=47 | elapsed_label=3s | products_per_minute=949.85
2026-09-28 22:52:39 | INFO    | LISTING   | Listing Hopscotch route https://www.myntra.com/hopscotch page 3 -> https://www.myntra.com/gateway/v4/search/hopscotch?rows=50&o=100&plaEnabled=false&xdEnabled=false&isFacet=true&p=3 | run_id=run_20260928_225049_642603_26e495 | brand=Hopscotch | page=3 | route=https://www.myntra.com/hopscotch | seen=90 | expected=5164
2026-09-28 22:52:43 | INFO    | PDP       | Processed 49 target products for Hopscotch in 4s (799.47 products/min). | run_id=run_20260928_225049_642603_26e495 | brand=Hopscotch | saved=49 | elapsed_label=4s | products_per_minute=799.47
2026-09-28 22:52:43 | INFO    | LISTING   | Listing Hopscotch route https://www.myntra.com/hopscotch page 4 -> https://www.myntra.com/gateway/v4/search/hopscotch?rows=50&o=150&plaEnabled=false&xdEnabled=false&isFacet=true&p=4 | run_id=run_20260928_225049_642603_26e495 | brand=Hopscotch | page=4 | route=https://www.myntra.com/hopscotch | seen=139 | expected=5164
2026-09-28 22:52:47 | WARNING | PDP       | PDP fetch failed for https://www.myntra.com/Clothing-Set/Hopscotch/Hopscotch-Typography-Embroidery-Dungaree-Set/42189221/buy: PDP payload did not contain pdpData. | run_id=run_20260928_225049_642603_26e495 | brand=Hopscotch | route=https://www.myntra.com/Clothing-Set/Hopscotch/Hopscotch-Typography-Embroidery-Dungaree-Set/42189221/buy
2026-09-28 22:52:48 | INFO    | PDP       | Retrying 1 PDP fetches for Hopscotch (retry round 1/5). | run_id=run_20260928_225049_642603_26e495 | brand=Hopscotch | attempt=1/5
2026-09-28 22:52:49 | INFO    | PDP       | Processed 48 target products for Hopscotch in 5s (553.81 products/min). | run_id=run_20260928_225049_642603_26e495 | brand=Hopscotch | saved=48 | elapsed_label=5s | products_per_minute=553.81
2026-09-28 22:52:49 | INFO    | LISTING   | Listing Hopscotch route https://www.myntra.com/hopscotch page 5 -> https://www.myntra.com/gateway/v4/search/hopscotch?rows=50&o=200&plaEnabled=false&xdEnabled=false&isFacet=true&p=5 | run_id=run_20260928_225049_642603_26e495 | brand=Hopscotch | page=5 | route=https://www.myntra.com/hopscotch | seen=187 | expected=5164
2026-09-28 22:52:53 | INFO    | PDP       | Processed 47 target products for Hopscotch in 3s (820.73 products/min). | run_id=run_20260928_225049_642603_26e495 | brand=Hopscotch | saved=47 | elapsed_label=3s | products_per_minute=820.73
2026-09-28 22:52:53 | INFO    | LISTING   | Listing Hopscotch route https://www.myntra.com/hopscotch page 6 -> https://www.myntra.com/gateway/v4/search/hopscotch?rows=50&o=250&plaEnabled=false&xdEnabled=false&isFacet=true&p=6 | run_id=run_20260928_225049_642603_26e495 | brand=Hopscotch | page=6 | route=https://www.myntra.com/hopscotch | seen=234 | expected=5164
2026-09-28 22:52:58 | INFO    | PDP       | Processed 49 target products for Hopscotch in 4s (798.57 products/min). | run_id=run_20260928_225049_642603_26e495 | brand=Hopscotch | saved=49 | elapsed_label=4s | products_per_minute=798.57
2026-09-28 22:52:58 | INFO    | LISTING   | Listing Hopscotch route https://www.myntra.com/hopscotch page 7 -> https://www.myntra.com/gateway/v4/search/hopscotch?rows=50&o=300&plaEnabled=false&xdEnabled=false&isFacet=true&p=7 | run_id=run_20260928_225049_642603_26e495 | brand=Hopscotch | page=7 | route=https://www.myntra.com/hopscotch | seen=283 | expected=5164
2026-09-28 22:53:02 | INFO    | PDP       | Processed 45 target products for Hopscotch in 3s (890.08 products/min). | run_id=run_20260928_225049_642603_26e495 | brand=Hopscotch | saved=45 | elapsed_label=3s | products_per_minute=890.08
2026-09-28 22:53:02 | INFO    | LISTING   | Listing Hopscotch route https://www.myntra.com/hopscotch page 8 -> https://www.myntra.com/gateway/v4/search/hopscotch?rows=50&o=350&plaEnabled=false&xdEnabled=false&isFacet=true&p=8 | run_id=run_20260928_225049_642603_26e495 | brand=Hopscotch | page=8 | route=https://www.myntra.com/hopscotch | seen=328 | expected=5164
2026-09-28 22:53:07 | INFO    | PDP       | Processed 43 target products for Hopscotch in 4s (647.52 products/min). | run_id=run_20260928_225049_642603_26e495 | brand=Hopscotch | saved=43 | elapsed_label=4s | products_per_minute=647.52
2026-09-28 22:53:07 | INFO    | LISTING   | Listing Hopscotch route https://www.myntra.com/hopscotch page 9 -> https://www.myntra.com/gateway/v4/search/hopscotch?rows=50&o=400&plaEnabled=false&xdEnabled=false&isFacet=true&p=9 | run_id=run_20260928_225049_642603_26e495 | brand=Hopscotch | page=9 | route=https://www.myntra.com/hopscotch | seen=371 | expected=5164
2026-09-28 22:53:10 | INFO    | PDP       | Processed 39 target products for Hopscotch in 2s (947.71 products/min). | run_id=run_20260928_225049_642603_26e495 | brand=Hopscotch | saved=39 | elapsed_label=2s | products_per_minute=947.71
2026-09-28 22:53:10 | INFO    | LISTING   | Listing Hopscotch route https://www.myntra.com/hopscotch page 10 -> https://www.myntra.com/gateway/v4/search/hopscotch?rows=50&o=450&plaEnabled=false&xdEnabled=false&isFacet=true&p=10 | run_id=run_20260928_225049_642603_26e495 | brand=Hopscotch | page=10 | route=https://www.myntra.com/hopscotch | seen=410 | expected=5164
2026-09-28 22:53:15 | INFO    | PDP       | Processed 49 target products for Hopscotch in 4s (795.57 products/min). | run_id=run_20260928_225049_642603_26e495 | brand=Hopscotch | saved=49 | elapsed_label=4s | products_per_minute=795.57
2026-09-28 22:53:15 | INFO    | LISTING   | Listing Hopscotch route https://www.myntra.com/hopscotch page 11 -> https://www.myntra.com/gateway/v4/search/hopscotch?rows=50&o=500&plaEnabled=false&xdEnabled=false&isFacet=true&p=11 | run_id=run_20260928_225049_642603_26e495 | brand=Hopscotch | page=11 | route=https://www.myntra.com/hopscotch | seen=459 | expected=5164
2026-09-28 22:53:19 | WARNING | PDP       | PDP fetch failed for https://www.myntra.com/Clothing-Set/Hopscotch/2-Pc-Applique-Sweatshirt--Joggers/36327448/buy: PDP payload did not contain pdpData. | run_id=run_20260928_225049_642603_26e495 | brand=Hopscotch | route=https://www.myntra.com/Clothing-Set/Hopscotch/2-Pc-Applique-Sweatshirt--Joggers/36327448/buy
2026-09-28 22:53:19 | INFO    | PDP       | Retrying 1 PDP fetches for Hopscotch (retry round 1/5). | run_id=run_20260928_225049_642603_26e495 | brand=Hopscotch | attempt=1/5
2026-09-28 22:53:21 | INFO    | PDP       | Processed 49 target products for Hopscotch in 5s (567.73 products/min). | run_id=run_20260928_225049_642603_26e495 | brand=Hopscotch | saved=49 | elapsed_label=5s | products_per_minute=567.73
2026-09-28 22:53:21 | INFO    | LISTING   | Listing Hopscotch route https://www.myntra.com/hopscotch page 12 -> https://www.myntra.com/gateway/v4/search/hopscotch?rows=50&o=550&plaEnabled=false&xdEnabled=false&isFacet=true&p=12 | run_id=run_20260928_225049_642603_26e495 | brand=Hopscotch | page=12 | route=https://www.myntra.com/hopscotch | seen=508 | expected=5164
2026-09-28 22:53:25 | INFO    | PDP       | Processed 49 target products for Hopscotch in 3s (982.86 products/min). | run_id=run_20260928_225049_642603_26e495 | brand=Hopscotch | saved=49 | elapsed_label=3s | products_per_minute=982.86
2026-09-28 22:53:25 | INFO    | LISTING   | Listing Hopscotch route https://www.myntra.com/hopscotch page 13 -> https://www.myntra.com/gateway/v4/search/hopscotch?rows=50&o=600&plaEnabled=false&xdEnabled=false&isFacet=true&p=13 | run_id=run_20260928_225049_642603_26e495 | brand=Hopscotch | page=13 | route=https://www.myntra.com/hopscotch | seen=557 | expected=5164
2026-09-28 22:53:30 | INFO    | PDP       | Processed 48 target products for Hopscotch in 4s (704.24 products/min). | run_id=run_20260928_225049_642603_26e495 | brand=Hopscotch | saved=48 | elapsed_label=4s | products_per_minute=704.24
2026-09-28 22:53:30 | INFO    | LISTING   | Listing Hopscotch route https://www.myntra.com/hopscotch page 14 -> https://www.myntra.com/gateway/v4/search/hopscotch?rows=50&o=650&plaEnabled=false&xdEnabled=false&isFacet=true&p=14 | run_id=run_20260928_225049_642603_26e495 | brand=Hopscotch | page=14 | route=https://www.myntra.com/hopscotch | seen=605 | expected=5164
2026-09-28 22:53:34 | INFO    | PDP       | Processed 50 target products for Hopscotch in 3s (878.22 products/min). | run_id=run_20260928_225049_642603_26e495 | brand=Hopscotch | saved=50 | elapsed_label=3s | products_per_minute=878.22
2026-09-28 22:53:34 | INFO    | LISTING   | Listing Hopscotch route https://www.myntra.com/hopscotch page 15 -> https://www.myntra.com/gateway/v4/search/hopscotch?rows=50&o=700&plaEnabled=false&xdEnabled=false&isFacet=true&p=15 | run_id=run_20260928_225049_642603_26e495 | brand=Hopscotch | page=15 | route=https://www.myntra.com/hopscotch | seen=655 | expected=5164
2026-09-28 22:53:36 | WARNING | PDP       | PDP fetch failed for https://www.myntra.com/Clothing-Set/Hopscotch/Hopscotch-Bow-T-Shirt-with-Skirt/39176185/buy: PDP payload did not contain pdpData. | run_id=run_20260928_225049_642603_26e495 | brand=Hopscotch | route=https://www.myntra.com/Clothing-Set/Hopscotch/Hopscotch-Bow-T-Shirt-with-Skirt/39176185/buy
2026-09-28 22:53:38 | INFO    | PDP       | Retrying 1 PDP fetches for Hopscotch (retry round 1/5). | run_id=run_20260928_225049_642603_26e495 | brand=Hopscotch | attempt=1/5
2026-09-28 22:53:39 | INFO    | PDP       | Processed 49 target products for Hopscotch in 5s (638.89 products/min). | run_id=run_20260928_225049_642603_26e495 | brand=Hopscotch | saved=49 | elapsed_label=5s | products_per_minute=638.89
2026-09-28 22:53:40 | INFO    | LISTING   | Listing Hopscotch route https://www.myntra.com/hopscotch page 16 -> https://www.myntra.com/gateway/v4/search/hopscotch?rows=50&o=750&plaEnabled=false&xdEnabled=false&isFacet=true&p=16 | run_id=run_20260928_225049_642603_26e495 | brand=Hopscotch | page=16 | route=https://www.myntra.com/hopscotch | seen=704 | expected=5164
2026-09-28 22:53:43 | INFO    | PDP       | Processed 50 target products for Hopscotch in 3s (1001.53 products/min). | run_id=run_20260928_225049_642603_26e495 | brand=Hopscotch | saved=50 | elapsed_label=3s | products_per_minute=1001.53
2026-09-28 22:53:44 | INFO    | LISTING   | Listing Hopscotch route https://www.myntra.com/hopscotch page 17 -> https://www.myntra.com/gateway/v4/search/hopscotch?rows=50&o=800&plaEnabled=false&xdEnabled=false&isFacet=true&p=17 | run_id=run_20260928_225049_642603_26e495 | brand=Hopscotch | page=17 | route=https://www.myntra.com/hopscotch | seen=754 | expected=5164
2026-09-28 22:53:48 | INFO    | PDP       | Processed 48 target products for Hopscotch in 3s (825.7 products/min). | run_id=run_20260928_225049_642603_26e495 | brand=Hopscotch | saved=48 | elapsed_label=3s | products_per_minute=825.7
2026-09-28 22:53:48 | INFO    | LISTING   | Listing Hopscotch route https://www.myntra.com/hopscotch page 18 -> https://www.myntra.com/gateway/v4/search/hopscotch?rows=50&o=850&plaEnabled=false&xdEnabled=false&isFacet=true&p=18 | run_id=run_20260928_225049_642603_26e495 | brand=Hopscotch | page=18 | route=https://www.myntra.com/hopscotch | seen=802 | expected=5164
2026-09-28 22:53:52 | INFO    | PDP       | Processed 47 target products for Hopscotch in 4s (798.63 products/min). | run_id=run_20260928_225049_642603_26e495 | brand=Hopscotch | saved=47 | elapsed_label=4s | products_per_minute=798.63
2026-09-28 22:53:52 | INFO    | LISTING   | Listing Hopscotch route https://www.myntra.com/hopscotch page 19 -> https://www.myntra.com/gateway/v4/search/hopscotch?rows=50&o=900&plaEnabled=false&xdEnabled=false&isFacet=true&p=19 | run_id=run_20260928_225049_642603_26e495 | brand=Hopscotch | page=19 | route=https://www.myntra.com/hopscotch | seen=849 | expected=5164
2026-09-28 22:53:56 | INFO    | PDP       | Processed 50 target products for Hopscotch in 3s (941.05 products/min). | run_id=run_20260928_225049_642603_26e495 | brand=Hopscotch | saved=50 | elapsed_label=3s | products_per_minute=941.05
2026-09-28 22:53:56 | INFO    | LISTING   | Listing Hopscotch route https://www.myntra.com/hopscotch page 20 -> https://www.myntra.com/gateway/v4/search/hopscotch?rows=50&o=950&plaEnabled=false&xdEnabled=false&isFacet=true&p=20 | run_id=run_20260928_225049_642603_26e495 | brand=Hopscotch | page=20 | route=https://www.myntra.com/hopscotch | seen=899 | expected=5164
2026-09-28 22:54:01 | INFO    | PDP       | Processed 49 target products for Hopscotch in 3s (842.49 products/min). | run_id=run_20260928_225049_642603_26e495 | brand=Hopscotch | saved=49 | elapsed_label=3s | products_per_minute=842.49
2026-09-28 22:54:01 | INFO    | LISTING   | Listing Hopscotch route https://www.myntra.com/hopscotch page 21 -> https://www.myntra.com/gateway/v4/search/hopscotch?rows=50&o=1000&plaEnabled=false&xdEnabled=false&isFacet=true&p=21 | run_id=run_20260928_225049_642603_26e495 | brand=Hopscotch | page=21 | route=https://www.myntra.com/hopscotch | seen=948 | expected=5164
2026-09-28 22:54:05 | INFO    | PDP       | Processed 50 target products for Hopscotch in 4s (839.51 products/min). | run_id=run_20260928_225049_642603_26e495 | brand=Hopscotch | saved=50 | elapsed_label=4s | products_per_minute=839.51
2026-09-28 22:54:05 | INFO    | LISTING   | Listing Hopscotch route https://www.myntra.com/hopscotch page 22 -> https://www.myntra.com/gateway/v4/search/hopscotch?rows=50&o=1050&plaEnabled=false&xdEnabled=false&isFacet=true&p=22 | run_id=run_20260928_225049_642603_26e495 | brand=Hopscotch | page=22 | route=https://www.myntra.com/hopscotch | seen=998 | expected=5164
2026-09-28 22:54:09 | INFO    | PDP       | Processed 44 target products for Hopscotch in 3s (858.66 products/min). | run_id=run_20260928_225049_642603_26e495 | brand=Hopscotch | saved=44 | elapsed_label=3s | products_per_minute=858.66
2026-09-28 22:54:09 | INFO    | LISTING   | Listing Hopscotch route https://www.myntra.com/hopscotch page 23 -> https://www.myntra.com/gateway/v4/search/hopscotch?rows=50&o=1100&plaEnabled=false&xdEnabled=false&isFacet=true&p=23 | run_id=run_20260928_225049_642603_26e495 | brand=Hopscotch | page=23 | route=https://www.myntra.com/hopscotch | seen=1042 | expected=5164
2026-09-28 22:54:13 | INFO    | PDP       | Processed 49 target products for Hopscotch in 3s (861.4 products/min). | run_id=run_20260928_225049_642603_26e495 | brand=Hopscotch | saved=49 | elapsed_label=3s | products_per_minute=861.4
2026-09-28 22:54:14 | INFO    | LISTING   | Listing Hopscotch route https://www.myntra.com/hopscotch page 24 -> https://www.myntra.com/gateway/v4/search/hopscotch?rows=50&o=1150&plaEnabled=false&xdEnabled=false&isFacet=true&p=24 | run_id=run_20260928_225049_642603_26e495 | brand=Hopscotch | page=24 | route=https://www.myntra.com/hopscotch | seen=1091 | expected=5164
2026-09-28 22:54:18 | INFO    | PDP       | Processed 50 target products for Hopscotch in 3s (878.66 products/min). | run_id=run_20260928_225049_642603_26e495 | brand=Hopscotch | saved=50 | elapsed_label=3s | products_per_minute=878.66
2026-09-28 22:54:18 | INFO    | LISTING   | Listing Hopscotch route https://www.myntra.com/hopscotch page 25 -> https://www.myntra.com/gateway/v4/search/hopscotch?rows=50&o=1200&plaEnabled=false&xdEnabled=false&isFacet=true&p=25 | run_id=run_20260928_225049_642603_26e495 | brand=Hopscotch | page=25 | route=https://www.myntra.com/hopscotch | seen=1141 | expected=5164
2026-09-28 22:54:22 | INFO    | PDP       | Processed 50 target products for Hopscotch in 3s (964.56 products/min). | run_id=run_20260928_225049_642603_26e495 | brand=Hopscotch | saved=50 | elapsed_label=3s | products_per_minute=964.56
2026-09-28 22:54:22 | INFO    | LISTING   | Listing Hopscotch route https://www.myntra.com/hopscotch page 26 -> https://www.myntra.com/gateway/v4/search/hopscotch?rows=50&o=1250&plaEnabled=false&xdEnabled=false&isFacet=true&p=26 | run_id=run_20260928_225049_642603_26e495 | brand=Hopscotch | page=26 | route=https://www.myntra.com/hopscotch | seen=1191 | expected=5164
2026-09-28 22:54:26 | INFO    | PDP       | Processed 50 target products for Hopscotch in 4s (810.5 products/min). | run_id=run_20260928_225049_642603_26e495 | brand=Hopscotch | saved=50 | elapsed_label=4s | products_per_minute=810.5
2026-09-28 22:54:27 | INFO    | LISTING   | Listing Hopscotch route https://www.myntra.com/hopscotch page 27 -> https://www.myntra.com/gateway/v4/search/hopscotch?rows=50&o=1300&plaEnabled=false&xdEnabled=false&isFacet=true&p=27 | run_id=run_20260928_225049_642603_26e495 | brand=Hopscotch | page=27 | route=https://www.myntra.com/hopscotch | seen=1241 | expected=5164
2026-09-28 22:54:31 | INFO    | PDP       | Processed 49 target products for Hopscotch in 3s (871.44 products/min). | run_id=run_20260928_225049_642603_26e495 | brand=Hopscotch | saved=49 | elapsed_label=3s | products_per_minute=871.44
2026-09-28 22:54:31 | INFO    | LISTING   | Listing Hopscotch route https://www.myntra.com/hopscotch page 28 -> https://www.myntra.com/gateway/v4/search/hopscotch?rows=50&o=1350&plaEnabled=false&xdEnabled=false&isFacet=true&p=28 | run_id=run_20260928_225049_642603_26e495 | brand=Hopscotch | page=28 | route=https://www.myntra.com/hopscotch | seen=1290 | expected=5164
2026-09-28 22:54:34 | INFO    | PDP       | Processed 39 target products for Hopscotch in 3s (764.33 products/min). | run_id=run_20260928_225049_642603_26e495 | brand=Hopscotch | saved=39 | elapsed_label=3s | products_per_minute=764.33
2026-09-28 22:54:35 | INFO    | LISTING   | Listing Hopscotch route https://www.myntra.com/hopscotch page 29 -> https://www.myntra.com/gateway/v4/search/hopscotch?rows=50&o=1400&plaEnabled=false&xdEnabled=false&isFacet=true&p=29 | run_id=run_20260928_225049_642603_26e495 | brand=Hopscotch | page=29 | route=https://www.myntra.com/hopscotch | seen=1329 | expected=5164
2026-09-28 22:54:38 | WARNING | PDP       | PDP fetch failed for https://www.myntra.com/Clothing-Set/Hopscotch/Hopscotch-Girls-Printed-T-shirt-with-Trousers/43093385/buy: PDP payload did not contain pdpData. | run_id=run_20260928_225049_642603_26e495 | brand=Hopscotch | route=https://www.myntra.com/Clothing-Set/Hopscotch/Hopscotch-Girls-Printed-T-shirt-with-Trousers/43093385/buy
2026-09-28 22:54:38 | INFO    | PDP       | Retrying 1 PDP fetches for Hopscotch (retry round 1/5). | run_id=run_20260928_225049_642603_26e495 | brand=Hopscotch | attempt=1/5
2026-09-28 22:54:40 | INFO    | PDP       | Processed 50 target products for Hopscotch in 4s (687.54 products/min). | run_id=run_20260928_225049_642603_26e495 | brand=Hopscotch | saved=50 | elapsed_label=4s | products_per_minute=687.54
2026-09-28 22:54:40 | INFO    | LISTING   | Listing Hopscotch route https://www.myntra.com/hopscotch page 30 -> https://www.myntra.com/gateway/v4/search/hopscotch?rows=50&o=1450&plaEnabled=false&xdEnabled=false&isFacet=true&p=30 | run_id=run_20260928_225049_642603_26e495 | brand=Hopscotch | page=30 | route=https://www.myntra.com/hopscotch | seen=1379 | expected=5164
2026-09-28 22:54:44 | INFO    | PDP       | Processed 50 target products for Hopscotch in 3s (917.69 products/min). | run_id=run_20260928_225049_642603_26e495 | brand=Hopscotch | saved=50 | elapsed_label=3s | products_per_minute=917.69
2026-09-28 22:54:44 | INFO    | LISTING   | Listing Hopscotch route https://www.myntra.com/hopscotch page 31 -> https://www.myntra.com/gateway/v4/search/hopscotch?rows=50&o=1500&plaEnabled=false&xdEnabled=false&isFacet=true&p=31 | run_id=run_20260928_225049_642603_26e495 | brand=Hopscotch | page=31 | route=https://www.myntra.com/hopscotch | seen=1429 | expected=5164
2026-09-28 22:54:48 | INFO    | PDP       | Processed 50 target products for Hopscotch in 3s (872.16 products/min). | run_id=run_20260928_225049_642603_26e495 | brand=Hopscotch | saved=50 | elapsed_label=3s | products_per_minute=872.16
2026-09-28 22:54:48 | INFO    | LISTING   | Listing Hopscotch route https://www.myntra.com/hopscotch page 32 -> https://www.myntra.com/gateway/v4/search/hopscotch?rows=50&o=1550&plaEnabled=false&xdEnabled=false&isFacet=true&p=32 | run_id=run_20260928_225049_642603_26e495 | brand=Hopscotch | page=32 | route=https://www.myntra.com/hopscotch | seen=1479 | expected=5164
2026-09-28 22:54:53 | WARNING | PDP       | PDP fetch failed for https://www.myntra.com/Clothing-Set/Hopscotch/Hopscotch-Cherry-Embroidery-Kitten-Skirt-Set/42188632/buy: PDP payload did not contain pdpData. | run_id=run_20260928_225049_642603_26e495 | brand=Hopscotch | route=https://www.myntra.com/Clothing-Set/Hopscotch/Hopscotch-Cherry-Embroidery-Kitten-Skirt-Set/42188632/buy
2026-09-28 22:54:53 | INFO    | PDP       | Retrying 1 PDP fetches for Hopscotch (retry round 1/5). | run_id=run_20260928_225049_642603_26e495 | brand=Hopscotch | attempt=1/5
2026-09-28 22:54:54 | INFO    | PDP       | Processed 50 target products for Hopscotch in 5s (600.41 products/min). | run_id=run_20260928_225049_642603_26e495 | brand=Hopscotch | saved=50 | elapsed_label=5s | products_per_minute=600.41
2026-09-28 22:54:54 | INFO    | LISTING   | Listing Hopscotch route https://www.myntra.com/hopscotch page 33 -> https://www.myntra.com/gateway/v4/search/hopscotch?rows=50&o=1600&plaEnabled=false&xdEnabled=false&isFacet=true&p=33 | run_id=run_20260928_225049_642603_26e495 | brand=Hopscotch | page=33 | route=https://www.myntra.com/hopscotch | seen=1529 | expected=5164
2026-09-28 22:54:59 | INFO    | PDP       | Processed 50 target products for Hopscotch in 3s (863.48 products/min). | run_id=run_20260928_225049_642603_26e495 | brand=Hopscotch | saved=50 | elapsed_label=3s | products_per_minute=863.48
2026-09-28 22:54:59 | INFO    | LISTING   | Listing Hopscotch route https://www.myntra.com/hopscotch page 34 -> https://www.myntra.com/gateway/v4/search/hopscotch?rows=50&o=1650&plaEnabled=false&xdEnabled=false&isFacet=true&p=34 | run_id=run_20260928_225049_642603_26e495 | brand=Hopscotch | page=34 | route=https://www.myntra.com/hopscotch | seen=1579 | expected=5164
2026-09-28 22:55:01 | WARNING | PDP       | PDP fetch failed for https://www.myntra.com/Dresses/Hopscotch/Hopscotch-Polka-Dot-Casual-Dress-with-Bloomer/42181556/buy: PDP payload did not contain pdpData. | run_id=run_20260928_225049_642603_26e495 | brand=Hopscotch | route=https://www.myntra.com/Dresses/Hopscotch/Hopscotch-Polka-Dot-Casual-Dress-with-Bloomer/42181556/buy
2026-09-28 22:55:03 | INFO    | PDP       | Retrying 1 PDP fetches for Hopscotch (retry round 1/5). | run_id=run_20260928_225049_642603_26e495 | brand=Hopscotch | attempt=1/5
2026-09-28 22:55:04 | INFO    | PDP       | Processed 50 target products for Hopscotch in 5s (611.8 products/min). | run_id=run_20260928_225049_642603_26e495 | brand=Hopscotch | saved=50 | elapsed_label=5s | products_per_minute=611.8
2026-09-28 22:55:05 | INFO    | LISTING   | Listing Hopscotch route https://www.myntra.com/hopscotch page 35 -> https://www.myntra.com/gateway/v4/search/hopscotch?rows=50&o=1700&plaEnabled=false&xdEnabled=false&isFacet=true&p=35 | run_id=run_20260928_225049_642603_26e495 | brand=Hopscotch | page=35 | route=https://www.myntra.com/hopscotch | seen=1629 | expected=5164
2026-09-28 22:55:09 | INFO    | PDP       | Processed 49 target products for Hopscotch in 3s (919.93 products/min). | run_id=run_20260928_225049_642603_26e495 | brand=Hopscotch | saved=49 | elapsed_label=3s | products_per_minute=919.93
2026-09-28 22:55:09 | INFO    | LISTING   | Listing Hopscotch route https://www.myntra.com/hopscotch page 36 -> https://www.myntra.com/gateway/v4/search/hopscotch?rows=50&o=1750&plaEnabled=false&xdEnabled=false&isFacet=true&p=36 | run_id=run_20260928_225049_642603_26e495 | brand=Hopscotch | page=36 | route=https://www.myntra.com/hopscotch | seen=1678 | expected=5164
2026-09-28 22:55:14 | INFO    | PDP       | Processed 49 target products for Hopscotch in 4s (753.25 products/min). | run_id=run_20260928_225049_642603_26e495 | brand=Hopscotch | saved=49 | elapsed_label=4s | products_per_minute=753.25
2026-09-28 22:55:14 | INFO    | LISTING   | Listing Hopscotch route https://www.myntra.com/hopscotch page 37 -> https://www.myntra.com/gateway/v4/search/hopscotch?rows=50&o=1800&plaEnabled=false&xdEnabled=false&isFacet=true&p=37 | run_id=run_20260928_225049_642603_26e495 | brand=Hopscotch | page=37 | route=https://www.myntra.com/hopscotch | seen=1727 | expected=5164
2026-09-28 22:55:19 | INFO    | PDP       | Processed 50 target products for Hopscotch in 4s (766.48 products/min). | run_id=run_20260928_225049_642603_26e495 | brand=Hopscotch | saved=50 | elapsed_label=4s | products_per_minute=766.48
2026-09-28 22:55:19 | INFO    | LISTING   | Listing Hopscotch route https://www.myntra.com/hopscotch page 38 -> https://www.myntra.com/gateway/v4/search/hopscotch?rows=50&o=1850&plaEnabled=false&xdEnabled=false&isFacet=true&p=38 | run_id=run_20260928_225049_642603_26e495 | brand=Hopscotch | page=38 | route=https://www.myntra.com/hopscotch | seen=1777 | expected=5164
2026-09-28 22:55:23 | INFO    | PDP       | Processed 50 target products for Hopscotch in 3s (939.71 products/min). | run_id=run_20260928_225049_642603_26e495 | brand=Hopscotch | saved=50 | elapsed_label=3s | products_per_minute=939.71
2026-09-28 22:55:23 | INFO    | LISTING   | Listing Hopscotch route https://www.myntra.com/hopscotch page 39 -> https://www.myntra.com/gateway/v4/search/hopscotch?rows=50&o=1900&plaEnabled=false&xdEnabled=false&isFacet=true&p=39 | run_id=run_20260928_225049_642603_26e495 | brand=Hopscotch | page=39 | route=https://www.myntra.com/hopscotch | seen=1827 | expected=5164
2026-09-28 22:55:27 | INFO    | PDP       | Processed 47 target products for Hopscotch in 3s (947.14 products/min). | run_id=run_20260928_225049_642603_26e495 | brand=Hopscotch | saved=47 | elapsed_label=3s | products_per_minute=947.14
2026-09-28 22:55:27 | INFO    | LISTING   | Listing Hopscotch route https://www.myntra.com/hopscotch page 40 -> https://www.myntra.com/gateway/v4/search/hopscotch?rows=50&o=1950&plaEnabled=false&xdEnabled=false&isFacet=true&p=40 | run_id=run_20260928_225049_642603_26e495 | brand=Hopscotch | page=40 | route=https://www.myntra.com/hopscotch | seen=1874 | expected=5164
2026-09-28 22:55:31 | INFO    | PDP       | Processed 50 target products for Hopscotch in 3s (882.77 products/min). | run_id=run_20260928_225049_642603_26e495 | brand=Hopscotch | saved=50 | elapsed_label=3s | products_per_minute=882.77
2026-09-28 22:55:32 | INFO    | LISTING   | Listing Hopscotch route https://www.myntra.com/hopscotch page 41 -> https://www.myntra.com/gateway/v4/search/hopscotch?rows=50&o=2000&plaEnabled=false&xdEnabled=false&isFacet=true&p=41 | run_id=run_20260928_225049_642603_26e495 | brand=Hopscotch | page=41 | route=https://www.myntra.com/hopscotch | seen=1924 | expected=5164
2026-09-28 22:55:37 | INFO    | PDP       | Processed 48 target products for Hopscotch in 4s (669.22 products/min). | run_id=run_20260928_225049_642603_26e495 | brand=Hopscotch | saved=48 | elapsed_label=4s | products_per_minute=669.22
2026-09-28 22:55:37 | INFO    | LISTING   | Listing Hopscotch route https://www.myntra.com/hopscotch page 42 -> https://www.myntra.com/gateway/v4/search/hopscotch?rows=50&o=2050&plaEnabled=false&xdEnabled=false&isFacet=true&p=42 | run_id=run_20260928_225049_642603_26e495 | brand=Hopscotch | page=42 | route=https://www.myntra.com/hopscotch | seen=1972 | expected=5164
2026-09-28 22:55:41 | INFO    | PDP       | Processed 48 target products for Hopscotch in 3s (851.46 products/min). | run_id=run_20260928_225049_642603_26e495 | brand=Hopscotch | saved=48 | elapsed_label=3s | products_per_minute=851.46
2026-09-28 22:55:41 | INFO    | LISTING   | Listing Hopscotch route https://www.myntra.com/hopscotch page 43 -> https://www.myntra.com/gateway/v4/search/hopscotch?rows=50&o=2100&plaEnabled=false&xdEnabled=false&isFacet=true&p=43 | run_id=run_20260928_225049_642603_26e495 | brand=Hopscotch | page=43 | route=https://www.myntra.com/hopscotch | seen=2020 | expected=5164
2026-09-28 22:55:46 | INFO    | PDP       | Processed 49 target products for Hopscotch in 4s (741.08 products/min). | run_id=run_20260928_225049_642603_26e495 | brand=Hopscotch | saved=49 | elapsed_label=4s | products_per_minute=741.08
2026-09-28 22:55:46 | INFO    | LISTING   | Listing Hopscotch route https://www.myntra.com/hopscotch page 44 -> https://www.myntra.com/gateway/v4/search/hopscotch?rows=50&o=2150&plaEnabled=false&xdEnabled=false&isFacet=true&p=44 | run_id=run_20260928_225049_642603_26e495 | brand=Hopscotch | page=44 | route=https://www.myntra.com/hopscotch | seen=2069 | expected=5164
2026-09-28 22:55:50 | INFO    | PDP       | Processed 49 target products for Hopscotch in 4s (817.21 products/min). | run_id=run_20260928_225049_642603_26e495 | brand=Hopscotch | saved=49 | elapsed_label=4s | products_per_minute=817.21
2026-09-28 22:55:50 | INFO    | LISTING   | Listing Hopscotch route https://www.myntra.com/hopscotch page 45 -> https://www.myntra.com/gateway/v4/search/hopscotch?rows=50&o=2200&plaEnabled=false&xdEnabled=false&isFacet=true&p=45 | run_id=run_20260928_225049_642603_26e495 | brand=Hopscotch | page=45 | route=https://www.myntra.com/hopscotch | seen=2118 | expected=5164
2026-09-28 22:55:55 | INFO    | PDP       | Processed 49 target products for Hopscotch in 4s (675.78 products/min). | run_id=run_20260928_225049_642603_26e495 | brand=Hopscotch | saved=49 | elapsed_label=4s | products_per_minute=675.78
2026-09-28 22:55:56 | INFO    | LISTING   | Listing Hopscotch route https://www.myntra.com/hopscotch page 46 -> https://www.myntra.com/gateway/v4/search/hopscotch?rows=50&o=2250&plaEnabled=false&xdEnabled=false&isFacet=true&p=46 | run_id=run_20260928_225049_642603_26e495 | brand=Hopscotch | page=46 | route=https://www.myntra.com/hopscotch | seen=2167 | expected=5164
2026-09-28 22:56:00 | INFO    | PDP       | Processed 46 target products for Hopscotch in 3s (840.59 products/min). | run_id=run_20260928_225049_642603_26e495 | brand=Hopscotch | saved=46 | elapsed_label=3s | products_per_minute=840.59
2026-09-28 22:56:00 | INFO    | LISTING   | Listing Hopscotch route https://www.myntra.com/hopscotch page 47 -> https://www.myntra.com/gateway/v4/search/hopscotch?rows=50&o=2300&plaEnabled=false&xdEnabled=false&isFacet=true&p=47 | run_id=run_20260928_225049_642603_26e495 | brand=Hopscotch | page=47 | route=https://www.myntra.com/hopscotch | seen=2213 | expected=5164
2026-09-28 22:56:05 | INFO    | PDP       | Processed 50 target products for Hopscotch in 4s (729.66 products/min). | run_id=run_20260928_225049_642603_26e495 | brand=Hopscotch | saved=50 | elapsed_label=4s | products_per_minute=729.66
2026-09-28 22:56:06 | INFO    | LISTING   | Listing Hopscotch route https://www.myntra.com/hopscotch page 48 -> https://www.myntra.com/gateway/v4/search/hopscotch?rows=50&o=2350&plaEnabled=false&xdEnabled=false&isFacet=true&p=48 | run_id=run_20260928_225049_642603_26e495 | brand=Hopscotch | page=48 | route=https://www.myntra.com/hopscotch | seen=2263 | expected=5164
2026-09-28 22:56:10 | INFO    | PDP       | Processed 50 target products for Hopscotch in 3s (861.17 products/min). | run_id=run_20260928_225049_642603_26e495 | brand=Hopscotch | saved=50 | elapsed_label=3s | products_per_minute=861.17
2026-09-28 22:56:10 | INFO    | LISTING   | Listing Hopscotch route https://www.myntra.com/hopscotch page 49 -> https://www.myntra.com/gateway/v4/search/hopscotch?rows=50&o=2400&plaEnabled=false&xdEnabled=false&isFacet=true&p=49 | run_id=run_20260928_225049_642603_26e495 | brand=Hopscotch | page=49 | route=https://www.myntra.com/hopscotch | seen=2313 | expected=5164
2026-09-28 22:56:14 | INFO    | PDP       | Processed 50 target products for Hopscotch in 4s (792.23 products/min). | run_id=run_20260928_225049_642603_26e495 | brand=Hopscotch | saved=50 | elapsed_label=4s | products_per_minute=792.23
2026-09-28 22:56:15 | INFO    | LISTING   | Listing Hopscotch route https://www.myntra.com/hopscotch page 50 -> https://www.myntra.com/gateway/v4/search/hopscotch?rows=50&o=2450&plaEnabled=false&xdEnabled=false&isFacet=true&p=50 | run_id=run_20260928_225049_642603_26e495 | brand=Hopscotch | page=50 | route=https://www.myntra.com/hopscotch | seen=2363 | expected=5164
2026-09-28 22:56:19 | INFO    | PDP       | Processed 50 target products for Hopscotch in 3s (875.74 products/min). | run_id=run_20260928_225049_642603_26e495 | brand=Hopscotch | saved=50 | elapsed_label=3s | products_per_minute=875.74
2026-09-28 22:56:19 | INFO    | LISTING   | Listing Hopscotch route https://www.myntra.com/hopscotch page 51 -> https://www.myntra.com/gateway/v4/search/hopscotch?rows=50&o=2500&plaEnabled=false&xdEnabled=false&isFacet=true&p=51 | run_id=run_20260928_225049_642603_26e495 | brand=Hopscotch | page=51 | route=https://www.myntra.com/hopscotch | seen=2413 | expected=5164
2026-09-28 22:56:23 | INFO    | PDP       | Processed 50 target products for Hopscotch in 3s (898.21 products/min). | run_id=run_20260928_225049_642603_26e495 | brand=Hopscotch | saved=50 | elapsed_label=3s | products_per_minute=898.21
2026-09-28 22:56:23 | INFO    | LISTING   | Listing Hopscotch route https://www.myntra.com/hopscotch page 52 -> https://www.myntra.com/gateway/v4/search/hopscotch?rows=50&o=2550&plaEnabled=false&xdEnabled=false&isFacet=true&p=52 | run_id=run_20260928_225049_642603_26e495 | brand=Hopscotch | page=52 | route=https://www.myntra.com/hopscotch | seen=2463 | expected=5164
2026-09-28 22:56:27 | INFO    | PDP       | Processed 49 target products for Hopscotch in 3s (960.39 products/min). | run_id=run_20260928_225049_642603_26e495 | brand=Hopscotch | saved=49 | elapsed_label=3s | products_per_minute=960.39
2026-09-28 22:56:27 | INFO    | LISTING   | Listing Hopscotch route https://www.myntra.com/hopscotch page 53 -> https://www.myntra.com/gateway/v4/search/hopscotch?rows=50&o=2600&plaEnabled=false&xdEnabled=false&isFacet=true&p=53 | run_id=run_20260928_225049_642603_26e495 | brand=Hopscotch | page=53 | route=https://www.myntra.com/hopscotch | seen=2512 | expected=5164
2026-09-28 22:56:30 | INFO    | PDP       | Processed 46 target products for Hopscotch in 3s (928.25 products/min). | run_id=run_20260928_225049_642603_26e495 | brand=Hopscotch | saved=46 | elapsed_label=3s | products_per_minute=928.25
2026-09-28 22:56:31 | INFO    | LISTING   | Listing Hopscotch route https://www.myntra.com/hopscotch page 54 -> https://www.myntra.com/gateway/v4/search/hopscotch?rows=50&o=2650&plaEnabled=false&xdEnabled=false&isFacet=true&p=54 | run_id=run_20260928_225049_642603_26e495 | brand=Hopscotch | page=54 | route=https://www.myntra.com/hopscotch | seen=2558 | expected=5164
2026-09-28 22:56:36 | INFO    | PDP       | Processed 50 target products for Hopscotch in 4s (681.08 products/min). | run_id=run_20260928_225049_642603_26e495 | brand=Hopscotch | saved=50 | elapsed_label=4s | products_per_minute=681.08
2026-09-28 22:56:36 | INFO    | LISTING   | Listing Hopscotch route https://www.myntra.com/hopscotch page 55 -> https://www.myntra.com/gateway/v4/search/hopscotch?rows=50&o=2700&plaEnabled=false&xdEnabled=false&isFacet=true&p=55 | run_id=run_20260928_225049_642603_26e495 | brand=Hopscotch | page=55 | route=https://www.myntra.com/hopscotch | seen=2608 | expected=5164
2026-09-28 22:56:40 | INFO    | PDP       | Processed 49 target products for Hopscotch in 3s (926.62 products/min). | run_id=run_20260928_225049_642603_26e495 | brand=Hopscotch | saved=49 | elapsed_label=3s | products_per_minute=926.62
2026-09-28 22:56:40 | INFO    | LISTING   | Listing Hopscotch route https://www.myntra.com/hopscotch page 56 -> https://www.myntra.com/gateway/v4/search/hopscotch?rows=50&o=2750&plaEnabled=false&xdEnabled=false&isFacet=true&p=56 | run_id=run_20260928_225049_642603_26e495 | brand=Hopscotch | page=56 | route=https://www.myntra.com/hopscotch | seen=2657 | expected=5164
2026-09-28 22:56:44 | INFO    | PDP       | Processed 50 target products for Hopscotch in 4s (853.84 products/min). | run_id=run_20260928_225049_642603_26e495 | brand=Hopscotch | saved=50 | elapsed_label=4s | products_per_minute=853.84
2026-09-28 22:56:44 | INFO    | LISTING   | Listing Hopscotch route https://www.myntra.com/hopscotch page 57 -> https://www.myntra.com/gateway/v4/search/hopscotch?rows=50&o=2800&plaEnabled=false&xdEnabled=false&isFacet=true&p=57 | run_id=run_20260928_225049_642603_26e495 | brand=Hopscotch | page=57 | route=https://www.myntra.com/hopscotch | seen=2707 | expected=5164
2026-09-28 22:56:48 | INFO    | PDP       | Processed 50 target products for Hopscotch in 3s (965.27 products/min). | run_id=run_20260928_225049_642603_26e495 | brand=Hopscotch | saved=50 | elapsed_label=3s | products_per_minute=965.27
2026-09-28 22:56:48 | INFO    | LISTING   | Listing Hopscotch route https://www.myntra.com/hopscotch page 58 -> https://www.myntra.com/gateway/v4/search/hopscotch?rows=50&o=2850&plaEnabled=false&xdEnabled=false&isFacet=true&p=58 | run_id=run_20260928_225049_642603_26e495 | brand=Hopscotch | page=58 | route=https://www.myntra.com/hopscotch | seen=2757 | expected=5164
2026-09-28 22:56:52 | INFO    | PDP       | Processed 43 target products for Hopscotch in 3s (865.85 products/min). | run_id=run_20260928_225049_642603_26e495 | brand=Hopscotch | saved=43 | elapsed_label=3s | products_per_minute=865.85
2026-09-28 22:56:52 | INFO    | LISTING   | Listing Hopscotch route https://www.myntra.com/hopscotch page 59 -> https://www.myntra.com/gateway/v4/search/hopscotch?rows=50&o=2900&plaEnabled=false&xdEnabled=false&isFacet=true&p=59 | run_id=run_20260928_225049_642603_26e495 | brand=Hopscotch | page=59 | route=https://www.myntra.com/hopscotch | seen=2800 | expected=5164
2026-09-28 22:56:56 | INFO    | PDP       | Processed 49 target products for Hopscotch in 3s (929.08 products/min). | run_id=run_20260928_225049_642603_26e495 | brand=Hopscotch | saved=49 | elapsed_label=3s | products_per_minute=929.08
2026-09-28 22:56:56 | INFO    | LISTING   | Listing Hopscotch route https://www.myntra.com/hopscotch page 60 -> https://www.myntra.com/gateway/v4/search/hopscotch?rows=50&o=2950&plaEnabled=false&xdEnabled=false&isFacet=true&p=60 | run_id=run_20260928_225049_642603_26e495 | brand=Hopscotch | page=60 | route=https://www.myntra.com/hopscotch | seen=2849 | expected=5164
2026-09-28 22:56:59 | WARNING | PDP       | PDP fetch failed for https://www.myntra.com/Clothing-Set/Hopscotch/Hopscotch-Teddy-Applique-Shirt--Shorts-Formal-Set/42188575/buy: PDP payload did not contain pdpData. | run_id=run_20260928_225049_642603_26e495 | brand=Hopscotch | route=https://www.myntra.com/Clothing-Set/Hopscotch/Hopscotch-Teddy-Applique-Shirt--Shorts-Formal-Set/42188575/buy
2026-09-28 22:57:00 | INFO    | PDP       | Retrying 1 PDP fetches for Hopscotch (retry round 1/5). | run_id=run_20260928_225049_642603_26e495 | brand=Hopscotch | attempt=1/5
2026-09-28 22:57:02 | INFO    | PDP       | Processed 49 target products for Hopscotch in 5s (597.89 products/min). | run_id=run_20260928_225049_642603_26e495 | brand=Hopscotch | saved=49 | elapsed_label=5s | products_per_minute=597.89
2026-09-28 22:57:02 | INFO    | LISTING   | Listing Hopscotch route https://www.myntra.com/hopscotch page 61 -> https://www.myntra.com/gateway/v4/search/hopscotch?rows=50&o=3000&plaEnabled=false&xdEnabled=false&isFacet=true&p=61 | run_id=run_20260928_225049_642603_26e495 | brand=Hopscotch | page=61 | route=https://www.myntra.com/hopscotch | seen=2898 | expected=5164
2026-09-28 22:57:06 | INFO    | PDP       | Processed 46 target products for Hopscotch in 4s (770.14 products/min). | run_id=run_20260928_225049_642603_26e495 | brand=Hopscotch | saved=46 | elapsed_label=4s | products_per_minute=770.14
2026-09-28 22:57:07 | INFO    | LISTING   | Listing Hopscotch route https://www.myntra.com/hopscotch page 62 -> https://www.myntra.com/gateway/v4/search/hopscotch?rows=50&o=3050&plaEnabled=false&xdEnabled=false&isFacet=true&p=62 | run_id=run_20260928_225049_642603_26e495 | brand=Hopscotch | page=62 | route=https://www.myntra.com/hopscotch | seen=2944 | expected=5164
2026-09-28 22:57:10 | INFO    | PDP       | Processed 44 target products for Hopscotch in 3s (920.12 products/min). | run_id=run_20260928_225049_642603_26e495 | brand=Hopscotch | saved=44 | elapsed_label=3s | products_per_minute=920.12
2026-09-28 22:57:10 | INFO    | LISTING   | Listing Hopscotch route https://www.myntra.com/hopscotch page 63 -> https://www.myntra.com/gateway/v4/search/hopscotch?rows=50&o=3100&plaEnabled=false&xdEnabled=false&isFacet=true&p=63 | run_id=run_20260928_225049_642603_26e495 | brand=Hopscotch | page=63 | route=https://www.myntra.com/hopscotch | seen=2988 | expected=5164
2026-09-28 22:57:14 | INFO    | PDP       | Processed 50 target products for Hopscotch in 3s (971.46 products/min). | run_id=run_20260928_225049_642603_26e495 | brand=Hopscotch | saved=50 | elapsed_label=3s | products_per_minute=971.46
2026-09-28 22:57:14 | INFO    | LISTING   | Listing Hopscotch route https://www.myntra.com/hopscotch page 64 -> https://www.myntra.com/gateway/v4/search/hopscotch?rows=50&o=3150&plaEnabled=false&xdEnabled=false&isFacet=true&p=64 | run_id=run_20260928_225049_642603_26e495 | brand=Hopscotch | page=64 | route=https://www.myntra.com/hopscotch | seen=3038 | expected=5164
2026-09-28 22:57:18 | INFO    | PDP       | Processed 50 target products for Hopscotch in 3s (882.09 products/min). | run_id=run_20260928_225049_642603_26e495 | brand=Hopscotch | saved=50 | elapsed_label=3s | products_per_minute=882.09
2026-09-28 22:57:18 | INFO    | LISTING   | Listing Hopscotch route https://www.myntra.com/hopscotch page 65 -> https://www.myntra.com/gateway/v4/search/hopscotch?rows=50&o=3200&plaEnabled=false&xdEnabled=false&isFacet=true&p=65 | run_id=run_20260928_225049_642603_26e495 | brand=Hopscotch | page=65 | route=https://www.myntra.com/hopscotch | seen=3088 | expected=5164
2026-09-28 22:57:22 | INFO    | PDP       | Processed 48 target products for Hopscotch in 3s (987.82 products/min). | run_id=run_20260928_225049_642603_26e495 | brand=Hopscotch | saved=48 | elapsed_label=3s | products_per_minute=987.82
2026-09-28 22:57:22 | INFO    | LISTING   | Listing Hopscotch route https://www.myntra.com/hopscotch page 66 -> https://www.myntra.com/gateway/v4/search/hopscotch?rows=50&o=3250&plaEnabled=false&xdEnabled=false&isFacet=true&p=66 | run_id=run_20260928_225049_642603_26e495 | brand=Hopscotch | page=66 | route=https://www.myntra.com/hopscotch | seen=3136 | expected=5164
2026-09-28 22:57:26 | INFO    | PDP       | Processed 50 target products for Hopscotch in 3s (888.89 products/min). | run_id=run_20260928_225049_642603_26e495 | brand=Hopscotch | saved=50 | elapsed_label=3s | products_per_minute=888.89
2026-09-28 22:57:27 | INFO    | LISTING   | Listing Hopscotch route https://www.myntra.com/hopscotch page 67 -> https://www.myntra.com/gateway/v4/search/hopscotch?rows=50&o=3300&plaEnabled=false&xdEnabled=false&isFacet=true&p=67 | run_id=run_20260928_225049_642603_26e495 | brand=Hopscotch | page=67 | route=https://www.myntra.com/hopscotch | seen=3186 | expected=5164
2026-09-28 22:57:31 | INFO    | PDP       | Processed 48 target products for Hopscotch in 4s (792.11 products/min). | run_id=run_20260928_225049_642603_26e495 | brand=Hopscotch | saved=48 | elapsed_label=4s | products_per_minute=792.11
2026-09-28 22:57:31 | INFO    | LISTING   | Listing Hopscotch route https://www.myntra.com/hopscotch page 68 -> https://www.myntra.com/gateway/v4/search/hopscotch?rows=50&o=3350&plaEnabled=false&xdEnabled=false&isFacet=true&p=68 | run_id=run_20260928_225049_642603_26e495 | brand=Hopscotch | page=68 | route=https://www.myntra.com/hopscotch | seen=3234 | expected=5164
2026-09-28 22:57:35 | WARNING | PDP       | PDP fetch failed for https://www.myntra.com/Tops/Hopscotch/Hopscotch-Pack-Text-Typography-Slit-Sleeves-Top/37375963/buy: PDP payload did not contain pdpData. | run_id=run_20260928_225049_642603_26e495 | brand=Hopscotch | route=https://www.myntra.com/Tops/Hopscotch/Hopscotch-Pack-Text-Typography-Slit-Sleeves-Top/37375963/buy
2026-09-28 22:57:35 | INFO    | PDP       | Retrying 1 PDP fetches for Hopscotch (retry round 1/5). | run_id=run_20260928_225049_642603_26e495 | brand=Hopscotch | attempt=1/5
2026-09-28 22:57:37 | INFO    | PDP       | Processed 50 target products for Hopscotch in 5s (598.07 products/min). | run_id=run_20260928_225049_642603_26e495 | brand=Hopscotch | saved=50 | elapsed_label=5s | products_per_minute=598.07
2026-09-28 22:57:37 | INFO    | LISTING   | Listing Hopscotch route https://www.myntra.com/hopscotch page 69 -> https://www.myntra.com/gateway/v4/search/hopscotch?rows=50&o=3400&plaEnabled=false&xdEnabled=false&isFacet=true&p=69 | run_id=run_20260928_225049_642603_26e495 | brand=Hopscotch | page=69 | route=https://www.myntra.com/hopscotch | seen=3284 | expected=5164
2026-09-28 22:57:41 | INFO    | PDP       | Processed 45 target products for Hopscotch in 3s (824.51 products/min). | run_id=run_20260928_225049_642603_26e495 | brand=Hopscotch | saved=45 | elapsed_label=3s | products_per_minute=824.51
2026-09-28 22:57:41 | INFO    | LISTING   | Listing Hopscotch route https://www.myntra.com/hopscotch page 70 -> https://www.myntra.com/gateway/v4/search/hopscotch?rows=50&o=3450&plaEnabled=false&xdEnabled=false&isFacet=true&p=70 | run_id=run_20260928_225049_642603_26e495 | brand=Hopscotch | page=70 | route=https://www.myntra.com/hopscotch | seen=3329 | expected=5164
2026-09-28 22:57:45 | INFO    | PDP       | Processed 50 target products for Hopscotch in 3s (914.92 products/min). | run_id=run_20260928_225049_642603_26e495 | brand=Hopscotch | saved=50 | elapsed_label=3s | products_per_minute=914.92
2026-09-28 22:57:45 | INFO    | LISTING   | Listing Hopscotch route https://www.myntra.com/hopscotch page 71 -> https://www.myntra.com/gateway/v4/search/hopscotch?rows=50&o=3500&plaEnabled=false&xdEnabled=false&isFacet=true&p=71 | run_id=run_20260928_225049_642603_26e495 | brand=Hopscotch | page=71 | route=https://www.myntra.com/hopscotch | seen=3379 | expected=5164
2026-09-28 22:57:49 | INFO    | PDP       | Processed 48 target products for Hopscotch in 3s (921.11 products/min). | run_id=run_20260928_225049_642603_26e495 | brand=Hopscotch | saved=48 | elapsed_label=3s | products_per_minute=921.11
2026-09-28 22:57:49 | INFO    | LISTING   | Listing Hopscotch route https://www.myntra.com/hopscotch page 72 -> https://www.myntra.com/gateway/v4/search/hopscotch?rows=50&o=3550&plaEnabled=false&xdEnabled=false&isFacet=true&p=72 | run_id=run_20260928_225049_642603_26e495 | brand=Hopscotch | page=72 | route=https://www.myntra.com/hopscotch | seen=3427 | expected=5164
2026-09-28 22:57:54 | INFO    | PDP       | Processed 49 target products for Hopscotch in 4s (818.7 products/min). | run_id=run_20260928_225049_642603_26e495 | brand=Hopscotch | saved=49 | elapsed_label=4s | products_per_minute=818.7
2026-09-28 22:57:54 | INFO    | LISTING   | Listing Hopscotch route https://www.myntra.com/hopscotch page 73 -> https://www.myntra.com/gateway/v4/search/hopscotch?rows=50&o=3600&plaEnabled=false&xdEnabled=false&isFacet=true&p=73 | run_id=run_20260928_225049_642603_26e495 | brand=Hopscotch | page=73 | route=https://www.myntra.com/hopscotch | seen=3476 | expected=5164
2026-09-28 22:57:57 | INFO    | PDP       | Processed 48 target products for Hopscotch in 3s (973.78 products/min). | run_id=run_20260928_225049_642603_26e495 | brand=Hopscotch | saved=48 | elapsed_label=3s | products_per_minute=973.78
2026-09-28 22:57:58 | INFO    | LISTING   | Listing Hopscotch route https://www.myntra.com/hopscotch page 74 -> https://www.myntra.com/gateway/v4/search/hopscotch?rows=50&o=3650&plaEnabled=false&xdEnabled=false&isFacet=true&p=74 | run_id=run_20260928_225049_642603_26e495 | brand=Hopscotch | page=74 | route=https://www.myntra.com/hopscotch | seen=3524 | expected=5164
2026-09-28 22:58:02 | INFO    | PDP       | Processed 50 target products for Hopscotch in 3s (916.49 products/min). | run_id=run_20260928_225049_642603_26e495 | brand=Hopscotch | saved=50 | elapsed_label=3s | products_per_minute=916.49
2026-09-28 22:58:02 | INFO    | LISTING   | Listing Hopscotch route https://www.myntra.com/hopscotch page 75 -> https://www.myntra.com/gateway/v4/search/hopscotch?rows=50&o=3700&plaEnabled=false&xdEnabled=false&isFacet=true&p=75 | run_id=run_20260928_225049_642603_26e495 | brand=Hopscotch | page=75 | route=https://www.myntra.com/hopscotch | seen=3574 | expected=5164
2026-09-28 22:58:04 | WARNING | PDP       | PDP fetch failed for https://www.myntra.com/Coats/Hopscotch/Hopscotch-Kids-Ruffle-Embellished-Coat/36266411/buy: PDP payload did not contain pdpData. | run_id=run_20260928_225049_642603_26e495 | brand=Hopscotch | route=https://www.myntra.com/Coats/Hopscotch/Hopscotch-Kids-Ruffle-Embellished-Coat/36266411/buy
2026-09-28 22:58:06 | INFO    | PDP       | Retrying 1 PDP fetches for Hopscotch (retry round 1/5). | run_id=run_20260928_225049_642603_26e495 | brand=Hopscotch | attempt=1/5
2026-09-28 22:58:07 | INFO    | PDP       | Processed 49 target products for Hopscotch in 4s (669.59 products/min). | run_id=run_20260928_225049_642603_26e495 | brand=Hopscotch | saved=49 | elapsed_label=4s | products_per_minute=669.59
2026-09-28 22:58:07 | INFO    | LISTING   | Listing Hopscotch route https://www.myntra.com/hopscotch page 76 -> https://www.myntra.com/gateway/v4/search/hopscotch?rows=50&o=3750&plaEnabled=false&xdEnabled=false&isFacet=true&p=76 | run_id=run_20260928_225049_642603_26e495 | brand=Hopscotch | page=76 | route=https://www.myntra.com/hopscotch | seen=3623 | expected=5164
2026-09-28 22:58:11 | INFO    | PDP       | Processed 44 target products for Hopscotch in 3s (788.3 products/min). | run_id=run_20260928_225049_642603_26e495 | brand=Hopscotch | saved=44 | elapsed_label=3s | products_per_minute=788.3
2026-09-28 22:58:11 | INFO    | LISTING   | Listing Hopscotch route https://www.myntra.com/hopscotch page 77 -> https://www.myntra.com/gateway/v4/search/hopscotch?rows=50&o=3800&plaEnabled=false&xdEnabled=false&isFacet=true&p=77 | run_id=run_20260928_225049_642603_26e495 | brand=Hopscotch | page=77 | route=https://www.myntra.com/hopscotch | seen=3667 | expected=5164
2026-09-28 22:58:15 | INFO    | PDP       | Processed 44 target products for Hopscotch in 3s (992.58 products/min). | run_id=run_20260928_225049_642603_26e495 | brand=Hopscotch | saved=44 | elapsed_label=3s | products_per_minute=992.58
2026-09-28 22:58:15 | INFO    | LISTING   | Listing Hopscotch route https://www.myntra.com/hopscotch page 78 -> https://www.myntra.com/gateway/v4/search/hopscotch?rows=50&o=3850&plaEnabled=false&xdEnabled=false&isFacet=true&p=78 | run_id=run_20260928_225049_642603_26e495 | brand=Hopscotch | page=78 | route=https://www.myntra.com/hopscotch | seen=3711 | expected=5164
2026-09-28 22:58:18 | INFO    | PDP       | Processed 48 target products for Hopscotch in 3s (1035.73 products/min). | run_id=run_20260928_225049_642603_26e495 | brand=Hopscotch | saved=48 | elapsed_label=3s | products_per_minute=1035.73
2026-09-28 22:58:18 | INFO    | LISTING   | Listing Hopscotch route https://www.myntra.com/hopscotch page 79 -> https://www.myntra.com/gateway/v4/search/hopscotch?rows=50&o=3900&plaEnabled=false&xdEnabled=false&isFacet=true&p=79 | run_id=run_20260928_225049_642603_26e495 | brand=Hopscotch | page=79 | route=https://www.myntra.com/hopscotch | seen=3759 | expected=5164
2026-09-28 22:58:22 | INFO    | PDP       | Processed 45 target products for Hopscotch in 3s (1007.0 products/min). | run_id=run_20260928_225049_642603_26e495 | brand=Hopscotch | saved=45 | elapsed_label=3s | products_per_minute=1007.0
2026-09-28 22:58:22 | INFO    | LISTING   | Listing Hopscotch route https://www.myntra.com/hopscotch page 80 -> https://www.myntra.com/gateway/v4/search/hopscotch?rows=50&o=3950&plaEnabled=false&xdEnabled=false&isFacet=true&p=80 | run_id=run_20260928_225049_642603_26e495 | brand=Hopscotch | page=80 | route=https://www.myntra.com/hopscotch | seen=3804 | expected=5164
2026-09-28 22:58:25 | INFO    | PDP       | Processed 46 target products for Hopscotch in 3s (1065.85 products/min). | run_id=run_20260928_225049_642603_26e495 | brand=Hopscotch | saved=46 | elapsed_label=3s | products_per_minute=1065.85
2026-09-28 22:58:25 | INFO    | LISTING   | Listing Hopscotch route https://www.myntra.com/hopscotch page 81 -> https://www.myntra.com/gateway/v4/search/hopscotch?rows=50&o=4000&plaEnabled=false&xdEnabled=false&isFacet=true&p=81 | run_id=run_20260928_225049_642603_26e495 | brand=Hopscotch | page=81 | route=https://www.myntra.com/hopscotch | seen=3850 | expected=5164
2026-09-28 22:58:28 | WARNING | PDP       | PDP fetch failed for https://www.myntra.com/Sweatshirts/Hopscotch/Hopscotch-Chenille-Embroidery-Graphic-Hoodie/37844346/buy: PDP payload did not contain pdpData. | run_id=run_20260928_225049_642603_26e495 | brand=Hopscotch | route=https://www.myntra.com/Sweatshirts/Hopscotch/Hopscotch-Chenille-Embroidery-Graphic-Hoodie/37844346/buy
2026-09-28 22:58:29 | INFO    | PDP       | Retrying 1 PDP fetches for Hopscotch (retry round 1/5). | run_id=run_20260928_225049_642603_26e495 | brand=Hopscotch | attempt=1/5
2026-09-28 22:58:31 | INFO    | PDP       | Processed 49 target products for Hopscotch in 5s (624.69 products/min). | run_id=run_20260928_225049_642603_26e495 | brand=Hopscotch | saved=49 | elapsed_label=5s | products_per_minute=624.69
2026-09-28 22:58:31 | INFO    | LISTING   | Listing Hopscotch route https://www.myntra.com/hopscotch page 82 -> https://www.myntra.com/gateway/v4/search/hopscotch?rows=50&o=4050&plaEnabled=false&xdEnabled=false&isFacet=true&p=82 | run_id=run_20260928_225049_642603_26e495 | brand=Hopscotch | page=82 | route=https://www.myntra.com/hopscotch | seen=3899 | expected=5164
2026-09-28 22:58:33 | WARNING | PDP       | PDP fetch failed for https://www.myntra.com/Track-Pants/Hopscotch/Hopscotch-Boys-Cargo-Pocket-Comfort-Pants/36664582/buy: PDP payload did not contain pdpData. | run_id=run_20260928_225049_642603_26e495 | brand=Hopscotch | route=https://www.myntra.com/Track-Pants/Hopscotch/Hopscotch-Boys-Cargo-Pocket-Comfort-Pants/36664582/buy
2026-09-28 22:58:35 | INFO    | PDP       | Retrying 1 PDP fetches for Hopscotch (retry round 1/5). | run_id=run_20260928_225049_642603_26e495 | brand=Hopscotch | attempt=1/5
2026-09-28 22:58:36 | INFO    | PDP       | Processed 43 target products for Hopscotch in 4s (634.82 products/min). | run_id=run_20260928_225049_642603_26e495 | brand=Hopscotch | saved=43 | elapsed_label=4s | products_per_minute=634.82
2026-09-28 22:58:36 | INFO    | LISTING   | Listing Hopscotch route https://www.myntra.com/hopscotch page 83 -> https://www.myntra.com/gateway/v4/search/hopscotch?rows=50&o=4100&plaEnabled=false&xdEnabled=false&isFacet=true&p=83 | run_id=run_20260928_225049_642603_26e495 | brand=Hopscotch | page=83 | route=https://www.myntra.com/hopscotch | seen=3942 | expected=5164
2026-09-28 22:58:39 | INFO    | PDP       | Processed 50 target products for Hopscotch in 3s (996.56 products/min). | run_id=run_20260928_225049_642603_26e495 | brand=Hopscotch | saved=50 | elapsed_label=3s | products_per_minute=996.56
2026-09-28 22:58:40 | INFO    | LISTING   | Listing Hopscotch route https://www.myntra.com/hopscotch page 84 -> https://www.myntra.com/gateway/v4/search/hopscotch?rows=50&o=4150&plaEnabled=false&xdEnabled=false&isFacet=true&p=84 | run_id=run_20260928_225049_642603_26e495 | brand=Hopscotch | page=84 | route=https://www.myntra.com/hopscotch | seen=3992 | expected=5164
2026-09-28 22:58:43 | INFO    | PDP       | Processed 50 target products for Hopscotch in 3s (1028.74 products/min). | run_id=run_20260928_225049_642603_26e495 | brand=Hopscotch | saved=50 | elapsed_label=3s | products_per_minute=1028.74
2026-09-28 22:58:43 | INFO    | LISTING   | Listing Hopscotch route https://www.myntra.com/hopscotch page 85 -> https://www.myntra.com/gateway/v4/search/hopscotch?rows=50&o=4200&plaEnabled=false&xdEnabled=false&isFacet=true&p=85 | run_id=run_20260928_225049_642603_26e495 | brand=Hopscotch | page=85 | route=https://www.myntra.com/hopscotch | seen=4042 | expected=5164
2026-09-28 22:58:47 | INFO    | PDP       | Processed 50 target products for Hopscotch in 3s (973.28 products/min). | run_id=run_20260928_225049_642603_26e495 | brand=Hopscotch | saved=50 | elapsed_label=3s | products_per_minute=973.28
2026-09-28 22:58:47 | INFO    | LISTING   | Listing Hopscotch route https://www.myntra.com/hopscotch page 86 -> https://www.myntra.com/gateway/v4/search/hopscotch?rows=50&o=4250&plaEnabled=false&xdEnabled=false&isFacet=true&p=86 | run_id=run_20260928_225049_642603_26e495 | brand=Hopscotch | page=86 | route=https://www.myntra.com/hopscotch | seen=4092 | expected=5164
2026-09-28 22:58:51 | INFO    | PDP       | Processed 50 target products for Hopscotch in 3s (976.01 products/min). | run_id=run_20260928_225049_642603_26e495 | brand=Hopscotch | saved=50 | elapsed_label=3s | products_per_minute=976.01
2026-09-28 22:58:51 | INFO    | LISTING   | Listing Hopscotch route https://www.myntra.com/hopscotch page 87 -> https://www.myntra.com/gateway/v4/search/hopscotch?rows=50&o=4300&plaEnabled=false&xdEnabled=false&isFacet=true&p=87 | run_id=run_20260928_225049_642603_26e495 | brand=Hopscotch | page=87 | route=https://www.myntra.com/hopscotch | seen=4142 | expected=5164
2026-09-28 22:58:55 | INFO    | PDP       | Processed 49 target products for Hopscotch in 3s (986.05 products/min). | run_id=run_20260928_225049_642603_26e495 | brand=Hopscotch | saved=49 | elapsed_label=3s | products_per_minute=986.05
2026-09-28 22:58:55 | INFO    | LISTING   | Listing Hopscotch route https://www.myntra.com/hopscotch page 88 -> https://www.myntra.com/gateway/v4/search/hopscotch?rows=50&o=4350&plaEnabled=false&xdEnabled=false&isFacet=true&p=88 | run_id=run_20260928_225049_642603_26e495 | brand=Hopscotch | page=88 | route=https://www.myntra.com/hopscotch | seen=4191 | expected=5164
2026-09-28 22:58:59 | INFO    | PDP       | Processed 50 target products for Hopscotch in 3s (939.69 products/min). | run_id=run_20260928_225049_642603_26e495 | brand=Hopscotch | saved=50 | elapsed_label=3s | products_per_minute=939.69
2026-09-28 22:58:59 | INFO    | LISTING   | Listing Hopscotch route https://www.myntra.com/hopscotch page 89 -> https://www.myntra.com/gateway/v4/search/hopscotch?rows=50&o=4400&plaEnabled=false&xdEnabled=false&isFacet=true&p=89 | run_id=run_20260928_225049_642603_26e495 | brand=Hopscotch | page=89 | route=https://www.myntra.com/hopscotch | seen=4241 | expected=5164
2026-09-28 22:59:03 | INFO    | PDP       | Processed 49 target products for Hopscotch in 3s (983.51 products/min). | run_id=run_20260928_225049_642603_26e495 | brand=Hopscotch | saved=49 | elapsed_label=3s | products_per_minute=983.51
2026-09-28 22:59:03 | INFO    | LISTING   | Listing Hopscotch route https://www.myntra.com/hopscotch page 90 -> https://www.myntra.com/gateway/v4/search/hopscotch?rows=50&o=4450&plaEnabled=false&xdEnabled=false&isFacet=true&p=90 | run_id=run_20260928_225049_642603_26e495 | brand=Hopscotch | page=90 | route=https://www.myntra.com/hopscotch | seen=4290 | expected=5164
2026-09-28 22:59:07 | INFO    | PDP       | Processed 42 target products for Hopscotch in 2s (1020.52 products/min). | run_id=run_20260928_225049_642603_26e495 | brand=Hopscotch | saved=42 | elapsed_label=2s | products_per_minute=1020.52
2026-09-28 22:59:07 | INFO    | LISTING   | Listing Hopscotch route https://www.myntra.com/hopscotch page 91 -> https://www.myntra.com/gateway/v4/search/hopscotch?rows=50&o=4500&plaEnabled=false&xdEnabled=false&isFacet=true&p=91 | run_id=run_20260928_225049_642603_26e495 | brand=Hopscotch | page=91 | route=https://www.myntra.com/hopscotch | seen=4332 | expected=5164
2026-09-28 22:59:10 | INFO    | PDP       | Processed 49 target products for Hopscotch in 3s (949.48 products/min). | run_id=run_20260928_225049_642603_26e495 | brand=Hopscotch | saved=49 | elapsed_label=3s | products_per_minute=949.48
2026-09-28 22:59:11 | INFO    | LISTING   | Listing Hopscotch route https://www.myntra.com/hopscotch page 92 -> https://www.myntra.com/gateway/v4/search/hopscotch?rows=50&o=4550&plaEnabled=false&xdEnabled=false&isFacet=true&p=92 | run_id=run_20260928_225049_642603_26e495 | brand=Hopscotch | page=92 | route=https://www.myntra.com/hopscotch | seen=4381 | expected=5164
2026-09-28 22:59:15 | INFO    | PDP       | Processed 50 target products for Hopscotch in 3s (934.72 products/min). | run_id=run_20260928_225049_642603_26e495 | brand=Hopscotch | saved=50 | elapsed_label=3s | products_per_minute=934.72
2026-09-28 22:59:15 | INFO    | LISTING   | Listing Hopscotch route https://www.myntra.com/hopscotch page 93 -> https://www.myntra.com/gateway/v4/search/hopscotch?rows=50&o=4600&plaEnabled=false&xdEnabled=false&isFacet=true&p=93 | run_id=run_20260928_225049_642603_26e495 | brand=Hopscotch | page=93 | route=https://www.myntra.com/hopscotch | seen=4431 | expected=5164
2026-09-28 22:59:18 | INFO    | PDP       | Processed 44 target products for Hopscotch in 3s (975.87 products/min). | run_id=run_20260928_225049_642603_26e495 | brand=Hopscotch | saved=44 | elapsed_label=3s | products_per_minute=975.87
2026-09-28 22:59:18 | INFO    | LISTING   | Listing Hopscotch route https://www.myntra.com/hopscotch page 94 -> https://www.myntra.com/gateway/v4/search/hopscotch?rows=50&o=4650&plaEnabled=false&xdEnabled=false&isFacet=true&p=94 | run_id=run_20260928_225049_642603_26e495 | brand=Hopscotch | page=94 | route=https://www.myntra.com/hopscotch | seen=4475 | expected=5164
2026-09-28 22:59:23 | INFO    | PDP       | Processed 45 target products for Hopscotch in 4s (658.94 products/min). | run_id=run_20260928_225049_642603_26e495 | brand=Hopscotch | saved=45 | elapsed_label=4s | products_per_minute=658.94
2026-09-28 22:59:23 | INFO    | LISTING   | Listing Hopscotch route https://www.myntra.com/hopscotch page 95 -> https://www.myntra.com/gateway/v4/search/hopscotch?rows=50&o=4700&plaEnabled=false&xdEnabled=false&isFacet=true&p=95 | run_id=run_20260928_225049_642603_26e495 | brand=Hopscotch | page=95 | route=https://www.myntra.com/hopscotch | seen=4520 | expected=5164
2026-09-28 22:59:27 | INFO    | PDP       | Processed 49 target products for Hopscotch in 3s (957.35 products/min). | run_id=run_20260928_225049_642603_26e495 | brand=Hopscotch | saved=49 | elapsed_label=3s | products_per_minute=957.35
2026-09-28 22:59:27 | INFO    | LISTING   | Listing Hopscotch route https://www.myntra.com/hopscotch page 96 -> https://www.myntra.com/gateway/v4/search/hopscotch?rows=50&o=4750&plaEnabled=false&xdEnabled=false&isFacet=true&p=96 | run_id=run_20260928_225049_642603_26e495 | brand=Hopscotch | page=96 | route=https://www.myntra.com/hopscotch | seen=4569 | expected=5164
2026-09-28 22:59:31 | INFO    | PDP       | Processed 50 target products for Hopscotch in 3s (964.4 products/min). | run_id=run_20260928_225049_642603_26e495 | brand=Hopscotch | saved=50 | elapsed_label=3s | products_per_minute=964.4
2026-09-28 22:59:31 | INFO    | LISTING   | Listing Hopscotch route https://www.myntra.com/hopscotch page 97 -> https://www.myntra.com/gateway/v4/search/hopscotch?rows=50&o=4800&plaEnabled=false&xdEnabled=false&isFacet=true&p=97 | run_id=run_20260928_225049_642603_26e495 | brand=Hopscotch | page=97 | route=https://www.myntra.com/hopscotch | seen=4619 | expected=5164
2026-09-28 22:59:35 | INFO    | PDP       | Processed 49 target products for Hopscotch in 3s (1023.52 products/min). | run_id=run_20260928_225049_642603_26e495 | brand=Hopscotch | saved=49 | elapsed_label=3s | products_per_minute=1023.52
2026-09-28 22:59:35 | INFO    | LISTING   | Listing Hopscotch route https://www.myntra.com/hopscotch page 98 -> https://www.myntra.com/gateway/v4/search/hopscotch?rows=50&o=4850&plaEnabled=false&xdEnabled=false&isFacet=true&p=98 | run_id=run_20260928_225049_642603_26e495 | brand=Hopscotch | page=98 | route=https://www.myntra.com/hopscotch | seen=4668 | expected=5164
2026-09-28 22:59:39 | INFO    | PDP       | Processed 49 target products for Hopscotch in 3s (989.48 products/min). | run_id=run_20260928_225049_642603_26e495 | brand=Hopscotch | saved=49 | elapsed_label=3s | products_per_minute=989.48
2026-09-28 22:59:39 | INFO    | LISTING   | Listing Hopscotch route https://www.myntra.com/hopscotch page 99 -> https://www.myntra.com/gateway/v4/search/hopscotch?rows=50&o=4900&plaEnabled=false&xdEnabled=false&isFacet=true&p=99 | run_id=run_20260928_225049_642603_26e495 | brand=Hopscotch | page=99 | route=https://www.myntra.com/hopscotch | seen=4717 | expected=5164
2026-09-28 22:59:43 | INFO    | PDP       | Processed 46 target products for Hopscotch in 3s (827.46 products/min). | run_id=run_20260928_225049_642603_26e495 | brand=Hopscotch | saved=46 | elapsed_label=3s | products_per_minute=827.46
2026-09-28 22:59:43 | INFO    | LISTING   | Listing Hopscotch route https://www.myntra.com/hopscotch page 100 -> https://www.myntra.com/gateway/v4/search/hopscotch?rows=50&o=4950&plaEnabled=false&xdEnabled=false&isFacet=true&p=100 | run_id=run_20260928_225049_642603_26e495 | brand=Hopscotch | page=100 | route=https://www.myntra.com/hopscotch | seen=4763 | expected=5164
2026-09-28 22:59:47 | INFO    | PDP       | Processed 48 target products for Hopscotch in 3s (997.27 products/min). | run_id=run_20260928_225049_642603_26e495 | brand=Hopscotch | saved=48 | elapsed_label=3s | products_per_minute=997.27
2026-09-28 22:59:47 | INFO    | LISTING   | Listing Hopscotch route https://www.myntra.com/hopscotch page 101 -> https://www.myntra.com/gateway/v4/search/hopscotch?rows=50&o=5000&plaEnabled=false&xdEnabled=false&isFacet=true&p=101 | run_id=run_20260928_225049_642603_26e495 | brand=Hopscotch | page=101 | route=https://www.myntra.com/hopscotch | seen=4811 | expected=5164
2026-09-28 22:59:51 | INFO    | PDP       | Processed 50 target products for Hopscotch in 3s (958.34 products/min). | run_id=run_20260928_225049_642603_26e495 | brand=Hopscotch | saved=50 | elapsed_label=3s | products_per_minute=958.34
2026-09-28 22:59:51 | INFO    | LISTING   | Listing Hopscotch route https://www.myntra.com/hopscotch page 102 -> https://www.myntra.com/gateway/v4/search/hopscotch?rows=50&o=5050&plaEnabled=false&xdEnabled=false&isFacet=true&p=102 | run_id=run_20260928_225049_642603_26e495 | brand=Hopscotch | page=102 | route=https://www.myntra.com/hopscotch | seen=4861 | expected=5164
2026-09-28 22:59:55 | INFO    | PDP       | Processed 46 target products for Hopscotch in 3s (790.7 products/min). | run_id=run_20260928_225049_642603_26e495 | brand=Hopscotch | saved=46 | elapsed_label=3s | products_per_minute=790.7
2026-09-28 22:59:55 | INFO    | LISTING   | Listing Hopscotch route https://www.myntra.com/hopscotch page 103 -> https://www.myntra.com/gateway/v4/search/hopscotch?rows=50&o=5100&plaEnabled=false&xdEnabled=false&isFacet=true&p=103 | run_id=run_20260928_225049_642603_26e495 | brand=Hopscotch | page=103 | route=https://www.myntra.com/hopscotch | seen=4907 | expected=5164
2026-09-28 23:00:00 | INFO    | PDP       | Processed 50 target products for Hopscotch in 4s (833.7 products/min). | run_id=run_20260928_225049_642603_26e495 | brand=Hopscotch | saved=50 | elapsed_label=4s | products_per_minute=833.7
2026-09-28 23:00:00 | INFO    | LISTING   | Listing Hopscotch route https://www.myntra.com/hopscotch page 104 -> https://www.myntra.com/gateway/v4/search/hopscotch?rows=50&o=5150&plaEnabled=false&xdEnabled=false&isFacet=true&p=104 | run_id=run_20260928_225049_642603_26e495 | brand=Hopscotch | page=104 | route=https://www.myntra.com/hopscotch | seen=4957 | expected=5164
2026-09-28 23:00:04 | INFO    | PDP       | Processed 37 target products for Hopscotch in 3s (697.94 products/min). | run_id=run_20260928_225049_642603_26e495 | brand=Hopscotch | saved=37 | elapsed_label=3s | products_per_minute=697.94
2026-09-28 23:00:04 | WARNING | LISTING   | Retrying route https://www.myntra.com/hopscotch for Hopscotch (pass 1/2) after incomplete coverage: 4994/5164 unique products seen. | run_id=run_20260928_225049_642603_26e495 | brand=Hopscotch | route=https://www.myntra.com/hopscotch | seen=4994 | expected=5164 | attempt=1/2
2026-09-28 23:00:04 | INFO    | LISTING   | Listing Hopscotch route https://www.myntra.com/hopscotch page 1 -> https://www.myntra.com/gateway/v4/search/hopscotch?rows=50&o=0&plaEnabled=false&xdEnabled=false&isFacet=true&p=1 | run_id=run_20260928_225049_642603_26e495 | brand=Hopscotch | page=1 | route=https://www.myntra.com/hopscotch | seen=4994 | expected=5164
2026-09-28 23:00:06 | INFO    | LISTING   | Listing Hopscotch route https://www.myntra.com/hopscotch page 2 -> https://www.myntra.com/gateway/v4/search/hopscotch?rows=50&o=50&plaEnabled=false&xdEnabled=false&isFacet=true&p=2 | run_id=run_20260928_225049_642603_26e495 | brand=Hopscotch | page=2 | route=https://www.myntra.com/hopscotch | seen=4994 | expected=5164
2026-09-28 23:00:06 | INFO    | LISTING   | Listing Hopscotch route https://www.myntra.com/hopscotch page 3 -> https://www.myntra.com/gateway/v4/search/hopscotch?rows=50&o=100&plaEnabled=false&xdEnabled=false&isFacet=true&p=3 | run_id=run_20260928_225049_642603_26e495 | brand=Hopscotch | page=3 | route=https://www.myntra.com/hopscotch | seen=4994 | expected=5164
2026-09-28 23:00:07 | WARNING | LISTING   | Route https://www.myntra.com/hopscotch for Hopscotch stalled for 3 consecutive pages before reaching expected total; restarting route pass. | run_id=run_20260928_225049_642603_26e495 | brand=Hopscotch | page=3 | route=https://www.myntra.com/hopscotch | seen=4994 | expected=5164
2026-09-28 23:00:07 | WARNING | LISTING   | Retrying route https://www.myntra.com/hopscotch for Hopscotch (pass 2/2) after incomplete coverage: 4994/5164 unique products seen. | run_id=run_20260928_225049_642603_26e495 | brand=Hopscotch | route=https://www.myntra.com/hopscotch | seen=4994 | expected=5164 | attempt=2/2
2026-09-28 23:00:07 | INFO    | LISTING   | Listing Hopscotch route https://www.myntra.com/hopscotch page 1 -> https://www.myntra.com/gateway/v4/search/hopscotch?rows=50&o=0&plaEnabled=false&xdEnabled=false&isFacet=true&p=1 | run_id=run_20260928_225049_642603_26e495 | brand=Hopscotch | page=1 | route=https://www.myntra.com/hopscotch | seen=4994 | expected=5164
2026-09-28 23:00:09 | INFO    | LISTING   | Listing Hopscotch route https://www.myntra.com/hopscotch page 2 -> https://www.myntra.com/gateway/v4/search/hopscotch?rows=50&o=50&plaEnabled=false&xdEnabled=false&isFacet=true&p=2 | run_id=run_20260928_225049_642603_26e495 | brand=Hopscotch | page=2 | route=https://www.myntra.com/hopscotch | seen=4994 | expected=5164
2026-09-28 23:00:10 | INFO    | LISTING   | Listing Hopscotch route https://www.myntra.com/hopscotch page 3 -> https://www.myntra.com/gateway/v4/search/hopscotch?rows=50&o=100&plaEnabled=false&xdEnabled=false&isFacet=true&p=3 | run_id=run_20260928_225049_642603_26e495 | brand=Hopscotch | page=3 | route=https://www.myntra.com/hopscotch | seen=4994 | expected=5164
2026-09-28 23:00:11 | WARNING | LISTING   | Route https://www.myntra.com/hopscotch for Hopscotch stalled for 3 consecutive pages before reaching expected total; restarting route pass. | run_id=run_20260928_225049_642603_26e495 | brand=Hopscotch | page=3 | route=https://www.myntra.com/hopscotch | seen=4994 | expected=5164
2026-09-28 23:00:11 | WARNING | BRAND     | Brand Hopscotch finished below expected count: saw 4994 unique shirts products vs expected 5164. | run_id=run_20260928_225049_642603_26e495 | brand=Hopscotch | seen=4994 | expected=5164
2026-09-28 23:00:11 | INFO    | BRAND     | Brand scrape completed in 7m 43s (647.65 products/min). | run_id=run_20260928_225049_642603_26e495 | brand=Hopscotch | status=COMPLETED | saved=4994 | seen=4994 | expected=5164 | elapsed_label=7m 43s | products_per_minute=647.65
2026-09-28 23:00:11 | INFO    | BRAND     | Resolving brand routes. | run_id=run_20260928_225049_642603_26e495 | brand=H&M (Kids)
2026-09-28 23:00:12 | INFO    | BRAND     | Resolved H&M (Kids) -> 2 routes (best brand total=6108): https://www.myntra.com/h-and-m-kids, https://www.myntra.com/kids-hm | run_id=run_20260928_225049_642603_26e495 | brand=H&M (Kids) | expected=6108
2026-09-28 23:00:12 | INFO    | BRAND     | Starting brand scrape. | run_id=run_20260928_225049_642603_26e495 | brand=H&M (Kids) | expected=6108
2026-09-28 23:00:12 | INFO    | LISTING   | Listing H&M (Kids) route https://www.myntra.com/h-and-m-kids page 1 -> https://www.myntra.com/gateway/v4/search/h-and-m-kids?rows=50&o=0&plaEnabled=false&xdEnabled=false&isFacet=true&p=1 | run_id=run_20260928_225049_642603_26e495 | brand=H&M (Kids) | page=1 | route=https://www.myntra.com/h-and-m-kids | seen=0 | expected=6108
2026-09-28 23:00:17 | INFO    | PDP       | Processed 47 target products for H&M (Kids) in 3s (857.55 products/min). | run_id=run_20260928_225049_642603_26e495 | brand=H&M (Kids) | saved=47 | elapsed_label=3s | products_per_minute=857.55
2026-09-28 23:00:17 | INFO    | LISTING   | Listing H&M (Kids) route https://www.myntra.com/h-and-m-kids page 2 -> https://www.myntra.com/gateway/v4/search/h-and-m-kids?rows=50&o=50&plaEnabled=false&xdEnabled=false&isFacet=true&p=2 | run_id=run_20260928_225049_642603_26e495 | brand=H&M (Kids) | page=2 | route=https://www.myntra.com/h-and-m-kids | seen=47 | expected=6108
2026-09-28 23:00:21 | WARNING | PDP       | PDP fetch failed for https://www.myntra.com/Tops/H%26M/HM-Puff-Sleeve-Top/44787170/buy: PDP payload did not contain pdpData. | run_id=run_20260928_225049_642603_26e495 | brand=H&M (Kids) | route=https://www.myntra.com/Tops/H%26M/HM-Puff-Sleeve-Top/44787170/buy
2026-09-28 23:00:21 | INFO    | PDP       | Retrying 1 PDP fetches for H&M (Kids) (retry round 1/5). | run_id=run_20260928_225049_642603_26e495 | brand=H&M (Kids) | attempt=1/5
2026-09-28 23:00:22 | INFO    | PDP       | Processed 44 target products for H&M (Kids) in 5s (527.82 products/min). | run_id=run_20260928_225049_642603_26e495 | brand=H&M (Kids) | saved=44 | elapsed_label=5s | products_per_minute=527.82
2026-09-28 23:00:23 | INFO    | LISTING   | Listing H&M (Kids) route https://www.myntra.com/h-and-m-kids page 3 -> https://www.myntra.com/gateway/v4/search/h-and-m-kids?rows=50&o=100&plaEnabled=false&xdEnabled=false&isFacet=true&p=3 | run_id=run_20260928_225049_642603_26e495 | brand=H&M (Kids) | page=3 | route=https://www.myntra.com/h-and-m-kids | seen=91 | expected=6108
2026-09-28 23:00:26 | INFO    | PDP       | Processed 43 target products for H&M (Kids) in 3s (812.35 products/min). | run_id=run_20260928_225049_642603_26e495 | brand=H&M (Kids) | saved=43 | elapsed_label=3s | products_per_minute=812.35
2026-09-28 23:00:27 | INFO    | LISTING   | Listing H&M (Kids) route https://www.myntra.com/h-and-m-kids page 4 -> https://www.myntra.com/gateway/v4/search/h-and-m-kids?rows=50&o=150&plaEnabled=false&xdEnabled=false&isFacet=true&p=4 | run_id=run_20260928_225049_642603_26e495 | brand=H&M (Kids) | page=4 | route=https://www.myntra.com/h-and-m-kids | seen=134 | expected=6108
2026-09-28 23:00:31 | INFO    | PDP       | Processed 47 target products for H&M (Kids) in 3s (880.96 products/min). | run_id=run_20260928_225049_642603_26e495 | brand=H&M (Kids) | saved=47 | elapsed_label=3s | products_per_minute=880.96
2026-09-28 23:00:31 | INFO    | LISTING   | Listing H&M (Kids) route https://www.myntra.com/h-and-m-kids page 5 -> https://www.myntra.com/gateway/v4/search/h-and-m-kids?rows=50&o=200&plaEnabled=false&xdEnabled=false&isFacet=true&p=5 | run_id=run_20260928_225049_642603_26e495 | brand=H&M (Kids) | page=5 | route=https://www.myntra.com/h-and-m-kids | seen=181 | expected=6108
2026-09-28 23:00:34 | INFO    | PDP       | Processed 49 target products for H&M (Kids) in 3s (981.42 products/min). | run_id=run_20260928_225049_642603_26e495 | brand=H&M (Kids) | saved=49 | elapsed_label=3s | products_per_minute=981.42
2026-09-28 23:00:35 | INFO    | LISTING   | Listing H&M (Kids) route https://www.myntra.com/h-and-m-kids page 6 -> https://www.myntra.com/gateway/v4/search/h-and-m-kids?rows=50&o=250&plaEnabled=false&xdEnabled=false&isFacet=true&p=6 | run_id=run_20260928_225049_642603_26e495 | brand=H&M (Kids) | page=6 | route=https://www.myntra.com/h-and-m-kids | seen=230 | expected=6108
2026-09-28 23:00:38 | INFO    | PDP       | Processed 46 target products for H&M (Kids) in 3s (895.56 products/min). | run_id=run_20260928_225049_642603_26e495 | brand=H&M (Kids) | saved=46 | elapsed_label=3s | products_per_minute=895.56
2026-09-28 23:00:39 | INFO    | LISTING   | Listing H&M (Kids) route https://www.myntra.com/h-and-m-kids page 7 -> https://www.myntra.com/gateway/v4/search/h-and-m-kids?rows=50&o=300&plaEnabled=false&xdEnabled=false&isFacet=true&p=7 | run_id=run_20260928_225049_642603_26e495 | brand=H&M (Kids) | page=7 | route=https://www.myntra.com/h-and-m-kids | seen=276 | expected=6108
2026-09-28 23:00:43 | INFO    | PDP       | Processed 45 target products for H&M (Kids) in 3s (865.29 products/min). | run_id=run_20260928_225049_642603_26e495 | brand=H&M (Kids) | saved=45 | elapsed_label=3s | products_per_minute=865.29
2026-09-28 23:00:43 | INFO    | LISTING   | Listing H&M (Kids) route https://www.myntra.com/h-and-m-kids page 8 -> https://www.myntra.com/gateway/v4/search/h-and-m-kids?rows=50&o=350&plaEnabled=false&xdEnabled=false&isFacet=true&p=8 | run_id=run_20260928_225049_642603_26e495 | brand=H&M (Kids) | page=8 | route=https://www.myntra.com/h-and-m-kids | seen=321 | expected=6108
2026-09-28 23:00:47 | INFO    | PDP       | Processed 47 target products for H&M (Kids) in 3s (884.92 products/min). | run_id=run_20260928_225049_642603_26e495 | brand=H&M (Kids) | saved=47 | elapsed_label=3s | products_per_minute=884.92
2026-09-28 23:00:47 | INFO    | LISTING   | Listing H&M (Kids) route https://www.myntra.com/h-and-m-kids page 9 -> https://www.myntra.com/gateway/v4/search/h-and-m-kids?rows=50&o=400&plaEnabled=false&xdEnabled=false&isFacet=true&p=9 | run_id=run_20260928_225049_642603_26e495 | brand=H&M (Kids) | page=9 | route=https://www.myntra.com/h-and-m-kids | seen=368 | expected=6108
    [0;31m✗[0m Scraper timed out after 10 minutes — skipping
  [0;36m→[0m Exporting local DB (kids_gtm)...
    [0;32m✓[0m Exported: 31776 sizes | 0 snapshots | units_sold=0 | revenue=₹0.0

[1m[0;36m[4/9] Shirts[0m  [2m(Shirts → gtm_shirts_myntra :3011)[0m
  [0;36m→[0m Scraping...
2026-09-28 23:00:49 | INFO    | GENERAL   | Pre-loaded 0 existing products from DB into seen cache.
2026-09-28 23:00:50 | INFO    | BRAND     | Resolving brand routes. | run_id=run_20260928_230049_839051_c9d20f | brand=U.S. Polo Assn.
2026-09-28 23:00:56 | INFO    | BRAND     | Resolved U.S. Polo Assn. -> 5 routes (best brand total=2701): https://www.myntra.com/shirts?f=Brand%3AU.S.%20Polo%20Assn.%20Women, https://www.myntra.com/shirts?f=Brand%3AU.S.%20Polo%20Assn., https://www.myntra.com/shirts?f=Brand%3AU.S.%20Polo%20Assn.%20Denim%20Co., https://www.myntra.com/shirts?f=Brand%3AU.S.%20Polo%20Assn.%20Kids, https://www.myntra.com/shirts?f=Brand%3AU.S.%20Polo%20Assn.%20Tailored | run_id=run_20260928_230049_839051_c9d20f | brand=U.S. Polo Assn. | expected=2701
2026-09-28 23:00:56 | INFO    | BRAND     | Starting brand scrape. | run_id=run_20260928_230049_839051_c9d20f | brand=U.S. Polo Assn. | expected=4897
2026-09-28 23:00:56 | INFO    | LISTING   | Listing U.S. Polo Assn. route https://www.myntra.com/shirts?f=Brand%3AU.S.%20Polo%20Assn.%20Women page 1 -> https://www.myntra.com/gateway/v4/search/shirts?f=Brand%3AU.S.+Polo+Assn.+Women&rows=50&o=0&plaEnabled=false&xdEnabled=false&isFacet=true&p=1 | run_id=run_20260928_230049_839051_c9d20f | brand=U.S. Polo Assn. | page=1 | route=https://www.myntra.com/shirts?f=Brand%3AU.S.%20Polo%20Assn.%20Women | seen=0 | expected=194
2026-09-28 23:01:01 | INFO    | PDP       | Processed 50 target products for U.S. Polo Assn. in 3s (1003.24 products/min). | run_id=run_20260928_230049_839051_c9d20f | brand=U.S. Polo Assn. | saved=50 | elapsed_label=3s | products_per_minute=1003.24
2026-09-28 23:01:01 | INFO    | LISTING   | Listing U.S. Polo Assn. route https://www.myntra.com/shirts?f=Brand%3AU.S.%20Polo%20Assn.%20Women page 2 -> https://www.myntra.com/gateway/v4/search/shirts?f=Brand%3AU.S.+Polo+Assn.+Women&rows=50&o=50&plaEnabled=false&xdEnabled=false&isFacet=true&p=2 | run_id=run_20260928_230049_839051_c9d20f | brand=U.S. Polo Assn. | page=2 | route=https://www.myntra.com/shirts?f=Brand%3AU.S.%20Polo%20Assn.%20Women | seen=50 | expected=194
2026-09-28 23:01:05 | INFO    | PDP       | Processed 50 target products for U.S. Polo Assn. in 3s (985.49 products/min). | run_id=run_20260928_230049_839051_c9d20f | brand=U.S. Polo Assn. | saved=50 | elapsed_label=3s | products_per_minute=985.49
2026-09-28 23:01:05 | INFO    | LISTING   | Listing U.S. Polo Assn. route https://www.myntra.com/shirts?f=Brand%3AU.S.%20Polo%20Assn.%20Women page 3 -> https://www.myntra.com/gateway/v4/search/shirts?f=Brand%3AU.S.+Polo+Assn.+Women&rows=50&o=100&plaEnabled=false&xdEnabled=false&isFacet=true&p=3 | run_id=run_20260928_230049_839051_c9d20f | brand=U.S. Polo Assn. | page=3 | route=https://www.myntra.com/shirts?f=Brand%3AU.S.%20Polo%20Assn.%20Women | seen=100 | expected=194
2026-09-28 23:01:09 | INFO    | PDP       | Processed 50 target products for U.S. Polo Assn. in 4s (815.02 products/min). | run_id=run_20260928_230049_839051_c9d20f | brand=U.S. Polo Assn. | saved=50 | elapsed_label=4s | products_per_minute=815.02
2026-09-28 23:01:10 | INFO    | LISTING   | Listing U.S. Polo Assn. route https://www.myntra.com/shirts?f=Brand%3AU.S.%20Polo%20Assn.%20Women page 4 -> https://www.myntra.com/gateway/v4/search/shirts?f=Brand%3AU.S.+Polo+Assn.+Women&rows=50&o=150&plaEnabled=false&xdEnabled=false&isFacet=true&p=4 | run_id=run_20260928_230049_839051_c9d20f | brand=U.S. Polo Assn. | page=4 | route=https://www.myntra.com/shirts?f=Brand%3AU.S.%20Polo%20Assn.%20Women | seen=150 | expected=194
2026-09-28 23:01:13 | INFO    | PDP       | Processed 44 target products for U.S. Polo Assn. in 3s (919.98 products/min). | run_id=run_20260928_230049_839051_c9d20f | brand=U.S. Polo Assn. | saved=44 | elapsed_label=3s | products_per_minute=919.98
2026-09-28 23:01:14 | INFO    | LISTING   | Listing U.S. Polo Assn. route https://www.myntra.com/shirts?f=Brand%3AU.S.%20Polo%20Assn.%20Women page 5 -> https://www.myntra.com/gateway/v4/search/shirts?f=Brand%3AU.S.+Polo+Assn.+Women&rows=50&o=200&plaEnabled=false&xdEnabled=false&isFacet=true&p=5 | run_id=run_20260928_230049_839051_c9d20f | brand=U.S. Polo Assn. | page=5 | route=https://www.myntra.com/shirts?f=Brand%3AU.S.%20Polo%20Assn.%20Women | seen=194 | expected=194
2026-09-28 23:01:14 | WARNING | LISTING   | Empty listing page for U.S. Polo Assn. on page 5 before expected end; continuing. | run_id=run_20260928_230049_839051_c9d20f | brand=U.S. Polo Assn. | page=5 | route=https://www.myntra.com/shirts?f=Brand%3AU.S.%20Polo%20Assn.%20Women
2026-09-28 23:01:14 | INFO    | LISTING   | Listing U.S. Polo Assn. route https://www.myntra.com/shirts?f=Brand%3AU.S.%20Polo%20Assn.%20Women page 6 -> https://www.myntra.com/gateway/v4/search/shirts?f=Brand%3AU.S.+Polo+Assn.+Women&rows=50&o=250&plaEnabled=false&xdEnabled=false&isFacet=true&p=6 | run_id=run_20260928_230049_839051_c9d20f | brand=U.S. Polo Assn. | page=6 | route=https://www.myntra.com/shirts?f=Brand%3AU.S.%20Polo%20Assn.%20Women | seen=194 | expected=194
2026-09-28 23:01:15 | INFO    | LISTING   | Listing U.S. Polo Assn. route https://www.myntra.com/shirts?f=Brand%3AU.S.%20Polo%20Assn. page 1 -> https://www.myntra.com/gateway/v4/search/shirts?f=Brand%3AU.S.+Polo+Assn.&rows=50&o=0&plaEnabled=false&xdEnabled=false&isFacet=true&p=1 | run_id=run_20260928_230049_839051_c9d20f | brand=U.S. Polo Assn. | page=1 | route=https://www.myntra.com/shirts?f=Brand%3AU.S.%20Polo%20Assn. | seen=0 | expected=2701
2026-09-28 23:01:19 | INFO    | PDP       | Processed 50 target products for U.S. Polo Assn. in 3s (938.95 products/min). | run_id=run_20260928_230049_839051_c9d20f | brand=U.S. Polo Assn. | saved=50 | elapsed_label=3s | products_per_minute=938.95
2026-09-28 23:01:20 | INFO    | LISTING   | Listing U.S. Polo Assn. route https://www.myntra.com/shirts?f=Brand%3AU.S.%20Polo%20Assn. page 2 -> https://www.myntra.com/gateway/v4/search/shirts?f=Brand%3AU.S.+Polo+Assn.&rows=50&o=50&plaEnabled=false&xdEnabled=false&isFacet=true&p=2 | run_id=run_20260928_230049_839051_c9d20f | brand=U.S. Polo Assn. | page=2 | route=https://www.myntra.com/shirts?f=Brand%3AU.S.%20Polo%20Assn. | seen=50 | expected=2701
2026-09-28 23:01:24 | INFO    | PDP       | Processed 50 target products for U.S. Polo Assn. in 3s (1002.06 products/min). | run_id=run_20260928_230049_839051_c9d20f | brand=U.S. Polo Assn. | saved=50 | elapsed_label=3s | products_per_minute=1002.06
2026-09-28 23:01:24 | INFO    | LISTING   | Listing U.S. Polo Assn. route https://www.myntra.com/shirts?f=Brand%3AU.S.%20Polo%20Assn. page 3 -> https://www.myntra.com/gateway/v4/search/shirts?f=Brand%3AU.S.+Polo+Assn.&rows=50&o=100&plaEnabled=false&xdEnabled=false&isFacet=true&p=3 | run_id=run_20260928_230049_839051_c9d20f | brand=U.S. Polo Assn. | page=3 | route=https://www.myntra.com/shirts?f=Brand%3AU.S.%20Polo%20Assn. | seen=100 | expected=2701
2026-09-28 23:01:28 | INFO    | PDP       | Processed 50 target products for U.S. Polo Assn. in 3s (897.09 products/min). | run_id=run_20260928_230049_839051_c9d20f | brand=U.S. Polo Assn. | saved=50 | elapsed_label=3s | products_per_minute=897.09
2026-09-28 23:01:28 | INFO    | LISTING   | Listing U.S. Polo Assn. route https://www.myntra.com/shirts?f=Brand%3AU.S.%20Polo%20Assn. page 4 -> https://www.myntra.com/gateway/v4/search/shirts?f=Brand%3AU.S.+Polo+Assn.&rows=50&o=150&plaEnabled=false&xdEnabled=false&isFacet=true&p=4 | run_id=run_20260928_230049_839051_c9d20f | brand=U.S. Polo Assn. | page=4 | route=https://www.myntra.com/shirts?f=Brand%3AU.S.%20Polo%20Assn. | seen=150 | expected=2701
2026-09-28 23:01:32 | INFO    | PDP       | Processed 50 target products for U.S. Polo Assn. in 3s (880.81 products/min). | run_id=run_20260928_230049_839051_c9d20f | brand=U.S. Polo Assn. | saved=50 | elapsed_label=3s | products_per_minute=880.81
2026-09-28 23:01:32 | INFO    | LISTING   | Listing U.S. Polo Assn. route https://www.myntra.com/shirts?f=Brand%3AU.S.%20Polo%20Assn. page 5 -> https://www.myntra.com/gateway/v4/search/shirts?f=Brand%3AU.S.+Polo+Assn.&rows=50&o=200&plaEnabled=false&xdEnabled=false&isFacet=true&p=5 | run_id=run_20260928_230049_839051_c9d20f | brand=U.S. Polo Assn. | page=5 | route=https://www.myntra.com/shirts?f=Brand%3AU.S.%20Polo%20Assn. | seen=200 | expected=2701
2026-09-28 23:01:37 | INFO    | PDP       | Processed 50 target products for U.S. Polo Assn. in 4s (817.17 products/min). | run_id=run_20260928_230049_839051_c9d20f | brand=U.S. Polo Assn. | saved=50 | elapsed_label=4s | products_per_minute=817.17
2026-09-28 23:01:37 | INFO    | LISTING   | Listing U.S. Polo Assn. route https://www.myntra.com/shirts?f=Brand%3AU.S.%20Polo%20Assn. page 6 -> https://www.myntra.com/gateway/v4/search/shirts?f=Brand%3AU.S.+Polo+Assn.&rows=50&o=250&plaEnabled=false&xdEnabled=false&isFacet=true&p=6 | run_id=run_20260928_230049_839051_c9d20f | brand=U.S. Polo Assn. | page=6 | route=https://www.myntra.com/shirts?f=Brand%3AU.S.%20Polo%20Assn. | seen=250 | expected=2701
2026-09-28 23:01:39 | WARNING | PDP       | PDP fetch failed for https://www.myntra.com/Shirts/U.S.+Polo+Assn./US-Polo-Assn-Men-Classic-Spread-Collar-Vertical-Striped-Cotton-Casual-Shirt/30650429/buy: PDP payload did not contain pdpData. | run_id=run_20260928_230049_839051_c9d20f | brand=U.S. Polo Assn. | route=https://www.myntra.com/Shirts/U.S.+Polo+Assn./US-Polo-Assn-Men-Classic-Spread-Collar-Vertical-Striped-Cotton-Casual-Shirt/30650429/buy
2026-09-28 23:01:41 | INFO    | PDP       | Retrying 1 PDP fetches for U.S. Polo Assn. (retry round 1/5). | run_id=run_20260928_230049_839051_c9d20f | brand=U.S. Polo Assn. | attempt=1/5
2026-09-28 23:01:42 | INFO    | PDP       | Processed 50 target products for U.S. Polo Assn. in 5s (635.95 products/min). | run_id=run_20260928_230049_839051_c9d20f | brand=U.S. Polo Assn. | saved=50 | elapsed_label=5s | products_per_minute=635.95
2026-09-28 23:01:43 | INFO    | LISTING   | Listing U.S. Polo Assn. route https://www.myntra.com/shirts?f=Brand%3AU.S.%20Polo%20Assn. page 7 -> https://www.myntra.com/gateway/v4/search/shirts?f=Brand%3AU.S.+Polo+Assn.&rows=50&o=300&plaEnabled=false&xdEnabled=false&isFacet=true&p=7 | run_id=run_20260928_230049_839051_c9d20f | brand=U.S. Polo Assn. | page=7 | route=https://www.myntra.com/shirts?f=Brand%3AU.S.%20Polo%20Assn. | seen=300 | expected=2701
2026-09-28 23:01:46 | INFO    | PDP       | Processed 50 target products for U.S. Polo Assn. in 3s (991.67 products/min). | run_id=run_20260928_230049_839051_c9d20f | brand=U.S. Polo Assn. | saved=50 | elapsed_label=3s | products_per_minute=991.67
2026-09-28 23:01:47 | INFO    | LISTING   | Listing U.S. Polo Assn. route https://www.myntra.com/shirts?f=Brand%3AU.S.%20Polo%20Assn. page 8 -> https://www.myntra.com/gateway/v4/search/shirts?f=Brand%3AU.S.+Polo+Assn.&rows=50&o=350&plaEnabled=false&xdEnabled=false&isFacet=true&p=8 | run_id=run_20260928_230049_839051_c9d20f | brand=U.S. Polo Assn. | page=8 | route=https://www.myntra.com/shirts?f=Brand%3AU.S.%20Polo%20Assn. | seen=350 | expected=2701
2026-09-28 23:01:51 | INFO    | PDP       | Processed 50 target products for U.S. Polo Assn. in 3s (857.76 products/min). | run_id=run_20260928_230049_839051_c9d20f | brand=U.S. Polo Assn. | saved=50 | elapsed_label=3s | products_per_minute=857.76
2026-09-28 23:01:51 | INFO    | LISTING   | Listing U.S. Polo Assn. route https://www.myntra.com/shirts?f=Brand%3AU.S.%20Polo%20Assn. page 9 -> https://www.myntra.com/gateway/v4/search/shirts?f=Brand%3AU.S.+Polo+Assn.&rows=50&o=400&plaEnabled=false&xdEnabled=false&isFacet=true&p=9 | run_id=run_20260928_230049_839051_c9d20f | brand=U.S. Polo Assn. | page=9 | route=https://www.myntra.com/shirts?f=Brand%3AU.S.%20Polo%20Assn. | seen=400 | expected=2701
2026-09-28 23:01:55 | INFO    | PDP       | Processed 50 target products for U.S. Polo Assn. in 3s (933.06 products/min). | run_id=run_20260928_230049_839051_c9d20f | brand=U.S. Polo Assn. | saved=50 | elapsed_label=3s | products_per_minute=933.06
2026-09-28 23:01:55 | INFO    | LISTING   | Listing U.S. Polo Assn. route https://www.myntra.com/shirts?f=Brand%3AU.S.%20Polo%20Assn. page 10 -> https://www.myntra.com/gateway/v4/search/shirts?f=Brand%3AU.S.+Polo+Assn.&rows=50&o=450&plaEnabled=false&xdEnabled=false&isFacet=true&p=10 | run_id=run_20260928_230049_839051_c9d20f | brand=U.S. Polo Assn. | page=10 | route=https://www.myntra.com/shirts?f=Brand%3AU.S.%20Polo%20Assn. | seen=450 | expected=2701
2026-09-28 23:01:59 | INFO    | PDP       | Processed 50 target products for U.S. Polo Assn. in 3s (913.06 products/min). | run_id=run_20260928_230049_839051_c9d20f | brand=U.S. Polo Assn. | saved=50 | elapsed_label=3s | products_per_minute=913.06
2026-09-28 23:02:00 | INFO    | LISTING   | Listing U.S. Polo Assn. route https://www.myntra.com/shirts?f=Brand%3AU.S.%20Polo%20Assn. page 11 -> https://www.myntra.com/gateway/v4/search/shirts?f=Brand%3AU.S.+Polo+Assn.&rows=50&o=500&plaEnabled=false&xdEnabled=false&isFacet=true&p=11 | run_id=run_20260928_230049_839051_c9d20f | brand=U.S. Polo Assn. | page=11 | route=https://www.myntra.com/shirts?f=Brand%3AU.S.%20Polo%20Assn. | seen=500 | expected=2701
2026-09-28 23:02:04 | INFO    | PDP       | Processed 50 target products for U.S. Polo Assn. in 4s (816.09 products/min). | run_id=run_20260928_230049_839051_c9d20f | brand=U.S. Polo Assn. | saved=50 | elapsed_label=4s | products_per_minute=816.09
2026-09-28 23:02:04 | INFO    | LISTING   | Listing U.S. Polo Assn. route https://www.myntra.com/shirts?f=Brand%3AU.S.%20Polo%20Assn. page 12 -> https://www.myntra.com/gateway/v4/search/shirts?f=Brand%3AU.S.+Polo+Assn.&rows=50&o=550&plaEnabled=false&xdEnabled=false&isFacet=true&p=12 | run_id=run_20260928_230049_839051_c9d20f | brand=U.S. Polo Assn. | page=12 | route=https://www.myntra.com/shirts?f=Brand%3AU.S.%20Polo%20Assn. | seen=550 | expected=2701
2026-09-28 23:02:11 | INFO    | PDP       | Processed 50 target products for U.S. Polo Assn. in 6s (532.21 products/min). | run_id=run_20260928_230049_839051_c9d20f | brand=U.S. Polo Assn. | saved=50 | elapsed_label=6s | products_per_minute=532.21
2026-09-28 23:02:11 | INFO    | LISTING   | Listing U.S. Polo Assn. route https://www.myntra.com/shirts?f=Brand%3AU.S.%20Polo%20Assn. page 13 -> https://www.myntra.com/gateway/v4/search/shirts?f=Brand%3AU.S.+Polo+Assn.&rows=50&o=600&plaEnabled=false&xdEnabled=false&isFacet=true&p=13 | run_id=run_20260928_230049_839051_c9d20f | brand=U.S. Polo Assn. | page=13 | route=https://www.myntra.com/shirts?f=Brand%3AU.S.%20Polo%20Assn. | seen=600 | expected=2701
2026-09-28 23:02:16 | INFO    | PDP       | Processed 50 target products for U.S. Polo Assn. in 4s (790.94 products/min). | run_id=run_20260928_230049_839051_c9d20f | brand=U.S. Polo Assn. | saved=50 | elapsed_label=4s | products_per_minute=790.94
2026-09-28 23:02:16 | INFO    | LISTING   | Listing U.S. Polo Assn. route https://www.myntra.com/shirts?f=Brand%3AU.S.%20Polo%20Assn. page 14 -> https://www.myntra.com/gateway/v4/search/shirts?f=Brand%3AU.S.+Polo+Assn.&rows=50&o=650&plaEnabled=false&xdEnabled=false&isFacet=true&p=14 | run_id=run_20260928_230049_839051_c9d20f | brand=U.S. Polo Assn. | page=14 | route=https://www.myntra.com/shirts?f=Brand%3AU.S.%20Polo%20Assn. | seen=650 | expected=2701
2026-09-28 23:02:20 | INFO    | PDP       | Processed 50 target products for U.S. Polo Assn. in 3s (862.17 products/min). | run_id=run_20260928_230049_839051_c9d20f | brand=U.S. Polo Assn. | saved=50 | elapsed_label=3s | products_per_minute=862.17
2026-09-28 23:02:20 | INFO    | LISTING   | Listing U.S. Polo Assn. route https://www.myntra.com/shirts?f=Brand%3AU.S.%20Polo%20Assn. page 15 -> https://www.myntra.com/gateway/v4/search/shirts?f=Brand%3AU.S.+Polo+Assn.&rows=50&o=700&plaEnabled=false&xdEnabled=false&isFacet=true&p=15 | run_id=run_20260928_230049_839051_c9d20f | brand=U.S. Polo Assn. | page=15 | route=https://www.myntra.com/shirts?f=Brand%3AU.S.%20Polo%20Assn. | seen=700 | expected=2701
2026-09-28 23:02:24 | INFO    | PDP       | Processed 50 target products for U.S. Polo Assn. in 3s (893.27 products/min). | run_id=run_20260928_230049_839051_c9d20f | brand=U.S. Polo Assn. | saved=50 | elapsed_label=3s | products_per_minute=893.27
2026-09-28 23:02:25 | INFO    | LISTING   | Listing U.S. Polo Assn. route https://www.myntra.com/shirts?f=Brand%3AU.S.%20Polo%20Assn. page 16 -> https://www.myntra.com/gateway/v4/search/shirts?f=Brand%3AU.S.+Polo+Assn.&rows=50&o=750&plaEnabled=false&xdEnabled=false&isFacet=true&p=16 | run_id=run_20260928_230049_839051_c9d20f | brand=U.S. Polo Assn. | page=16 | route=https://www.myntra.com/shirts?f=Brand%3AU.S.%20Polo%20Assn. | seen=750 | expected=2701
2026-09-28 23:02:29 | INFO    | PDP       | Processed 50 target products for U.S. Polo Assn. in 3s (910.71 products/min). | run_id=run_20260928_230049_839051_c9d20f | brand=U.S. Polo Assn. | saved=50 | elapsed_label=3s | products_per_minute=910.71
2026-09-28 23:02:29 | INFO    | LISTING   | Listing U.S. Polo Assn. route https://www.myntra.com/shirts?f=Brand%3AU.S.%20Polo%20Assn. page 17 -> https://www.myntra.com/gateway/v4/search/shirts?f=Brand%3AU.S.+Polo+Assn.&rows=50&o=800&plaEnabled=false&xdEnabled=false&isFacet=true&p=17 | run_id=run_20260928_230049_839051_c9d20f | brand=U.S. Polo Assn. | page=17 | route=https://www.myntra.com/shirts?f=Brand%3AU.S.%20Polo%20Assn. | seen=800 | expected=2701
2026-09-28 23:02:33 | INFO    | PDP       | Processed 50 target products for U.S. Polo Assn. in 3s (861.28 products/min). | run_id=run_20260928_230049_839051_c9d20f | brand=U.S. Polo Assn. | saved=50 | elapsed_label=3s | products_per_minute=861.28
2026-09-28 23:02:34 | INFO    | LISTING   | Listing U.S. Polo Assn. route https://www.myntra.com/shirts?f=Brand%3AU.S.%20Polo%20Assn. page 18 -> https://www.myntra.com/gateway/v4/search/shirts?f=Brand%3AU.S.+Polo+Assn.&rows=50&o=850&plaEnabled=false&xdEnabled=false&isFacet=true&p=18 | run_id=run_20260928_230049_839051_c9d20f | brand=U.S. Polo Assn. | page=18 | route=https://www.myntra.com/shirts?f=Brand%3AU.S.%20Polo%20Assn. | seen=850 | expected=2701
2026-09-28 23:02:40 | INFO    | PDP       | Processed 50 target products for U.S. Polo Assn. in 5s (665.37 products/min). | run_id=run_20260928_230049_839051_c9d20f | brand=U.S. Polo Assn. | saved=50 | elapsed_label=5s | products_per_minute=665.37
2026-09-28 23:02:40 | INFO    | LISTING   | Listing U.S. Polo Assn. route https://www.myntra.com/shirts?f=Brand%3AU.S.%20Polo%20Assn. page 19 -> https://www.myntra.com/gateway/v4/search/shirts?f=Brand%3AU.S.+Polo+Assn.&rows=50&o=900&plaEnabled=false&xdEnabled=false&isFacet=true&p=19 | run_id=run_20260928_230049_839051_c9d20f | brand=U.S. Polo Assn. | page=19 | route=https://www.myntra.com/shirts?f=Brand%3AU.S.%20Polo%20Assn. | seen=900 | expected=2701
2026-09-28 23:02:44 | INFO    | PDP       | Processed 50 target products for U.S. Polo Assn. in 3s (978.73 products/min). | run_id=run_20260928_230049_839051_c9d20f | brand=U.S. Polo Assn. | saved=50 | elapsed_label=3s | products_per_minute=978.73
2026-09-28 23:02:44 | INFO    | LISTING   | Listing U.S. Polo Assn. route https://www.myntra.com/shirts?f=Brand%3AU.S.%20Polo%20Assn. page 20 -> https://www.myntra.com/gateway/v4/search/shirts?f=Brand%3AU.S.+Polo+Assn.&rows=50&o=950&plaEnabled=false&xdEnabled=false&isFacet=true&p=20 | run_id=run_20260928_230049_839051_c9d20f | brand=U.S. Polo Assn. | page=20 | route=https://www.myntra.com/shirts?f=Brand%3AU.S.%20Polo%20Assn. | seen=950 | expected=2701
2026-09-28 23:02:47 | INFO    | PDP       | Processed 50 target products for U.S. Polo Assn. in 3s (1021.7 products/min). | run_id=run_20260928_230049_839051_c9d20f | brand=U.S. Polo Assn. | saved=50 | elapsed_label=3s | products_per_minute=1021.7
2026-09-28 23:02:48 | INFO    | LISTING   | Listing U.S. Polo Assn. route https://www.myntra.com/shirts?f=Brand%3AU.S.%20Polo%20Assn. page 21 -> https://www.myntra.com/gateway/v4/search/shirts?f=Brand%3AU.S.+Polo+Assn.&rows=50&o=1000&plaEnabled=false&xdEnabled=false&isFacet=true&p=21 | run_id=run_20260928_230049_839051_c9d20f | brand=U.S. Polo Assn. | page=21 | route=https://www.myntra.com/shirts?f=Brand%3AU.S.%20Polo%20Assn. | seen=1000 | expected=2701
2026-09-28 23:02:51 | INFO    | PDP       | Processed 50 target products for U.S. Polo Assn. in 3s (1085.75 products/min). | run_id=run_20260928_230049_839051_c9d20f | brand=U.S. Polo Assn. | saved=50 | elapsed_label=3s | products_per_minute=1085.75
2026-09-28 23:02:51 | INFO    | LISTING   | Listing U.S. Polo Assn. route https://www.myntra.com/shirts?f=Brand%3AU.S.%20Polo%20Assn. page 22 -> https://www.myntra.com/gateway/v4/search/shirts?f=Brand%3AU.S.+Polo+Assn.&rows=50&o=1050&plaEnabled=false&xdEnabled=false&isFacet=true&p=22 | run_id=run_20260928_230049_839051_c9d20f | brand=U.S. Polo Assn. | page=22 | route=https://www.myntra.com/shirts?f=Brand%3AU.S.%20Polo%20Assn. | seen=1050 | expected=2701
2026-09-28 23:02:56 | INFO    | PDP       | Processed 50 target products for U.S. Polo Assn. in 3s (907.49 products/min). | run_id=run_20260928_230049_839051_c9d20f | brand=U.S. Polo Assn. | saved=50 | elapsed_label=3s | products_per_minute=907.49
2026-09-28 23:02:56 | INFO    | LISTING   | Listing U.S. Polo Assn. route https://www.myntra.com/shirts?f=Brand%3AU.S.%20Polo%20Assn. page 23 -> https://www.myntra.com/gateway/v4/search/shirts?f=Brand%3AU.S.+Polo+Assn.&rows=50&o=1100&plaEnabled=false&xdEnabled=false&isFacet=true&p=23 | run_id=run_20260928_230049_839051_c9d20f | brand=U.S. Polo Assn. | page=23 | route=https://www.myntra.com/shirts?f=Brand%3AU.S.%20Polo%20Assn. | seen=1100 | expected=2701
2026-09-28 23:03:00 | INFO    | PDP       | Processed 50 target products for U.S. Polo Assn. in 3s (890.45 products/min). | run_id=run_20260928_230049_839051_c9d20f | brand=U.S. Polo Assn. | saved=50 | elapsed_label=3s | products_per_minute=890.45
2026-09-28 23:03:00 | INFO    | LISTING   | Listing U.S. Polo Assn. route https://www.myntra.com/shirts?f=Brand%3AU.S.%20Polo%20Assn. page 24 -> https://www.myntra.com/gateway/v4/search/shirts?f=Brand%3AU.S.+Polo+Assn.&rows=50&o=1150&plaEnabled=false&xdEnabled=false&isFacet=true&p=24 | run_id=run_20260928_230049_839051_c9d20f | brand=U.S. Polo Assn. | page=24 | route=https://www.myntra.com/shirts?f=Brand%3AU.S.%20Polo%20Assn. | seen=1150 | expected=2701
2026-09-28 23:03:05 | INFO    | PDP       | Processed 50 target products for U.S. Polo Assn. in 4s (812.88 products/min). | run_id=run_20260928_230049_839051_c9d20f | brand=U.S. Polo Assn. | saved=50 | elapsed_label=4s | products_per_minute=812.88
2026-09-28 23:03:05 | INFO    | LISTING   | Listing U.S. Polo Assn. route https://www.myntra.com/shirts?f=Brand%3AU.S.%20Polo%20Assn. page 25 -> https://www.myntra.com/gateway/v4/search/shirts?f=Brand%3AU.S.+Polo+Assn.&rows=50&o=1200&plaEnabled=false&xdEnabled=false&isFacet=true&p=25 | run_id=run_20260928_230049_839051_c9d20f | brand=U.S. Polo Assn. | page=25 | route=https://www.myntra.com/shirts?f=Brand%3AU.S.%20Polo%20Assn. | seen=1200 | expected=2701
2026-09-28 23:03:09 | INFO    | PDP       | Processed 50 target products for U.S. Polo Assn. in 3s (865.34 products/min). | run_id=run_20260928_230049_839051_c9d20f | brand=U.S. Polo Assn. | saved=50 | elapsed_label=3s | products_per_minute=865.34
2026-09-28 23:03:09 | INFO    | LISTING   | Listing U.S. Polo Assn. route https://www.myntra.com/shirts?f=Brand%3AU.S.%20Polo%20Assn. page 26 -> https://www.myntra.com/gateway/v4/search/shirts?f=Brand%3AU.S.+Polo+Assn.&rows=50&o=1250&plaEnabled=false&xdEnabled=false&isFacet=true&p=26 | run_id=run_20260928_230049_839051_c9d20f | brand=U.S. Polo Assn. | page=26 | route=https://www.myntra.com/shirts?f=Brand%3AU.S.%20Polo%20Assn. | seen=1250 | expected=2701
2026-09-28 23:03:14 | INFO    | PDP       | Processed 50 target products for U.S. Polo Assn. in 4s (815.01 products/min). | run_id=run_20260928_230049_839051_c9d20f | brand=U.S. Polo Assn. | saved=50 | elapsed_label=4s | products_per_minute=815.01
2026-09-28 23:03:14 | INFO    | LISTING   | Listing U.S. Polo Assn. route https://www.myntra.com/shirts?f=Brand%3AU.S.%20Polo%20Assn. page 27 -> https://www.myntra.com/gateway/v4/search/shirts?f=Brand%3AU.S.+Polo+Assn.&rows=50&o=1300&plaEnabled=false&xdEnabled=false&isFacet=true&p=27 | run_id=run_20260928_230049_839051_c9d20f | brand=U.S. Polo Assn. | page=27 | route=https://www.myntra.com/shirts?f=Brand%3AU.S.%20Polo%20Assn. | seen=1300 | expected=2701
2026-09-28 23:03:18 | INFO    | PDP       | Processed 50 target products for U.S. Polo Assn. in 3s (858.66 products/min). | run_id=run_20260928_230049_839051_c9d20f | brand=U.S. Polo Assn. | saved=50 | elapsed_label=3s | products_per_minute=858.66
2026-09-28 23:03:18 | INFO    | LISTING   | Listing U.S. Polo Assn. route https://www.myntra.com/shirts?f=Brand%3AU.S.%20Polo%20Assn. page 28 -> https://www.myntra.com/gateway/v4/search/shirts?f=Brand%3AU.S.+Polo+Assn.&rows=50&o=1350&plaEnabled=false&xdEnabled=false&isFacet=true&p=28 | run_id=run_20260928_230049_839051_c9d20f | brand=U.S. Polo Assn. | page=28 | route=https://www.myntra.com/shirts?f=Brand%3AU.S.%20Polo%20Assn. | seen=1350 | expected=2701
2026-09-28 23:03:22 | INFO    | PDP       | Processed 50 target products for U.S. Polo Assn. in 3s (911.27 products/min). | run_id=run_20260928_230049_839051_c9d20f | brand=U.S. Polo Assn. | saved=50 | elapsed_label=3s | products_per_minute=911.27
2026-09-28 23:03:22 | INFO    | LISTING   | Listing U.S. Polo Assn. route https://www.myntra.com/shirts?f=Brand%3AU.S.%20Polo%20Assn. page 29 -> https://www.myntra.com/gateway/v4/search/shirts?f=Brand%3AU.S.+Polo+Assn.&rows=50&o=1400&plaEnabled=false&xdEnabled=false&isFacet=true&p=29 | run_id=run_20260928_230049_839051_c9d20f | brand=U.S. Polo Assn. | page=29 | route=https://www.myntra.com/shirts?f=Brand%3AU.S.%20Polo%20Assn. | seen=1400 | expected=2701
2026-09-28 23:03:26 | INFO    | PDP       | Processed 50 target products for U.S. Polo Assn. in 3s (985.68 products/min). | run_id=run_20260928_230049_839051_c9d20f | brand=U.S. Polo Assn. | saved=50 | elapsed_label=3s | products_per_minute=985.68
2026-09-28 23:03:26 | INFO    | LISTING   | Listing U.S. Polo Assn. route https://www.myntra.com/shirts?f=Brand%3AU.S.%20Polo%20Assn. page 30 -> https://www.myntra.com/gateway/v4/search/shirts?f=Brand%3AU.S.+Polo+Assn.&rows=50&o=1450&plaEnabled=false&xdEnabled=false&isFacet=true&p=30 | run_id=run_20260928_230049_839051_c9d20f | brand=U.S. Polo Assn. | page=30 | route=https://www.myntra.com/shirts?f=Brand%3AU.S.%20Polo%20Assn. | seen=1450 | expected=2701
2026-09-28 23:03:31 | INFO    | PDP       | Processed 50 target products for U.S. Polo Assn. in 3s (887.6 products/min). | run_id=run_20260928_230049_839051_c9d20f | brand=U.S. Polo Assn. | saved=50 | elapsed_label=3s | products_per_minute=887.6
2026-09-28 23:03:31 | INFO    | LISTING   | Listing U.S. Polo Assn. route https://www.myntra.com/shirts?f=Brand%3AU.S.%20Polo%20Assn. page 31 -> https://www.myntra.com/gateway/v4/search/shirts?f=Brand%3AU.S.+Polo+Assn.&rows=50&o=1500&plaEnabled=false&xdEnabled=false&isFacet=true&p=31 | run_id=run_20260928_230049_839051_c9d20f | brand=U.S. Polo Assn. | page=31 | route=https://www.myntra.com/shirts?f=Brand%3AU.S.%20Polo%20Assn. | seen=1500 | expected=2701
2026-09-28 23:03:35 | INFO    | PDP       | Processed 50 target products for U.S. Polo Assn. in 3s (985.11 products/min). | run_id=run_20260928_230049_839051_c9d20f | brand=U.S. Polo Assn. | saved=50 | elapsed_label=3s | products_per_minute=985.11
2026-09-28 23:03:35 | INFO    | LISTING   | Listing U.S. Polo Assn. route https://www.myntra.com/shirts?f=Brand%3AU.S.%20Polo%20Assn. page 32 -> https://www.myntra.com/gateway/v4/search/shirts?f=Brand%3AU.S.+Polo+Assn.&rows=50&o=1550&plaEnabled=false&xdEnabled=false&isFacet=true&p=32 | run_id=run_20260928_230049_839051_c9d20f | brand=U.S. Polo Assn. | page=32 | route=https://www.myntra.com/shirts?f=Brand%3AU.S.%20Polo%20Assn. | seen=1550 | expected=2701
2026-09-28 23:03:39 | INFO    | PDP       | Processed 50 target products for U.S. Polo Assn. in 3s (1009.53 products/min). | run_id=run_20260928_230049_839051_c9d20f | brand=U.S. Polo Assn. | saved=50 | elapsed_label=3s | products_per_minute=1009.53
2026-09-28 23:03:39 | INFO    | LISTING   | Listing U.S. Polo Assn. route https://www.myntra.com/shirts?f=Brand%3AU.S.%20Polo%20Assn. page 33 -> https://www.myntra.com/gateway/v4/search/shirts?f=Brand%3AU.S.+Polo+Assn.&rows=50&o=1600&plaEnabled=false&xdEnabled=false&isFacet=true&p=33 | run_id=run_20260928_230049_839051_c9d20f | brand=U.S. Polo Assn. | page=33 | route=https://www.myntra.com/shirts?f=Brand%3AU.S.%20Polo%20Assn. | seen=1600 | expected=2701
2026-09-28 23:03:42 | INFO    | PDP       | Processed 50 target products for U.S. Polo Assn. in 3s (1044.24 products/min). | run_id=run_20260928_230049_839051_c9d20f | brand=U.S. Polo Assn. | saved=50 | elapsed_label=3s | products_per_minute=1044.24
2026-09-28 23:03:43 | INFO    | LISTING   | Listing U.S. Polo Assn. route https://www.myntra.com/shirts?f=Brand%3AU.S.%20Polo%20Assn. page 34 -> https://www.myntra.com/gateway/v4/search/shirts?f=Brand%3AU.S.+Polo+Assn.&rows=50&o=1650&plaEnabled=false&xdEnabled=false&isFacet=true&p=34 | run_id=run_20260928_230049_839051_c9d20f | brand=U.S. Polo Assn. | page=34 | route=https://www.myntra.com/shirts?f=Brand%3AU.S.%20Polo%20Assn. | seen=1650 | expected=2701
2026-09-28 23:03:47 | INFO    | PDP       | Processed 50 target products for U.S. Polo Assn. in 3s (913.2 products/min). | run_id=run_20260928_230049_839051_c9d20f | brand=U.S. Polo Assn. | saved=50 | elapsed_label=3s | products_per_minute=913.2
2026-09-28 23:03:47 | INFO    | LISTING   | Listing U.S. Polo Assn. route https://www.myntra.com/shirts?f=Brand%3AU.S.%20Polo%20Assn. page 35 -> https://www.myntra.com/gateway/v4/search/shirts?f=Brand%3AU.S.+Polo+Assn.&rows=50&o=1700&plaEnabled=false&xdEnabled=false&isFacet=true&p=35 | run_id=run_20260928_230049_839051_c9d20f | brand=U.S. Polo Assn. | page=35 | route=https://www.myntra.com/shirts?f=Brand%3AU.S.%20Polo%20Assn. | seen=1700 | expected=2701
2026-09-28 23:03:52 | INFO    | PDP       | Processed 50 target products for U.S. Polo Assn. in 3s (859.73 products/min). | run_id=run_20260928_230049_839051_c9d20f | brand=U.S. Polo Assn. | saved=50 | elapsed_label=3s | products_per_minute=859.73
2026-09-28 23:03:52 | INFO    | LISTING   | Listing U.S. Polo Assn. route https://www.myntra.com/shirts?f=Brand%3AU.S.%20Polo%20Assn. page 36 -> https://www.myntra.com/gateway/v4/search/shirts?f=Brand%3AU.S.+Polo+Assn.&rows=50&o=1750&plaEnabled=false&xdEnabled=false&isFacet=true&p=36 | run_id=run_20260928_230049_839051_c9d20f | brand=U.S. Polo Assn. | page=36 | route=https://www.myntra.com/shirts?f=Brand%3AU.S.%20Polo%20Assn. | seen=1750 | expected=2701
2026-09-28 23:03:56 | INFO    | PDP       | Processed 50 target products for U.S. Polo Assn. in 3s (912.01 products/min). | run_id=run_20260928_230049_839051_c9d20f | brand=U.S. Polo Assn. | saved=50 | elapsed_label=3s | products_per_minute=912.01
2026-09-28 23:03:56 | INFO    | LISTING   | Listing U.S. Polo Assn. route https://www.myntra.com/shirts?f=Brand%3AU.S.%20Polo%20Assn. page 37 -> https://www.myntra.com/gateway/v4/search/shirts?f=Brand%3AU.S.+Polo+Assn.&rows=50&o=1800&plaEnabled=false&xdEnabled=false&isFacet=true&p=37 | run_id=run_20260928_230049_839051_c9d20f | brand=U.S. Polo Assn. | page=37 | route=https://www.myntra.com/shirts?f=Brand%3AU.S.%20Polo%20Assn. | seen=1800 | expected=2701
2026-09-28 23:04:00 | INFO    | PDP       | Processed 50 target products for U.S. Polo Assn. in 3s (974.1 products/min). | run_id=run_20260928_230049_839051_c9d20f | brand=U.S. Polo Assn. | saved=50 | elapsed_label=3s | products_per_minute=974.1
2026-09-28 23:04:00 | INFO    | LISTING   | Listing U.S. Polo Assn. route https://www.myntra.com/shirts?f=Brand%3AU.S.%20Polo%20Assn. page 38 -> https://www.myntra.com/gateway/v4/search/shirts?f=Brand%3AU.S.+Polo+Assn.&rows=50&o=1850&plaEnabled=false&xdEnabled=false&isFacet=true&p=38 | run_id=run_20260928_230049_839051_c9d20f | brand=U.S. Polo Assn. | page=38 | route=https://www.myntra.com/shirts?f=Brand%3AU.S.%20Polo%20Assn. | seen=1850 | expected=2701
2026-09-28 23:04:04 | INFO    | PDP       | Processed 49 target products for U.S. Polo Assn. in 3s (871.13 products/min). | run_id=run_20260928_230049_839051_c9d20f | brand=U.S. Polo Assn. | saved=49 | elapsed_label=3s | products_per_minute=871.13
2026-09-28 23:04:04 | INFO    | LISTING   | Listing U.S. Polo Assn. route https://www.myntra.com/shirts?f=Brand%3AU.S.%20Polo%20Assn. page 39 -> https://www.myntra.com/gateway/v4/search/shirts?f=Brand%3AU.S.+Polo+Assn.&rows=50&o=1900&plaEnabled=false&xdEnabled=false&isFacet=true&p=39 | run_id=run_20260928_230049_839051_c9d20f | brand=U.S. Polo Assn. | page=39 | route=https://www.myntra.com/shirts?f=Brand%3AU.S.%20Polo%20Assn. | seen=1899 | expected=2701
2026-09-28 23:04:08 | INFO    | PDP       | Processed 50 target products for U.S. Polo Assn. in 3s (961.92 products/min). | run_id=run_20260928_230049_839051_c9d20f | brand=U.S. Polo Assn. | saved=50 | elapsed_label=3s | products_per_minute=961.92
2026-09-28 23:04:08 | INFO    | LISTING   | Listing U.S. Polo Assn. route https://www.myntra.com/shirts?f=Brand%3AU.S.%20Polo%20Assn. page 40 -> https://www.myntra.com/gateway/v4/search/shirts?f=Brand%3AU.S.+Polo+Assn.&rows=50&o=1950&plaEnabled=false&xdEnabled=false&isFacet=true&p=40 | run_id=run_20260928_230049_839051_c9d20f | brand=U.S. Polo Assn. | page=40 | route=https://www.myntra.com/shirts?f=Brand%3AU.S.%20Polo%20Assn. | seen=1949 | expected=2701
2026-09-28 23:04:13 | INFO    | PDP       | Processed 50 target products for U.S. Polo Assn. in 4s (839.54 products/min). | run_id=run_20260928_230049_839051_c9d20f | brand=U.S. Polo Assn. | saved=50 | elapsed_label=4s | products_per_minute=839.54
2026-09-28 23:04:13 | INFO    | LISTING   | Listing U.S. Polo Assn. route https://www.myntra.com/shirts?f=Brand%3AU.S.%20Polo%20Assn. page 41 -> https://www.myntra.com/gateway/v4/search/shirts?f=Brand%3AU.S.+Polo+Assn.&rows=50&o=2000&plaEnabled=false&xdEnabled=false&isFacet=true&p=41 | run_id=run_20260928_230049_839051_c9d20f | brand=U.S. Polo Assn. | page=41 | route=https://www.myntra.com/shirts?f=Brand%3AU.S.%20Polo%20Assn. | seen=1999 | expected=2701
2026-09-28 23:04:18 | INFO    | PDP       | Processed 50 target products for U.S. Polo Assn. in 4s (769.48 products/min). | run_id=run_20260928_230049_839051_c9d20f | brand=U.S. Polo Assn. | saved=50 | elapsed_label=4s | products_per_minute=769.48
2026-09-28 23:04:18 | INFO    | LISTING   | Listing U.S. Polo Assn. route https://www.myntra.com/shirts?f=Brand%3AU.S.%20Polo%20Assn. page 42 -> https://www.myntra.com/gateway/v4/search/shirts?f=Brand%3AU.S.+Polo+Assn.&rows=50&o=2050&plaEnabled=false&xdEnabled=false&isFacet=true&p=42 | run_id=run_20260928_230049_839051_c9d20f | brand=U.S. Polo Assn. | page=42 | route=https://www.myntra.com/shirts?f=Brand%3AU.S.%20Polo%20Assn. | seen=2049 | expected=2701
2026-09-28 23:04:23 | INFO    | PDP       | Processed 50 target products for U.S. Polo Assn. in 4s (829.9 products/min). | run_id=run_20260928_230049_839051_c9d20f | brand=U.S. Polo Assn. | saved=50 | elapsed_label=4s | products_per_minute=829.9
2026-09-28 23:04:23 | INFO    | LISTING   | Listing U.S. Polo Assn. route https://www.myntra.com/shirts?f=Brand%3AU.S.%20Polo%20Assn. page 43 -> https://www.myntra.com/gateway/v4/search/shirts?f=Brand%3AU.S.+Polo+Assn.&rows=50&o=2100&plaEnabled=false&xdEnabled=false&isFacet=true&p=43 | run_id=run_20260928_230049_839051_c9d20f | brand=U.S. Polo Assn. | page=43 | route=https://www.myntra.com/shirts?f=Brand%3AU.S.%20Polo%20Assn. | seen=2099 | expected=2701
2026-09-28 23:04:26 | INFO    | PDP       | Processed 50 target products for U.S. Polo Assn. in 3s (1046.16 products/min). | run_id=run_20260928_230049_839051_c9d20f | brand=U.S. Polo Assn. | saved=50 | elapsed_label=3s | products_per_minute=1046.16
2026-09-28 23:04:27 | INFO    | LISTING   | Listing U.S. Polo Assn. route https://www.myntra.com/shirts?f=Brand%3AU.S.%20Polo%20Assn. page 44 -> https://www.myntra.com/gateway/v4/search/shirts?f=Brand%3AU.S.+Polo+Assn.&rows=50&o=2150&plaEnabled=false&xdEnabled=false&isFacet=true&p=44 | run_id=run_20260928_230049_839051_c9d20f | brand=U.S. Polo Assn. | page=44 | route=https://www.myntra.com/shirts?f=Brand%3AU.S.%20Polo%20Assn. | seen=2149 | expected=2701
2026-09-28 23:04:30 | INFO    | PDP       | Processed 50 target products for U.S. Polo Assn. in 3s (1057.05 products/min). | run_id=run_20260928_230049_839051_c9d20f | brand=U.S. Polo Assn. | saved=50 | elapsed_label=3s | products_per_minute=1057.05
2026-09-28 23:04:30 | INFO    | LISTING   | Listing U.S. Polo Assn. route https://www.myntra.com/shirts?f=Brand%3AU.S.%20Polo%20Assn. page 45 -> https://www.myntra.com/gateway/v4/search/shirts?f=Brand%3AU.S.+Polo+Assn.&rows=50&o=2200&plaEnabled=false&xdEnabled=false&isFacet=true&p=45 | run_id=run_20260928_230049_839051_c9d20f | brand=U.S. Polo Assn. | page=45 | route=https://www.myntra.com/shirts?f=Brand%3AU.S.%20Polo%20Assn. | seen=2199 | expected=2701
2026-09-28 23:04:35 | INFO    | PDP       | Processed 50 target products for U.S. Polo Assn. in 3s (945.88 products/min). | run_id=run_20260928_230049_839051_c9d20f | brand=U.S. Polo Assn. | saved=50 | elapsed_label=3s | products_per_minute=945.88
2026-09-28 23:04:35 | INFO    | LISTING   | Listing U.S. Polo Assn. route https://www.myntra.com/shirts?f=Brand%3AU.S.%20Polo%20Assn. page 46 -> https://www.myntra.com/gateway/v4/search/shirts?f=Brand%3AU.S.+Polo+Assn.&rows=50&o=2250&plaEnabled=false&xdEnabled=false&isFacet=true&p=46 | run_id=run_20260928_230049_839051_c9d20f | brand=U.S. Polo Assn. | page=46 | route=https://www.myntra.com/shirts?f=Brand%3AU.S.%20Polo%20Assn. | seen=2249 | expected=2701
2026-09-28 23:04:39 | INFO    | PDP       | Processed 50 target products for U.S. Polo Assn. in 3s (973.64 products/min). | run_id=run_20260928_230049_839051_c9d20f | brand=U.S. Polo Assn. | saved=50 | elapsed_label=3s | products_per_minute=973.64
2026-09-28 23:04:39 | INFO    | LISTING   | Listing U.S. Polo Assn. route https://www.myntra.com/shirts?f=Brand%3AU.S.%20Polo%20Assn. page 47 -> https://www.myntra.com/gateway/v4/search/shirts?f=Brand%3AU.S.+Polo+Assn.&rows=50&o=2300&plaEnabled=false&xdEnabled=false&isFacet=true&p=47 | run_id=run_20260928_230049_839051_c9d20f | brand=U.S. Polo Assn. | page=47 | route=https://www.myntra.com/shirts?f=Brand%3AU.S.%20Polo%20Assn. | seen=2299 | expected=2701
2026-09-28 23:04:43 | INFO    | PDP       | Processed 50 target products for U.S. Polo Assn. in 3s (950.23 products/min). | run_id=run_20260928_230049_839051_c9d20f | brand=U.S. Polo Assn. | saved=50 | elapsed_label=3s | products_per_minute=950.23
2026-09-28 23:04:43 | INFO    | LISTING   | Listing U.S. Polo Assn. route https://www.myntra.com/shirts?f=Brand%3AU.S.%20Polo%20Assn. page 48 -> https://www.myntra.com/gateway/v4/search/shirts?f=Brand%3AU.S.+Polo+Assn.&rows=50&o=2350&plaEnabled=false&xdEnabled=false&isFacet=true&p=48 | run_id=run_20260928_230049_839051_c9d20f | brand=U.S. Polo Assn. | page=48 | route=https://www.myntra.com/shirts?f=Brand%3AU.S.%20Polo%20Assn. | seen=2349 | expected=2701
2026-09-28 23:04:47 | INFO    | PDP       | Processed 50 target products for U.S. Polo Assn. in 3s (914.22 products/min). | run_id=run_20260928_230049_839051_c9d20f | brand=U.S. Polo Assn. | saved=50 | elapsed_label=3s | products_per_minute=914.22
2026-09-28 23:04:48 | INFO    | LISTING   | Listing U.S. Polo Assn. route https://www.myntra.com/shirts?f=Brand%3AU.S.%20Polo%20Assn. page 49 -> https://www.myntra.com/gateway/v4/search/shirts?f=Brand%3AU.S.+Polo+Assn.&rows=50&o=2400&plaEnabled=false&xdEnabled=false&isFacet=true&p=49 | run_id=run_20260928_230049_839051_c9d20f | brand=U.S. Polo Assn. | page=49 | route=https://www.myntra.com/shirts?f=Brand%3AU.S.%20Polo%20Assn. | seen=2399 | expected=2701
2026-09-28 23:04:52 | INFO    | PDP       | Processed 50 target products for U.S. Polo Assn. in 3s (893.22 products/min). | run_id=run_20260928_230049_839051_c9d20f | brand=U.S. Polo Assn. | saved=50 | elapsed_label=3s | products_per_minute=893.22
2026-09-28 23:04:52 | INFO    | LISTING   | Listing U.S. Polo Assn. route https://www.myntra.com/shirts?f=Brand%3AU.S.%20Polo%20Assn. page 50 -> https://www.myntra.com/gateway/v4/search/shirts?f=Brand%3AU.S.+Polo+Assn.&rows=50&o=2450&plaEnabled=false&xdEnabled=false&isFacet=true&p=50 | run_id=run_20260928_230049_839051_c9d20f | brand=U.S. Polo Assn. | page=50 | route=https://www.myntra.com/shirts?f=Brand%3AU.S.%20Polo%20Assn. | seen=2449 | expected=2701
2026-09-28 23:04:56 | WARNING | PDP       | PDP fetch failed for https://www.myntra.com/Shirts/U.S.+Polo+Assn./US-Polo-Assn-Men-Tailored-Fit-Floral-Printed-Spread-Collar-Casual-Shirt/37009040/buy: PDP payload did not contain pdpData. | run_id=run_20260928_230049_839051_c9d20f | brand=U.S. Polo Assn. | route=https://www.myntra.com/Shirts/U.S.+Polo+Assn./US-Polo-Assn-Men-Tailored-Fit-Floral-Printed-Spread-Collar-Casual-Shirt/37009040/buy
2026-09-28 23:04:56 | INFO    | PDP       | Retrying 1 PDP fetches for U.S. Polo Assn. (retry round 1/5). | run_id=run_20260928_230049_839051_c9d20f | brand=U.S. Polo Assn. | attempt=1/5
2026-09-28 23:04:57 | INFO    | PDP       | Processed 49 target products for U.S. Polo Assn. in 4s (700.66 products/min). | run_id=run_20260928_230049_839051_c9d20f | brand=U.S. Polo Assn. | saved=49 | elapsed_label=4s | products_per_minute=700.66
2026-09-28 23:04:57 | INFO    | LISTING   | Listing U.S. Polo Assn. route https://www.myntra.com/shirts?f=Brand%3AU.S.%20Polo%20Assn. page 51 -> https://www.myntra.com/gateway/v4/search/shirts?f=Brand%3AU.S.+Polo+Assn.&rows=50&o=2500&plaEnabled=false&xdEnabled=false&isFacet=true&p=51 | run_id=run_20260928_230049_839051_c9d20f | brand=U.S. Polo Assn. | page=51 | route=https://www.myntra.com/shirts?f=Brand%3AU.S.%20Polo%20Assn. | seen=2498 | expected=2701
2026-09-28 23:05:01 | INFO    | PDP       | Processed 50 target products for U.S. Polo Assn. in 3s (887.24 products/min). | run_id=run_20260928_230049_839051_c9d20f | brand=U.S. Polo Assn. | saved=50 | elapsed_label=3s | products_per_minute=887.24
2026-09-28 23:05:01 | INFO    | LISTING   | Listing U.S. Polo Assn. route https://www.myntra.com/shirts?f=Brand%3AU.S.%20Polo%20Assn. page 52 -> https://www.myntra.com/gateway/v4/search/shirts?f=Brand%3AU.S.+Polo+Assn.&rows=50&o=2550&plaEnabled=false&xdEnabled=false&isFacet=true&p=52 | run_id=run_20260928_230049_839051_c9d20f | brand=U.S. Polo Assn. | page=52 | route=https://www.myntra.com/shirts?f=Brand%3AU.S.%20Polo%20Assn. | seen=2548 | expected=2701
2026-09-28 23:05:05 | INFO    | PDP       | Processed 49 target products for U.S. Polo Assn. in 3s (960.26 products/min). | run_id=run_20260928_230049_839051_c9d20f | brand=U.S. Polo Assn. | saved=49 | elapsed_label=3s | products_per_minute=960.26
2026-09-28 23:05:05 | INFO    | LISTING   | Listing U.S. Polo Assn. route https://www.myntra.com/shirts?f=Brand%3AU.S.%20Polo%20Assn. page 53 -> https://www.myntra.com/gateway/v4/search/shirts?f=Brand%3AU.S.+Polo+Assn.&rows=50&o=2600&plaEnabled=false&xdEnabled=false&isFacet=true&p=53 | run_id=run_20260928_230049_839051_c9d20f | brand=U.S. Polo Assn. | page=53 | route=https://www.myntra.com/shirts?f=Brand%3AU.S.%20Polo%20Assn. | seen=2597 | expected=2701
2026-09-28 23:05:09 | INFO    | PDP       | Processed 50 target products for U.S. Polo Assn. in 3s (965.61 products/min). | run_id=run_20260928_230049_839051_c9d20f | brand=U.S. Polo Assn. | saved=50 | elapsed_label=3s | products_per_minute=965.61
2026-09-28 23:05:09 | INFO    | LISTING   | Listing U.S. Polo Assn. route https://www.myntra.com/shirts?f=Brand%3AU.S.%20Polo%20Assn. page 54 -> https://www.myntra.com/gateway/v4/search/shirts?f=Brand%3AU.S.+Polo+Assn.&rows=50&o=2650&plaEnabled=false&xdEnabled=false&isFacet=true&p=54 | run_id=run_20260928_230049_839051_c9d20f | brand=U.S. Polo Assn. | page=54 | route=https://www.myntra.com/shirts?f=Brand%3AU.S.%20Polo%20Assn. | seen=2647 | expected=2701
2026-09-28 23:05:14 | INFO    | PDP       | Processed 50 target products for U.S. Polo Assn. in 4s (837.13 products/min). | run_id=run_20260928_230049_839051_c9d20f | brand=U.S. Polo Assn. | saved=50 | elapsed_label=4s | products_per_minute=837.13
2026-09-28 23:05:14 | INFO    | LISTING   | Listing U.S. Polo Assn. route https://www.myntra.com/shirts?f=Brand%3AU.S.%20Polo%20Assn. page 55 -> https://www.myntra.com/gateway/v4/search/shirts?f=Brand%3AU.S.+Polo+Assn.&rows=50&o=2700&plaEnabled=false&xdEnabled=false&isFacet=true&p=55 | run_id=run_20260928_230049_839051_c9d20f | brand=U.S. Polo Assn. | page=55 | route=https://www.myntra.com/shirts?f=Brand%3AU.S.%20Polo%20Assn. | seen=2697 | expected=2701
2026-09-28 23:05:15 | INFO    | PDP       | Processed 1 target products for U.S. Polo Assn. in 1s (73.41 products/min). | run_id=run_20260928_230049_839051_c9d20f | brand=U.S. Polo Assn. | saved=1 | elapsed_label=1s | products_per_minute=73.41
2026-09-28 23:05:15 | INFO    | LISTING   | Listing U.S. Polo Assn. route https://www.myntra.com/shirts?f=Brand%3AU.S.%20Polo%20Assn. page 56 -> https://www.myntra.com/gateway/v4/search/shirts?f=Brand%3AU.S.+Polo+Assn.&rows=50&o=2750&plaEnabled=false&xdEnabled=false&isFacet=true&p=56 | run_id=run_20260928_230049_839051_c9d20f | brand=U.S. Polo Assn. | page=56 | route=https://www.myntra.com/shirts?f=Brand%3AU.S.%20Polo%20Assn. | seen=2698 | expected=2701
2026-09-28 23:05:16 | WARNING | LISTING   | Empty listing page for U.S. Polo Assn. on page 56 before expected end; continuing. | run_id=run_20260928_230049_839051_c9d20f | brand=U.S. Polo Assn. | page=56 | route=https://www.myntra.com/shirts?f=Brand%3AU.S.%20Polo%20Assn.
2026-09-28 23:05:16 | INFO    | LISTING   | Listing U.S. Polo Assn. route https://www.myntra.com/shirts?f=Brand%3AU.S.%20Polo%20Assn. page 57 -> https://www.myntra.com/gateway/v4/search/shirts?f=Brand%3AU.S.+Polo+Assn.&rows=50&o=2800&plaEnabled=false&xdEnabled=false&isFacet=true&p=57 | run_id=run_20260928_230049_839051_c9d20f | brand=U.S. Polo Assn. | page=57 | route=https://www.myntra.com/shirts?f=Brand%3AU.S.%20Polo%20Assn. | seen=2698 | expected=2701
2026-09-28 23:05:16 | WARNING | NETWORK   | JSON request failed for https://www.myntra.com/gateway/v4/search/shirts?f=Brand%3AU.S.+Polo+Assn.&rows=50&o=2800&plaEnabled=false&xdEnabled=false&isFacet=true&p=57 on attempt 1/3: HTTP Error 400:  | run_id=run_20260928_230049_839051_c9d20f | route=https://www.myntra.com/gateway/v4/search/shirts?f=Brand%3AU.S.+Polo+Assn.&rows=50&o=2800&plaEnabled=false&xdEnabled=false&isFacet=true&p=57 | attempt=1/3
2026-09-28 23:05:18 | WARNING | NETWORK   | JSON request failed for https://www.myntra.com/gateway/v4/search/shirts?f=Brand%3AU.S.+Polo+Assn.&rows=50&o=2800&plaEnabled=false&xdEnabled=false&isFacet=true&p=57 on attempt 2/3: HTTP Error 400:  | run_id=run_20260928_230049_839051_c9d20f | route=https://www.myntra.com/gateway/v4/search/shirts?f=Brand%3AU.S.+Polo+Assn.&rows=50&o=2800&plaEnabled=false&xdEnabled=false&isFacet=true&p=57 | attempt=2/3
2026-09-28 23:05:21 | WARNING | NETWORK   | JSON request failed for https://www.myntra.com/gateway/v4/search/shirts?f=Brand%3AU.S.+Polo+Assn.&rows=50&o=2800&plaEnabled=false&xdEnabled=false&isFacet=true&p=57 on attempt 3/3: HTTP Error 400:  | run_id=run_20260928_230049_839051_c9d20f | route=https://www.myntra.com/gateway/v4/search/shirts?f=Brand%3AU.S.+Polo+Assn.&rows=50&o=2800&plaEnabled=false&xdEnabled=false&isFacet=true&p=57 | attempt=3/3
2026-09-28 23:05:21 | WARNING | NETWORK   | JSON request failed for https://www.myntra.com/gateway/v4/search/shirts?f=Brand%3AU.S.+Polo+Assn.&rows=50&o=2799&plaEnabled=false&xdEnabled=false&isFacet=true&p=57 on attempt 1/3: HTTP Error 400:  | run_id=run_20260928_230049_839051_c9d20f | route=https://www.myntra.com/gateway/v4/search/shirts?f=Brand%3AU.S.+Polo+Assn.&rows=50&o=2799&plaEnabled=false&xdEnabled=false&isFacet=true&p=57 | attempt=1/3
2026-09-28 23:05:23 | WARNING | NETWORK   | JSON request failed for https://www.myntra.com/gateway/v4/search/shirts?f=Brand%3AU.S.+Polo+Assn.&rows=50&o=2799&plaEnabled=false&xdEnabled=false&isFacet=true&p=57 on attempt 2/3: HTTP Error 400:  | run_id=run_20260928_230049_839051_c9d20f | route=https://www.myntra.com/gateway/v4/search/shirts?f=Brand%3AU.S.+Polo+Assn.&rows=50&o=2799&plaEnabled=false&xdEnabled=false&isFacet=true&p=57 | attempt=2/3
2026-09-28 23:05:26 | WARNING | NETWORK   | JSON request failed for https://www.myntra.com/gateway/v4/search/shirts?f=Brand%3AU.S.+Polo+Assn.&rows=50&o=2799&plaEnabled=false&xdEnabled=false&isFacet=true&p=57 on attempt 3/3: HTTP Error 400:  | run_id=run_20260928_230049_839051_c9d20f | route=https://www.myntra.com/gateway/v4/search/shirts?f=Brand%3AU.S.+Polo+Assn.&rows=50&o=2799&plaEnabled=false&xdEnabled=false&isFacet=true&p=57 | attempt=3/3
2026-09-28 23:05:26 | WARNING | LISTING   | Route fetch failed for https://www.myntra.com/shirts?f=Brand%3AU.S.%20Polo%20Assn. page 57 (Failed to fetch JSON payload from https://www.myntra.com/gateway/v4/search/shirts?f=Brand%3AU.S.+Polo+Assn.&rows=50&o=2799&plaEnabled=false&xdEnabled=false&isFacet=true&p=57: HTTP Error 400: ). Will retry with another pass or fallback route. | run_id=run_20260928_230049_839051_c9d20f | brand=U.S. Polo Assn. | page=57 | route=https://www.myntra.com/shirts?f=Brand%3AU.S.%20Polo%20Assn.
2026-09-28 23:05:26 | INFO    | LISTING   | Listing U.S. Polo Assn. route https://www.myntra.com/shirts?f=Brand%3AU.S.%20Polo%20Assn.%20Denim%20Co. page 1 -> https://www.myntra.com/gateway/v4/search/shirts?f=Brand%3AU.S.+Polo+Assn.+Denim+Co.&rows=50&o=0&plaEnabled=false&xdEnabled=false&isFacet=true&p=1 | run_id=run_20260928_230049_839051_c9d20f | brand=U.S. Polo Assn. | page=1 | route=https://www.myntra.com/shirts?f=Brand%3AU.S.%20Polo%20Assn.%20Denim%20Co. | seen=0 | expected=1197
2026-09-28 23:05:31 | INFO    | PDP       | Processed 50 target products for U.S. Polo Assn. in 3s (991.51 products/min). | run_id=run_20260928_230049_839051_c9d20f | brand=U.S. Polo Assn. | saved=50 | elapsed_label=3s | products_per_minute=991.51
2026-09-28 23:05:31 | INFO    | LISTING   | Listing U.S. Polo Assn. route https://www.myntra.com/shirts?f=Brand%3AU.S.%20Polo%20Assn.%20Denim%20Co. page 2 -> https://www.myntra.com/gateway/v4/search/shirts?f=Brand%3AU.S.+Polo+Assn.+Denim+Co.&rows=50&o=50&plaEnabled=false&xdEnabled=false&isFacet=true&p=2 | run_id=run_20260928_230049_839051_c9d20f | brand=U.S. Polo Assn. | page=2 | route=https://www.myntra.com/shirts?f=Brand%3AU.S.%20Polo%20Assn.%20Denim%20Co. | seen=50 | expected=1197
2026-09-28 23:05:35 | INFO    | PDP       | Processed 50 target products for U.S. Polo Assn. in 3s (912.25 products/min). | run_id=run_20260928_230049_839051_c9d20f | brand=U.S. Polo Assn. | saved=50 | elapsed_label=3s | products_per_minute=912.25
2026-09-28 23:05:35 | INFO    | LISTING   | Listing U.S. Polo Assn. route https://www.myntra.com/shirts?f=Brand%3AU.S.%20Polo%20Assn.%20Denim%20Co. page 3 -> https://www.myntra.com/gateway/v4/search/shirts?f=Brand%3AU.S.+Polo+Assn.+Denim+Co.&rows=50&o=100&plaEnabled=false&xdEnabled=false&isFacet=true&p=3 | run_id=run_20260928_230049_839051_c9d20f | brand=U.S. Polo Assn. | page=3 | route=https://www.myntra.com/shirts?f=Brand%3AU.S.%20Polo%20Assn.%20Denim%20Co. | seen=100 | expected=1197
2026-09-28 23:05:40 | INFO    | PDP       | Processed 50 target products for U.S. Polo Assn. in 3s (865.57 products/min). | run_id=run_20260928_230049_839051_c9d20f | brand=U.S. Polo Assn. | saved=50 | elapsed_label=3s | products_per_minute=865.57
2026-09-28 23:05:41 | INFO    | LISTING   | Listing U.S. Polo Assn. route https://www.myntra.com/shirts?f=Brand%3AU.S.%20Polo%20Assn.%20Denim%20Co. page 4 -> https://www.myntra.com/gateway/v4/search/shirts?f=Brand%3AU.S.+Polo+Assn.+Denim+Co.&rows=50&o=150&plaEnabled=false&xdEnabled=false&isFacet=true&p=4 | run_id=run_20260928_230049_839051_c9d20f | brand=U.S. Polo Assn. | page=4 | route=https://www.myntra.com/shirts?f=Brand%3AU.S.%20Polo%20Assn.%20Denim%20Co. | seen=150 | expected=1197
2026-09-28 23:05:44 | INFO    | PDP       | Processed 50 target products for U.S. Polo Assn. in 3s (976.0 products/min). | run_id=run_20260928_230049_839051_c9d20f | brand=U.S. Polo Assn. | saved=50 | elapsed_label=3s | products_per_minute=976.0
2026-09-28 23:05:44 | INFO    | LISTING   | Listing U.S. Polo Assn. route https://www.myntra.com/shirts?f=Brand%3AU.S.%20Polo%20Assn.%20Denim%20Co. page 5 -> https://www.myntra.com/gateway/v4/search/shirts?f=Brand%3AU.S.+Polo+Assn.+Denim+Co.&rows=50&o=200&plaEnabled=false&xdEnabled=false&isFacet=true&p=5 | run_id=run_20260928_230049_839051_c9d20f | brand=U.S. Polo Assn. | page=5 | route=https://www.myntra.com/shirts?f=Brand%3AU.S.%20Polo%20Assn.%20Denim%20Co. | seen=200 | expected=1197
2026-09-28 23:05:48 | INFO    | PDP       | Processed 50 target products for U.S. Polo Assn. in 3s (952.82 products/min). | run_id=run_20260928_230049_839051_c9d20f | brand=U.S. Polo Assn. | saved=50 | elapsed_label=3s | products_per_minute=952.82
2026-09-28 23:05:48 | INFO    | LISTING   | Listing U.S. Polo Assn. route https://www.myntra.com/shirts?f=Brand%3AU.S.%20Polo%20Assn.%20Denim%20Co. page 6 -> https://www.myntra.com/gateway/v4/search/shirts?f=Brand%3AU.S.+Polo+Assn.+Denim+Co.&rows=50&o=250&plaEnabled=false&xdEnabled=false&isFacet=true&p=6 | run_id=run_20260928_230049_839051_c9d20f | brand=U.S. Polo Assn. | page=6 | route=https://www.myntra.com/shirts?f=Brand%3AU.S.%20Polo%20Assn.%20Denim%20Co. | seen=250 | expected=1197
2026-09-28 23:05:52 | INFO    | PDP       | Processed 49 target products for U.S. Polo Assn. in 3s (1028.76 products/min). | run_id=run_20260928_230049_839051_c9d20f | brand=U.S. Polo Assn. | saved=49 | elapsed_label=3s | products_per_minute=1028.76
2026-09-28 23:05:52 | INFO    | LISTING   | Listing U.S. Polo Assn. route https://www.myntra.com/shirts?f=Brand%3AU.S.%20Polo%20Assn.%20Denim%20Co. page 7 -> https://www.myntra.com/gateway/v4/search/shirts?f=Brand%3AU.S.+Polo+Assn.+Denim+Co.&rows=50&o=300&plaEnabled=false&xdEnabled=false&isFacet=true&p=7 | run_id=run_20260928_230049_839051_c9d20f | brand=U.S. Polo Assn. | page=7 | route=https://www.myntra.com/shirts?f=Brand%3AU.S.%20Polo%20Assn.%20Denim%20Co. | seen=299 | expected=1197
2026-09-28 23:05:56 | INFO    | PDP       | Processed 50 target products for U.S. Polo Assn. in 4s (813.63 products/min). | run_id=run_20260928_230049_839051_c9d20f | brand=U.S. Polo Assn. | saved=50 | elapsed_label=4s | products_per_minute=813.63
2026-09-28 23:05:57 | INFO    | LISTING   | Listing U.S. Polo Assn. route https://www.myntra.com/shirts?f=Brand%3AU.S.%20Polo%20Assn.%20Denim%20Co. page 8 -> https://www.myntra.com/gateway/v4/search/shirts?f=Brand%3AU.S.+Polo+Assn.+Denim+Co.&rows=50&o=350&plaEnabled=false&xdEnabled=false&isFacet=true&p=8 | run_id=run_20260928_230049_839051_c9d20f | brand=U.S. Polo Assn. | page=8 | route=https://www.myntra.com/shirts?f=Brand%3AU.S.%20Polo%20Assn.%20Denim%20Co. | seen=349 | expected=1197
2026-09-28 23:06:00 | INFO    | PDP       | Processed 49 target products for U.S. Polo Assn. in 3s (961.67 products/min). | run_id=run_20260928_230049_839051_c9d20f | brand=U.S. Polo Assn. | saved=49 | elapsed_label=3s | products_per_minute=961.67
2026-09-28 23:06:01 | INFO    | LISTING   | Listing U.S. Polo Assn. route https://www.myntra.com/shirts?f=Brand%3AU.S.%20Polo%20Assn.%20Denim%20Co. page 9 -> https://www.myntra.com/gateway/v4/search/shirts?f=Brand%3AU.S.+Polo+Assn.+Denim+Co.&rows=50&o=400&plaEnabled=false&xdEnabled=false&isFacet=true&p=9 | run_id=run_20260928_230049_839051_c9d20f | brand=U.S. Polo Assn. | page=9 | route=https://www.myntra.com/shirts?f=Brand%3AU.S.%20Polo%20Assn.%20Denim%20Co. | seen=398 | expected=1197
2026-09-28 23:06:04 | INFO    | PDP       | Processed 50 target products for U.S. Polo Assn. in 3s (958.13 products/min). | run_id=run_20260928_230049_839051_c9d20f | brand=U.S. Polo Assn. | saved=50 | elapsed_label=3s | products_per_minute=958.13
2026-09-28 23:06:05 | INFO    | LISTING   | Listing U.S. Polo Assn. route https://www.myntra.com/shirts?f=Brand%3AU.S.%20Polo%20Assn.%20Denim%20Co. page 10 -> https://www.myntra.com/gateway/v4/search/shirts?f=Brand%3AU.S.+Polo+Assn.+Denim+Co.&rows=50&o=450&plaEnabled=false&xdEnabled=false&isFacet=true&p=10 | run_id=run_20260928_230049_839051_c9d20f | brand=U.S. Polo Assn. | page=10 | route=https://www.myntra.com/shirts?f=Brand%3AU.S.%20Polo%20Assn.%20Denim%20Co. | seen=448 | expected=1197
2026-09-28 23:06:10 | INFO    | PDP       | Processed 50 target products for U.S. Polo Assn. in 5s (649.08 products/min). | run_id=run_20260928_230049_839051_c9d20f | brand=U.S. Polo Assn. | saved=50 | elapsed_label=5s | products_per_minute=649.08
2026-09-28 23:06:10 | INFO    | LISTING   | Listing U.S. Polo Assn. route https://www.myntra.com/shirts?f=Brand%3AU.S.%20Polo%20Assn.%20Denim%20Co. page 11 -> https://www.myntra.com/gateway/v4/search/shirts?f=Brand%3AU.S.+Polo+Assn.+Denim+Co.&rows=50&o=500&plaEnabled=false&xdEnabled=false&isFacet=true&p=11 | run_id=run_20260928_230049_839051_c9d20f | brand=U.S. Polo Assn. | page=11 | route=https://www.myntra.com/shirts?f=Brand%3AU.S.%20Polo%20Assn.%20Denim%20Co. | seen=498 | expected=1197
2026-09-28 23:06:12 | WARNING | PDP       | PDP fetch failed for https://www.myntra.com/Shirts/U.S.+Polo+Assn.+Denim+Co./US-Polo-Assn-Denim-Co-Waffle-Dobby-Regular-Fit-Shirt/38227607/buy: PDP payload did not contain pdpData. | run_id=run_20260928_230049_839051_c9d20f | brand=U.S. Polo Assn. | route=https://www.myntra.com/Shirts/U.S.+Polo+Assn.+Denim+Co./US-Polo-Assn-Denim-Co-Waffle-Dobby-Regular-Fit-Shirt/38227607/buy
2026-09-28 23:06:14 | INFO    | PDP       | Retrying 1 PDP fetches for U.S. Polo Assn. (retry round 1/5). | run_id=run_20260928_230049_839051_c9d20f | brand=U.S. Polo Assn. | attempt=1/5
2026-09-28 23:06:15 | INFO    | PDP       | Processed 50 target products for U.S. Polo Assn. in 4s (690.19 products/min). | run_id=run_20260928_230049_839051_c9d20f | brand=U.S. Polo Assn. | saved=50 | elapsed_label=4s | products_per_minute=690.19
2026-09-28 23:06:15 | INFO    | LISTING   | Listing U.S. Polo Assn. route https://www.myntra.com/shirts?f=Brand%3AU.S.%20Polo%20Assn.%20Denim%20Co. page 12 -> https://www.myntra.com/gateway/v4/search/shirts?f=Brand%3AU.S.+Polo+Assn.+Denim+Co.&rows=50&o=550&plaEnabled=false&xdEnabled=false&isFacet=true&p=12 | run_id=run_20260928_230049_839051_c9d20f | brand=U.S. Polo Assn. | page=12 | route=https://www.myntra.com/shirts?f=Brand%3AU.S.%20Polo%20Assn.%20Denim%20Co. | seen=548 | expected=1197
2026-09-28 23:06:19 | INFO    | PDP       | Processed 50 target products for U.S. Polo Assn. in 3s (956.5 products/min). | run_id=run_20260928_230049_839051_c9d20f | brand=U.S. Polo Assn. | saved=50 | elapsed_label=3s | products_per_minute=956.5
2026-09-28 23:06:20 | INFO    | LISTING   | Listing U.S. Polo Assn. route https://www.myntra.com/shirts?f=Brand%3AU.S.%20Polo%20Assn.%20Denim%20Co. page 13 -> https://www.myntra.com/gateway/v4/search/shirts?f=Brand%3AU.S.+Polo+Assn.+Denim+Co.&rows=50&o=600&plaEnabled=false&xdEnabled=false&isFacet=true&p=13 | run_id=run_20260928_230049_839051_c9d20f | brand=U.S. Polo Assn. | page=13 | route=https://www.myntra.com/shirts?f=Brand%3AU.S.%20Polo%20Assn.%20Denim%20Co. | seen=598 | expected=1197
2026-09-28 23:06:23 | INFO    | PDP       | Processed 50 target products for U.S. Polo Assn. in 3s (911.04 products/min). | run_id=run_20260928_230049_839051_c9d20f | brand=U.S. Polo Assn. | saved=50 | elapsed_label=3s | products_per_minute=911.04
2026-09-28 23:06:24 | INFO    | LISTING   | Listing U.S. Polo Assn. route https://www.myntra.com/shirts?f=Brand%3AU.S.%20Polo%20Assn.%20Denim%20Co. page 14 -> https://www.myntra.com/gateway/v4/search/shirts?f=Brand%3AU.S.+Polo+Assn.+Denim+Co.&rows=50&o=650&plaEnabled=false&xdEnabled=false&isFacet=true&p=14 | run_id=run_20260928_230049_839051_c9d20f | brand=U.S. Polo Assn. | page=14 | route=https://www.myntra.com/shirts?f=Brand%3AU.S.%20Polo%20Assn.%20Denim%20Co. | seen=648 | expected=1197
2026-09-28 23:06:27 | INFO    | PDP       | Processed 50 target products for U.S. Polo Assn. in 3s (977.25 products/min). | run_id=run_20260928_230049_839051_c9d20f | brand=U.S. Polo Assn. | saved=50 | elapsed_label=3s | products_per_minute=977.25
2026-09-28 23:06:28 | INFO    | LISTING   | Listing U.S. Polo Assn. route https://www.myntra.com/shirts?f=Brand%3AU.S.%20Polo%20Assn.%20Denim%20Co. page 15 -> https://www.myntra.com/gateway/v4/search/shirts?f=Brand%3AU.S.+Polo+Assn.+Denim+Co.&rows=50&o=700&plaEnabled=false&xdEnabled=false&isFacet=true&p=15 | run_id=run_20260928_230049_839051_c9d20f | brand=U.S. Polo Assn. | page=15 | route=https://www.myntra.com/shirts?f=Brand%3AU.S.%20Polo%20Assn.%20Denim%20Co. | seen=698 | expected=1197
2026-09-28 23:06:32 | INFO    | PDP       | Processed 50 target products for U.S. Polo Assn. in 3s (880.26 products/min). | run_id=run_20260928_230049_839051_c9d20f | brand=U.S. Polo Assn. | saved=50 | elapsed_label=3s | products_per_minute=880.26
2026-09-28 23:06:32 | INFO    | LISTING   | Listing U.S. Polo Assn. route https://www.myntra.com/shirts?f=Brand%3AU.S.%20Polo%20Assn.%20Denim%20Co. page 16 -> https://www.myntra.com/gateway/v4/search/shirts?f=Brand%3AU.S.+Polo+Assn.+Denim+Co.&rows=50&o=750&plaEnabled=false&xdEnabled=false&isFacet=true&p=16 | run_id=run_20260928_230049_839051_c9d20f | brand=U.S. Polo Assn. | page=16 | route=https://www.myntra.com/shirts?f=Brand%3AU.S.%20Polo%20Assn.%20Denim%20Co. | seen=748 | expected=1197
2026-09-28 23:06:36 | INFO    | PDP       | Processed 50 target products for U.S. Polo Assn. in 3s (940.16 products/min). | run_id=run_20260928_230049_839051_c9d20f | brand=U.S. Polo Assn. | saved=50 | elapsed_label=3s | products_per_minute=940.16
2026-09-28 23:06:36 | INFO    | LISTING   | Listing U.S. Polo Assn. route https://www.myntra.com/shirts?f=Brand%3AU.S.%20Polo%20Assn.%20Denim%20Co. page 17 -> https://www.myntra.com/gateway/v4/search/shirts?f=Brand%3AU.S.+Polo+Assn.+Denim+Co.&rows=50&o=800&plaEnabled=false&xdEnabled=false&isFacet=true&p=17 | run_id=run_20260928_230049_839051_c9d20f | brand=U.S. Polo Assn. | page=17 | route=https://www.myntra.com/shirts?f=Brand%3AU.S.%20Polo%20Assn.%20Denim%20Co. | seen=798 | expected=1197
2026-09-28 23:06:40 | INFO    | PDP       | Processed 50 target products for U.S. Polo Assn. in 4s (833.65 products/min). | run_id=run_20260928_230049_839051_c9d20f | brand=U.S. Polo Assn. | saved=50 | elapsed_label=4s | products_per_minute=833.65
2026-09-28 23:06:41 | INFO    | LISTING   | Listing U.S. Polo Assn. route https://www.myntra.com/shirts?f=Brand%3AU.S.%20Polo%20Assn.%20Denim%20Co. page 18 -> https://www.myntra.com/gateway/v4/search/shirts?f=Brand%3AU.S.+Polo+Assn.+Denim+Co.&rows=50&o=850&plaEnabled=false&xdEnabled=false&isFacet=true&p=18 | run_id=run_20260928_230049_839051_c9d20f | brand=U.S. Polo Assn. | page=18 | route=https://www.myntra.com/shirts?f=Brand%3AU.S.%20Polo%20Assn.%20Denim%20Co. | seen=848 | expected=1197
2026-09-28 23:06:44 | INFO    | PDP       | Processed 50 target products for U.S. Polo Assn. in 3s (1007.95 products/min). | run_id=run_20260928_230049_839051_c9d20f | brand=U.S. Polo Assn. | saved=50 | elapsed_label=3s | products_per_minute=1007.95
2026-09-28 23:06:45 | INFO    | LISTING   | Listing U.S. Polo Assn. route https://www.myntra.com/shirts?f=Brand%3AU.S.%20Polo%20Assn.%20Denim%20Co. page 19 -> https://www.myntra.com/gateway/v4/search/shirts?f=Brand%3AU.S.+Polo+Assn.+Denim+Co.&rows=50&o=900&plaEnabled=false&xdEnabled=false&isFacet=true&p=19 | run_id=run_20260928_230049_839051_c9d20f | brand=U.S. Polo Assn. | page=19 | route=https://www.myntra.com/shirts?f=Brand%3AU.S.%20Polo%20Assn.%20Denim%20Co. | seen=898 | expected=1197
2026-09-28 23:06:50 | INFO    | PDP       | Processed 50 target products for U.S. Polo Assn. in 4s (679.01 products/min). | run_id=run_20260928_230049_839051_c9d20f | brand=U.S. Polo Assn. | saved=50 | elapsed_label=4s | products_per_minute=679.01
2026-09-28 23:06:50 | INFO    | LISTING   | Listing U.S. Polo Assn. route https://www.myntra.com/shirts?f=Brand%3AU.S.%20Polo%20Assn.%20Denim%20Co. page 20 -> https://www.myntra.com/gateway/v4/search/shirts?f=Brand%3AU.S.+Polo+Assn.+Denim+Co.&rows=50&o=950&plaEnabled=false&xdEnabled=false&isFacet=true&p=20 | run_id=run_20260928_230049_839051_c9d20f | brand=U.S. Polo Assn. | page=20 | route=https://www.myntra.com/shirts?f=Brand%3AU.S.%20Polo%20Assn.%20Denim%20Co. | seen=948 | expected=1197
2026-09-28 23:06:54 | INFO    | PDP       | Processed 50 target products for U.S. Polo Assn. in 4s (840.75 products/min). | run_id=run_20260928_230049_839051_c9d20f | brand=U.S. Polo Assn. | saved=50 | elapsed_label=4s | products_per_minute=840.75
2026-09-28 23:06:54 | INFO    | LISTING   | Listing U.S. Polo Assn. route https://www.myntra.com/shirts?f=Brand%3AU.S.%20Polo%20Assn.%20Denim%20Co. page 21 -> https://www.myntra.com/gateway/v4/search/shirts?f=Brand%3AU.S.+Polo+Assn.+Denim+Co.&rows=50&o=1000&plaEnabled=false&xdEnabled=false&isFacet=true&p=21 | run_id=run_20260928_230049_839051_c9d20f | brand=U.S. Polo Assn. | page=21 | route=https://www.myntra.com/shirts?f=Brand%3AU.S.%20Polo%20Assn.%20Denim%20Co. | seen=998 | expected=1197
2026-09-28 23:06:59 | INFO    | PDP       | Processed 50 target products for U.S. Polo Assn. in 3s (860.39 products/min). | run_id=run_20260928_230049_839051_c9d20f | brand=U.S. Polo Assn. | saved=50 | elapsed_label=3s | products_per_minute=860.39
2026-09-28 23:06:59 | INFO    | LISTING   | Listing U.S. Polo Assn. route https://www.myntra.com/shirts?f=Brand%3AU.S.%20Polo%20Assn.%20Denim%20Co. page 22 -> https://www.myntra.com/gateway/v4/search/shirts?f=Brand%3AU.S.+Polo+Assn.+Denim+Co.&rows=50&o=1050&plaEnabled=false&xdEnabled=false&isFacet=true&p=22 | run_id=run_20260928_230049_839051_c9d20f | brand=U.S. Polo Assn. | page=22 | route=https://www.myntra.com/shirts?f=Brand%3AU.S.%20Polo%20Assn.%20Denim%20Co. | seen=1048 | expected=1197
2026-09-28 23:07:04 | INFO    | PDP       | Processed 50 target products for U.S. Polo Assn. in 4s (835.46 products/min). | run_id=run_20260928_230049_839051_c9d20f | brand=U.S. Polo Assn. | saved=50 | elapsed_label=4s | products_per_minute=835.46
2026-09-28 23:07:04 | INFO    | LISTING   | Listing U.S. Polo Assn. route https://www.myntra.com/shirts?f=Brand%3AU.S.%20Polo%20Assn.%20Denim%20Co. page 23 -> https://www.myntra.com/gateway/v4/search/shirts?f=Brand%3AU.S.+Polo+Assn.+Denim+Co.&rows=50&o=1100&plaEnabled=false&xdEnabled=false&isFacet=true&p=23 | run_id=run_20260928_230049_839051_c9d20f | brand=U.S. Polo Assn. | page=23 | route=https://www.myntra.com/shirts?f=Brand%3AU.S.%20Polo%20Assn.%20Denim%20Co. | seen=1098 | expected=1197
2026-09-28 23:07:08 | INFO    | PDP       | Processed 50 target products for U.S. Polo Assn. in 3s (913.0 products/min). | run_id=run_20260928_230049_839051_c9d20f | brand=U.S. Polo Assn. | saved=50 | elapsed_label=3s | products_per_minute=913.0
2026-09-28 23:07:08 | INFO    | LISTING   | Listing U.S. Polo Assn. route https://www.myntra.com/shirts?f=Brand%3AU.S.%20Polo%20Assn.%20Denim%20Co. page 24 -> https://www.myntra.com/gateway/v4/search/shirts?f=Brand%3AU.S.+Polo+Assn.+Denim+Co.&rows=50&o=1150&plaEnabled=false&xdEnabled=false&isFacet=true&p=24 | run_id=run_20260928_230049_839051_c9d20f | brand=U.S. Polo Assn. | page=24 | route=https://www.myntra.com/shirts?f=Brand%3AU.S.%20Polo%20Assn.%20Denim%20Co. | seen=1148 | expected=1197
2026-09-28 23:07:11 | INFO    | PDP       | Processed 42 target products for U.S. Polo Assn. in 3s (909.29 products/min). | run_id=run_20260928_230049_839051_c9d20f | brand=U.S. Polo Assn. | saved=42 | elapsed_label=3s | products_per_minute=909.29
2026-09-28 23:07:12 | INFO    | LISTING   | Listing U.S. Polo Assn. route https://www.myntra.com/shirts?f=Brand%3AU.S.%20Polo%20Assn.%20Denim%20Co. page 25 -> https://www.myntra.com/gateway/v4/search/shirts?f=Brand%3AU.S.+Polo+Assn.+Denim+Co.&rows=50&o=1200&plaEnabled=false&xdEnabled=false&isFacet=true&p=25 | run_id=run_20260928_230049_839051_c9d20f | brand=U.S. Polo Assn. | page=25 | route=https://www.myntra.com/shirts?f=Brand%3AU.S.%20Polo%20Assn.%20Denim%20Co. | seen=1190 | expected=1197
2026-09-28 23:07:12 | WARNING | LISTING   | Empty listing page for U.S. Polo Assn. on page 25 before expected end; continuing. | run_id=run_20260928_230049_839051_c9d20f | brand=U.S. Polo Assn. | page=25 | route=https://www.myntra.com/shirts?f=Brand%3AU.S.%20Polo%20Assn.%20Denim%20Co.
2026-09-28 23:07:12 | INFO    | LISTING   | Listing U.S. Polo Assn. route https://www.myntra.com/shirts?f=Brand%3AU.S.%20Polo%20Assn.%20Denim%20Co. page 26 -> https://www.myntra.com/gateway/v4/search/shirts?f=Brand%3AU.S.+Polo+Assn.+Denim+Co.&rows=50&o=1250&plaEnabled=false&xdEnabled=false&isFacet=true&p=26 | run_id=run_20260928_230049_839051_c9d20f | brand=U.S. Polo Assn. | page=26 | route=https://www.myntra.com/shirts?f=Brand%3AU.S.%20Polo%20Assn.%20Denim%20Co. | seen=1190 | expected=1197
2026-09-28 23:07:13 | WARNING | NETWORK   | JSON request failed for https://www.myntra.com/gateway/v4/search/shirts?f=Brand%3AU.S.+Polo+Assn.+Denim+Co.&rows=50&o=1250&plaEnabled=false&xdEnabled=false&isFacet=true&p=26 on attempt 1/3: HTTP Error 400:  | run_id=run_20260928_230049_839051_c9d20f | route=https://www.myntra.com/gateway/v4/search/shirts?f=Brand%3AU.S.+Polo+Assn.+Denim+Co.&rows=50&o=1250&plaEnabled=false&xdEnabled=false&isFacet=true&p=26 | attempt=1/3
2026-09-28 23:07:14 | WARNING | NETWORK   | JSON request failed for https://www.myntra.com/gateway/v4/search/shirts?f=Brand%3AU.S.+Polo+Assn.+Denim+Co.&rows=50&o=1250&plaEnabled=false&xdEnabled=false&isFacet=true&p=26 on attempt 2/3: HTTP Error 400:  | run_id=run_20260928_230049_839051_c9d20f | route=https://www.myntra.com/gateway/v4/search/shirts?f=Brand%3AU.S.+Polo+Assn.+Denim+Co.&rows=50&o=1250&plaEnabled=false&xdEnabled=false&isFacet=true&p=26 | attempt=2/3
2026-09-28 23:07:17 | WARNING | NETWORK   | JSON request failed for https://www.myntra.com/gateway/v4/search/shirts?f=Brand%3AU.S.+Polo+Assn.+Denim+Co.&rows=50&o=1250&plaEnabled=false&xdEnabled=false&isFacet=true&p=26 on attempt 3/3: HTTP Error 400:  | run_id=run_20260928_230049_839051_c9d20f | route=https://www.myntra.com/gateway/v4/search/shirts?f=Brand%3AU.S.+Polo+Assn.+Denim+Co.&rows=50&o=1250&plaEnabled=false&xdEnabled=false&isFacet=true&p=26 | attempt=3/3
2026-09-28 23:07:18 | WARNING | NETWORK   | JSON request failed for https://www.myntra.com/gateway/v4/search/shirts?f=Brand%3AU.S.+Polo+Assn.+Denim+Co.&rows=50&o=1249&plaEnabled=false&xdEnabled=false&isFacet=true&p=26 on attempt 1/3: HTTP Error 400:  | run_id=run_20260928_230049_839051_c9d20f | route=https://www.myntra.com/gateway/v4/search/shirts?f=Brand%3AU.S.+Polo+Assn.+Denim+Co.&rows=50&o=1249&plaEnabled=false&xdEnabled=false&isFacet=true&p=26 | attempt=1/3
2026-09-28 23:07:19 | WARNING | NETWORK   | JSON request failed for https://www.myntra.com/gateway/v4/search/shirts?f=Brand%3AU.S.+Polo+Assn.+Denim+Co.&rows=50&o=1249&plaEnabled=false&xdEnabled=false&isFacet=true&p=26 on attempt 2/3: HTTP Error 400:  | run_id=run_20260928_230049_839051_c9d20f | route=https://www.myntra.com/gateway/v4/search/shirts?f=Brand%3AU.S.+Polo+Assn.+Denim+Co.&rows=50&o=1249&plaEnabled=false&xdEnabled=false&isFacet=true&p=26 | attempt=2/3
2026-09-28 23:07:22 | WARNING | NETWORK   | JSON request failed for https://www.myntra.com/gateway/v4/search/shirts?f=Brand%3AU.S.+Polo+Assn.+Denim+Co.&rows=50&o=1249&plaEnabled=false&xdEnabled=false&isFacet=true&p=26 on attempt 3/3: HTTP Error 400:  | run_id=run_20260928_230049_839051_c9d20f | route=https://www.myntra.com/gateway/v4/search/shirts?f=Brand%3AU.S.+Polo+Assn.+Denim+Co.&rows=50&o=1249&plaEnabled=false&xdEnabled=false&isFacet=true&p=26 | attempt=3/3
2026-09-28 23:07:23 | WARNING | LISTING   | Route fetch failed for https://www.myntra.com/shirts?f=Brand%3AU.S.%20Polo%20Assn.%20Denim%20Co. page 26 (Failed to fetch JSON payload from https://www.myntra.com/gateway/v4/search/shirts?f=Brand%3AU.S.+Polo+Assn.+Denim+Co.&rows=50&o=1249&plaEnabled=false&xdEnabled=false&isFacet=true&p=26: HTTP Error 400: ). Will retry with another pass or fallback route. | run_id=run_20260928_230049_839051_c9d20f | brand=U.S. Polo Assn. | page=26 | route=https://www.myntra.com/shirts?f=Brand%3AU.S.%20Polo%20Assn.%20Denim%20Co.
2026-09-28 23:07:23 | INFO    | LISTING   | Listing U.S. Polo Assn. route https://www.myntra.com/shirts?f=Brand%3AU.S.%20Polo%20Assn.%20Kids page 1 -> https://www.myntra.com/gateway/v4/search/shirts?f=Brand%3AU.S.+Polo+Assn.+Kids&rows=50&o=0&plaEnabled=false&xdEnabled=false&isFacet=true&p=1 | run_id=run_20260928_230049_839051_c9d20f | brand=U.S. Polo Assn. | page=1 | route=https://www.myntra.com/shirts?f=Brand%3AU.S.%20Polo%20Assn.%20Kids | seen=0 | expected=803
2026-09-28 23:07:27 | INFO    | PDP       | Processed 50 target products for U.S. Polo Assn. in 3s (883.79 products/min). | run_id=run_20260928_230049_839051_c9d20f | brand=U.S. Polo Assn. | saved=50 | elapsed_label=3s | products_per_minute=883.79
2026-09-28 23:07:28 | INFO    | LISTING   | Listing U.S. Polo Assn. route https://www.myntra.com/shirts?f=Brand%3AU.S.%20Polo%20Assn.%20Kids page 2 -> https://www.myntra.com/gateway/v4/search/shirts?f=Brand%3AU.S.+Polo+Assn.+Kids&rows=50&o=50&plaEnabled=false&xdEnabled=false&isFacet=true&p=2 | run_id=run_20260928_230049_839051_c9d20f | brand=U.S. Polo Assn. | page=2 | route=https://www.myntra.com/shirts?f=Brand%3AU.S.%20Polo%20Assn.%20Kids | seen=50 | expected=803
2026-09-28 23:07:32 | INFO    | PDP       | Processed 50 target products for U.S. Polo Assn. in 4s (836.34 products/min). | run_id=run_20260928_230049_839051_c9d20f | brand=U.S. Polo Assn. | saved=50 | elapsed_label=4s | products_per_minute=836.34
2026-09-28 23:07:32 | INFO    | LISTING   | Listing U.S. Polo Assn. route https://www.myntra.com/shirts?f=Brand%3AU.S.%20Polo%20Assn.%20Kids page 3 -> https://www.myntra.com/gateway/v4/search/shirts?f=Brand%3AU.S.+Polo+Assn.+Kids&rows=50&o=100&plaEnabled=false&xdEnabled=false&isFacet=true&p=3 | run_id=run_20260928_230049_839051_c9d20f | brand=U.S. Polo Assn. | page=3 | route=https://www.myntra.com/shirts?f=Brand%3AU.S.%20Polo%20Assn.%20Kids | seen=100 | expected=803
2026-09-28 23:07:36 | INFO    | PDP       | Processed 50 target products for U.S. Polo Assn. in 3s (898.54 products/min). | run_id=run_20260928_230049_839051_c9d20f | brand=U.S. Polo Assn. | saved=50 | elapsed_label=3s | products_per_minute=898.54
2026-09-28 23:07:37 | INFO    | LISTING   | Listing U.S. Polo Assn. route https://www.myntra.com/shirts?f=Brand%3AU.S.%20Polo%20Assn.%20Kids page 4 -> https://www.myntra.com/gateway/v4/search/shirts?f=Brand%3AU.S.+Polo+Assn.+Kids&rows=50&o=150&plaEnabled=false&xdEnabled=false&isFacet=true&p=4 | run_id=run_20260928_230049_839051_c9d20f | brand=U.S. Polo Assn. | page=4 | route=https://www.myntra.com/shirts?f=Brand%3AU.S.%20Polo%20Assn.%20Kids | seen=150 | expected=803
2026-09-28 23:07:41 | INFO    | PDP       | Processed 50 target products for U.S. Polo Assn. in 3s (913.86 products/min). | run_id=run_20260928_230049_839051_c9d20f | brand=U.S. Polo Assn. | saved=50 | elapsed_label=3s | products_per_minute=913.86
2026-09-28 23:07:41 | INFO    | LISTING   | Listing U.S. Polo Assn. route https://www.myntra.com/shirts?f=Brand%3AU.S.%20Polo%20Assn.%20Kids page 5 -> https://www.myntra.com/gateway/v4/search/shirts?f=Brand%3AU.S.+Polo+Assn.+Kids&rows=50&o=200&plaEnabled=false&xdEnabled=false&isFacet=true&p=5 | run_id=run_20260928_230049_839051_c9d20f | brand=U.S. Polo Assn. | page=5 | route=https://www.myntra.com/shirts?f=Brand%3AU.S.%20Polo%20Assn.%20Kids | seen=200 | expected=803
2026-09-28 23:07:45 | INFO    | PDP       | Processed 50 target products for U.S. Polo Assn. in 3s (903.9 products/min). | run_id=run_20260928_230049_839051_c9d20f | brand=U.S. Polo Assn. | saved=50 | elapsed_label=3s | products_per_minute=903.9
2026-09-28 23:07:45 | INFO    | LISTING   | Listing U.S. Polo Assn. route https://www.myntra.com/shirts?f=Brand%3AU.S.%20Polo%20Assn.%20Kids page 6 -> https://www.myntra.com/gateway/v4/search/shirts?f=Brand%3AU.S.+Polo+Assn.+Kids&rows=50&o=250&plaEnabled=false&xdEnabled=false&isFacet=true&p=6 | run_id=run_20260928_230049_839051_c9d20f | brand=U.S. Polo Assn. | page=6 | route=https://www.myntra.com/shirts?f=Brand%3AU.S.%20Polo%20Assn.%20Kids | seen=250 | expected=803
2026-09-28 23:07:50 | INFO    | PDP       | Processed 47 target products for U.S. Polo Assn. in 3s (848.56 products/min). | run_id=run_20260928_230049_839051_c9d20f | brand=U.S. Polo Assn. | saved=47 | elapsed_label=3s | products_per_minute=848.56
2026-09-28 23:07:50 | INFO    | LISTING   | Listing U.S. Polo Assn. route https://www.myntra.com/shirts?f=Brand%3AU.S.%20Polo%20Assn.%20Kids page 7 -> https://www.myntra.com/gateway/v4/search/shirts?f=Brand%3AU.S.+Polo+Assn.+Kids&rows=50&o=300&plaEnabled=false&xdEnabled=false&isFacet=true&p=7 | run_id=run_20260928_230049_839051_c9d20f | brand=U.S. Polo Assn. | page=7 | route=https://www.myntra.com/shirts?f=Brand%3AU.S.%20Polo%20Assn.%20Kids | seen=297 | expected=803
2026-09-28 23:07:54 | INFO    | PDP       | Processed 50 target products for U.S. Polo Assn. in 3s (921.3 products/min). | run_id=run_20260928_230049_839051_c9d20f | brand=U.S. Polo Assn. | saved=50 | elapsed_label=3s | products_per_minute=921.3
2026-09-28 23:07:54 | INFO    | LISTING   | Listing U.S. Polo Assn. route https://www.myntra.com/shirts?f=Brand%3AU.S.%20Polo%20Assn.%20Kids page 8 -> https://www.myntra.com/gateway/v4/search/shirts?f=Brand%3AU.S.+Polo+Assn.+Kids&rows=50&o=350&plaEnabled=false&xdEnabled=false&isFacet=true&p=8 | run_id=run_20260928_230049_839051_c9d20f | brand=U.S. Polo Assn. | page=8 | route=https://www.myntra.com/shirts?f=Brand%3AU.S.%20Polo%20Assn.%20Kids | seen=347 | expected=803
2026-09-28 23:07:58 | INFO    | PDP       | Processed 50 target products for U.S. Polo Assn. in 4s (854.83 products/min). | run_id=run_20260928_230049_839051_c9d20f | brand=U.S. Polo Assn. | saved=50 | elapsed_label=4s | products_per_minute=854.83
2026-09-28 23:07:59 | INFO    | LISTING   | Listing U.S. Polo Assn. route https://www.myntra.com/shirts?f=Brand%3AU.S.%20Polo%20Assn.%20Kids page 9 -> https://www.myntra.com/gateway/v4/search/shirts?f=Brand%3AU.S.+Polo+Assn.+Kids&rows=50&o=400&plaEnabled=false&xdEnabled=false&isFacet=true&p=9 | run_id=run_20260928_230049_839051_c9d20f | brand=U.S. Polo Assn. | page=9 | route=https://www.myntra.com/shirts?f=Brand%3AU.S.%20Polo%20Assn.%20Kids | seen=397 | expected=803
2026-09-28 23:08:03 | INFO    | PDP       | Processed 50 target products for U.S. Polo Assn. in 3s (936.07 products/min). | run_id=run_20260928_230049_839051_c9d20f | brand=U.S. Polo Assn. | saved=50 | elapsed_label=3s | products_per_minute=936.07
2026-09-28 23:08:03 | INFO    | LISTING   | Listing U.S. Polo Assn. route https://www.myntra.com/shirts?f=Brand%3AU.S.%20Polo%20Assn.%20Kids page 10 -> https://www.myntra.com/gateway/v4/search/shirts?f=Brand%3AU.S.+Polo+Assn.+Kids&rows=50&o=450&plaEnabled=false&xdEnabled=false&isFacet=true&p=10 | run_id=run_20260928_230049_839051_c9d20f | brand=U.S. Polo Assn. | page=10 | route=https://www.myntra.com/shirts?f=Brand%3AU.S.%20Polo%20Assn.%20Kids | seen=447 | expected=803
2026-09-28 23:08:07 | INFO    | PDP       | Processed 50 target products for U.S. Polo Assn. in 3s (928.05 products/min). | run_id=run_20260928_230049_839051_c9d20f | brand=U.S. Polo Assn. | saved=50 | elapsed_label=3s | products_per_minute=928.05
2026-09-28 23:08:07 | INFO    | LISTING   | Listing U.S. Polo Assn. route https://www.myntra.com/shirts?f=Brand%3AU.S.%20Polo%20Assn.%20Kids page 11 -> https://www.myntra.com/gateway/v4/search/shirts?f=Brand%3AU.S.+Polo+Assn.+Kids&rows=50&o=500&plaEnabled=false&xdEnabled=false&isFacet=true&p=11 | run_id=run_20260928_230049_839051_c9d20f | brand=U.S. Polo Assn. | page=11 | route=https://www.myntra.com/shirts?f=Brand%3AU.S.%20Polo%20Assn.%20Kids | seen=497 | expected=803
2026-09-28 23:08:12 | INFO    | PDP       | Processed 50 target products for U.S. Polo Assn. in 3s (862.49 products/min). | run_id=run_20260928_230049_839051_c9d20f | brand=U.S. Polo Assn. | saved=50 | elapsed_label=3s | products_per_minute=862.49
2026-09-28 23:08:12 | INFO    | LISTING   | Listing U.S. Polo Assn. route https://www.myntra.com/shirts?f=Brand%3AU.S.%20Polo%20Assn.%20Kids page 12 -> https://www.myntra.com/gateway/v4/search/shirts?f=Brand%3AU.S.+Polo+Assn.+Kids&rows=50&o=550&plaEnabled=false&xdEnabled=false&isFacet=true&p=12 | run_id=run_20260928_230049_839051_c9d20f | brand=U.S. Polo Assn. | page=12 | route=https://www.myntra.com/shirts?f=Brand%3AU.S.%20Polo%20Assn.%20Kids | seen=547 | expected=803
2026-09-28 23:08:17 | INFO    | PDP       | Processed 50 target products for U.S. Polo Assn. in 3s (944.21 products/min). | run_id=run_20260928_230049_839051_c9d20f | brand=U.S. Polo Assn. | saved=50 | elapsed_label=3s | products_per_minute=944.21
2026-09-28 23:08:17 | INFO    | LISTING   | Listing U.S. Polo Assn. route https://www.myntra.com/shirts?f=Brand%3AU.S.%20Polo%20Assn.%20Kids page 13 -> https://www.myntra.com/gateway/v4/search/shirts?f=Brand%3AU.S.+Polo+Assn.+Kids&rows=50&o=600&plaEnabled=false&xdEnabled=false&isFacet=true&p=13 | run_id=run_20260928_230049_839051_c9d20f | brand=U.S. Polo Assn. | page=13 | route=https://www.myntra.com/shirts?f=Brand%3AU.S.%20Polo%20Assn.%20Kids | seen=597 | expected=803
2026-09-28 23:08:21 | INFO    | PDP       | Processed 50 target products for U.S. Polo Assn. in 3s (883.73 products/min). | run_id=run_20260928_230049_839051_c9d20f | brand=U.S. Polo Assn. | saved=50 | elapsed_label=3s | products_per_minute=883.73
2026-09-28 23:08:21 | INFO    | LISTING   | Listing U.S. Polo Assn. route https://www.myntra.com/shirts?f=Brand%3AU.S.%20Polo%20Assn.%20Kids page 14 -> https://www.myntra.com/gateway/v4/search/shirts?f=Brand%3AU.S.+Polo+Assn.+Kids&rows=50&o=650&plaEnabled=false&xdEnabled=false&isFacet=true&p=14 | run_id=run_20260928_230049_839051_c9d20f | brand=U.S. Polo Assn. | page=14 | route=https://www.myntra.com/shirts?f=Brand%3AU.S.%20Polo%20Assn.%20Kids | seen=647 | expected=803
2026-09-28 23:08:25 | INFO    | PDP       | Processed 50 target products for U.S. Polo Assn. in 3s (865.75 products/min). | run_id=run_20260928_230049_839051_c9d20f | brand=U.S. Polo Assn. | saved=50 | elapsed_label=3s | products_per_minute=865.75
2026-09-28 23:08:26 | INFO    | LISTING   | Listing U.S. Polo Assn. route https://www.myntra.com/shirts?f=Brand%3AU.S.%20Polo%20Assn.%20Kids page 15 -> https://www.myntra.com/gateway/v4/search/shirts?f=Brand%3AU.S.+Polo+Assn.+Kids&rows=50&o=700&plaEnabled=false&xdEnabled=false&isFacet=true&p=15 | run_id=run_20260928_230049_839051_c9d20f | brand=U.S. Polo Assn. | page=15 | route=https://www.myntra.com/shirts?f=Brand%3AU.S.%20Polo%20Assn.%20Kids | seen=697 | expected=803
2026-09-28 23:08:29 | INFO    | PDP       | Processed 50 target products for U.S. Polo Assn. in 3s (1082.78 products/min). | run_id=run_20260928_230049_839051_c9d20f | brand=U.S. Polo Assn. | saved=50 | elapsed_label=3s | products_per_minute=1082.78
2026-09-28 23:08:30 | INFO    | LISTING   | Listing U.S. Polo Assn. route https://www.myntra.com/shirts?f=Brand%3AU.S.%20Polo%20Assn.%20Kids page 16 -> https://www.myntra.com/gateway/v4/search/shirts?f=Brand%3AU.S.+Polo+Assn.+Kids&rows=50&o=750&plaEnabled=false&xdEnabled=false&isFacet=true&p=16 | run_id=run_20260928_230049_839051_c9d20f | brand=U.S. Polo Assn. | page=16 | route=https://www.myntra.com/shirts?f=Brand%3AU.S.%20Polo%20Assn.%20Kids | seen=747 | expected=803
2026-09-28 23:08:33 | INFO    | PDP       | Processed 50 target products for U.S. Polo Assn. in 3s (939.92 products/min). | run_id=run_20260928_230049_839051_c9d20f | brand=U.S. Polo Assn. | saved=50 | elapsed_label=3s | products_per_minute=939.92
2026-09-28 23:08:34 | INFO    | LISTING   | Listing U.S. Polo Assn. route https://www.myntra.com/shirts?f=Brand%3AU.S.%20Polo%20Assn.%20Kids page 17 -> https://www.myntra.com/gateway/v4/search/shirts?f=Brand%3AU.S.+Polo+Assn.+Kids&rows=50&o=800&plaEnabled=false&xdEnabled=false&isFacet=true&p=17 | run_id=run_20260928_230049_839051_c9d20f | brand=U.S. Polo Assn. | page=17 | route=https://www.myntra.com/shirts?f=Brand%3AU.S.%20Polo%20Assn.%20Kids | seen=797 | expected=803
2026-09-28 23:08:35 | INFO    | PDP       | Processed 1 target products for U.S. Polo Assn. in 1s (68.17 products/min). | run_id=run_20260928_230049_839051_c9d20f | brand=U.S. Polo Assn. | saved=1 | elapsed_label=1s | products_per_minute=68.17
2026-09-28 23:08:35 | INFO    | LISTING   | Listing U.S. Polo Assn. route https://www.myntra.com/shirts?f=Brand%3AU.S.%20Polo%20Assn.%20Kids page 18 -> https://www.myntra.com/gateway/v4/search/shirts?f=Brand%3AU.S.+Polo+Assn.+Kids&rows=50&o=850&plaEnabled=false&xdEnabled=false&isFacet=true&p=18 | run_id=run_20260928_230049_839051_c9d20f | brand=U.S. Polo Assn. | page=18 | route=https://www.myntra.com/shirts?f=Brand%3AU.S.%20Polo%20Assn.%20Kids | seen=798 | expected=803
2026-09-28 23:08:36 | WARNING | LISTING   | Empty listing page for U.S. Polo Assn. on page 18 before expected end; continuing. | run_id=run_20260928_230049_839051_c9d20f | brand=U.S. Polo Assn. | page=18 | route=https://www.myntra.com/shirts?f=Brand%3AU.S.%20Polo%20Assn.%20Kids
2026-09-28 23:08:36 | INFO    | LISTING   | Listing U.S. Polo Assn. route https://www.myntra.com/shirts?f=Brand%3AU.S.%20Polo%20Assn.%20Kids page 19 -> https://www.myntra.com/gateway/v4/search/shirts?f=Brand%3AU.S.+Polo+Assn.+Kids&rows=50&o=900&plaEnabled=false&xdEnabled=false&isFacet=true&p=19 | run_id=run_20260928_230049_839051_c9d20f | brand=U.S. Polo Assn. | page=19 | route=https://www.myntra.com/shirts?f=Brand%3AU.S.%20Polo%20Assn.%20Kids | seen=798 | expected=803
2026-09-28 23:08:37 | WARNING | NETWORK   | JSON request failed for https://www.myntra.com/gateway/v4/search/shirts?f=Brand%3AU.S.+Polo+Assn.+Kids&rows=50&o=900&plaEnabled=false&xdEnabled=false&isFacet=true&p=19 on attempt 1/3: HTTP Error 400:  | run_id=run_20260928_230049_839051_c9d20f | route=https://www.myntra.com/gateway/v4/search/shirts?f=Brand%3AU.S.+Polo+Assn.+Kids&rows=50&o=900&plaEnabled=false&xdEnabled=false&isFacet=true&p=19 | attempt=1/3
2026-09-28 23:08:39 | WARNING | NETWORK   | JSON request failed for https://www.myntra.com/gateway/v4/search/shirts?f=Brand%3AU.S.+Polo+Assn.+Kids&rows=50&o=900&plaEnabled=false&xdEnabled=false&isFacet=true&p=19 on attempt 2/3: HTTP Error 400:  | run_id=run_20260928_230049_839051_c9d20f | route=https://www.myntra.com/gateway/v4/search/shirts?f=Brand%3AU.S.+Polo+Assn.+Kids&rows=50&o=900&plaEnabled=false&xdEnabled=false&isFacet=true&p=19 | attempt=2/3
2026-09-28 23:08:41 | WARNING | NETWORK   | JSON request failed for https://www.myntra.com/gateway/v4/search/shirts?f=Brand%3AU.S.+Polo+Assn.+Kids&rows=50&o=900&plaEnabled=false&xdEnabled=false&isFacet=true&p=19 on attempt 3/3: HTTP Error 400:  | run_id=run_20260928_230049_839051_c9d20f | route=https://www.myntra.com/gateway/v4/search/shirts?f=Brand%3AU.S.+Polo+Assn.+Kids&rows=50&o=900&plaEnabled=false&xdEnabled=false&isFacet=true&p=19 | attempt=3/3
2026-09-28 23:08:42 | WARNING | NETWORK   | JSON request failed for https://www.myntra.com/gateway/v4/search/shirts?f=Brand%3AU.S.+Polo+Assn.+Kids&rows=50&o=899&plaEnabled=false&xdEnabled=false&isFacet=true&p=19 on attempt 1/3: HTTP Error 400:  | run_id=run_20260928_230049_839051_c9d20f | route=https://www.myntra.com/gateway/v4/search/shirts?f=Brand%3AU.S.+Polo+Assn.+Kids&rows=50&o=899&plaEnabled=false&xdEnabled=false&isFacet=true&p=19 | attempt=1/3
2026-09-28 23:08:44 | WARNING | NETWORK   | JSON request failed for https://www.myntra.com/gateway/v4/search/shirts?f=Brand%3AU.S.+Polo+Assn.+Kids&rows=50&o=899&plaEnabled=false&xdEnabled=false&isFacet=true&p=19 on attempt 2/3: HTTP Error 400:  | run_id=run_20260928_230049_839051_c9d20f | route=https://www.myntra.com/gateway/v4/search/shirts?f=Brand%3AU.S.+Polo+Assn.+Kids&rows=50&o=899&plaEnabled=false&xdEnabled=false&isFacet=true&p=19 | attempt=2/3
2026-09-28 23:08:46 | WARNING | NETWORK   | JSON request failed for https://www.myntra.com/gateway/v4/search/shirts?f=Brand%3AU.S.+Polo+Assn.+Kids&rows=50&o=899&plaEnabled=false&xdEnabled=false&isFacet=true&p=19 on attempt 3/3: HTTP Error 400:  | run_id=run_20260928_230049_839051_c9d20f | route=https://www.myntra.com/gateway/v4/search/shirts?f=Brand%3AU.S.+Polo+Assn.+Kids&rows=50&o=899&plaEnabled=false&xdEnabled=false&isFacet=true&p=19 | attempt=3/3
2026-09-28 23:08:47 | WARNING | LISTING   | Route fetch failed for https://www.myntra.com/shirts?f=Brand%3AU.S.%20Polo%20Assn.%20Kids page 19 (Failed to fetch JSON payload from https://www.myntra.com/gateway/v4/search/shirts?f=Brand%3AU.S.+Polo+Assn.+Kids&rows=50&o=899&plaEnabled=false&xdEnabled=false&isFacet=true&p=19: HTTP Error 400: ). Will retry with another pass or fallback route. | run_id=run_20260928_230049_839051_c9d20f | brand=U.S. Polo Assn. | page=19 | route=https://www.myntra.com/shirts?f=Brand%3AU.S.%20Polo%20Assn.%20Kids
2026-09-28 23:08:47 | WARNING | BRAND     | Brand U.S. Polo Assn. finished below expected count: saw 4880 unique shirts products vs expected 4897. | run_id=run_20260928_230049_839051_c9d20f | brand=U.S. Polo Assn. | seen=4880 | expected=4897
2026-09-28 23:08:47 | INFO    | BRAND     | Brand scrape completed in 7m 56s (614.83 products/min). | run_id=run_20260928_230049_839051_c9d20f | brand=U.S. Polo Assn. | status=COMPLETED | saved=4880 | seen=4880 | expected=4897 | elapsed_label=7m 56s | products_per_minute=614.83
2026-09-28 23:08:47 | INFO    | BRAND     | Resolving brand routes. | run_id=run_20260928_230049_839051_c9d20f | brand=Jack & Jones
2026-09-28 23:08:48 | INFO    | BRAND     | Resolved Jack & Jones -> 2 routes (best brand total=1541): https://www.myntra.com/shirts?f=Brand%3AJack%20%26%20Jones, https://www.myntra.com/shirts?f=Brand%3AJack%20%26%20Jones%20Junior | run_id=run_20260928_230049_839051_c9d20f | brand=Jack & Jones | expected=1541
2026-09-28 23:08:48 | INFO    | BRAND     | Starting brand scrape. | run_id=run_20260928_230049_839051_c9d20f | brand=Jack & Jones | expected=1717
2026-09-28 23:08:48 | INFO    | LISTING   | Listing Jack & Jones route https://www.myntra.com/shirts?f=Brand%3AJack%20%26%20Jones page 1 -> https://www.myntra.com/gateway/v4/search/shirts?f=Brand%3AJack+%26+Jones&rows=50&o=0&plaEnabled=false&xdEnabled=false&isFacet=true&p=1 | run_id=run_20260928_230049_839051_c9d20f | brand=Jack & Jones | page=1 | route=https://www.myntra.com/shirts?f=Brand%3AJack%20%26%20Jones | seen=0 | expected=1541
2026-09-28 23:08:53 | INFO    | PDP       | Processed 50 target products for Jack & Jones in 3s (974.67 products/min). | run_id=run_20260928_230049_839051_c9d20f | brand=Jack & Jones | saved=50 | elapsed_label=3s | products_per_minute=974.67
2026-09-28 23:08:53 | INFO    | LISTING   | Listing Jack & Jones route https://www.myntra.com/shirts?f=Brand%3AJack%20%26%20Jones page 2 -> https://www.myntra.com/gateway/v4/search/shirts?f=Brand%3AJack+%26+Jones&rows=50&o=50&plaEnabled=false&xdEnabled=false&isFacet=true&p=2 | run_id=run_20260928_230049_839051_c9d20f | brand=Jack & Jones | page=2 | route=https://www.myntra.com/shirts?f=Brand%3AJack%20%26%20Jones | seen=50 | expected=1541
2026-09-28 23:08:57 | INFO    | PDP       | Processed 50 target products for Jack & Jones in 3s (953.99 products/min). | run_id=run_20260928_230049_839051_c9d20f | brand=Jack & Jones | saved=50 | elapsed_label=3s | products_per_minute=953.99
2026-09-28 23:08:57 | INFO    | LISTING   | Listing Jack & Jones route https://www.myntra.com/shirts?f=Brand%3AJack%20%26%20Jones page 3 -> https://www.myntra.com/gateway/v4/search/shirts?f=Brand%3AJack+%26+Jones&rows=50&o=100&plaEnabled=false&xdEnabled=false&isFacet=true&p=3 | run_id=run_20260928_230049_839051_c9d20f | brand=Jack & Jones | page=3 | route=https://www.myntra.com/shirts?f=Brand%3AJack%20%26%20Jones | seen=100 | expected=1541
2026-09-28 23:09:01 | INFO    | PDP       | Processed 50 target products for Jack & Jones in 3s (883.85 products/min). | run_id=run_20260928_230049_839051_c9d20f | brand=Jack & Jones | saved=50 | elapsed_label=3s | products_per_minute=883.85
2026-09-28 23:09:01 | INFO    | LISTING   | Listing Jack & Jones route https://www.myntra.com/shirts?f=Brand%3AJack%20%26%20Jones page 4 -> https://www.myntra.com/gateway/v4/search/shirts?f=Brand%3AJack+%26+Jones&rows=50&o=150&plaEnabled=false&xdEnabled=false&isFacet=true&p=4 | run_id=run_20260928_230049_839051_c9d20f | brand=Jack & Jones | page=4 | route=https://www.myntra.com/shirts?f=Brand%3AJack%20%26%20Jones | seen=150 | expected=1541
2026-09-28 23:09:05 | INFO    | PDP       | Processed 50 target products for Jack & Jones in 3s (978.62 products/min). | run_id=run_20260928_230049_839051_c9d20f | brand=Jack & Jones | saved=50 | elapsed_label=3s | products_per_minute=978.62
2026-09-28 23:09:05 | INFO    | LISTING   | Listing Jack & Jones route https://www.myntra.com/shirts?f=Brand%3AJack%20%26%20Jones page 5 -> https://www.myntra.com/gateway/v4/search/shirts?f=Brand%3AJack+%26+Jones&rows=50&o=200&plaEnabled=false&xdEnabled=false&isFacet=true&p=5 | run_id=run_20260928_230049_839051_c9d20f | brand=Jack & Jones | page=5 | route=https://www.myntra.com/shirts?f=Brand%3AJack%20%26%20Jones | seen=200 | expected=1541
2026-09-28 23:09:10 | INFO    | PDP       | Processed 50 target products for Jack & Jones in 4s (749.23 products/min). | run_id=run_20260928_230049_839051_c9d20f | brand=Jack & Jones | saved=50 | elapsed_label=4s | products_per_minute=749.23
2026-09-28 23:09:11 | INFO    | LISTING   | Listing Jack & Jones route https://www.myntra.com/shirts?f=Brand%3AJack%20%26%20Jones page 6 -> https://www.myntra.com/gateway/v4/search/shirts?f=Brand%3AJack+%26+Jones&rows=50&o=250&plaEnabled=false&xdEnabled=false&isFacet=true&p=6 | run_id=run_20260928_230049_839051_c9d20f | brand=Jack & Jones | page=6 | route=https://www.myntra.com/shirts?f=Brand%3AJack%20%26%20Jones | seen=250 | expected=1541
2026-09-28 23:09:15 | INFO    | PDP       | Processed 49 target products for Jack & Jones in 4s (820.16 products/min). | run_id=run_20260928_230049_839051_c9d20f | brand=Jack & Jones | saved=49 | elapsed_label=4s | products_per_minute=820.16
2026-09-28 23:09:15 | INFO    | LISTING   | Listing Jack & Jones route https://www.myntra.com/shirts?f=Brand%3AJack%20%26%20Jones page 7 -> https://www.myntra.com/gateway/v4/search/shirts?f=Brand%3AJack+%26+Jones&rows=50&o=300&plaEnabled=false&xdEnabled=false&isFacet=true&p=7 | run_id=run_20260928_230049_839051_c9d20f | brand=Jack & Jones | page=7 | route=https://www.myntra.com/shirts?f=Brand%3AJack%20%26%20Jones | seen=299 | expected=1541
2026-09-28 23:09:20 | INFO    | PDP       | Processed 50 target products for Jack & Jones in 4s (698.6 products/min). | run_id=run_20260928_230049_839051_c9d20f | brand=Jack & Jones | saved=50 | elapsed_label=4s | products_per_minute=698.6
2026-09-28 23:09:20 | INFO    | LISTING   | Listing Jack & Jones route https://www.myntra.com/shirts?f=Brand%3AJack%20%26%20Jones page 8 -> https://www.myntra.com/gateway/v4/search/shirts?f=Brand%3AJack+%26+Jones&rows=50&o=350&plaEnabled=false&xdEnabled=false&isFacet=true&p=8 | run_id=run_20260928_230049_839051_c9d20f | brand=Jack & Jones | page=8 | route=https://www.myntra.com/shirts?f=Brand%3AJack%20%26%20Jones | seen=349 | expected=1541
2026-09-28 23:09:24 | INFO    | PDP       | Processed 50 target products for Jack & Jones in 3s (1038.78 products/min). | run_id=run_20260928_230049_839051_c9d20f | brand=Jack & Jones | saved=50 | elapsed_label=3s | products_per_minute=1038.78
2026-09-28 23:09:24 | INFO    | LISTING   | Listing Jack & Jones route https://www.myntra.com/shirts?f=Brand%3AJack%20%26%20Jones page 9 -> https://www.myntra.com/gateway/v4/search/shirts?f=Brand%3AJack+%26+Jones&rows=50&o=400&plaEnabled=false&xdEnabled=false&isFacet=true&p=9 | run_id=run_20260928_230049_839051_c9d20f | brand=Jack & Jones | page=9 | route=https://www.myntra.com/shirts?f=Brand%3AJack%20%26%20Jones | seen=399 | expected=1541
2026-09-28 23:09:29 | INFO    | PDP       | Processed 50 target products for Jack & Jones in 4s (791.34 products/min). | run_id=run_20260928_230049_839051_c9d20f | brand=Jack & Jones | saved=50 | elapsed_label=4s | products_per_minute=791.34
2026-09-28 23:09:29 | INFO    | LISTING   | Listing Jack & Jones route https://www.myntra.com/shirts?f=Brand%3AJack%20%26%20Jones page 10 -> https://www.myntra.com/gateway/v4/search/shirts?f=Brand%3AJack+%26+Jones&rows=50&o=450&plaEnabled=false&xdEnabled=false&isFacet=true&p=10 | run_id=run_20260928_230049_839051_c9d20f | brand=Jack & Jones | page=10 | route=https://www.myntra.com/shirts?f=Brand%3AJack%20%26%20Jones | seen=449 | expected=1541
2026-09-28 23:09:34 | INFO    | PDP       | Processed 50 target products for Jack & Jones in 4s (694.28 products/min). | run_id=run_20260928_230049_839051_c9d20f | brand=Jack & Jones | saved=50 | elapsed_label=4s | products_per_minute=694.28
2026-09-28 23:09:35 | INFO    | LISTING   | Listing Jack & Jones route https://www.myntra.com/shirts?f=Brand%3AJack%20%26%20Jones page 11 -> https://www.myntra.com/gateway/v4/search/shirts?f=Brand%3AJack+%26+Jones&rows=50&o=500&plaEnabled=false&xdEnabled=false&isFacet=true&p=11 | run_id=run_20260928_230049_839051_c9d20f | brand=Jack & Jones | page=11 | route=https://www.myntra.com/shirts?f=Brand%3AJack%20%26%20Jones | seen=499 | expected=1541
2026-09-28 23:09:38 | INFO    | PDP       | Processed 50 target products for Jack & Jones in 3s (1052.34 products/min). | run_id=run_20260928_230049_839051_c9d20f | brand=Jack & Jones | saved=50 | elapsed_label=3s | products_per_minute=1052.34
2026-09-28 23:09:38 | INFO    | LISTING   | Listing Jack & Jones route https://www.myntra.com/shirts?f=Brand%3AJack%20%26%20Jones page 12 -> https://www.myntra.com/gateway/v4/search/shirts?f=Brand%3AJack+%26+Jones&rows=50&o=550&plaEnabled=false&xdEnabled=false&isFacet=true&p=12 | run_id=run_20260928_230049_839051_c9d20f | brand=Jack & Jones | page=12 | route=https://www.myntra.com/shirts?f=Brand%3AJack%20%26%20Jones | seen=549 | expected=1541
2026-09-28 23:09:43 | INFO    | PDP       | Processed 50 target products for Jack & Jones in 4s (732.52 products/min). | run_id=run_20260928_230049_839051_c9d20f | brand=Jack & Jones | saved=50 | elapsed_label=4s | products_per_minute=732.52
2026-09-28 23:09:44 | INFO    | LISTING   | Listing Jack & Jones route https://www.myntra.com/shirts?f=Brand%3AJack%20%26%20Jones page 13 -> https://www.myntra.com/gateway/v4/search/shirts?f=Brand%3AJack+%26+Jones&rows=50&o=600&plaEnabled=false&xdEnabled=false&isFacet=true&p=13 | run_id=run_20260928_230049_839051_c9d20f | brand=Jack & Jones | page=13 | route=https://www.myntra.com/shirts?f=Brand%3AJack%20%26%20Jones | seen=599 | expected=1541
2026-09-28 23:09:48 | INFO    | PDP       | Processed 50 target products for Jack & Jones in 3s (888.33 products/min). | run_id=run_20260928_230049_839051_c9d20f | brand=Jack & Jones | saved=50 | elapsed_label=3s | products_per_minute=888.33
2026-09-28 23:09:48 | INFO    | LISTING   | Listing Jack & Jones route https://www.myntra.com/shirts?f=Brand%3AJack%20%26%20Jones page 14 -> https://www.myntra.com/gateway/v4/search/shirts?f=Brand%3AJack+%26+Jones&rows=50&o=650&plaEnabled=false&xdEnabled=false&isFacet=true&p=14 | run_id=run_20260928_230049_839051_c9d20f | brand=Jack & Jones | page=14 | route=https://www.myntra.com/shirts?f=Brand%3AJack%20%26%20Jones | seen=649 | expected=1541
2026-09-28 23:09:52 | INFO    | PDP       | Processed 50 target products for Jack & Jones in 4s (803.86 products/min). | run_id=run_20260928_230049_839051_c9d20f | brand=Jack & Jones | saved=50 | elapsed_label=4s | products_per_minute=803.86
2026-09-28 23:09:53 | INFO    | LISTING   | Listing Jack & Jones route https://www.myntra.com/shirts?f=Brand%3AJack%20%26%20Jones page 15 -> https://www.myntra.com/gateway/v4/search/shirts?f=Brand%3AJack+%26+Jones&rows=50&o=700&plaEnabled=false&xdEnabled=false&isFacet=true&p=15 | run_id=run_20260928_230049_839051_c9d20f | brand=Jack & Jones | page=15 | route=https://www.myntra.com/shirts?f=Brand%3AJack%20%26%20Jones | seen=699 | expected=1541
2026-09-28 23:09:58 | INFO    | PDP       | Processed 49 target products for Jack & Jones in 4s (685.75 products/min). | run_id=run_20260928_230049_839051_c9d20f | brand=Jack & Jones | saved=49 | elapsed_label=4s | products_per_minute=685.75
2026-09-28 23:09:58 | INFO    | LISTING   | Listing Jack & Jones route https://www.myntra.com/shirts?f=Brand%3AJack%20%26%20Jones page 16 -> https://www.myntra.com/gateway/v4/search/shirts?f=Brand%3AJack+%26+Jones&rows=50&o=750&plaEnabled=false&xdEnabled=false&isFacet=true&p=16 | run_id=run_20260928_230049_839051_c9d20f | brand=Jack & Jones | page=16 | route=https://www.myntra.com/shirts?f=Brand%3AJack%20%26%20Jones | seen=748 | expected=1541
2026-09-28 23:10:03 | INFO    | PDP       | Processed 50 target products for Jack & Jones in 4s (769.44 products/min). | run_id=run_20260928_230049_839051_c9d20f | brand=Jack & Jones | saved=50 | elapsed_label=4s | products_per_minute=769.44
2026-09-28 23:10:03 | INFO    | LISTING   | Listing Jack & Jones route https://www.myntra.com/shirts?f=Brand%3AJack%20%26%20Jones page 17 -> https://www.myntra.com/gateway/v4/search/shirts?f=Brand%3AJack+%26+Jones&rows=50&o=800&plaEnabled=false&xdEnabled=false&isFacet=true&p=17 | run_id=run_20260928_230049_839051_c9d20f | brand=Jack & Jones | page=17 | route=https://www.myntra.com/shirts?f=Brand%3AJack%20%26%20Jones | seen=798 | expected=1541
2026-09-28 23:10:07 | INFO    | PDP       | Processed 50 target products for Jack & Jones in 3s (909.94 products/min). | run_id=run_20260928_230049_839051_c9d20f | brand=Jack & Jones | saved=50 | elapsed_label=3s | products_per_minute=909.94
2026-09-28 23:10:07 | INFO    | LISTING   | Listing Jack & Jones route https://www.myntra.com/shirts?f=Brand%3AJack%20%26%20Jones page 18 -> https://www.myntra.com/gateway/v4/search/shirts?f=Brand%3AJack+%26+Jones&rows=50&o=850&plaEnabled=false&xdEnabled=false&isFacet=true&p=18 | run_id=run_20260928_230049_839051_c9d20f | brand=Jack & Jones | page=18 | route=https://www.myntra.com/shirts?f=Brand%3AJack%20%26%20Jones | seen=848 | expected=1541
2026-09-28 23:10:12 | INFO    | PDP       | Processed 50 target products for Jack & Jones in 4s (752.64 products/min). | run_id=run_20260928_230049_839051_c9d20f | brand=Jack & Jones | saved=50 | elapsed_label=4s | products_per_minute=752.64
2026-09-28 23:10:12 | INFO    | LISTING   | Listing Jack & Jones route https://www.myntra.com/shirts?f=Brand%3AJack%20%26%20Jones page 19 -> https://www.myntra.com/gateway/v4/search/shirts?f=Brand%3AJack+%26+Jones&rows=50&o=900&plaEnabled=false&xdEnabled=false&isFacet=true&p=19 | run_id=run_20260928_230049_839051_c9d20f | brand=Jack & Jones | page=19 | route=https://www.myntra.com/shirts?f=Brand%3AJack%20%26%20Jones | seen=898 | expected=1541
2026-09-28 23:10:16 | INFO    | PDP       | Processed 50 target products for Jack & Jones in 3s (890.3 products/min). | run_id=run_20260928_230049_839051_c9d20f | brand=Jack & Jones | saved=50 | elapsed_label=3s | products_per_minute=890.3
2026-09-28 23:10:16 | INFO    | LISTING   | Listing Jack & Jones route https://www.myntra.com/shirts?f=Brand%3AJack%20%26%20Jones page 20 -> https://www.myntra.com/gateway/v4/search/shirts?f=Brand%3AJack+%26+Jones&rows=50&o=950&plaEnabled=false&xdEnabled=false&isFacet=true&p=20 | run_id=run_20260928_230049_839051_c9d20f | brand=Jack & Jones | page=20 | route=https://www.myntra.com/shirts?f=Brand%3AJack%20%26%20Jones | seen=948 | expected=1541
2026-09-28 23:10:20 | INFO    | PDP       | Processed 50 target products for Jack & Jones in 3s (887.07 products/min). | run_id=run_20260928_230049_839051_c9d20f | brand=Jack & Jones | saved=50 | elapsed_label=3s | products_per_minute=887.07
2026-09-28 23:10:21 | INFO    | LISTING   | Listing Jack & Jones route https://www.myntra.com/shirts?f=Brand%3AJack%20%26%20Jones page 21 -> https://www.myntra.com/gateway/v4/search/shirts?f=Brand%3AJack+%26+Jones&rows=50&o=1000&plaEnabled=false&xdEnabled=false&isFacet=true&p=21 | run_id=run_20260928_230049_839051_c9d20f | brand=Jack & Jones | page=21 | route=https://www.myntra.com/shirts?f=Brand%3AJack%20%26%20Jones | seen=998 | expected=1541
2026-09-28 23:10:25 | INFO    | PDP       | Processed 50 target products for Jack & Jones in 3s (892.63 products/min). | run_id=run_20260928_230049_839051_c9d20f | brand=Jack & Jones | saved=50 | elapsed_label=3s | products_per_minute=892.63
2026-09-28 23:10:25 | INFO    | LISTING   | Listing Jack & Jones route https://www.myntra.com/shirts?f=Brand%3AJack%20%26%20Jones page 22 -> https://www.myntra.com/gateway/v4/search/shirts?f=Brand%3AJack+%26+Jones&rows=50&o=1050&plaEnabled=false&xdEnabled=false&isFacet=true&p=22 | run_id=run_20260928_230049_839051_c9d20f | brand=Jack & Jones | page=22 | route=https://www.myntra.com/shirts?f=Brand%3AJack%20%26%20Jones | seen=1048 | expected=1541
2026-09-28 23:10:29 | INFO    | PDP       | Processed 49 target products for Jack & Jones in 3s (843.04 products/min). | run_id=run_20260928_230049_839051_c9d20f | brand=Jack & Jones | saved=49 | elapsed_label=3s | products_per_minute=843.04
2026-09-28 23:10:30 | INFO    | LISTING   | Listing Jack & Jones route https://www.myntra.com/shirts?f=Brand%3AJack%20%26%20Jones page 23 -> https://www.myntra.com/gateway/v4/search/shirts?f=Brand%3AJack+%26+Jones&rows=50&o=1100&plaEnabled=false&xdEnabled=false&isFacet=true&p=23 | run_id=run_20260928_230049_839051_c9d20f | brand=Jack & Jones | page=23 | route=https://www.myntra.com/shirts?f=Brand%3AJack%20%26%20Jones | seen=1097 | expected=1541
2026-09-28 23:10:34 | INFO    | PDP       | Processed 50 target products for Jack & Jones in 4s (814.03 products/min). | run_id=run_20260928_230049_839051_c9d20f | brand=Jack & Jones | saved=50 | elapsed_label=4s | products_per_minute=814.03
2026-09-28 23:10:34 | INFO    | LISTING   | Listing Jack & Jones route https://www.myntra.com/shirts?f=Brand%3AJack%20%26%20Jones page 24 -> https://www.myntra.com/gateway/v4/search/shirts?f=Brand%3AJack+%26+Jones&rows=50&o=1150&plaEnabled=false&xdEnabled=false&isFacet=true&p=24 | run_id=run_20260928_230049_839051_c9d20f | brand=Jack & Jones | page=24 | route=https://www.myntra.com/shirts?f=Brand%3AJack%20%26%20Jones | seen=1147 | expected=1541
2026-09-28 23:10:38 | INFO    | PDP       | Processed 50 target products for Jack & Jones in 3s (887.9 products/min). | run_id=run_20260928_230049_839051_c9d20f | brand=Jack & Jones | saved=50 | elapsed_label=3s | products_per_minute=887.9
2026-09-28 23:10:39 | INFO    | LISTING   | Listing Jack & Jones route https://www.myntra.com/shirts?f=Brand%3AJack%20%26%20Jones page 25 -> https://www.myntra.com/gateway/v4/search/shirts?f=Brand%3AJack+%26+Jones&rows=50&o=1200&plaEnabled=false&xdEnabled=false&isFacet=true&p=25 | run_id=run_20260928_230049_839051_c9d20f | brand=Jack & Jones | page=25 | route=https://www.myntra.com/shirts?f=Brand%3AJack%20%26%20Jones | seen=1197 | expected=1541
2026-09-28 23:10:44 | INFO    | PDP       | Processed 50 target products for Jack & Jones in 4s (735.28 products/min). | run_id=run_20260928_230049_839051_c9d20f | brand=Jack & Jones | saved=50 | elapsed_label=4s | products_per_minute=735.28
2026-09-28 23:10:44 | INFO    | LISTING   | Listing Jack & Jones route https://www.myntra.com/shirts?f=Brand%3AJack%20%26%20Jones page 26 -> https://www.myntra.com/gateway/v4/search/shirts?f=Brand%3AJack+%26+Jones&rows=50&o=1250&plaEnabled=false&xdEnabled=false&isFacet=true&p=26 | run_id=run_20260928_230049_839051_c9d20f | brand=Jack & Jones | page=26 | route=https://www.myntra.com/shirts?f=Brand%3AJack%20%26%20Jones | seen=1247 | expected=1541
2026-09-28 23:10:48 | INFO    | PDP       | Processed 47 target products for Jack & Jones in 3s (857.73 products/min). | run_id=run_20260928_230049_839051_c9d20f | brand=Jack & Jones | saved=47 | elapsed_label=3s | products_per_minute=857.73
2026-09-28 23:10:48 | INFO    | LISTING   | Listing Jack & Jones route https://www.myntra.com/shirts?f=Brand%3AJack%20%26%20Jones page 27 -> https://www.myntra.com/gateway/v4/search/shirts?f=Brand%3AJack+%26+Jones&rows=50&o=1300&plaEnabled=false&xdEnabled=false&isFacet=true&p=27 | run_id=run_20260928_230049_839051_c9d20f | brand=Jack & Jones | page=27 | route=https://www.myntra.com/shirts?f=Brand%3AJack%20%26%20Jones | seen=1294 | expected=1541
    [0;31m✗[0m Scraper timed out after 10 minutes — skipping
  [0;36m→[0m Exporting local DB (gtm_shirts_myntra)...
    [0;32m✓[0m Exported: 35598 sizes | 0 snapshots | units_sold=0 | revenue=₹0.0

[1m[0;36m[5/9] Westernwear[0m  [2m(Westerwear → westernwear_gtm :3012)[0m
  [0;36m→[0m Scraping...
2026-09-28 23:10:50 | INFO    | GENERAL   | Pre-loaded 0 existing products from DB into seen cache.
2026-09-28 23:10:51 | INFO    | BRAND     | Resolving brand routes. | run_id=run_20260928_231050_066209_100b3e | brand=ONLY
2026-09-28 23:10:55 | INFO    | BRAND     | Resolved ONLY -> 2 routes (best brand total=3239): https://www.myntra.com/women-western-wear?f=Brand%3AONLY, https://www.myntra.com/western-wear?f=Brand%3AONLY | run_id=run_20260928_231050_066209_100b3e | brand=ONLY | expected=3239
2026-09-28 23:10:55 | INFO    | BRAND     | Starting brand scrape. | run_id=run_20260928_231050_066209_100b3e | brand=ONLY | expected=3239
2026-09-28 23:10:55 | INFO    | LISTING   | Listing ONLY route https://www.myntra.com/women-western-wear?f=Brand%3AONLY page 1 -> https://www.myntra.com/gateway/v4/search/women-western-wear?f=Brand%3AONLY&rows=50&o=0&plaEnabled=false&xdEnabled=false&isFacet=true&p=1 | run_id=run_20260928_231050_066209_100b3e | brand=ONLY | page=1 | route=https://www.myntra.com/women-western-wear?f=Brand%3AONLY | seen=0 | expected=3239
2026-09-28 23:11:00 | INFO    | PDP       | Processed 50 target products for ONLY in 4s (790.57 products/min). | run_id=run_20260928_231050_066209_100b3e | brand=ONLY | saved=50 | elapsed_label=4s | products_per_minute=790.57
2026-09-28 23:11:01 | INFO    | LISTING   | Listing ONLY route https://www.myntra.com/women-western-wear?f=Brand%3AONLY page 2 -> https://www.myntra.com/gateway/v4/search/women-western-wear?f=Brand%3AONLY&rows=50&o=50&plaEnabled=false&xdEnabled=false&isFacet=true&p=2 | run_id=run_20260928_231050_066209_100b3e | brand=ONLY | page=2 | route=https://www.myntra.com/women-western-wear?f=Brand%3AONLY | seen=50 | expected=3239
2026-09-28 23:11:05 | INFO    | PDP       | Processed 50 target products for ONLY in 3s (959.44 products/min). | run_id=run_20260928_231050_066209_100b3e | brand=ONLY | saved=50 | elapsed_label=3s | products_per_minute=959.44
2026-09-28 23:11:05 | INFO    | LISTING   | Listing ONLY route https://www.myntra.com/women-western-wear?f=Brand%3AONLY page 3 -> https://www.myntra.com/gateway/v4/search/women-western-wear?f=Brand%3AONLY&rows=50&o=100&plaEnabled=false&xdEnabled=false&isFacet=true&p=3 | run_id=run_20260928_231050_066209_100b3e | brand=ONLY | page=3 | route=https://www.myntra.com/women-western-wear?f=Brand%3AONLY | seen=100 | expected=3239
2026-09-28 23:11:10 | WARNING | PDP       | PDP fetch failed for https://www.myntra.com/Dresses/ONLY/ONLY-Flared-Sleeve-A-Line-Dress/33073371/buy: PDP payload did not contain pdpData. | run_id=run_20260928_231050_066209_100b3e | brand=ONLY | route=https://www.myntra.com/Dresses/ONLY/ONLY-Flared-Sleeve-A-Line-Dress/33073371/buy
2026-09-28 23:11:10 | INFO    | PDP       | Retrying 1 PDP fetches for ONLY (retry round 1/5). | run_id=run_20260928_231050_066209_100b3e | brand=ONLY | attempt=1/5
2026-09-28 23:11:11 | INFO    | PDP       | Processed 50 target products for ONLY in 5s (596.03 products/min). | run_id=run_20260928_231050_066209_100b3e | brand=ONLY | saved=50 | elapsed_label=5s | products_per_minute=596.03
2026-09-28 23:11:12 | INFO    | LISTING   | Listing ONLY route https://www.myntra.com/women-western-wear?f=Brand%3AONLY page 4 -> https://www.myntra.com/gateway/v4/search/women-western-wear?f=Brand%3AONLY&rows=50&o=150&plaEnabled=false&xdEnabled=false&isFacet=true&p=4 | run_id=run_20260928_231050_066209_100b3e | brand=ONLY | page=4 | route=https://www.myntra.com/women-western-wear?f=Brand%3AONLY | seen=150 | expected=3239
2026-09-28 23:11:16 | INFO    | PDP       | Processed 50 target products for ONLY in 3s (858.53 products/min). | run_id=run_20260928_231050_066209_100b3e | brand=ONLY | saved=50 | elapsed_label=3s | products_per_minute=858.53
2026-09-28 23:11:17 | INFO    | LISTING   | Listing ONLY route https://www.myntra.com/women-western-wear?f=Brand%3AONLY page 5 -> https://www.myntra.com/gateway/v4/search/women-western-wear?f=Brand%3AONLY&rows=50&o=200&plaEnabled=false&xdEnabled=false&isFacet=true&p=5 | run_id=run_20260928_231050_066209_100b3e | brand=ONLY | page=5 | route=https://www.myntra.com/women-western-wear?f=Brand%3AONLY | seen=200 | expected=3239
2026-09-28 23:11:21 | INFO    | PDP       | Processed 50 target products for ONLY in 3s (915.86 products/min). | run_id=run_20260928_231050_066209_100b3e | brand=ONLY | saved=50 | elapsed_label=3s | products_per_minute=915.86
2026-09-28 23:11:21 | INFO    | LISTING   | Listing ONLY route https://www.myntra.com/women-western-wear?f=Brand%3AONLY page 6 -> https://www.myntra.com/gateway/v4/search/women-western-wear?f=Brand%3AONLY&rows=50&o=250&plaEnabled=false&xdEnabled=false&isFacet=true&p=6 | run_id=run_20260928_231050_066209_100b3e | brand=ONLY | page=6 | route=https://www.myntra.com/women-western-wear?f=Brand%3AONLY | seen=250 | expected=3239
2026-09-28 23:11:26 | INFO    | PDP       | Processed 50 target products for ONLY in 3s (868.47 products/min). | run_id=run_20260928_231050_066209_100b3e | brand=ONLY | saved=50 | elapsed_label=3s | products_per_minute=868.47
2026-09-28 23:11:26 | INFO    | LISTING   | Listing ONLY route https://www.myntra.com/women-western-wear?f=Brand%3AONLY page 7 -> https://www.myntra.com/gateway/v4/search/women-western-wear?f=Brand%3AONLY&rows=50&o=300&plaEnabled=false&xdEnabled=false&isFacet=true&p=7 | run_id=run_20260928_231050_066209_100b3e | brand=ONLY | page=7 | route=https://www.myntra.com/women-western-wear?f=Brand%3AONLY | seen=300 | expected=3239
2026-09-28 23:11:30 | INFO    | PDP       | Processed 50 target products for ONLY in 3s (911.09 products/min). | run_id=run_20260928_231050_066209_100b3e | brand=ONLY | saved=50 | elapsed_label=3s | products_per_minute=911.09
2026-09-28 23:11:31 | INFO    | LISTING   | Listing ONLY route https://www.myntra.com/women-western-wear?f=Brand%3AONLY page 8 -> https://www.myntra.com/gateway/v4/search/women-western-wear?f=Brand%3AONLY&rows=50&o=350&plaEnabled=false&xdEnabled=false&isFacet=true&p=8 | run_id=run_20260928_231050_066209_100b3e | brand=ONLY | page=8 | route=https://www.myntra.com/women-western-wear?f=Brand%3AONLY | seen=350 | expected=3239
2026-09-28 23:11:35 | INFO    | PDP       | Processed 50 target products for ONLY in 3s (944.23 products/min). | run_id=run_20260928_231050_066209_100b3e | brand=ONLY | saved=50 | elapsed_label=3s | products_per_minute=944.23
2026-09-28 23:11:35 | INFO    | LISTING   | Listing ONLY route https://www.myntra.com/women-western-wear?f=Brand%3AONLY page 9 -> https://www.myntra.com/gateway/v4/search/women-western-wear?f=Brand%3AONLY&rows=50&o=400&plaEnabled=false&xdEnabled=false&isFacet=true&p=9 | run_id=run_20260928_231050_066209_100b3e | brand=ONLY | page=9 | route=https://www.myntra.com/women-western-wear?f=Brand%3AONLY | seen=400 | expected=3239
2026-09-28 23:11:40 | INFO    | PDP       | Processed 50 target products for ONLY in 3s (861.11 products/min). | run_id=run_20260928_231050_066209_100b3e | brand=ONLY | saved=50 | elapsed_label=3s | products_per_minute=861.11
2026-09-28 23:11:40 | INFO    | LISTING   | Listing ONLY route https://www.myntra.com/women-western-wear?f=Brand%3AONLY page 10 -> https://www.myntra.com/gateway/v4/search/women-western-wear?f=Brand%3AONLY&rows=50&o=450&plaEnabled=false&xdEnabled=false&isFacet=true&p=10 | run_id=run_20260928_231050_066209_100b3e | brand=ONLY | page=10 | route=https://www.myntra.com/women-western-wear?f=Brand%3AONLY | seen=450 | expected=3239
2026-09-28 23:11:44 | INFO    | PDP       | Processed 50 target products for ONLY in 3s (914.77 products/min). | run_id=run_20260928_231050_066209_100b3e | brand=ONLY | saved=50 | elapsed_label=3s | products_per_minute=914.77
2026-09-28 23:11:45 | INFO    | LISTING   | Listing ONLY route https://www.myntra.com/women-western-wear?f=Brand%3AONLY page 11 -> https://www.myntra.com/gateway/v4/search/women-western-wear?f=Brand%3AONLY&rows=50&o=500&plaEnabled=false&xdEnabled=false&isFacet=true&p=11 | run_id=run_20260928_231050_066209_100b3e | brand=ONLY | page=11 | route=https://www.myntra.com/women-western-wear?f=Brand%3AONLY | seen=500 | expected=3239
2026-09-28 23:11:49 | INFO    | PDP       | Processed 50 target products for ONLY in 4s (848.34 products/min). | run_id=run_20260928_231050_066209_100b3e | brand=ONLY | saved=50 | elapsed_label=4s | products_per_minute=848.34
2026-09-28 23:11:49 | INFO    | LISTING   | Listing ONLY route https://www.myntra.com/women-western-wear?f=Brand%3AONLY page 12 -> https://www.myntra.com/gateway/v4/search/women-western-wear?f=Brand%3AONLY&rows=50&o=550&plaEnabled=false&xdEnabled=false&isFacet=true&p=12 | run_id=run_20260928_231050_066209_100b3e | brand=ONLY | page=12 | route=https://www.myntra.com/women-western-wear?f=Brand%3AONLY | seen=550 | expected=3239
2026-09-28 23:11:53 | INFO    | PDP       | Processed 50 target products for ONLY in 3s (897.2 products/min). | run_id=run_20260928_231050_066209_100b3e | brand=ONLY | saved=50 | elapsed_label=3s | products_per_minute=897.2
2026-09-28 23:11:54 | INFO    | LISTING   | Listing ONLY route https://www.myntra.com/women-western-wear?f=Brand%3AONLY page 13 -> https://www.myntra.com/gateway/v4/search/women-western-wear?f=Brand%3AONLY&rows=50&o=600&plaEnabled=false&xdEnabled=false&isFacet=true&p=13 | run_id=run_20260928_231050_066209_100b3e | brand=ONLY | page=13 | route=https://www.myntra.com/women-western-wear?f=Brand%3AONLY | seen=600 | expected=3239
2026-09-28 23:11:58 | INFO    | PDP       | Processed 50 target products for ONLY in 4s (831.82 products/min). | run_id=run_20260928_231050_066209_100b3e | brand=ONLY | saved=50 | elapsed_label=4s | products_per_minute=831.82
2026-09-28 23:11:59 | INFO    | LISTING   | Listing ONLY route https://www.myntra.com/women-western-wear?f=Brand%3AONLY page 14 -> https://www.myntra.com/gateway/v4/search/women-western-wear?f=Brand%3AONLY&rows=50&o=650&plaEnabled=false&xdEnabled=false&isFacet=true&p=14 | run_id=run_20260928_231050_066209_100b3e | brand=ONLY | page=14 | route=https://www.myntra.com/women-western-wear?f=Brand%3AONLY | seen=650 | expected=3239
2026-09-28 23:12:03 | INFO    | PDP       | Processed 50 target products for ONLY in 3s (916.62 products/min). | run_id=run_20260928_231050_066209_100b3e | brand=ONLY | saved=50 | elapsed_label=3s | products_per_minute=916.62
2026-09-28 23:12:03 | INFO    | LISTING   | Listing ONLY route https://www.myntra.com/women-western-wear?f=Brand%3AONLY page 15 -> https://www.myntra.com/gateway/v4/search/women-western-wear?f=Brand%3AONLY&rows=50&o=700&plaEnabled=false&xdEnabled=false&isFacet=true&p=15 | run_id=run_20260928_231050_066209_100b3e | brand=ONLY | page=15 | route=https://www.myntra.com/women-western-wear?f=Brand%3AONLY | seen=700 | expected=3239
2026-09-28 23:12:08 | INFO    | PDP       | Processed 50 target products for ONLY in 4s (698.82 products/min). | run_id=run_20260928_231050_066209_100b3e | brand=ONLY | saved=50 | elapsed_label=4s | products_per_minute=698.82
2026-09-28 23:12:08 | INFO    | LISTING   | Listing ONLY route https://www.myntra.com/women-western-wear?f=Brand%3AONLY page 16 -> https://www.myntra.com/gateway/v4/search/women-western-wear?f=Brand%3AONLY&rows=50&o=750&plaEnabled=false&xdEnabled=false&isFacet=true&p=16 | run_id=run_20260928_231050_066209_100b3e | brand=ONLY | page=16 | route=https://www.myntra.com/women-western-wear?f=Brand%3AONLY | seen=750 | expected=3239
2026-09-28 23:12:13 | INFO    | PDP       | Processed 50 target products for ONLY in 3s (932.28 products/min). | run_id=run_20260928_231050_066209_100b3e | brand=ONLY | saved=50 | elapsed_label=3s | products_per_minute=932.28
2026-09-28 23:12:13 | INFO    | LISTING   | Listing ONLY route https://www.myntra.com/women-western-wear?f=Brand%3AONLY page 17 -> https://www.myntra.com/gateway/v4/search/women-western-wear?f=Brand%3AONLY&rows=50&o=800&plaEnabled=false&xdEnabled=false&isFacet=true&p=17 | run_id=run_20260928_231050_066209_100b3e | brand=ONLY | page=17 | route=https://www.myntra.com/women-western-wear?f=Brand%3AONLY | seen=800 | expected=3239
2026-09-28 23:12:17 | INFO    | PDP       | Processed 50 target products for ONLY in 3s (912.81 products/min). | run_id=run_20260928_231050_066209_100b3e | brand=ONLY | saved=50 | elapsed_label=3s | products_per_minute=912.81
2026-09-28 23:12:17 | INFO    | LISTING   | Listing ONLY route https://www.myntra.com/women-western-wear?f=Brand%3AONLY page 18 -> https://www.myntra.com/gateway/v4/search/women-western-wear?f=Brand%3AONLY&rows=50&o=850&plaEnabled=false&xdEnabled=false&isFacet=true&p=18 | run_id=run_20260928_231050_066209_100b3e | brand=ONLY | page=18 | route=https://www.myntra.com/women-western-wear?f=Brand%3AONLY | seen=850 | expected=3239
2026-09-28 23:12:22 | INFO    | PDP       | Processed 48 target products for ONLY in 4s (812.09 products/min). | run_id=run_20260928_231050_066209_100b3e | brand=ONLY | saved=48 | elapsed_label=4s | products_per_minute=812.09
2026-09-28 23:12:22 | INFO    | LISTING   | Listing ONLY route https://www.myntra.com/women-western-wear?f=Brand%3AONLY page 19 -> https://www.myntra.com/gateway/v4/search/women-western-wear?f=Brand%3AONLY&rows=50&o=900&plaEnabled=false&xdEnabled=false&isFacet=true&p=19 | run_id=run_20260928_231050_066209_100b3e | brand=ONLY | page=19 | route=https://www.myntra.com/women-western-wear?f=Brand%3AONLY | seen=898 | expected=3239
2026-09-28 23:12:23 | INFO    | LISTING   | Listing ONLY route https://www.myntra.com/women-western-wear?f=Brand%3AONLY page 20 -> https://www.myntra.com/gateway/v4/search/women-western-wear?f=Brand%3AONLY&rows=50&o=950&plaEnabled=false&xdEnabled=false&isFacet=true&p=20 | run_id=run_20260928_231050_066209_100b3e | brand=ONLY | page=20 | route=https://www.myntra.com/women-western-wear?f=Brand%3AONLY | seen=898 | expected=3239
2026-09-28 23:12:26 | INFO    | PDP       | Processed 38 target products for ONLY in 2s (1015.07 products/min). | run_id=run_20260928_231050_066209_100b3e | brand=ONLY | saved=38 | elapsed_label=2s | products_per_minute=1015.07
2026-09-28 23:12:27 | INFO    | LISTING   | Listing ONLY route https://www.myntra.com/women-western-wear?f=Brand%3AONLY page 21 -> https://www.myntra.com/gateway/v4/search/women-western-wear?f=Brand%3AONLY&rows=50&o=1000&plaEnabled=false&xdEnabled=false&isFacet=true&p=21 | run_id=run_20260928_231050_066209_100b3e | brand=ONLY | page=21 | route=https://www.myntra.com/women-western-wear?f=Brand%3AONLY | seen=936 | expected=3239
2026-09-28 23:12:31 | INFO    | PDP       | Processed 49 target products for ONLY in 3s (1025.82 products/min). | run_id=run_20260928_231050_066209_100b3e | brand=ONLY | saved=49 | elapsed_label=3s | products_per_minute=1025.82
2026-09-28 23:12:31 | INFO    | LISTING   | Listing ONLY route https://www.myntra.com/women-western-wear?f=Brand%3AONLY page 22 -> https://www.myntra.com/gateway/v4/search/women-western-wear?f=Brand%3AONLY&rows=50&o=1050&plaEnabled=false&xdEnabled=false&isFacet=true&p=22 | run_id=run_20260928_231050_066209_100b3e | brand=ONLY | page=22 | route=https://www.myntra.com/women-western-wear?f=Brand%3AONLY | seen=985 | expected=3239
2026-09-28 23:12:35 | INFO    | PDP       | Processed 50 target products for ONLY in 3s (971.36 products/min). | run_id=run_20260928_231050_066209_100b3e | brand=ONLY | saved=50 | elapsed_label=3s | products_per_minute=971.36
2026-09-28 23:12:36 | INFO    | LISTING   | Listing ONLY route https://www.myntra.com/women-western-wear?f=Brand%3AONLY page 23 -> https://www.myntra.com/gateway/v4/search/women-western-wear?f=Brand%3AONLY&rows=50&o=1100&plaEnabled=false&xdEnabled=false&isFacet=true&p=23 | run_id=run_20260928_231050_066209_100b3e | brand=ONLY | page=23 | route=https://www.myntra.com/women-western-wear?f=Brand%3AONLY | seen=1035 | expected=3239
2026-09-28 23:12:40 | INFO    | PDP       | Processed 50 target products for ONLY in 3s (887.45 products/min). | run_id=run_20260928_231050_066209_100b3e | brand=ONLY | saved=50 | elapsed_label=3s | products_per_minute=887.45
2026-09-28 23:12:41 | INFO    | LISTING   | Listing ONLY route https://www.myntra.com/women-western-wear?f=Brand%3AONLY page 24 -> https://www.myntra.com/gateway/v4/search/women-western-wear?f=Brand%3AONLY&rows=50&o=1150&plaEnabled=false&xdEnabled=false&isFacet=true&p=24 | run_id=run_20260928_231050_066209_100b3e | brand=ONLY | page=24 | route=https://www.myntra.com/women-western-wear?f=Brand%3AONLY | seen=1085 | expected=3239
2026-09-28 23:12:45 | INFO    | PDP       | Processed 50 target products for ONLY in 4s (834.34 products/min). | run_id=run_20260928_231050_066209_100b3e | brand=ONLY | saved=50 | elapsed_label=4s | products_per_minute=834.34
2026-09-28 23:12:45 | INFO    | LISTING   | Listing ONLY route https://www.myntra.com/women-western-wear?f=Brand%3AONLY page 25 -> https://www.myntra.com/gateway/v4/search/women-western-wear?f=Brand%3AONLY&rows=50&o=1200&plaEnabled=false&xdEnabled=false&isFacet=true&p=25 | run_id=run_20260928_231050_066209_100b3e | brand=ONLY | page=25 | route=https://www.myntra.com/women-western-wear?f=Brand%3AONLY | seen=1135 | expected=3239
2026-09-28 23:12:50 | INFO    | PDP       | Processed 50 target products for ONLY in 3s (979.81 products/min). | run_id=run_20260928_231050_066209_100b3e | brand=ONLY | saved=50 | elapsed_label=3s | products_per_minute=979.81
2026-09-28 23:12:50 | INFO    | LISTING   | Listing ONLY route https://www.myntra.com/women-western-wear?f=Brand%3AONLY page 26 -> https://www.myntra.com/gateway/v4/search/women-western-wear?f=Brand%3AONLY&rows=50&o=1250&plaEnabled=false&xdEnabled=false&isFacet=true&p=26 | run_id=run_20260928_231050_066209_100b3e | brand=ONLY | page=26 | route=https://www.myntra.com/women-western-wear?f=Brand%3AONLY | seen=1185 | expected=3239
2026-09-28 23:12:54 | INFO    | PDP       | Processed 50 target products for ONLY in 3s (931.39 products/min). | run_id=run_20260928_231050_066209_100b3e | brand=ONLY | saved=50 | elapsed_label=3s | products_per_minute=931.39
2026-09-28 23:12:54 | INFO    | LISTING   | Listing ONLY route https://www.myntra.com/women-western-wear?f=Brand%3AONLY page 27 -> https://www.myntra.com/gateway/v4/search/women-western-wear?f=Brand%3AONLY&rows=50&o=1300&plaEnabled=false&xdEnabled=false&isFacet=true&p=27 | run_id=run_20260928_231050_066209_100b3e | brand=ONLY | page=27 | route=https://www.myntra.com/women-western-wear?f=Brand%3AONLY | seen=1235 | expected=3239
2026-09-28 23:12:58 | INFO    | PDP       | Processed 49 target products for ONLY in 3s (851.96 products/min). | run_id=run_20260928_231050_066209_100b3e | brand=ONLY | saved=49 | elapsed_label=3s | products_per_minute=851.96
2026-09-28 23:12:59 | INFO    | LISTING   | Listing ONLY route https://www.myntra.com/women-western-wear?f=Brand%3AONLY page 28 -> https://www.myntra.com/gateway/v4/search/women-western-wear?f=Brand%3AONLY&rows=50&o=1350&plaEnabled=false&xdEnabled=false&isFacet=true&p=28 | run_id=run_20260928_231050_066209_100b3e | brand=ONLY | page=28 | route=https://www.myntra.com/women-western-wear?f=Brand%3AONLY | seen=1284 | expected=3239
2026-09-28 23:13:04 | WARNING | PDP       | PDP fetch failed for https://www.myntra.com/Dresses/ONLY/ONLY-Floral-Print-Tie-Up-Neck-Puff-Sleeve-Fit--Flare-Midi-Dress/32933748/buy: PDP payload did not contain pdpData. | run_id=run_20260928_231050_066209_100b3e | brand=ONLY | route=https://www.myntra.com/Dresses/ONLY/ONLY-Floral-Print-Tie-Up-Neck-Puff-Sleeve-Fit--Flare-Midi-Dress/32933748/buy
2026-09-28 23:13:06 | INFO    | PDP       | Retrying 1 PDP fetches for ONLY (retry round 1/5). | run_id=run_20260928_231050_066209_100b3e | brand=ONLY | attempt=1/5
2026-09-28 23:13:07 | INFO    | PDP       | Processed 50 target products for ONLY in 7s (412.84 products/min). | run_id=run_20260928_231050_066209_100b3e | brand=ONLY | saved=50 | elapsed_label=7s | products_per_minute=412.84
2026-09-28 23:13:07 | INFO    | LISTING   | Listing ONLY route https://www.myntra.com/women-western-wear?f=Brand%3AONLY page 29 -> https://www.myntra.com/gateway/v4/search/women-western-wear?f=Brand%3AONLY&rows=50&o=1400&plaEnabled=false&xdEnabled=false&isFacet=true&p=29 | run_id=run_20260928_231050_066209_100b3e | brand=ONLY | page=29 | route=https://www.myntra.com/women-western-wear?f=Brand%3AONLY | seen=1334 | expected=3239
2026-09-28 23:13:12 | INFO    | PDP       | Processed 50 target products for ONLY in 4s (815.63 products/min). | run_id=run_20260928_231050_066209_100b3e | brand=ONLY | saved=50 | elapsed_label=4s | products_per_minute=815.63
2026-09-28 23:13:12 | INFO    | LISTING   | Listing ONLY route https://www.myntra.com/women-western-wear?f=Brand%3AONLY page 30 -> https://www.myntra.com/gateway/v4/search/women-western-wear?f=Brand%3AONLY&rows=50&o=1450&plaEnabled=false&xdEnabled=false&isFacet=true&p=30 | run_id=run_20260928_231050_066209_100b3e | brand=ONLY | page=30 | route=https://www.myntra.com/women-western-wear?f=Brand%3AONLY | seen=1384 | expected=3239
2026-09-28 23:13:16 | INFO    | PDP       | Processed 50 target products for ONLY in 3s (944.95 products/min). | run_id=run_20260928_231050_066209_100b3e | brand=ONLY | saved=50 | elapsed_label=3s | products_per_minute=944.95
2026-09-28 23:13:17 | INFO    | LISTING   | Listing ONLY route https://www.myntra.com/women-western-wear?f=Brand%3AONLY page 31 -> https://www.myntra.com/gateway/v4/search/women-western-wear?f=Brand%3AONLY&rows=50&o=1500&plaEnabled=false&xdEnabled=false&isFacet=true&p=31 | run_id=run_20260928_231050_066209_100b3e | brand=ONLY | page=31 | route=https://www.myntra.com/women-western-wear?f=Brand%3AONLY | seen=1434 | expected=3239
2026-09-28 23:13:21 | INFO    | PDP       | Processed 50 target products for ONLY in 3s (1085.81 products/min). | run_id=run_20260928_231050_066209_100b3e | brand=ONLY | saved=50 | elapsed_label=3s | products_per_minute=1085.81
2026-09-28 23:13:21 | INFO    | LISTING   | Listing ONLY route https://www.myntra.com/women-western-wear?f=Brand%3AONLY page 32 -> https://www.myntra.com/gateway/v4/search/women-western-wear?f=Brand%3AONLY&rows=50&o=1550&plaEnabled=false&xdEnabled=false&isFacet=true&p=32 | run_id=run_20260928_231050_066209_100b3e | brand=ONLY | page=32 | route=https://www.myntra.com/women-western-wear?f=Brand%3AONLY | seen=1484 | expected=3239
2026-09-28 23:13:25 | INFO    | PDP       | Processed 50 target products for ONLY in 3s (945.45 products/min). | run_id=run_20260928_231050_066209_100b3e | brand=ONLY | saved=50 | elapsed_label=3s | products_per_minute=945.45
2026-09-28 23:13:26 | INFO    | LISTING   | Listing ONLY route https://www.myntra.com/women-western-wear?f=Brand%3AONLY page 33 -> https://www.myntra.com/gateway/v4/search/women-western-wear?f=Brand%3AONLY&rows=50&o=1600&plaEnabled=false&xdEnabled=false&isFacet=true&p=33 | run_id=run_20260928_231050_066209_100b3e | brand=ONLY | page=33 | route=https://www.myntra.com/women-western-wear?f=Brand%3AONLY | seen=1534 | expected=3239
2026-09-28 23:13:30 | INFO    | PDP       | Processed 50 target products for ONLY in 3s (1042.32 products/min). | run_id=run_20260928_231050_066209_100b3e | brand=ONLY | saved=50 | elapsed_label=3s | products_per_minute=1042.32
2026-09-28 23:13:30 | INFO    | LISTING   | Listing ONLY route https://www.myntra.com/women-western-wear?f=Brand%3AONLY page 34 -> https://www.myntra.com/gateway/v4/search/women-western-wear?f=Brand%3AONLY&rows=50&o=1650&plaEnabled=false&xdEnabled=false&isFacet=true&p=34 | run_id=run_20260928_231050_066209_100b3e | brand=ONLY | page=34 | route=https://www.myntra.com/women-western-wear?f=Brand%3AONLY | seen=1584 | expected=3239
2026-09-28 23:13:34 | INFO    | PDP       | Processed 50 target products for ONLY in 3s (981.43 products/min). | run_id=run_20260928_231050_066209_100b3e | brand=ONLY | saved=50 | elapsed_label=3s | products_per_minute=981.43
2026-09-28 23:13:34 | INFO    | LISTING   | Listing ONLY route https://www.myntra.com/women-western-wear?f=Brand%3AONLY page 35 -> https://www.myntra.com/gateway/v4/search/women-western-wear?f=Brand%3AONLY&rows=50&o=1700&plaEnabled=false&xdEnabled=false&isFacet=true&p=35 | run_id=run_20260928_231050_066209_100b3e | brand=ONLY | page=35 | route=https://www.myntra.com/women-western-wear?f=Brand%3AONLY | seen=1634 | expected=3239
2026-09-28 23:13:38 | INFO    | PDP       | Processed 50 target products for ONLY in 3s (915.79 products/min). | run_id=run_20260928_231050_066209_100b3e | brand=ONLY | saved=50 | elapsed_label=3s | products_per_minute=915.79
2026-09-28 23:13:38 | INFO    | LISTING   | Listing ONLY route https://www.myntra.com/women-western-wear?f=Brand%3AONLY page 36 -> https://www.myntra.com/gateway/v4/search/women-western-wear?f=Brand%3AONLY&rows=50&o=1750&plaEnabled=false&xdEnabled=false&isFacet=true&p=36 | run_id=run_20260928_231050_066209_100b3e | brand=ONLY | page=36 | route=https://www.myntra.com/women-western-wear?f=Brand%3AONLY | seen=1684 | expected=3239
2026-09-28 23:13:43 | INFO    | PDP       | Processed 49 target products for ONLY in 3s (901.54 products/min). | run_id=run_20260928_231050_066209_100b3e | brand=ONLY | saved=49 | elapsed_label=3s | products_per_minute=901.54
2026-09-28 23:13:44 | INFO    | LISTING   | Listing ONLY route https://www.myntra.com/women-western-wear?f=Brand%3AONLY page 37 -> https://www.myntra.com/gateway/v4/search/women-western-wear?f=Brand%3AONLY&rows=50&o=1800&plaEnabled=false&xdEnabled=false&isFacet=true&p=37 | run_id=run_20260928_231050_066209_100b3e | brand=ONLY | page=37 | route=https://www.myntra.com/women-western-wear?f=Brand%3AONLY | seen=1733 | expected=3239
2026-09-28 23:13:48 | INFO    | PDP       | Processed 50 target products for ONLY in 3s (884.86 products/min). | run_id=run_20260928_231050_066209_100b3e | brand=ONLY | saved=50 | elapsed_label=3s | products_per_minute=884.86
2026-09-28 23:13:48 | INFO    | LISTING   | Listing ONLY route https://www.myntra.com/women-western-wear?f=Brand%3AONLY page 38 -> https://www.myntra.com/gateway/v4/search/women-western-wear?f=Brand%3AONLY&rows=50&o=1850&plaEnabled=false&xdEnabled=false&isFacet=true&p=38 | run_id=run_20260928_231050_066209_100b3e | brand=ONLY | page=38 | route=https://www.myntra.com/women-western-wear?f=Brand%3AONLY | seen=1783 | expected=3239
2026-09-28 23:13:52 | INFO    | PDP       | Processed 50 target products for ONLY in 3s (917.25 products/min). | run_id=run_20260928_231050_066209_100b3e | brand=ONLY | saved=50 | elapsed_label=3s | products_per_minute=917.25
2026-09-28 23:13:53 | INFO    | LISTING   | Listing ONLY route https://www.myntra.com/women-western-wear?f=Brand%3AONLY page 39 -> https://www.myntra.com/gateway/v4/search/women-western-wear?f=Brand%3AONLY&rows=50&o=1900&plaEnabled=false&xdEnabled=false&isFacet=true&p=39 | run_id=run_20260928_231050_066209_100b3e | brand=ONLY | page=39 | route=https://www.myntra.com/women-western-wear?f=Brand%3AONLY | seen=1833 | expected=3239
2026-09-28 23:13:57 | INFO    | PDP       | Processed 50 target products for ONLY in 3s (920.58 products/min). | run_id=run_20260928_231050_066209_100b3e | brand=ONLY | saved=50 | elapsed_label=3s | products_per_minute=920.58
2026-09-28 23:13:57 | INFO    | LISTING   | Listing ONLY route https://www.myntra.com/women-western-wear?f=Brand%3AONLY page 40 -> https://www.myntra.com/gateway/v4/search/women-western-wear?f=Brand%3AONLY&rows=50&o=1950&plaEnabled=false&xdEnabled=false&isFacet=true&p=40 | run_id=run_20260928_231050_066209_100b3e | brand=ONLY | page=40 | route=https://www.myntra.com/women-western-wear?f=Brand%3AONLY | seen=1883 | expected=3239
2026-09-28 23:14:01 | INFO    | PDP       | Processed 50 target products for ONLY in 3s (1075.05 products/min). | run_id=run_20260928_231050_066209_100b3e | brand=ONLY | saved=50 | elapsed_label=3s | products_per_minute=1075.05
2026-09-28 23:14:01 | INFO    | LISTING   | Listing ONLY route https://www.myntra.com/women-western-wear?f=Brand%3AONLY page 41 -> https://www.myntra.com/gateway/v4/search/women-western-wear?f=Brand%3AONLY&rows=50&o=2000&plaEnabled=false&xdEnabled=false&isFacet=true&p=41 | run_id=run_20260928_231050_066209_100b3e | brand=ONLY | page=41 | route=https://www.myntra.com/women-western-wear?f=Brand%3AONLY | seen=1933 | expected=3239
2026-09-28 23:14:05 | INFO    | PDP       | Processed 50 target products for ONLY in 3s (1086.36 products/min). | run_id=run_20260928_231050_066209_100b3e | brand=ONLY | saved=50 | elapsed_label=3s | products_per_minute=1086.36
2026-09-28 23:14:06 | INFO    | LISTING   | Listing ONLY route https://www.myntra.com/women-western-wear?f=Brand%3AONLY page 42 -> https://www.myntra.com/gateway/v4/search/women-western-wear?f=Brand%3AONLY&rows=50&o=2050&plaEnabled=false&xdEnabled=false&isFacet=true&p=42 | run_id=run_20260928_231050_066209_100b3e | brand=ONLY | page=42 | route=https://www.myntra.com/women-western-wear?f=Brand%3AONLY | seen=1983 | expected=3239
2026-09-28 23:14:12 | INFO    | PDP       | Processed 49 target products for ONLY in 6s (502.76 products/min). | run_id=run_20260928_231050_066209_100b3e | brand=ONLY | saved=49 | elapsed_label=6s | products_per_minute=502.76
2026-09-28 23:14:13 | INFO    | LISTING   | Listing ONLY route https://www.myntra.com/women-western-wear?f=Brand%3AONLY page 43 -> https://www.myntra.com/gateway/v4/search/women-western-wear?f=Brand%3AONLY&rows=50&o=2100&plaEnabled=false&xdEnabled=false&isFacet=true&p=43 | run_id=run_20260928_231050_066209_100b3e | brand=ONLY | page=43 | route=https://www.myntra.com/women-western-wear?f=Brand%3AONLY | seen=2032 | expected=3239
2026-09-28 23:14:17 | INFO    | PDP       | Processed 50 target products for ONLY in 3s (993.17 products/min). | run_id=run_20260928_231050_066209_100b3e | brand=ONLY | saved=50 | elapsed_label=3s | products_per_minute=993.17
2026-09-28 23:14:17 | INFO    | LISTING   | Listing ONLY route https://www.myntra.com/women-western-wear?f=Brand%3AONLY page 44 -> https://www.myntra.com/gateway/v4/search/women-western-wear?f=Brand%3AONLY&rows=50&o=2150&plaEnabled=false&xdEnabled=false&isFacet=true&p=44 | run_id=run_20260928_231050_066209_100b3e | brand=ONLY | page=44 | route=https://www.myntra.com/women-western-wear?f=Brand%3AONLY | seen=2082 | expected=3239
2026-09-28 23:14:21 | INFO    | PDP       | Processed 50 target products for ONLY in 3s (915.88 products/min). | run_id=run_20260928_231050_066209_100b3e | brand=ONLY | saved=50 | elapsed_label=3s | products_per_minute=915.88
2026-09-28 23:14:21 | INFO    | LISTING   | Listing ONLY route https://www.myntra.com/women-western-wear?f=Brand%3AONLY page 45 -> https://www.myntra.com/gateway/v4/search/women-western-wear?f=Brand%3AONLY&rows=50&o=2200&plaEnabled=false&xdEnabled=false&isFacet=true&p=45 | run_id=run_20260928_231050_066209_100b3e | brand=ONLY | page=45 | route=https://www.myntra.com/women-western-wear?f=Brand%3AONLY | seen=2132 | expected=3239
2026-09-28 23:14:26 | INFO    | PDP       | Processed 50 target products for ONLY in 4s (838.07 products/min). | run_id=run_20260928_231050_066209_100b3e | brand=ONLY | saved=50 | elapsed_label=4s | products_per_minute=838.07
2026-09-28 23:14:27 | INFO    | LISTING   | Listing ONLY route https://www.myntra.com/women-western-wear?f=Brand%3AONLY page 46 -> https://www.myntra.com/gateway/v4/search/women-western-wear?f=Brand%3AONLY&rows=50&o=2250&plaEnabled=false&xdEnabled=false&isFacet=true&p=46 | run_id=run_20260928_231050_066209_100b3e | brand=ONLY | page=46 | route=https://www.myntra.com/women-western-wear?f=Brand%3AONLY | seen=2182 | expected=3239
2026-09-28 23:14:31 | INFO    | PDP       | Processed 50 target products for ONLY in 3s (1009.65 products/min). | run_id=run_20260928_231050_066209_100b3e | brand=ONLY | saved=50 | elapsed_label=3s | products_per_minute=1009.65
2026-09-28 23:14:31 | INFO    | LISTING   | Listing ONLY route https://www.myntra.com/women-western-wear?f=Brand%3AONLY page 47 -> https://www.myntra.com/gateway/v4/search/women-western-wear?f=Brand%3AONLY&rows=50&o=2300&plaEnabled=false&xdEnabled=false&isFacet=true&p=47 | run_id=run_20260928_231050_066209_100b3e | brand=ONLY | page=47 | route=https://www.myntra.com/women-western-wear?f=Brand%3AONLY | seen=2232 | expected=3239
2026-09-28 23:14:36 | INFO    | PDP       | Processed 50 target products for ONLY in 3s (1160.22 products/min). | run_id=run_20260928_231050_066209_100b3e | brand=ONLY | saved=50 | elapsed_label=3s | products_per_minute=1160.22
2026-09-28 23:14:36 | INFO    | LISTING   | Listing ONLY route https://www.myntra.com/women-western-wear?f=Brand%3AONLY page 48 -> https://www.myntra.com/gateway/v4/search/women-western-wear?f=Brand%3AONLY&rows=50&o=2350&plaEnabled=false&xdEnabled=false&isFacet=true&p=48 | run_id=run_20260928_231050_066209_100b3e | brand=ONLY | page=48 | route=https://www.myntra.com/women-western-wear?f=Brand%3AONLY | seen=2282 | expected=3239
2026-09-28 23:14:40 | INFO    | PDP       | Processed 50 target products for ONLY in 3s (1151.73 products/min). | run_id=run_20260928_231050_066209_100b3e | brand=ONLY | saved=50 | elapsed_label=3s | products_per_minute=1151.73
2026-09-28 23:14:40 | INFO    | LISTING   | Listing ONLY route https://www.myntra.com/women-western-wear?f=Brand%3AONLY page 49 -> https://www.myntra.com/gateway/v4/search/women-western-wear?f=Brand%3AONLY&rows=50&o=2400&plaEnabled=false&xdEnabled=false&isFacet=true&p=49 | run_id=run_20260928_231050_066209_100b3e | brand=ONLY | page=49 | route=https://www.myntra.com/women-western-wear?f=Brand%3AONLY | seen=2332 | expected=3239
2026-09-28 23:14:43 | INFO    | PDP       | Processed 50 target products for ONLY in 3s (1059.21 products/min). | run_id=run_20260928_231050_066209_100b3e | brand=ONLY | saved=50 | elapsed_label=3s | products_per_minute=1059.21
2026-09-28 23:14:44 | INFO    | LISTING   | Listing ONLY route https://www.myntra.com/women-western-wear?f=Brand%3AONLY page 50 -> https://www.myntra.com/gateway/v4/search/women-western-wear?f=Brand%3AONLY&rows=50&o=2450&plaEnabled=false&xdEnabled=false&isFacet=true&p=50 | run_id=run_20260928_231050_066209_100b3e | brand=ONLY | page=50 | route=https://www.myntra.com/women-western-wear?f=Brand%3AONLY | seen=2382 | expected=3239
2026-09-28 23:14:47 | INFO    | PDP       | Processed 50 target products for ONLY in 3s (1152.73 products/min). | run_id=run_20260928_231050_066209_100b3e | brand=ONLY | saved=50 | elapsed_label=3s | products_per_minute=1152.73
2026-09-28 23:14:47 | INFO    | LISTING   | Listing ONLY route https://www.myntra.com/women-western-wear?f=Brand%3AONLY page 51 -> https://www.myntra.com/gateway/v4/search/women-western-wear?f=Brand%3AONLY&rows=50&o=2500&plaEnabled=false&xdEnabled=false&isFacet=true&p=51 | run_id=run_20260928_231050_066209_100b3e | brand=ONLY | page=51 | route=https://www.myntra.com/women-western-wear?f=Brand%3AONLY | seen=2432 | expected=3239
2026-09-28 23:14:51 | INFO    | PDP       | Processed 50 target products for ONLY in 2s (1258.3 products/min). | run_id=run_20260928_231050_066209_100b3e | brand=ONLY | saved=50 | elapsed_label=2s | products_per_minute=1258.3
2026-09-28 23:14:51 | INFO    | LISTING   | Listing ONLY route https://www.myntra.com/women-western-wear?f=Brand%3AONLY page 52 -> https://www.myntra.com/gateway/v4/search/women-western-wear?f=Brand%3AONLY&rows=50&o=2550&plaEnabled=false&xdEnabled=false&isFacet=true&p=52 | run_id=run_20260928_231050_066209_100b3e | brand=ONLY | page=52 | route=https://www.myntra.com/women-western-wear?f=Brand%3AONLY | seen=2482 | expected=3239
2026-09-28 23:14:55 | INFO    | PDP       | Processed 50 target products for ONLY in 3s (1172.86 products/min). | run_id=run_20260928_231050_066209_100b3e | brand=ONLY | saved=50 | elapsed_label=3s | products_per_minute=1172.86
2026-09-28 23:14:55 | INFO    | LISTING   | Listing ONLY route https://www.myntra.com/women-western-wear?f=Brand%3AONLY page 53 -> https://www.myntra.com/gateway/v4/search/women-western-wear?f=Brand%3AONLY&rows=50&o=2600&plaEnabled=false&xdEnabled=false&isFacet=true&p=53 | run_id=run_20260928_231050_066209_100b3e | brand=ONLY | page=53 | route=https://www.myntra.com/women-western-wear?f=Brand%3AONLY | seen=2532 | expected=3239
2026-09-28 23:14:58 | INFO    | PDP       | Processed 50 target products for ONLY in 3s (1165.14 products/min). | run_id=run_20260928_231050_066209_100b3e | brand=ONLY | saved=50 | elapsed_label=3s | products_per_minute=1165.14
2026-09-28 23:14:59 | INFO    | LISTING   | Listing ONLY route https://www.myntra.com/women-western-wear?f=Brand%3AONLY page 54 -> https://www.myntra.com/gateway/v4/search/women-western-wear?f=Brand%3AONLY&rows=50&o=2650&plaEnabled=false&xdEnabled=false&isFacet=true&p=54 | run_id=run_20260928_231050_066209_100b3e | brand=ONLY | page=54 | route=https://www.myntra.com/women-western-wear?f=Brand%3AONLY | seen=2582 | expected=3239
2026-09-28 23:15:03 | INFO    | PDP       | Processed 50 target products for ONLY in 3s (930.69 products/min). | run_id=run_20260928_231050_066209_100b3e | brand=ONLY | saved=50 | elapsed_label=3s | products_per_minute=930.69
2026-09-28 23:15:03 | INFO    | LISTING   | Listing ONLY route https://www.myntra.com/women-western-wear?f=Brand%3AONLY page 55 -> https://www.myntra.com/gateway/v4/search/women-western-wear?f=Brand%3AONLY&rows=50&o=2700&plaEnabled=false&xdEnabled=false&isFacet=true&p=55 | run_id=run_20260928_231050_066209_100b3e | brand=ONLY | page=55 | route=https://www.myntra.com/women-western-wear?f=Brand%3AONLY | seen=2632 | expected=3239
2026-09-28 23:15:06 | INFO    | PDP       | Processed 50 target products for ONLY in 3s (1187.11 products/min). | run_id=run_20260928_231050_066209_100b3e | brand=ONLY | saved=50 | elapsed_label=3s | products_per_minute=1187.11
2026-09-28 23:15:06 | INFO    | LISTING   | Listing ONLY route https://www.myntra.com/women-western-wear?f=Brand%3AONLY page 56 -> https://www.myntra.com/gateway/v4/search/women-western-wear?f=Brand%3AONLY&rows=50&o=2750&plaEnabled=false&xdEnabled=false&isFacet=true&p=56 | run_id=run_20260928_231050_066209_100b3e | brand=ONLY | page=56 | route=https://www.myntra.com/women-western-wear?f=Brand%3AONLY | seen=2682 | expected=3239
2026-09-28 23:15:10 | INFO    | PDP       | Processed 50 target products for ONLY in 3s (1152.05 products/min). | run_id=run_20260928_231050_066209_100b3e | brand=ONLY | saved=50 | elapsed_label=3s | products_per_minute=1152.05
2026-09-28 23:15:10 | INFO    | LISTING   | Listing ONLY route https://www.myntra.com/women-western-wear?f=Brand%3AONLY page 57 -> https://www.myntra.com/gateway/v4/search/women-western-wear?f=Brand%3AONLY&rows=50&o=2800&plaEnabled=false&xdEnabled=false&isFacet=true&p=57 | run_id=run_20260928_231050_066209_100b3e | brand=ONLY | page=57 | route=https://www.myntra.com/women-western-wear?f=Brand%3AONLY | seen=2732 | expected=3239
2026-09-28 23:15:13 | INFO    | PDP       | Processed 50 target products for ONLY in 3s (1180.59 products/min). | run_id=run_20260928_231050_066209_100b3e | brand=ONLY | saved=50 | elapsed_label=3s | products_per_minute=1180.59
2026-09-28 23:15:14 | INFO    | LISTING   | Listing ONLY route https://www.myntra.com/women-western-wear?f=Brand%3AONLY page 58 -> https://www.myntra.com/gateway/v4/search/women-western-wear?f=Brand%3AONLY&rows=50&o=2850&plaEnabled=false&xdEnabled=false&isFacet=true&p=58 | run_id=run_20260928_231050_066209_100b3e | brand=ONLY | page=58 | route=https://www.myntra.com/women-western-wear?f=Brand%3AONLY | seen=2782 | expected=3239
2026-09-28 23:15:18 | INFO    | PDP       | Processed 50 target products for ONLY in 3s (991.79 products/min). | run_id=run_20260928_231050_066209_100b3e | brand=ONLY | saved=50 | elapsed_label=3s | products_per_minute=991.79
2026-09-28 23:15:18 | INFO    | LISTING   | Listing ONLY route https://www.myntra.com/women-western-wear?f=Brand%3AONLY page 59 -> https://www.myntra.com/gateway/v4/search/women-western-wear?f=Brand%3AONLY&rows=50&o=2900&plaEnabled=false&xdEnabled=false&isFacet=true&p=59 | run_id=run_20260928_231050_066209_100b3e | brand=ONLY | page=59 | route=https://www.myntra.com/women-western-wear?f=Brand%3AONLY | seen=2832 | expected=3239
2026-09-28 23:15:23 | INFO    | PDP       | Processed 50 target products for ONLY in 3s (1081.23 products/min). | run_id=run_20260928_231050_066209_100b3e | brand=ONLY | saved=50 | elapsed_label=3s | products_per_minute=1081.23
2026-09-28 23:15:23 | INFO    | LISTING   | Listing ONLY route https://www.myntra.com/women-western-wear?f=Brand%3AONLY page 60 -> https://www.myntra.com/gateway/v4/search/women-western-wear?f=Brand%3AONLY&rows=50&o=2950&plaEnabled=false&xdEnabled=false&isFacet=true&p=60 | run_id=run_20260928_231050_066209_100b3e | brand=ONLY | page=60 | route=https://www.myntra.com/women-western-wear?f=Brand%3AONLY | seen=2882 | expected=3239
2026-09-28 23:15:27 | INFO    | PDP       | Processed 50 target products for ONLY in 3s (996.94 products/min). | run_id=run_20260928_231050_066209_100b3e | brand=ONLY | saved=50 | elapsed_label=3s | products_per_minute=996.94
2026-09-28 23:15:27 | INFO    | LISTING   | Listing ONLY route https://www.myntra.com/women-western-wear?f=Brand%3AONLY page 61 -> https://www.myntra.com/gateway/v4/search/women-western-wear?f=Brand%3AONLY&rows=50&o=3000&plaEnabled=false&xdEnabled=false&isFacet=true&p=61 | run_id=run_20260928_231050_066209_100b3e | brand=ONLY | page=61 | route=https://www.myntra.com/women-western-wear?f=Brand%3AONLY | seen=2932 | expected=3239
2026-09-28 23:15:31 | INFO    | PDP       | Processed 50 target products for ONLY in 3s (918.93 products/min). | run_id=run_20260928_231050_066209_100b3e | brand=ONLY | saved=50 | elapsed_label=3s | products_per_minute=918.93
2026-09-28 23:15:31 | INFO    | LISTING   | Listing ONLY route https://www.myntra.com/women-western-wear?f=Brand%3AONLY page 62 -> https://www.myntra.com/gateway/v4/search/women-western-wear?f=Brand%3AONLY&rows=50&o=3050&plaEnabled=false&xdEnabled=false&isFacet=true&p=62 | run_id=run_20260928_231050_066209_100b3e | brand=ONLY | page=62 | route=https://www.myntra.com/women-western-wear?f=Brand%3AONLY | seen=2982 | expected=3239
2026-09-28 23:15:35 | INFO    | PDP       | Processed 50 target products for ONLY in 3s (960.04 products/min). | run_id=run_20260928_231050_066209_100b3e | brand=ONLY | saved=50 | elapsed_label=3s | products_per_minute=960.04
2026-09-28 23:15:36 | INFO    | LISTING   | Listing ONLY route https://www.myntra.com/women-western-wear?f=Brand%3AONLY page 63 -> https://www.myntra.com/gateway/v4/search/women-western-wear?f=Brand%3AONLY&rows=50&o=3100&plaEnabled=false&xdEnabled=false&isFacet=true&p=63 | run_id=run_20260928_231050_066209_100b3e | brand=ONLY | page=63 | route=https://www.myntra.com/women-western-wear?f=Brand%3AONLY | seen=3032 | expected=3239
2026-09-28 23:15:40 | INFO    | PDP       | Processed 50 target products for ONLY in 3s (1011.84 products/min). | run_id=run_20260928_231050_066209_100b3e | brand=ONLY | saved=50 | elapsed_label=3s | products_per_minute=1011.84
2026-09-28 23:15:40 | INFO    | LISTING   | Listing ONLY route https://www.myntra.com/women-western-wear?f=Brand%3AONLY page 64 -> https://www.myntra.com/gateway/v4/search/women-western-wear?f=Brand%3AONLY&rows=50&o=3150&plaEnabled=false&xdEnabled=false&isFacet=true&p=64 | run_id=run_20260928_231050_066209_100b3e | brand=ONLY | page=64 | route=https://www.myntra.com/women-western-wear?f=Brand%3AONLY | seen=3082 | expected=3239
2026-09-28 23:15:44 | INFO    | PDP       | Processed 50 target products for ONLY in 3s (865.56 products/min). | run_id=run_20260928_231050_066209_100b3e | brand=ONLY | saved=50 | elapsed_label=3s | products_per_minute=865.56
2026-09-28 23:15:44 | INFO    | LISTING   | Listing ONLY route https://www.myntra.com/women-western-wear?f=Brand%3AONLY page 65 -> https://www.myntra.com/gateway/v4/search/women-western-wear?f=Brand%3AONLY&rows=50&o=3200&plaEnabled=false&xdEnabled=false&isFacet=true&p=65 | run_id=run_20260928_231050_066209_100b3e | brand=ONLY | page=65 | route=https://www.myntra.com/women-western-wear?f=Brand%3AONLY | seen=3132 | expected=3239
2026-09-28 23:15:48 | INFO    | PDP       | Processed 50 target products for ONLY in 3s (977.59 products/min). | run_id=run_20260928_231050_066209_100b3e | brand=ONLY | saved=50 | elapsed_label=3s | products_per_minute=977.59
2026-09-28 23:15:48 | INFO    | LISTING   | Listing ONLY route https://www.myntra.com/women-western-wear?f=Brand%3AONLY page 66 -> https://www.myntra.com/gateway/v4/search/women-western-wear?f=Brand%3AONLY&rows=50&o=3250&plaEnabled=false&xdEnabled=false&isFacet=true&p=66 | run_id=run_20260928_231050_066209_100b3e | brand=ONLY | page=66 | route=https://www.myntra.com/women-western-wear?f=Brand%3AONLY | seen=3182 | expected=3239
2026-09-28 23:15:54 | INFO    | PDP       | Processed 50 target products for ONLY in 4s (837.27 products/min). | run_id=run_20260928_231050_066209_100b3e | brand=ONLY | saved=50 | elapsed_label=4s | products_per_minute=837.27
2026-09-28 23:15:54 | INFO    | LISTING   | Listing ONLY route https://www.myntra.com/women-western-wear?f=Brand%3AONLY page 67 -> https://www.myntra.com/gateway/v4/search/women-western-wear?f=Brand%3AONLY&rows=50&o=3300&plaEnabled=false&xdEnabled=false&isFacet=true&p=67 | run_id=run_20260928_231050_066209_100b3e | brand=ONLY | page=67 | route=https://www.myntra.com/women-western-wear?f=Brand%3AONLY | seen=3232 | expected=3239
2026-09-28 23:15:55 | INFO    | PDP       | Processed 3 target products for ONLY in 1s (293.88 products/min). | run_id=run_20260928_231050_066209_100b3e | brand=ONLY | saved=3 | elapsed_label=1s | products_per_minute=293.88
2026-09-28 23:15:55 | INFO    | LISTING   | Listing ONLY route https://www.myntra.com/women-western-wear?f=Brand%3AONLY page 68 -> https://www.myntra.com/gateway/v4/search/women-western-wear?f=Brand%3AONLY&rows=50&o=3350&plaEnabled=false&xdEnabled=false&isFacet=true&p=68 | run_id=run_20260928_231050_066209_100b3e | brand=ONLY | page=68 | route=https://www.myntra.com/women-western-wear?f=Brand%3AONLY | seen=3235 | expected=3239
2026-09-28 23:15:56 | WARNING | LISTING   | Empty listing page for ONLY on page 68 before expected end; continuing. | run_id=run_20260928_231050_066209_100b3e | brand=ONLY | page=68 | route=https://www.myntra.com/women-western-wear?f=Brand%3AONLY
2026-09-28 23:15:56 | INFO    | LISTING   | Listing ONLY route https://www.myntra.com/women-western-wear?f=Brand%3AONLY page 69 -> https://www.myntra.com/gateway/v4/search/women-western-wear?f=Brand%3AONLY&rows=50&o=3400&plaEnabled=false&xdEnabled=false&isFacet=true&p=69 | run_id=run_20260928_231050_066209_100b3e | brand=ONLY | page=69 | route=https://www.myntra.com/women-western-wear?f=Brand%3AONLY | seen=3235 | expected=3239
2026-09-28 23:15:57 | WARNING | NETWORK   | JSON request failed for https://www.myntra.com/gateway/v4/search/women-western-wear?f=Brand%3AONLY&rows=50&o=3400&plaEnabled=false&xdEnabled=false&isFacet=true&p=69 on attempt 1/3: HTTP Error 400:  | run_id=run_20260928_231050_066209_100b3e | route=https://www.myntra.com/gateway/v4/search/women-western-wear?f=Brand%3AONLY&rows=50&o=3400&plaEnabled=false&xdEnabled=false&isFacet=true&p=69 | attempt=1/3
2026-09-28 23:15:58 | WARNING | NETWORK   | JSON request failed for https://www.myntra.com/gateway/v4/search/women-western-wear?f=Brand%3AONLY&rows=50&o=3400&plaEnabled=false&xdEnabled=false&isFacet=true&p=69 on attempt 2/3: HTTP Error 400:  | run_id=run_20260928_231050_066209_100b3e | route=https://www.myntra.com/gateway/v4/search/women-western-wear?f=Brand%3AONLY&rows=50&o=3400&plaEnabled=false&xdEnabled=false&isFacet=true&p=69 | attempt=2/3
2026-09-28 23:16:01 | WARNING | NETWORK   | JSON request failed for https://www.myntra.com/gateway/v4/search/women-western-wear?f=Brand%3AONLY&rows=50&o=3400&plaEnabled=false&xdEnabled=false&isFacet=true&p=69 on attempt 3/3: HTTP Error 400:  | run_id=run_20260928_231050_066209_100b3e | route=https://www.myntra.com/gateway/v4/search/women-western-wear?f=Brand%3AONLY&rows=50&o=3400&plaEnabled=false&xdEnabled=false&isFacet=true&p=69 | attempt=3/3
2026-09-28 23:16:02 | WARNING | NETWORK   | JSON request failed for https://www.myntra.com/gateway/v4/search/women-western-wear?f=Brand%3AONLY&rows=50&o=3399&plaEnabled=false&xdEnabled=false&isFacet=true&p=69 on attempt 1/3: HTTP Error 400:  | run_id=run_20260928_231050_066209_100b3e | route=https://www.myntra.com/gateway/v4/search/women-western-wear?f=Brand%3AONLY&rows=50&o=3399&plaEnabled=false&xdEnabled=false&isFacet=true&p=69 | attempt=1/3
2026-09-28 23:16:03 | WARNING | NETWORK   | JSON request failed for https://www.myntra.com/gateway/v4/search/women-western-wear?f=Brand%3AONLY&rows=50&o=3399&plaEnabled=false&xdEnabled=false&isFacet=true&p=69 on attempt 2/3: HTTP Error 400:  | run_id=run_20260928_231050_066209_100b3e | route=https://www.myntra.com/gateway/v4/search/women-western-wear?f=Brand%3AONLY&rows=50&o=3399&plaEnabled=false&xdEnabled=false&isFacet=true&p=69 | attempt=2/3
2026-09-28 23:16:06 | WARNING | NETWORK   | JSON request failed for https://www.myntra.com/gateway/v4/search/women-western-wear?f=Brand%3AONLY&rows=50&o=3399&plaEnabled=false&xdEnabled=false&isFacet=true&p=69 on attempt 3/3: HTTP Error 400:  | run_id=run_20260928_231050_066209_100b3e | route=https://www.myntra.com/gateway/v4/search/women-western-wear?f=Brand%3AONLY&rows=50&o=3399&plaEnabled=false&xdEnabled=false&isFacet=true&p=69 | attempt=3/3
2026-09-28 23:16:06 | WARNING | LISTING   | Route fetch failed for https://www.myntra.com/women-western-wear?f=Brand%3AONLY page 69 (Failed to fetch JSON payload from https://www.myntra.com/gateway/v4/search/women-western-wear?f=Brand%3AONLY&rows=50&o=3399&plaEnabled=false&xdEnabled=false&isFacet=true&p=69: HTTP Error 400: ). Will retry with another pass or fallback route. | run_id=run_20260928_231050_066209_100b3e | brand=ONLY | page=69 | route=https://www.myntra.com/women-western-wear?f=Brand%3AONLY
2026-09-28 23:16:06 | INFO    | BRAND     | Skipping redundant route https://www.myntra.com/western-wear?f=Brand%3AONLY for ONLY (100% of first page already captured). | run_id=run_20260928_231050_066209_100b3e | brand=ONLY | route=https://www.myntra.com/western-wear?f=Brand%3AONLY
2026-09-28 23:16:06 | WARNING | BRAND     | Brand ONLY finished below expected count: saw 3235 unique western wear products vs expected 3239. | run_id=run_20260928_231050_066209_100b3e | brand=ONLY | seen=3235 | expected=3239
2026-09-28 23:16:06 | INFO    | BRAND     | Brand scrape completed in 5m 15s (615.46 products/min). | run_id=run_20260928_231050_066209_100b3e | brand=ONLY | status=COMPLETED | saved=3235 | seen=3235 | expected=3239 | elapsed_label=5m 15s | products_per_minute=615.46
2026-09-28 23:16:06 | INFO    | BRAND     | Resolving brand routes. | run_id=run_20260928_231050_066209_100b3e | brand=Vero Moda
2026-09-28 23:16:09 | INFO    | BRAND     | Resolved Vero Moda -> 3 routes (best brand total=3851): https://www.myntra.com/western-wear?f=Brand%3AVero%20Moda, https://www.myntra.com/women-western-wear?f=Brand%3AVero%20Moda, https://www.myntra.com/vero-moda | run_id=run_20260928_231050_066209_100b3e | brand=Vero Moda | expected=3851
2026-09-28 23:16:09 | INFO    | BRAND     | Starting brand scrape. | run_id=run_20260928_231050_066209_100b3e | brand=Vero Moda | expected=6973
2026-09-28 23:16:09 | INFO    | LISTING   | Listing Vero Moda route https://www.myntra.com/western-wear?f=Brand%3AVero%20Moda page 1 -> https://www.myntra.com/gateway/v4/search/western-wear?f=Brand%3AVero+Moda&rows=50&o=0&plaEnabled=false&xdEnabled=false&isFacet=true&p=1 | run_id=run_20260928_231050_066209_100b3e | brand=Vero Moda | page=1 | route=https://www.myntra.com/western-wear?f=Brand%3AVero%20Moda | seen=0 | expected=3767
2026-09-28 23:16:14 | INFO    | PDP       | Processed 50 target products for Vero Moda in 3s (1020.83 products/min). | run_id=run_20260928_231050_066209_100b3e | brand=Vero Moda | saved=50 | elapsed_label=3s | products_per_minute=1020.83
2026-09-28 23:16:14 | INFO    | LISTING   | Listing Vero Moda route https://www.myntra.com/western-wear?f=Brand%3AVero%20Moda page 2 -> https://www.myntra.com/gateway/v4/search/western-wear?f=Brand%3AVero+Moda&rows=50&o=50&plaEnabled=false&xdEnabled=false&isFacet=true&p=2 | run_id=run_20260928_231050_066209_100b3e | brand=Vero Moda | page=2 | route=https://www.myntra.com/western-wear?f=Brand%3AVero%20Moda | seen=50 | expected=3767
2026-09-28 23:16:19 | INFO    | PDP       | Processed 50 target products for Vero Moda in 3s (917.75 products/min). | run_id=run_20260928_231050_066209_100b3e | brand=Vero Moda | saved=50 | elapsed_label=3s | products_per_minute=917.75
2026-09-28 23:16:19 | INFO    | LISTING   | Listing Vero Moda route https://www.myntra.com/western-wear?f=Brand%3AVero%20Moda page 3 -> https://www.myntra.com/gateway/v4/search/western-wear?f=Brand%3AVero+Moda&rows=50&o=100&plaEnabled=false&xdEnabled=false&isFacet=true&p=3 | run_id=run_20260928_231050_066209_100b3e | brand=Vero Moda | page=3 | route=https://www.myntra.com/western-wear?f=Brand%3AVero%20Moda | seen=100 | expected=3767
2026-09-28 23:16:24 | INFO    | PDP       | Processed 50 target products for Vero Moda in 3s (922.82 products/min). | run_id=run_20260928_231050_066209_100b3e | brand=Vero Moda | saved=50 | elapsed_label=3s | products_per_minute=922.82
2026-09-28 23:16:24 | INFO    | LISTING   | Listing Vero Moda route https://www.myntra.com/western-wear?f=Brand%3AVero%20Moda page 4 -> https://www.myntra.com/gateway/v4/search/western-wear?f=Brand%3AVero+Moda&rows=50&o=150&plaEnabled=false&xdEnabled=false&isFacet=true&p=4 | run_id=run_20260928_231050_066209_100b3e | brand=Vero Moda | page=4 | route=https://www.myntra.com/western-wear?f=Brand%3AVero%20Moda | seen=150 | expected=3767
2026-09-28 23:16:28 | INFO    | PDP       | Processed 50 target products for Vero Moda in 3s (1010.49 products/min). | run_id=run_20260928_231050_066209_100b3e | brand=Vero Moda | saved=50 | elapsed_label=3s | products_per_minute=1010.49
2026-09-28 23:16:28 | INFO    | LISTING   | Listing Vero Moda route https://www.myntra.com/western-wear?f=Brand%3AVero%20Moda page 5 -> https://www.myntra.com/gateway/v4/search/western-wear?f=Brand%3AVero+Moda&rows=50&o=200&plaEnabled=false&xdEnabled=false&isFacet=true&p=5 | run_id=run_20260928_231050_066209_100b3e | brand=Vero Moda | page=5 | route=https://www.myntra.com/western-wear?f=Brand%3AVero%20Moda | seen=200 | expected=3767
2026-09-28 23:16:31 | WARNING | PDP       | PDP fetch failed for https://www.myntra.com/Skirts/Vero+Moda/Vero-Moda-Women-Straight-Mini-Skirt/31261767/buy: PDP payload did not contain pdpData. | run_id=run_20260928_231050_066209_100b3e | brand=Vero Moda | route=https://www.myntra.com/Skirts/Vero+Moda/Vero-Moda-Women-Straight-Mini-Skirt/31261767/buy
2026-09-28 23:16:32 | INFO    | PDP       | Retrying 1 PDP fetches for Vero Moda (retry round 1/5). | run_id=run_20260928_231050_066209_100b3e | brand=Vero Moda | attempt=1/5
2026-09-28 23:16:33 | INFO    | PDP       | Processed 50 target products for Vero Moda in 4s (711.77 products/min). | run_id=run_20260928_231050_066209_100b3e | brand=Vero Moda | saved=50 | elapsed_label=4s | products_per_minute=711.77
2026-09-28 23:16:33 | INFO    | LISTING   | Listing Vero Moda route https://www.myntra.com/western-wear?f=Brand%3AVero%20Moda page 6 -> https://www.myntra.com/gateway/v4/search/western-wear?f=Brand%3AVero+Moda&rows=50&o=250&plaEnabled=false&xdEnabled=false&isFacet=true&p=6 | run_id=run_20260928_231050_066209_100b3e | brand=Vero Moda | page=6 | route=https://www.myntra.com/western-wear?f=Brand%3AVero%20Moda | seen=250 | expected=3767
2026-09-28 23:16:37 | INFO    | PDP       | Processed 50 target products for Vero Moda in 3s (1026.36 products/min). | run_id=run_20260928_231050_066209_100b3e | brand=Vero Moda | saved=50 | elapsed_label=3s | products_per_minute=1026.36
2026-09-28 23:16:37 | INFO    | LISTING   | Listing Vero Moda route https://www.myntra.com/western-wear?f=Brand%3AVero%20Moda page 7 -> https://www.myntra.com/gateway/v4/search/western-wear?f=Brand%3AVero+Moda&rows=50&o=300&plaEnabled=false&xdEnabled=false&isFacet=true&p=7 | run_id=run_20260928_231050_066209_100b3e | brand=Vero Moda | page=7 | route=https://www.myntra.com/western-wear?f=Brand%3AVero%20Moda | seen=300 | expected=3767
2026-09-28 23:16:41 | INFO    | PDP       | Processed 50 target products for Vero Moda in 3s (1011.31 products/min). | run_id=run_20260928_231050_066209_100b3e | brand=Vero Moda | saved=50 | elapsed_label=3s | products_per_minute=1011.31
2026-09-28 23:16:41 | INFO    | LISTING   | Listing Vero Moda route https://www.myntra.com/western-wear?f=Brand%3AVero%20Moda page 8 -> https://www.myntra.com/gateway/v4/search/western-wear?f=Brand%3AVero+Moda&rows=50&o=350&plaEnabled=false&xdEnabled=false&isFacet=true&p=8 | run_id=run_20260928_231050_066209_100b3e | brand=Vero Moda | page=8 | route=https://www.myntra.com/western-wear?f=Brand%3AVero%20Moda | seen=350 | expected=3767
2026-09-28 23:16:46 | INFO    | PDP       | Processed 50 target products for Vero Moda in 4s (820.4 products/min). | run_id=run_20260928_231050_066209_100b3e | brand=Vero Moda | saved=50 | elapsed_label=4s | products_per_minute=820.4
2026-09-28 23:16:46 | INFO    | LISTING   | Listing Vero Moda route https://www.myntra.com/western-wear?f=Brand%3AVero%20Moda page 9 -> https://www.myntra.com/gateway/v4/search/western-wear?f=Brand%3AVero+Moda&rows=50&o=400&plaEnabled=false&xdEnabled=false&isFacet=true&p=9 | run_id=run_20260928_231050_066209_100b3e | brand=Vero Moda | page=9 | route=https://www.myntra.com/western-wear?f=Brand%3AVero%20Moda | seen=400 | expected=3767
2026-09-28 23:16:50 | INFO    | PDP       | Processed 50 target products for Vero Moda in 3s (924.15 products/min). | run_id=run_20260928_231050_066209_100b3e | brand=Vero Moda | saved=50 | elapsed_label=3s | products_per_minute=924.15
2026-09-28 23:16:51 | INFO    | LISTING   | Listing Vero Moda route https://www.myntra.com/western-wear?f=Brand%3AVero%20Moda page 10 -> https://www.myntra.com/gateway/v4/search/western-wear?f=Brand%3AVero+Moda&rows=50&o=450&plaEnabled=false&xdEnabled=false&isFacet=true&p=10 | run_id=run_20260928_231050_066209_100b3e | brand=Vero Moda | page=10 | route=https://www.myntra.com/western-wear?f=Brand%3AVero%20Moda | seen=450 | expected=3767
2026-09-28 23:16:55 | INFO    | PDP       | Processed 50 target products for Vero Moda in 3s (978.09 products/min). | run_id=run_20260928_231050_066209_100b3e | brand=Vero Moda | saved=50 | elapsed_label=3s | products_per_minute=978.09
2026-09-28 23:16:55 | INFO    | LISTING   | Listing Vero Moda route https://www.myntra.com/western-wear?f=Brand%3AVero%20Moda page 11 -> https://www.myntra.com/gateway/v4/search/western-wear?f=Brand%3AVero+Moda&rows=50&o=500&plaEnabled=false&xdEnabled=false&isFacet=true&p=11 | run_id=run_20260928_231050_066209_100b3e | brand=Vero Moda | page=11 | route=https://www.myntra.com/western-wear?f=Brand%3AVero%20Moda | seen=500 | expected=3767
2026-09-28 23:17:00 | INFO    | PDP       | Processed 50 target products for Vero Moda in 3s (915.31 products/min). | run_id=run_20260928_231050_066209_100b3e | brand=Vero Moda | saved=50 | elapsed_label=3s | products_per_minute=915.31
2026-09-28 23:17:00 | INFO    | LISTING   | Listing Vero Moda route https://www.myntra.com/western-wear?f=Brand%3AVero%20Moda page 12 -> https://www.myntra.com/gateway/v4/search/western-wear?f=Brand%3AVero+Moda&rows=50&o=550&plaEnabled=false&xdEnabled=false&isFacet=true&p=12 | run_id=run_20260928_231050_066209_100b3e | brand=Vero Moda | page=12 | route=https://www.myntra.com/western-wear?f=Brand%3AVero%20Moda | seen=550 | expected=3767
2026-09-28 23:17:04 | INFO    | PDP       | Processed 50 target products for Vero Moda in 3s (1023.33 products/min). | run_id=run_20260928_231050_066209_100b3e | brand=Vero Moda | saved=50 | elapsed_label=3s | products_per_minute=1023.33
2026-09-28 23:17:04 | INFO    | LISTING   | Listing Vero Moda route https://www.myntra.com/western-wear?f=Brand%3AVero%20Moda page 13 -> https://www.myntra.com/gateway/v4/search/western-wear?f=Brand%3AVero+Moda&rows=50&o=600&plaEnabled=false&xdEnabled=false&isFacet=true&p=13 | run_id=run_20260928_231050_066209_100b3e | brand=Vero Moda | page=13 | route=https://www.myntra.com/western-wear?f=Brand%3AVero%20Moda | seen=600 | expected=3767
2026-09-28 23:17:09 | INFO    | PDP       | Processed 50 target products for Vero Moda in 3s (857.47 products/min). | run_id=run_20260928_231050_066209_100b3e | brand=Vero Moda | saved=50 | elapsed_label=3s | products_per_minute=857.47
2026-09-28 23:17:09 | INFO    | LISTING   | Listing Vero Moda route https://www.myntra.com/western-wear?f=Brand%3AVero%20Moda page 14 -> https://www.myntra.com/gateway/v4/search/western-wear?f=Brand%3AVero+Moda&rows=50&o=650&plaEnabled=false&xdEnabled=false&isFacet=true&p=14 | run_id=run_20260928_231050_066209_100b3e | brand=Vero Moda | page=14 | route=https://www.myntra.com/western-wear?f=Brand%3AVero%20Moda | seen=650 | expected=3767
2026-09-28 23:17:13 | INFO    | PDP       | Processed 50 target products for Vero Moda in 3s (1087.26 products/min). | run_id=run_20260928_231050_066209_100b3e | brand=Vero Moda | saved=50 | elapsed_label=3s | products_per_minute=1087.26
2026-09-28 23:17:13 | INFO    | LISTING   | Listing Vero Moda route https://www.myntra.com/western-wear?f=Brand%3AVero%20Moda page 15 -> https://www.myntra.com/gateway/v4/search/western-wear?f=Brand%3AVero+Moda&rows=50&o=700&plaEnabled=false&xdEnabled=false&isFacet=true&p=15 | run_id=run_20260928_231050_066209_100b3e | brand=Vero Moda | page=15 | route=https://www.myntra.com/western-wear?f=Brand%3AVero%20Moda | seen=700 | expected=3767
2026-09-28 23:17:17 | INFO    | PDP       | Processed 50 target products for Vero Moda in 3s (976.21 products/min). | run_id=run_20260928_231050_066209_100b3e | brand=Vero Moda | saved=50 | elapsed_label=3s | products_per_minute=976.21
2026-09-28 23:17:17 | INFO    | LISTING   | Listing Vero Moda route https://www.myntra.com/western-wear?f=Brand%3AVero%20Moda page 16 -> https://www.myntra.com/gateway/v4/search/western-wear?f=Brand%3AVero+Moda&rows=50&o=750&plaEnabled=false&xdEnabled=false&isFacet=true&p=16 | run_id=run_20260928_231050_066209_100b3e | brand=Vero Moda | page=16 | route=https://www.myntra.com/western-wear?f=Brand%3AVero%20Moda | seen=750 | expected=3767
2026-09-28 23:17:21 | INFO    | PDP       | Processed 50 target products for Vero Moda in 3s (1012.1 products/min). | run_id=run_20260928_231050_066209_100b3e | brand=Vero Moda | saved=50 | elapsed_label=3s | products_per_minute=1012.1
2026-09-28 23:17:21 | INFO    | LISTING   | Listing Vero Moda route https://www.myntra.com/western-wear?f=Brand%3AVero%20Moda page 17 -> https://www.myntra.com/gateway/v4/search/western-wear?f=Brand%3AVero+Moda&rows=50&o=800&plaEnabled=false&xdEnabled=false&isFacet=true&p=17 | run_id=run_20260928_231050_066209_100b3e | brand=Vero Moda | page=17 | route=https://www.myntra.com/western-wear?f=Brand%3AVero%20Moda | seen=800 | expected=3767
2026-09-28 23:17:25 | INFO    | PDP       | Processed 50 target products for Vero Moda in 3s (1056.96 products/min). | run_id=run_20260928_231050_066209_100b3e | brand=Vero Moda | saved=50 | elapsed_label=3s | products_per_minute=1056.96
2026-09-28 23:17:25 | INFO    | LISTING   | Listing Vero Moda route https://www.myntra.com/western-wear?f=Brand%3AVero%20Moda page 18 -> https://www.myntra.com/gateway/v4/search/western-wear?f=Brand%3AVero+Moda&rows=50&o=850&plaEnabled=false&xdEnabled=false&isFacet=true&p=18 | run_id=run_20260928_231050_066209_100b3e | brand=Vero Moda | page=18 | route=https://www.myntra.com/western-wear?f=Brand%3AVero%20Moda | seen=850 | expected=3767
2026-09-28 23:17:29 | INFO    | PDP       | Processed 50 target products for Vero Moda in 3s (1102.76 products/min). | run_id=run_20260928_231050_066209_100b3e | brand=Vero Moda | saved=50 | elapsed_label=3s | products_per_minute=1102.76
2026-09-28 23:17:29 | INFO    | LISTING   | Listing Vero Moda route https://www.myntra.com/western-wear?f=Brand%3AVero%20Moda page 19 -> https://www.myntra.com/gateway/v4/search/western-wear?f=Brand%3AVero+Moda&rows=50&o=900&plaEnabled=false&xdEnabled=false&isFacet=true&p=19 | run_id=run_20260928_231050_066209_100b3e | brand=Vero Moda | page=19 | route=https://www.myntra.com/western-wear?f=Brand%3AVero%20Moda | seen=900 | expected=3767
2026-09-28 23:17:33 | INFO    | PDP       | Processed 50 target products for Vero Moda in 3s (1034.41 products/min). | run_id=run_20260928_231050_066209_100b3e | brand=Vero Moda | saved=50 | elapsed_label=3s | products_per_minute=1034.41
2026-09-28 23:17:33 | INFO    | LISTING   | Listing Vero Moda route https://www.myntra.com/western-wear?f=Brand%3AVero%20Moda page 20 -> https://www.myntra.com/gateway/v4/search/western-wear?f=Brand%3AVero+Moda&rows=50&o=950&plaEnabled=false&xdEnabled=false&isFacet=true&p=20 | run_id=run_20260928_231050_066209_100b3e | brand=Vero Moda | page=20 | route=https://www.myntra.com/western-wear?f=Brand%3AVero%20Moda | seen=950 | expected=3767
2026-09-28 23:17:37 | INFO    | PDP       | Processed 50 target products for Vero Moda in 3s (1038.98 products/min). | run_id=run_20260928_231050_066209_100b3e | brand=Vero Moda | saved=50 | elapsed_label=3s | products_per_minute=1038.98
2026-09-28 23:17:37 | INFO    | LISTING   | Listing Vero Moda route https://www.myntra.com/western-wear?f=Brand%3AVero%20Moda page 21 -> https://www.myntra.com/gateway/v4/search/western-wear?f=Brand%3AVero+Moda&rows=50&o=1000&plaEnabled=false&xdEnabled=false&isFacet=true&p=21 | run_id=run_20260928_231050_066209_100b3e | brand=Vero Moda | page=21 | route=https://www.myntra.com/western-wear?f=Brand%3AVero%20Moda | seen=1000 | expected=3767
2026-09-28 23:17:41 | INFO    | PDP       | Processed 50 target products for Vero Moda in 3s (1049.56 products/min). | run_id=run_20260928_231050_066209_100b3e | brand=Vero Moda | saved=50 | elapsed_label=3s | products_per_minute=1049.56
2026-09-28 23:17:41 | INFO    | LISTING   | Listing Vero Moda route https://www.myntra.com/western-wear?f=Brand%3AVero%20Moda page 22 -> https://www.myntra.com/gateway/v4/search/western-wear?f=Brand%3AVero+Moda&rows=50&o=1050&plaEnabled=false&xdEnabled=false&isFacet=true&p=22 | run_id=run_20260928_231050_066209_100b3e | brand=Vero Moda | page=22 | route=https://www.myntra.com/western-wear?f=Brand%3AVero%20Moda | seen=1050 | expected=3767
2026-09-28 23:17:45 | INFO    | PDP       | Processed 50 target products for Vero Moda in 3s (989.45 products/min). | run_id=run_20260928_231050_066209_100b3e | brand=Vero Moda | saved=50 | elapsed_label=3s | products_per_minute=989.45
2026-09-28 23:17:46 | INFO    | LISTING   | Listing Vero Moda route https://www.myntra.com/western-wear?f=Brand%3AVero%20Moda page 23 -> https://www.myntra.com/gateway/v4/search/western-wear?f=Brand%3AVero+Moda&rows=50&o=1100&plaEnabled=false&xdEnabled=false&isFacet=true&p=23 | run_id=run_20260928_231050_066209_100b3e | brand=Vero Moda | page=23 | route=https://www.myntra.com/western-wear?f=Brand%3AVero%20Moda | seen=1100 | expected=3767
2026-09-28 23:17:50 | INFO    | PDP       | Processed 50 target products for Vero Moda in 3s (1004.32 products/min). | run_id=run_20260928_231050_066209_100b3e | brand=Vero Moda | saved=50 | elapsed_label=3s | products_per_minute=1004.32
2026-09-28 23:17:50 | INFO    | LISTING   | Listing Vero Moda route https://www.myntra.com/western-wear?f=Brand%3AVero%20Moda page 24 -> https://www.myntra.com/gateway/v4/search/western-wear?f=Brand%3AVero+Moda&rows=50&o=1150&plaEnabled=false&xdEnabled=false&isFacet=true&p=24 | run_id=run_20260928_231050_066209_100b3e | brand=Vero Moda | page=24 | route=https://www.myntra.com/western-wear?f=Brand%3AVero%20Moda | seen=1150 | expected=3767
2026-09-28 23:17:54 | INFO    | PDP       | Processed 50 target products for Vero Moda in 3s (1016.01 products/min). | run_id=run_20260928_231050_066209_100b3e | brand=Vero Moda | saved=50 | elapsed_label=3s | products_per_minute=1016.01
2026-09-28 23:17:55 | INFO    | LISTING   | Listing Vero Moda route https://www.myntra.com/western-wear?f=Brand%3AVero%20Moda page 25 -> https://www.myntra.com/gateway/v4/search/western-wear?f=Brand%3AVero+Moda&rows=50&o=1200&plaEnabled=false&xdEnabled=false&isFacet=true&p=25 | run_id=run_20260928_231050_066209_100b3e | brand=Vero Moda | page=25 | route=https://www.myntra.com/western-wear?f=Brand%3AVero%20Moda | seen=1200 | expected=3767
2026-09-28 23:17:58 | INFO    | PDP       | Processed 50 target products for Vero Moda in 3s (974.55 products/min). | run_id=run_20260928_231050_066209_100b3e | brand=Vero Moda | saved=50 | elapsed_label=3s | products_per_minute=974.55
2026-09-28 23:17:59 | INFO    | LISTING   | Listing Vero Moda route https://www.myntra.com/western-wear?f=Brand%3AVero%20Moda page 26 -> https://www.myntra.com/gateway/v4/search/western-wear?f=Brand%3AVero+Moda&rows=50&o=1250&plaEnabled=false&xdEnabled=false&isFacet=true&p=26 | run_id=run_20260928_231050_066209_100b3e | brand=Vero Moda | page=26 | route=https://www.myntra.com/western-wear?f=Brand%3AVero%20Moda | seen=1250 | expected=3767
2026-09-28 23:18:03 | INFO    | PDP       | Processed 50 target products for Vero Moda in 3s (899.87 products/min). | run_id=run_20260928_231050_066209_100b3e | brand=Vero Moda | saved=50 | elapsed_label=3s | products_per_minute=899.87
2026-09-28 23:18:03 | INFO    | LISTING   | Listing Vero Moda route https://www.myntra.com/western-wear?f=Brand%3AVero%20Moda page 27 -> https://www.myntra.com/gateway/v4/search/western-wear?f=Brand%3AVero+Moda&rows=50&o=1300&plaEnabled=false&xdEnabled=false&isFacet=true&p=27 | run_id=run_20260928_231050_066209_100b3e | brand=Vero Moda | page=27 | route=https://www.myntra.com/western-wear?f=Brand%3AVero%20Moda | seen=1300 | expected=3767
2026-09-28 23:18:08 | INFO    | PDP       | Processed 50 target products for Vero Moda in 3s (984.48 products/min). | run_id=run_20260928_231050_066209_100b3e | brand=Vero Moda | saved=50 | elapsed_label=3s | products_per_minute=984.48
2026-09-28 23:18:08 | INFO    | LISTING   | Listing Vero Moda route https://www.myntra.com/western-wear?f=Brand%3AVero%20Moda page 28 -> https://www.myntra.com/gateway/v4/search/western-wear?f=Brand%3AVero+Moda&rows=50&o=1350&plaEnabled=false&xdEnabled=false&isFacet=true&p=28 | run_id=run_20260928_231050_066209_100b3e | brand=Vero Moda | page=28 | route=https://www.myntra.com/western-wear?f=Brand%3AVero%20Moda | seen=1350 | expected=3767
2026-09-28 23:18:13 | INFO    | PDP       | Processed 48 target products for Vero Moda in 3s (907.19 products/min). | run_id=run_20260928_231050_066209_100b3e | brand=Vero Moda | saved=48 | elapsed_label=3s | products_per_minute=907.19
2026-09-28 23:18:13 | INFO    | LISTING   | Listing Vero Moda route https://www.myntra.com/western-wear?f=Brand%3AVero%20Moda page 29 -> https://www.myntra.com/gateway/v4/search/western-wear?f=Brand%3AVero+Moda&rows=50&o=1400&plaEnabled=false&xdEnabled=false&isFacet=true&p=29 | run_id=run_20260928_231050_066209_100b3e | brand=Vero Moda | page=29 | route=https://www.myntra.com/western-wear?f=Brand%3AVero%20Moda | seen=1398 | expected=3767
2026-09-28 23:18:17 | INFO    | PDP       | Processed 49 target products for Vero Moda in 3s (989.58 products/min). | run_id=run_20260928_231050_066209_100b3e | brand=Vero Moda | saved=49 | elapsed_label=3s | products_per_minute=989.58
2026-09-28 23:18:17 | INFO    | LISTING   | Listing Vero Moda route https://www.myntra.com/western-wear?f=Brand%3AVero%20Moda page 30 -> https://www.myntra.com/gateway/v4/search/western-wear?f=Brand%3AVero+Moda&rows=50&o=1450&plaEnabled=false&xdEnabled=false&isFacet=true&p=30 | run_id=run_20260928_231050_066209_100b3e | brand=Vero Moda | page=30 | route=https://www.myntra.com/western-wear?f=Brand%3AVero%20Moda | seen=1447 | expected=3767
2026-09-28 23:18:21 | INFO    | PDP       | Processed 50 target products for Vero Moda in 3s (979.94 products/min). | run_id=run_20260928_231050_066209_100b3e | brand=Vero Moda | saved=50 | elapsed_label=3s | products_per_minute=979.94
2026-09-28 23:18:21 | INFO    | LISTING   | Listing Vero Moda route https://www.myntra.com/western-wear?f=Brand%3AVero%20Moda page 31 -> https://www.myntra.com/gateway/v4/search/western-wear?f=Brand%3AVero+Moda&rows=50&o=1500&plaEnabled=false&xdEnabled=false&isFacet=true&p=31 | run_id=run_20260928_231050_066209_100b3e | brand=Vero Moda | page=31 | route=https://www.myntra.com/western-wear?f=Brand%3AVero%20Moda | seen=1497 | expected=3767
2026-09-28 23:18:25 | INFO    | PDP       | Processed 50 target products for Vero Moda in 3s (1031.33 products/min). | run_id=run_20260928_231050_066209_100b3e | brand=Vero Moda | saved=50 | elapsed_label=3s | products_per_minute=1031.33
2026-09-28 23:18:25 | INFO    | LISTING   | Listing Vero Moda route https://www.myntra.com/western-wear?f=Brand%3AVero%20Moda page 32 -> https://www.myntra.com/gateway/v4/search/western-wear?f=Brand%3AVero+Moda&rows=50&o=1550&plaEnabled=false&xdEnabled=false&isFacet=true&p=32 | run_id=run_20260928_231050_066209_100b3e | brand=Vero Moda | page=32 | route=https://www.myntra.com/western-wear?f=Brand%3AVero%20Moda | seen=1547 | expected=3767
2026-09-28 23:18:30 | INFO    | PDP       | Processed 50 target products for Vero Moda in 3s (945.55 products/min). | run_id=run_20260928_231050_066209_100b3e | brand=Vero Moda | saved=50 | elapsed_label=3s | products_per_minute=945.55
2026-09-28 23:18:30 | INFO    | LISTING   | Listing Vero Moda route https://www.myntra.com/western-wear?f=Brand%3AVero%20Moda page 33 -> https://www.myntra.com/gateway/v4/search/western-wear?f=Brand%3AVero+Moda&rows=50&o=1600&plaEnabled=false&xdEnabled=false&isFacet=true&p=33 | run_id=run_20260928_231050_066209_100b3e | brand=Vero Moda | page=33 | route=https://www.myntra.com/western-wear?f=Brand%3AVero%20Moda | seen=1597 | expected=3767
2026-09-28 23:18:35 | INFO    | PDP       | Processed 50 target products for Vero Moda in 3s (1082.95 products/min). | run_id=run_20260928_231050_066209_100b3e | brand=Vero Moda | saved=50 | elapsed_label=3s | products_per_minute=1082.95
2026-09-28 23:18:35 | INFO    | LISTING   | Listing Vero Moda route https://www.myntra.com/western-wear?f=Brand%3AVero%20Moda page 34 -> https://www.myntra.com/gateway/v4/search/western-wear?f=Brand%3AVero+Moda&rows=50&o=1650&plaEnabled=false&xdEnabled=false&isFacet=true&p=34 | run_id=run_20260928_231050_066209_100b3e | brand=Vero Moda | page=34 | route=https://www.myntra.com/western-wear?f=Brand%3AVero%20Moda | seen=1647 | expected=3767
2026-09-28 23:18:39 | INFO    | PDP       | Processed 48 target products for Vero Moda in 3s (962.82 products/min). | run_id=run_20260928_231050_066209_100b3e | brand=Vero Moda | saved=48 | elapsed_label=3s | products_per_minute=962.82
2026-09-28 23:18:39 | INFO    | LISTING   | Listing Vero Moda route https://www.myntra.com/western-wear?f=Brand%3AVero%20Moda page 35 -> https://www.myntra.com/gateway/v4/search/western-wear?f=Brand%3AVero+Moda&rows=50&o=1700&plaEnabled=false&xdEnabled=false&isFacet=true&p=35 | run_id=run_20260928_231050_066209_100b3e | brand=Vero Moda | page=35 | route=https://www.myntra.com/western-wear?f=Brand%3AVero%20Moda | seen=1695 | expected=3767
2026-09-28 23:18:43 | INFO    | PDP       | Processed 49 target products for Vero Moda in 3s (871.07 products/min). | run_id=run_20260928_231050_066209_100b3e | brand=Vero Moda | saved=49 | elapsed_label=3s | products_per_minute=871.07
2026-09-28 23:18:43 | INFO    | LISTING   | Listing Vero Moda route https://www.myntra.com/western-wear?f=Brand%3AVero%20Moda page 36 -> https://www.myntra.com/gateway/v4/search/western-wear?f=Brand%3AVero+Moda&rows=50&o=1750&plaEnabled=false&xdEnabled=false&isFacet=true&p=36 | run_id=run_20260928_231050_066209_100b3e | brand=Vero Moda | page=36 | route=https://www.myntra.com/western-wear?f=Brand%3AVero%20Moda | seen=1744 | expected=3767
2026-09-28 23:18:47 | INFO    | PDP       | Processed 49 target products for Vero Moda in 3s (989.46 products/min). | run_id=run_20260928_231050_066209_100b3e | brand=Vero Moda | saved=49 | elapsed_label=3s | products_per_minute=989.46
2026-09-28 23:18:47 | INFO    | LISTING   | Listing Vero Moda route https://www.myntra.com/western-wear?f=Brand%3AVero%20Moda page 37 -> https://www.myntra.com/gateway/v4/search/western-wear?f=Brand%3AVero+Moda&rows=50&o=1800&plaEnabled=false&xdEnabled=false&isFacet=true&p=37 | run_id=run_20260928_231050_066209_100b3e | brand=Vero Moda | page=37 | route=https://www.myntra.com/western-wear?f=Brand%3AVero%20Moda | seen=1793 | expected=3767
2026-09-28 23:18:51 | INFO    | PDP       | Processed 50 target products for Vero Moda in 3s (1011.86 products/min). | run_id=run_20260928_231050_066209_100b3e | brand=Vero Moda | saved=50 | elapsed_label=3s | products_per_minute=1011.86
2026-09-28 23:18:51 | INFO    | LISTING   | Listing Vero Moda route https://www.myntra.com/western-wear?f=Brand%3AVero%20Moda page 38 -> https://www.myntra.com/gateway/v4/search/western-wear?f=Brand%3AVero+Moda&rows=50&o=1850&plaEnabled=false&xdEnabled=false&isFacet=true&p=38 | run_id=run_20260928_231050_066209_100b3e | brand=Vero Moda | page=38 | route=https://www.myntra.com/western-wear?f=Brand%3AVero%20Moda | seen=1843 | expected=3767
2026-09-28 23:18:56 | INFO    | PDP       | Processed 50 target products for Vero Moda in 3s (935.52 products/min). | run_id=run_20260928_231050_066209_100b3e | brand=Vero Moda | saved=50 | elapsed_label=3s | products_per_minute=935.52
2026-09-28 23:18:56 | INFO    | LISTING   | Listing Vero Moda route https://www.myntra.com/western-wear?f=Brand%3AVero%20Moda page 39 -> https://www.myntra.com/gateway/v4/search/western-wear?f=Brand%3AVero+Moda&rows=50&o=1900&plaEnabled=false&xdEnabled=false&isFacet=true&p=39 | run_id=run_20260928_231050_066209_100b3e | brand=Vero Moda | page=39 | route=https://www.myntra.com/western-wear?f=Brand%3AVero%20Moda | seen=1893 | expected=3767
2026-09-28 23:19:01 | INFO    | PDP       | Processed 50 target products for Vero Moda in 4s (812.13 products/min). | run_id=run_20260928_231050_066209_100b3e | brand=Vero Moda | saved=50 | elapsed_label=4s | products_per_minute=812.13
2026-09-28 23:19:01 | INFO    | LISTING   | Listing Vero Moda route https://www.myntra.com/western-wear?f=Brand%3AVero%20Moda page 40 -> https://www.myntra.com/gateway/v4/search/western-wear?f=Brand%3AVero+Moda&rows=50&o=1950&plaEnabled=false&xdEnabled=false&isFacet=true&p=40 | run_id=run_20260928_231050_066209_100b3e | brand=Vero Moda | page=40 | route=https://www.myntra.com/western-wear?f=Brand%3AVero%20Moda | seen=1943 | expected=3767
2026-09-28 23:19:05 | INFO    | PDP       | Processed 48 target products for Vero Moda in 3s (1042.07 products/min). | run_id=run_20260928_231050_066209_100b3e | brand=Vero Moda | saved=48 | elapsed_label=3s | products_per_minute=1042.07
2026-09-28 23:19:05 | INFO    | LISTING   | Listing Vero Moda route https://www.myntra.com/western-wear?f=Brand%3AVero%20Moda page 41 -> https://www.myntra.com/gateway/v4/search/western-wear?f=Brand%3AVero+Moda&rows=50&o=2000&plaEnabled=false&xdEnabled=false&isFacet=true&p=41 | run_id=run_20260928_231050_066209_100b3e | brand=Vero Moda | page=41 | route=https://www.myntra.com/western-wear?f=Brand%3AVero%20Moda | seen=1991 | expected=3767
2026-09-28 23:19:09 | INFO    | PDP       | Processed 43 target products for Vero Moda in 3s (1017.46 products/min). | run_id=run_20260928_231050_066209_100b3e | brand=Vero Moda | saved=43 | elapsed_label=3s | products_per_minute=1017.46
2026-09-28 23:19:09 | INFO    | LISTING   | Listing Vero Moda route https://www.myntra.com/western-wear?f=Brand%3AVero%20Moda page 42 -> https://www.myntra.com/gateway/v4/search/western-wear?f=Brand%3AVero+Moda&rows=50&o=2050&plaEnabled=false&xdEnabled=false&isFacet=true&p=42 | run_id=run_20260928_231050_066209_100b3e | brand=Vero Moda | page=42 | route=https://www.myntra.com/western-wear?f=Brand%3AVero%20Moda | seen=2034 | expected=3767
2026-09-28 23:19:13 | INFO    | PDP       | Processed 50 target products for Vero Moda in 3s (986.46 products/min). | run_id=run_20260928_231050_066209_100b3e | brand=Vero Moda | saved=50 | elapsed_label=3s | products_per_minute=986.46
2026-09-28 23:19:13 | INFO    | LISTING   | Listing Vero Moda route https://www.myntra.com/western-wear?f=Brand%3AVero%20Moda page 43 -> https://www.myntra.com/gateway/v4/search/western-wear?f=Brand%3AVero+Moda&rows=50&o=2100&plaEnabled=false&xdEnabled=false&isFacet=true&p=43 | run_id=run_20260928_231050_066209_100b3e | brand=Vero Moda | page=43 | route=https://www.myntra.com/western-wear?f=Brand%3AVero%20Moda | seen=2084 | expected=3767
2026-09-28 23:19:17 | INFO    | PDP       | Processed 50 target products for Vero Moda in 3s (983.8 products/min). | run_id=run_20260928_231050_066209_100b3e | brand=Vero Moda | saved=50 | elapsed_label=3s | products_per_minute=983.8
2026-09-28 23:19:17 | INFO    | LISTING   | Listing Vero Moda route https://www.myntra.com/western-wear?f=Brand%3AVero%20Moda page 44 -> https://www.myntra.com/gateway/v4/search/western-wear?f=Brand%3AVero+Moda&rows=50&o=2150&plaEnabled=false&xdEnabled=false&isFacet=true&p=44 | run_id=run_20260928_231050_066209_100b3e | brand=Vero Moda | page=44 | route=https://www.myntra.com/western-wear?f=Brand%3AVero%20Moda | seen=2134 | expected=3767
2026-09-28 23:19:22 | INFO    | PDP       | Processed 50 target products for Vero Moda in 3s (955.05 products/min). | run_id=run_20260928_231050_066209_100b3e | brand=Vero Moda | saved=50 | elapsed_label=3s | products_per_minute=955.05
2026-09-28 23:19:22 | INFO    | LISTING   | Listing Vero Moda route https://www.myntra.com/western-wear?f=Brand%3AVero%20Moda page 45 -> https://www.myntra.com/gateway/v4/search/western-wear?f=Brand%3AVero+Moda&rows=50&o=2200&plaEnabled=false&xdEnabled=false&isFacet=true&p=45 | run_id=run_20260928_231050_066209_100b3e | brand=Vero Moda | page=45 | route=https://www.myntra.com/western-wear?f=Brand%3AVero%20Moda | seen=2184 | expected=3767
2026-09-28 23:19:27 | INFO    | PDP       | Processed 50 target products for Vero Moda in 4s (773.85 products/min). | run_id=run_20260928_231050_066209_100b3e | brand=Vero Moda | saved=50 | elapsed_label=4s | products_per_minute=773.85
2026-09-28 23:19:27 | INFO    | LISTING   | Listing Vero Moda route https://www.myntra.com/western-wear?f=Brand%3AVero%20Moda page 46 -> https://www.myntra.com/gateway/v4/search/western-wear?f=Brand%3AVero+Moda&rows=50&o=2250&plaEnabled=false&xdEnabled=false&isFacet=true&p=46 | run_id=run_20260928_231050_066209_100b3e | brand=Vero Moda | page=46 | route=https://www.myntra.com/western-wear?f=Brand%3AVero%20Moda | seen=2234 | expected=3767
2026-09-28 23:19:32 | INFO    | PDP       | Processed 50 target products for Vero Moda in 3s (890.49 products/min). | run_id=run_20260928_231050_066209_100b3e | brand=Vero Moda | saved=50 | elapsed_label=3s | products_per_minute=890.49
2026-09-28 23:19:32 | INFO    | LISTING   | Listing Vero Moda route https://www.myntra.com/western-wear?f=Brand%3AVero%20Moda page 47 -> https://www.myntra.com/gateway/v4/search/western-wear?f=Brand%3AVero+Moda&rows=50&o=2300&plaEnabled=false&xdEnabled=false&isFacet=true&p=47 | run_id=run_20260928_231050_066209_100b3e | brand=Vero Moda | page=47 | route=https://www.myntra.com/western-wear?f=Brand%3AVero%20Moda | seen=2284 | expected=3767
2026-09-28 23:19:36 | INFO    | PDP       | Processed 50 target products for Vero Moda in 3s (981.41 products/min). | run_id=run_20260928_231050_066209_100b3e | brand=Vero Moda | saved=50 | elapsed_label=3s | products_per_minute=981.41
2026-09-28 23:19:36 | INFO    | LISTING   | Listing Vero Moda route https://www.myntra.com/western-wear?f=Brand%3AVero%20Moda page 48 -> https://www.myntra.com/gateway/v4/search/western-wear?f=Brand%3AVero+Moda&rows=50&o=2350&plaEnabled=false&xdEnabled=false&isFacet=true&p=48 | run_id=run_20260928_231050_066209_100b3e | brand=Vero Moda | page=48 | route=https://www.myntra.com/western-wear?f=Brand%3AVero%20Moda | seen=2334 | expected=3767
2026-09-28 23:19:40 | INFO    | PDP       | Processed 50 target products for Vero Moda in 3s (980.41 products/min). | run_id=run_20260928_231050_066209_100b3e | brand=Vero Moda | saved=50 | elapsed_label=3s | products_per_minute=980.41
2026-09-28 23:19:40 | INFO    | LISTING   | Listing Vero Moda route https://www.myntra.com/western-wear?f=Brand%3AVero%20Moda page 49 -> https://www.myntra.com/gateway/v4/search/western-wear?f=Brand%3AVero+Moda&rows=50&o=2400&plaEnabled=false&xdEnabled=false&isFacet=true&p=49 | run_id=run_20260928_231050_066209_100b3e | brand=Vero Moda | page=49 | route=https://www.myntra.com/western-wear?f=Brand%3AVero%20Moda | seen=2384 | expected=3767
2026-09-28 23:19:44 | INFO    | PDP       | Processed 50 target products for Vero Moda in 3s (996.73 products/min). | run_id=run_20260928_231050_066209_100b3e | brand=Vero Moda | saved=50 | elapsed_label=3s | products_per_minute=996.73
2026-09-28 23:19:44 | INFO    | LISTING   | Listing Vero Moda route https://www.myntra.com/western-wear?f=Brand%3AVero%20Moda page 50 -> https://www.myntra.com/gateway/v4/search/western-wear?f=Brand%3AVero+Moda&rows=50&o=2450&plaEnabled=false&xdEnabled=false&isFacet=true&p=50 | run_id=run_20260928_231050_066209_100b3e | brand=Vero Moda | page=50 | route=https://www.myntra.com/western-wear?f=Brand%3AVero%20Moda | seen=2434 | expected=3767
2026-09-28 23:19:49 | INFO    | PDP       | Processed 50 target products for Vero Moda in 3s (899.65 products/min). | run_id=run_20260928_231050_066209_100b3e | brand=Vero Moda | saved=50 | elapsed_label=3s | products_per_minute=899.65
2026-09-28 23:19:49 | INFO    | LISTING   | Listing Vero Moda route https://www.myntra.com/western-wear?f=Brand%3AVero%20Moda page 51 -> https://www.myntra.com/gateway/v4/search/western-wear?f=Brand%3AVero+Moda&rows=50&o=2500&plaEnabled=false&xdEnabled=false&isFacet=true&p=51 | run_id=run_20260928_231050_066209_100b3e | brand=Vero Moda | page=51 | route=https://www.myntra.com/western-wear?f=Brand%3AVero%20Moda | seen=2484 | expected=3767
2026-09-28 23:19:54 | INFO    | PDP       | Processed 49 target products for Vero Moda in 3s (845.84 products/min). | run_id=run_20260928_231050_066209_100b3e | brand=Vero Moda | saved=49 | elapsed_label=3s | products_per_minute=845.84
2026-09-28 23:19:54 | INFO    | LISTING   | Listing Vero Moda route https://www.myntra.com/western-wear?f=Brand%3AVero%20Moda page 52 -> https://www.myntra.com/gateway/v4/search/western-wear?f=Brand%3AVero+Moda&rows=50&o=2550&plaEnabled=false&xdEnabled=false&isFacet=true&p=52 | run_id=run_20260928_231050_066209_100b3e | brand=Vero Moda | page=52 | route=https://www.myntra.com/western-wear?f=Brand%3AVero%20Moda | seen=2533 | expected=3767
2026-09-28 23:19:59 | INFO    | PDP       | Processed 50 target products for Vero Moda in 3s (994.24 products/min). | run_id=run_20260928_231050_066209_100b3e | brand=Vero Moda | saved=50 | elapsed_label=3s | products_per_minute=994.24
2026-09-28 23:19:59 | INFO    | LISTING   | Listing Vero Moda route https://www.myntra.com/western-wear?f=Brand%3AVero%20Moda page 53 -> https://www.myntra.com/gateway/v4/search/western-wear?f=Brand%3AVero+Moda&rows=50&o=2600&plaEnabled=false&xdEnabled=false&isFacet=true&p=53 | run_id=run_20260928_231050_066209_100b3e | brand=Vero Moda | page=53 | route=https://www.myntra.com/western-wear?f=Brand%3AVero%20Moda | seen=2583 | expected=3767
2026-09-28 23:20:02 | WARNING | PDP       | PDP fetch failed for https://www.myntra.com/Tshirts/Vero+Moda/Vero-Moda-Women-Brown-Printed-Drop-Shoulder-Sleeves-Pure-Cotton-T-shirt/18243150/buy: PDP payload did not contain pdpData. | run_id=run_20260928_231050_066209_100b3e | brand=Vero Moda | route=https://www.myntra.com/Tshirts/Vero+Moda/Vero-Moda-Women-Brown-Printed-Drop-Shoulder-Sleeves-Pure-Cotton-T-shirt/18243150/buy
2026-09-28 23:20:03 | INFO    | PDP       | Retrying 1 PDP fetches for Vero Moda (retry round 1/5). | run_id=run_20260928_231050_066209_100b3e | brand=Vero Moda | attempt=1/5
2026-09-28 23:20:04 | INFO    | PDP       | Processed 50 target products for Vero Moda in 5s (660.95 products/min). | run_id=run_20260928_231050_066209_100b3e | brand=Vero Moda | saved=50 | elapsed_label=5s | products_per_minute=660.95
2026-09-28 23:20:05 | INFO    | LISTING   | Listing Vero Moda route https://www.myntra.com/western-wear?f=Brand%3AVero%20Moda page 54 -> https://www.myntra.com/gateway/v4/search/western-wear?f=Brand%3AVero+Moda&rows=50&o=2650&plaEnabled=false&xdEnabled=false&isFacet=true&p=54 | run_id=run_20260928_231050_066209_100b3e | brand=Vero Moda | page=54 | route=https://www.myntra.com/western-wear?f=Brand%3AVero%20Moda | seen=2633 | expected=3767
2026-09-28 23:20:09 | INFO    | PDP       | Processed 49 target products for Vero Moda in 3s (1029.04 products/min). | run_id=run_20260928_231050_066209_100b3e | brand=Vero Moda | saved=49 | elapsed_label=3s | products_per_minute=1029.04
2026-09-28 23:20:09 | INFO    | LISTING   | Listing Vero Moda route https://www.myntra.com/western-wear?f=Brand%3AVero%20Moda page 55 -> https://www.myntra.com/gateway/v4/search/western-wear?f=Brand%3AVero+Moda&rows=50&o=2700&plaEnabled=false&xdEnabled=false&isFacet=true&p=55 | run_id=run_20260928_231050_066209_100b3e | brand=Vero Moda | page=55 | route=https://www.myntra.com/western-wear?f=Brand%3AVero%20Moda | seen=2682 | expected=3767
2026-09-28 23:20:13 | INFO    | PDP       | Processed 50 target products for Vero Moda in 3s (1025.81 products/min). | run_id=run_20260928_231050_066209_100b3e | brand=Vero Moda | saved=50 | elapsed_label=3s | products_per_minute=1025.81
2026-09-28 23:20:13 | INFO    | LISTING   | Listing Vero Moda route https://www.myntra.com/western-wear?f=Brand%3AVero%20Moda page 56 -> https://www.myntra.com/gateway/v4/search/western-wear?f=Brand%3AVero+Moda&rows=50&o=2750&plaEnabled=false&xdEnabled=false&isFacet=true&p=56 | run_id=run_20260928_231050_066209_100b3e | brand=Vero Moda | page=56 | route=https://www.myntra.com/western-wear?f=Brand%3AVero%20Moda | seen=2732 | expected=3767
2026-09-28 23:20:17 | INFO    | PDP       | Processed 50 target products for Vero Moda in 3s (977.32 products/min). | run_id=run_20260928_231050_066209_100b3e | brand=Vero Moda | saved=50 | elapsed_label=3s | products_per_minute=977.32
2026-09-28 23:20:18 | INFO    | LISTING   | Listing Vero Moda route https://www.myntra.com/western-wear?f=Brand%3AVero%20Moda page 57 -> https://www.myntra.com/gateway/v4/search/western-wear?f=Brand%3AVero+Moda&rows=50&o=2800&plaEnabled=false&xdEnabled=false&isFacet=true&p=57 | run_id=run_20260928_231050_066209_100b3e | brand=Vero Moda | page=57 | route=https://www.myntra.com/western-wear?f=Brand%3AVero%20Moda | seen=2782 | expected=3767
2026-09-28 23:20:21 | INFO    | PDP       | Processed 50 target products for Vero Moda in 3s (1005.44 products/min). | run_id=run_20260928_231050_066209_100b3e | brand=Vero Moda | saved=50 | elapsed_label=3s | products_per_minute=1005.44
2026-09-28 23:20:22 | INFO    | LISTING   | Listing Vero Moda route https://www.myntra.com/western-wear?f=Brand%3AVero%20Moda page 58 -> https://www.myntra.com/gateway/v4/search/western-wear?f=Brand%3AVero+Moda&rows=50&o=2850&plaEnabled=false&xdEnabled=false&isFacet=true&p=58 | run_id=run_20260928_231050_066209_100b3e | brand=Vero Moda | page=58 | route=https://www.myntra.com/western-wear?f=Brand%3AVero%20Moda | seen=2832 | expected=3767
2026-09-28 23:20:26 | INFO    | PDP       | Processed 50 target products for Vero Moda in 3s (1016.03 products/min). | run_id=run_20260928_231050_066209_100b3e | brand=Vero Moda | saved=50 | elapsed_label=3s | products_per_minute=1016.03
2026-09-28 23:20:26 | INFO    | LISTING   | Listing Vero Moda route https://www.myntra.com/western-wear?f=Brand%3AVero%20Moda page 59 -> https://www.myntra.com/gateway/v4/search/western-wear?f=Brand%3AVero+Moda&rows=50&o=2900&plaEnabled=false&xdEnabled=false&isFacet=true&p=59 | run_id=run_20260928_231050_066209_100b3e | brand=Vero Moda | page=59 | route=https://www.myntra.com/western-wear?f=Brand%3AVero%20Moda | seen=2882 | expected=3767
2026-09-28 23:20:30 | INFO    | PDP       | Processed 50 target products for Vero Moda in 3s (962.68 products/min). | run_id=run_20260928_231050_066209_100b3e | brand=Vero Moda | saved=50 | elapsed_label=3s | products_per_minute=962.68
2026-09-28 23:20:30 | INFO    | LISTING   | Listing Vero Moda route https://www.myntra.com/western-wear?f=Brand%3AVero%20Moda page 60 -> https://www.myntra.com/gateway/v4/search/western-wear?f=Brand%3AVero+Moda&rows=50&o=2950&plaEnabled=false&xdEnabled=false&isFacet=true&p=60 | run_id=run_20260928_231050_066209_100b3e | brand=Vero Moda | page=60 | route=https://www.myntra.com/western-wear?f=Brand%3AVero%20Moda | seen=2932 | expected=3767
2026-09-28 23:20:34 | INFO    | PDP       | Processed 50 target products for Vero Moda in 3s (973.65 products/min). | run_id=run_20260928_231050_066209_100b3e | brand=Vero Moda | saved=50 | elapsed_label=3s | products_per_minute=973.65
2026-09-28 23:20:34 | INFO    | LISTING   | Listing Vero Moda route https://www.myntra.com/western-wear?f=Brand%3AVero%20Moda page 61 -> https://www.myntra.com/gateway/v4/search/western-wear?f=Brand%3AVero+Moda&rows=50&o=3000&plaEnabled=false&xdEnabled=false&isFacet=true&p=61 | run_id=run_20260928_231050_066209_100b3e | brand=Vero Moda | page=61 | route=https://www.myntra.com/western-wear?f=Brand%3AVero%20Moda | seen=2982 | expected=3767
2026-09-28 23:20:38 | INFO    | PDP       | Processed 50 target products for Vero Moda in 3s (977.36 products/min). | run_id=run_20260928_231050_066209_100b3e | brand=Vero Moda | saved=50 | elapsed_label=3s | products_per_minute=977.36
2026-09-28 23:20:39 | INFO    | LISTING   | Listing Vero Moda route https://www.myntra.com/western-wear?f=Brand%3AVero%20Moda page 62 -> https://www.myntra.com/gateway/v4/search/western-wear?f=Brand%3AVero+Moda&rows=50&o=3050&plaEnabled=false&xdEnabled=false&isFacet=true&p=62 | run_id=run_20260928_231050_066209_100b3e | brand=Vero Moda | page=62 | route=https://www.myntra.com/western-wear?f=Brand%3AVero%20Moda | seen=3032 | expected=3767
2026-09-28 23:20:43 | INFO    | PDP       | Processed 50 target products for Vero Moda in 3s (938.28 products/min). | run_id=run_20260928_231050_066209_100b3e | brand=Vero Moda | saved=50 | elapsed_label=3s | products_per_minute=938.28
2026-09-28 23:20:43 | INFO    | LISTING   | Listing Vero Moda route https://www.myntra.com/western-wear?f=Brand%3AVero%20Moda page 63 -> https://www.myntra.com/gateway/v4/search/western-wear?f=Brand%3AVero+Moda&rows=50&o=3100&plaEnabled=false&xdEnabled=false&isFacet=true&p=63 | run_id=run_20260928_231050_066209_100b3e | brand=Vero Moda | page=63 | route=https://www.myntra.com/western-wear?f=Brand%3AVero%20Moda | seen=3082 | expected=3767
2026-09-28 23:20:47 | INFO    | PDP       | Processed 50 target products for Vero Moda in 3s (1052.47 products/min). | run_id=run_20260928_231050_066209_100b3e | brand=Vero Moda | saved=50 | elapsed_label=3s | products_per_minute=1052.47
2026-09-28 23:20:47 | INFO    | LISTING   | Listing Vero Moda route https://www.myntra.com/western-wear?f=Brand%3AVero%20Moda page 64 -> https://www.myntra.com/gateway/v4/search/western-wear?f=Brand%3AVero+Moda&rows=50&o=3150&plaEnabled=false&xdEnabled=false&isFacet=true&p=64 | run_id=run_20260928_231050_066209_100b3e | brand=Vero Moda | page=64 | route=https://www.myntra.com/western-wear?f=Brand%3AVero%20Moda | seen=3132 | expected=3767
    [0;31m✗[0m Scraper timed out after 10 minutes — skipping
  [0;36m→[0m Exporting local DB (westernwear_gtm)...
    [0;32m✓[0m Exported: 35350 sizes | 0 snapshots | units_sold=0 | revenue=₹0.0

[1m[0;36m[6/9] Innerwear[0m  [2m(Hosiery → hosiery_gtm :3013)[0m
  [0;36m→[0m Scraping...
2026-09-28 23:20:50 | INFO    | GENERAL   | Pre-loaded 0 existing products from DB into seen cache.
2026-09-28 23:20:50 | INFO    | RUN       | Skipping marketplace brand preflight for focused/test run. | run_id=run_20260928_232050_380299_7a0258
2026-09-28 23:20:50 | INFO    | BRAND     | Resolving brand routes. | run_id=run_20260928_232050_380299_7a0258 | brand=Missy
2026-09-28 23:21:00 | INFO    | BRAND     | Resolved Missy -> 10 routes (best brand total=2175): https://www.myntra.com/bra?f=Brand%3ADollar%20Missy, https://www.myntra.com/innerwear?f=Brand%3ADollar%20Missy, https://www.myntra.com/tights?f=Brand%3ADollar%20Missy, https://www.myntra.com/camisoles?f=Brand%3ADollar%20Missy, https://www.myntra.com/slips?f=Brand%3ADollar%20Missy, https://www.myntra.com/panties?f=Brand%3ADollar%20Missy, https://www.myntra.com/briefs?f=Brand%3ADollar%20Missy, https://www.myntra.com/myntra?f=Brand%3ADollar%20Missy, https://www.myntra.com/shapewear?f=Brand%3ADollar%20Missy, https://www.myntra.com/myntra?f=Brand%3AMISSY | run_id=run_20260928_232050_380299_7a0258 | brand=Missy | expected=2175
2026-09-28 23:21:00 | INFO    | BRAND     | Starting brand scrape. | run_id=run_20260928_232050_380299_7a0258 | brand=Missy | expected=2420
2026-09-28 23:21:00 | INFO    | LISTING   | Listing Missy route https://www.myntra.com/bra?f=Brand%3ADollar%20Missy page 1 -> https://www.myntra.com/gateway/v4/search/bra?f=Brand%3ADollar+Missy&rows=50&o=0&plaEnabled=false&xdEnabled=false&isFacet=true&p=1 | run_id=run_20260928_232050_380299_7a0258 | brand=Missy | page=1 | route=https://www.myntra.com/bra?f=Brand%3ADollar%20Missy | seen=0 | expected=490
2026-09-28 23:21:04 | INFO    | PDP       | Processed 50 target products for Missy in 3s (961.14 products/min). | run_id=run_20260928_232050_380299_7a0258 | brand=Missy | saved=50 | elapsed_label=3s | products_per_minute=961.14
2026-09-28 23:21:04 | INFO    | LISTING   | Listing Missy route https://www.myntra.com/bra?f=Brand%3ADollar%20Missy page 2 -> https://www.myntra.com/gateway/v4/search/bra?f=Brand%3ADollar+Missy&rows=50&o=50&plaEnabled=false&xdEnabled=false&isFacet=true&p=2 | run_id=run_20260928_232050_380299_7a0258 | brand=Missy | page=2 | route=https://www.myntra.com/bra?f=Brand%3ADollar%20Missy | seen=50 | expected=490
2026-09-28 23:21:08 | INFO    | PDP       | Processed 50 target products for Missy in 3s (1038.28 products/min). | run_id=run_20260928_232050_380299_7a0258 | brand=Missy | saved=50 | elapsed_label=3s | products_per_minute=1038.28
2026-09-28 23:21:08 | INFO    | LISTING   | Listing Missy route https://www.myntra.com/bra?f=Brand%3ADollar%20Missy page 3 -> https://www.myntra.com/gateway/v4/search/bra?f=Brand%3ADollar+Missy&rows=50&o=100&plaEnabled=false&xdEnabled=false&isFacet=true&p=3 | run_id=run_20260928_232050_380299_7a0258 | brand=Missy | page=3 | route=https://www.myntra.com/bra?f=Brand%3ADollar%20Missy | seen=100 | expected=490
2026-09-28 23:21:12 | INFO    | PDP       | Processed 50 target products for Missy in 3s (984.43 products/min). | run_id=run_20260928_232050_380299_7a0258 | brand=Missy | saved=50 | elapsed_label=3s | products_per_minute=984.43
2026-09-28 23:21:12 | INFO    | LISTING   | Listing Missy route https://www.myntra.com/bra?f=Brand%3ADollar%20Missy page 4 -> https://www.myntra.com/gateway/v4/search/bra?f=Brand%3ADollar+Missy&rows=50&o=150&plaEnabled=false&xdEnabled=false&isFacet=true&p=4 | run_id=run_20260928_232050_380299_7a0258 | brand=Missy | page=4 | route=https://www.myntra.com/bra?f=Brand%3ADollar%20Missy | seen=150 | expected=490
2026-09-28 23:21:15 | INFO    | PDP       | Processed 50 target products for Missy in 3s (1088.69 products/min). | run_id=run_20260928_232050_380299_7a0258 | brand=Missy | saved=50 | elapsed_label=3s | products_per_minute=1088.69
2026-09-28 23:21:16 | INFO    | LISTING   | Listing Missy route https://www.myntra.com/bra?f=Brand%3ADollar%20Missy page 5 -> https://www.myntra.com/gateway/v4/search/bra?f=Brand%3ADollar+Missy&rows=50&o=200&plaEnabled=false&xdEnabled=false&isFacet=true&p=5 | run_id=run_20260928_232050_380299_7a0258 | brand=Missy | page=5 | route=https://www.myntra.com/bra?f=Brand%3ADollar%20Missy | seen=200 | expected=490
2026-09-28 23:21:19 | INFO    | PDP       | Processed 50 target products for Missy in 3s (977.43 products/min). | run_id=run_20260928_232050_380299_7a0258 | brand=Missy | saved=50 | elapsed_label=3s | products_per_minute=977.43
2026-09-28 23:21:20 | INFO    | LISTING   | Listing Missy route https://www.myntra.com/bra?f=Brand%3ADollar%20Missy page 6 -> https://www.myntra.com/gateway/v4/search/bra?f=Brand%3ADollar+Missy&rows=50&o=250&plaEnabled=false&xdEnabled=false&isFacet=true&p=6 | run_id=run_20260928_232050_380299_7a0258 | brand=Missy | page=6 | route=https://www.myntra.com/bra?f=Brand%3ADollar%20Missy | seen=250 | expected=490
2026-09-28 23:21:24 | INFO    | PDP       | Processed 50 target products for Missy in 3s (1026.26 products/min). | run_id=run_20260928_232050_380299_7a0258 | brand=Missy | saved=50 | elapsed_label=3s | products_per_minute=1026.26
2026-09-28 23:21:24 | INFO    | LISTING   | Listing Missy route https://www.myntra.com/bra?f=Brand%3ADollar%20Missy page 7 -> https://www.myntra.com/gateway/v4/search/bra?f=Brand%3ADollar+Missy&rows=50&o=300&plaEnabled=false&xdEnabled=false&isFacet=true&p=7 | run_id=run_20260928_232050_380299_7a0258 | brand=Missy | page=7 | route=https://www.myntra.com/bra?f=Brand%3ADollar%20Missy | seen=300 | expected=490
2026-09-28 23:21:27 | INFO    | PDP       | Processed 50 target products for Missy in 3s (1046.72 products/min). | run_id=run_20260928_232050_380299_7a0258 | brand=Missy | saved=50 | elapsed_label=3s | products_per_minute=1046.72
2026-09-28 23:21:28 | INFO    | LISTING   | Listing Missy route https://www.myntra.com/bra?f=Brand%3ADollar%20Missy page 8 -> https://www.myntra.com/gateway/v4/search/bra?f=Brand%3ADollar+Missy&rows=50&o=350&plaEnabled=false&xdEnabled=false&isFacet=true&p=8 | run_id=run_20260928_232050_380299_7a0258 | brand=Missy | page=8 | route=https://www.myntra.com/bra?f=Brand%3ADollar%20Missy | seen=350 | expected=490
2026-09-28 23:21:31 | INFO    | PDP       | Processed 50 target products for Missy in 3s (1062.33 products/min). | run_id=run_20260928_232050_380299_7a0258 | brand=Missy | saved=50 | elapsed_label=3s | products_per_minute=1062.33
2026-09-28 23:21:31 | INFO    | LISTING   | Listing Missy route https://www.myntra.com/bra?f=Brand%3ADollar%20Missy page 9 -> https://www.myntra.com/gateway/v4/search/bra?f=Brand%3ADollar+Missy&rows=50&o=400&plaEnabled=false&xdEnabled=false&isFacet=true&p=9 | run_id=run_20260928_232050_380299_7a0258 | brand=Missy | page=9 | route=https://www.myntra.com/bra?f=Brand%3ADollar%20Missy | seen=400 | expected=490
2026-09-28 23:21:35 | INFO    | PDP       | Processed 50 target products for Missy in 3s (1103.86 products/min). | run_id=run_20260928_232050_380299_7a0258 | brand=Missy | saved=50 | elapsed_label=3s | products_per_minute=1103.86
2026-09-28 23:21:35 | INFO    | LISTING   | Listing Missy route https://www.myntra.com/bra?f=Brand%3ADollar%20Missy page 10 -> https://www.myntra.com/gateway/v4/search/bra?f=Brand%3ADollar+Missy&rows=50&o=450&plaEnabled=false&xdEnabled=false&isFacet=true&p=10 | run_id=run_20260928_232050_380299_7a0258 | brand=Missy | page=10 | route=https://www.myntra.com/bra?f=Brand%3ADollar%20Missy | seen=450 | expected=490
2026-09-28 23:21:38 | INFO    | PDP       | Processed 40 target products for Missy in 2s (1012.47 products/min). | run_id=run_20260928_232050_380299_7a0258 | brand=Missy | saved=40 | elapsed_label=2s | products_per_minute=1012.47
2026-09-28 23:21:38 | INFO    | LISTING   | Listing Missy route https://www.myntra.com/bra?f=Brand%3ADollar%20Missy page 11 -> https://www.myntra.com/gateway/v4/search/bra?f=Brand%3ADollar+Missy&rows=50&o=500&plaEnabled=false&xdEnabled=false&isFacet=true&p=11 | run_id=run_20260928_232050_380299_7a0258 | brand=Missy | page=11 | route=https://www.myntra.com/bra?f=Brand%3ADollar%20Missy | seen=490 | expected=490
2026-09-28 23:21:39 | WARNING | LISTING   | Empty listing page for Missy on page 11 before expected end; continuing. | run_id=run_20260928_232050_380299_7a0258 | brand=Missy | page=11 | route=https://www.myntra.com/bra?f=Brand%3ADollar%20Missy
2026-09-28 23:21:39 | INFO    | LISTING   | Listing Missy route https://www.myntra.com/bra?f=Brand%3ADollar%20Missy page 12 -> https://www.myntra.com/gateway/v4/search/bra?f=Brand%3ADollar+Missy&rows=50&o=550&plaEnabled=false&xdEnabled=false&isFacet=true&p=12 | run_id=run_20260928_232050_380299_7a0258 | brand=Missy | page=12 | route=https://www.myntra.com/bra?f=Brand%3ADollar%20Missy | seen=490 | expected=490
2026-09-28 23:21:39 | WARNING | NETWORK   | JSON request failed for https://www.myntra.com/gateway/v4/search/bra?f=Brand%3ADollar+Missy&rows=50&o=550&plaEnabled=false&xdEnabled=false&isFacet=true&p=12 on attempt 1/3: HTTP Error 400:  | run_id=run_20260928_232050_380299_7a0258 | route=https://www.myntra.com/gateway/v4/search/bra?f=Brand%3ADollar+Missy&rows=50&o=550&plaEnabled=false&xdEnabled=false&isFacet=true&p=12 | attempt=1/3
2026-09-28 23:21:41 | WARNING | NETWORK   | JSON request failed for https://www.myntra.com/gateway/v4/search/bra?f=Brand%3ADollar+Missy&rows=50&o=550&plaEnabled=false&xdEnabled=false&isFacet=true&p=12 on attempt 2/3: HTTP Error 400:  | run_id=run_20260928_232050_380299_7a0258 | route=https://www.myntra.com/gateway/v4/search/bra?f=Brand%3ADollar+Missy&rows=50&o=550&plaEnabled=false&xdEnabled=false&isFacet=true&p=12 | attempt=2/3
2026-09-28 23:21:44 | WARNING | NETWORK   | JSON request failed for https://www.myntra.com/gateway/v4/search/bra?f=Brand%3ADollar+Missy&rows=50&o=550&plaEnabled=false&xdEnabled=false&isFacet=true&p=12 on attempt 3/3: HTTP Error 400:  | run_id=run_20260928_232050_380299_7a0258 | route=https://www.myntra.com/gateway/v4/search/bra?f=Brand%3ADollar+Missy&rows=50&o=550&plaEnabled=false&xdEnabled=false&isFacet=true&p=12 | attempt=3/3
2026-09-28 23:21:45 | WARNING | NETWORK   | JSON request failed for https://www.myntra.com/gateway/v4/search/bra?f=Brand%3ADollar+Missy&rows=50&o=549&plaEnabled=false&xdEnabled=false&isFacet=true&p=12 on attempt 1/3: HTTP Error 400:  | run_id=run_20260928_232050_380299_7a0258 | route=https://www.myntra.com/gateway/v4/search/bra?f=Brand%3ADollar+Missy&rows=50&o=549&plaEnabled=false&xdEnabled=false&isFacet=true&p=12 | attempt=1/3
2026-09-28 23:21:46 | WARNING | NETWORK   | JSON request failed for https://www.myntra.com/gateway/v4/search/bra?f=Brand%3ADollar+Missy&rows=50&o=549&plaEnabled=false&xdEnabled=false&isFacet=true&p=12 on attempt 2/3: HTTP Error 400:  | run_id=run_20260928_232050_380299_7a0258 | route=https://www.myntra.com/gateway/v4/search/bra?f=Brand%3ADollar+Missy&rows=50&o=549&plaEnabled=false&xdEnabled=false&isFacet=true&p=12 | attempt=2/3
2026-09-28 23:21:49 | WARNING | NETWORK   | JSON request failed for https://www.myntra.com/gateway/v4/search/bra?f=Brand%3ADollar+Missy&rows=50&o=549&plaEnabled=false&xdEnabled=false&isFacet=true&p=12 on attempt 3/3: HTTP Error 400:  | run_id=run_20260928_232050_380299_7a0258 | route=https://www.myntra.com/gateway/v4/search/bra?f=Brand%3ADollar+Missy&rows=50&o=549&plaEnabled=false&xdEnabled=false&isFacet=true&p=12 | attempt=3/3
2026-09-28 23:21:49 | WARNING | LISTING   | Route fetch failed for https://www.myntra.com/bra?f=Brand%3ADollar%20Missy page 12 (Failed to fetch JSON payload from https://www.myntra.com/gateway/v4/search/bra?f=Brand%3ADollar+Missy&rows=50&o=549&plaEnabled=false&xdEnabled=false&isFacet=true&p=12: HTTP Error 400: ). Will retry with another pass or fallback route. | run_id=run_20260928_232050_380299_7a0258 | brand=Missy | page=12 | route=https://www.myntra.com/bra?f=Brand%3ADollar%20Missy
2026-09-28 23:21:49 | INFO    | LISTING   | Listing Missy route https://www.myntra.com/innerwear?f=Brand%3ADollar%20Missy page 1 -> https://www.myntra.com/gateway/v4/search/innerwear?f=Brand%3ADollar+Missy&rows=50&o=0&plaEnabled=false&xdEnabled=false&isFacet=true&p=1 | run_id=run_20260928_232050_380299_7a0258 | brand=Missy | page=1 | route=https://www.myntra.com/innerwear?f=Brand%3ADollar%20Missy | seen=0 | expected=984
2026-09-28 23:21:52 | INFO    | PDP       | Processed 33 target products for Missy in 2s (1165.89 products/min). | run_id=run_20260928_232050_380299_7a0258 | brand=Missy | saved=33 | elapsed_label=2s | products_per_minute=1165.89
2026-09-28 23:21:53 | INFO    | LISTING   | Listing Missy route https://www.myntra.com/innerwear?f=Brand%3ADollar%20Missy page 2 -> https://www.myntra.com/gateway/v4/search/innerwear?f=Brand%3ADollar+Missy&rows=50&o=50&plaEnabled=false&xdEnabled=false&isFacet=true&p=2 | run_id=run_20260928_232050_380299_7a0258 | brand=Missy | page=2 | route=https://www.myntra.com/innerwear?f=Brand%3ADollar%20Missy | seen=50 | expected=984
2026-09-28 23:21:56 | INFO    | PDP       | Processed 45 target products for Missy in 2s (1085.02 products/min). | run_id=run_20260928_232050_380299_7a0258 | brand=Missy | saved=45 | elapsed_label=2s | products_per_minute=1085.02
2026-09-28 23:21:56 | INFO    | LISTING   | Listing Missy route https://www.myntra.com/innerwear?f=Brand%3ADollar%20Missy page 3 -> https://www.myntra.com/gateway/v4/search/innerwear?f=Brand%3ADollar+Missy&rows=50&o=100&plaEnabled=false&xdEnabled=false&isFacet=true&p=3 | run_id=run_20260928_232050_380299_7a0258 | brand=Missy | page=3 | route=https://www.myntra.com/innerwear?f=Brand%3ADollar%20Missy | seen=100 | expected=984
2026-09-28 23:21:59 | INFO    | PDP       | Processed 39 target products for Missy in 2s (1145.68 products/min). | run_id=run_20260928_232050_380299_7a0258 | brand=Missy | saved=39 | elapsed_label=2s | products_per_minute=1145.68
2026-09-28 23:21:59 | INFO    | LISTING   | Listing Missy route https://www.myntra.com/innerwear?f=Brand%3ADollar%20Missy page 4 -> https://www.myntra.com/gateway/v4/search/innerwear?f=Brand%3ADollar+Missy&rows=50&o=150&plaEnabled=false&xdEnabled=false&isFacet=true&p=4 | run_id=run_20260928_232050_380299_7a0258 | brand=Missy | page=4 | route=https://www.myntra.com/innerwear?f=Brand%3ADollar%20Missy | seen=150 | expected=984
2026-09-28 23:22:01 | INFO    | PDP       | Processed 22 target products for Missy in 1s (1020.34 products/min). | run_id=run_20260928_232050_380299_7a0258 | brand=Missy | saved=22 | elapsed_label=1s | products_per_minute=1020.34
2026-09-28 23:22:01 | INFO    | LISTING   | Listing Missy route https://www.myntra.com/innerwear?f=Brand%3ADollar%20Missy page 5 -> https://www.myntra.com/gateway/v4/search/innerwear?f=Brand%3ADollar+Missy&rows=50&o=200&plaEnabled=false&xdEnabled=false&isFacet=true&p=5 | run_id=run_20260928_232050_380299_7a0258 | brand=Missy | page=5 | route=https://www.myntra.com/innerwear?f=Brand%3ADollar%20Missy | seen=200 | expected=984
2026-09-28 23:22:03 | INFO    | PDP       | Processed 32 target products for Missy in 2s (1194.84 products/min). | run_id=run_20260928_232050_380299_7a0258 | brand=Missy | saved=32 | elapsed_label=2s | products_per_minute=1194.84
2026-09-28 23:22:04 | INFO    | LISTING   | Listing Missy route https://www.myntra.com/innerwear?f=Brand%3ADollar%20Missy page 6 -> https://www.myntra.com/gateway/v4/search/innerwear?f=Brand%3ADollar+Missy&rows=50&o=250&plaEnabled=false&xdEnabled=false&isFacet=true&p=6 | run_id=run_20260928_232050_380299_7a0258 | brand=Missy | page=6 | route=https://www.myntra.com/innerwear?f=Brand%3ADollar%20Missy | seen=250 | expected=984
2026-09-28 23:22:06 | INFO    | PDP       | Processed 27 target products for Missy in 2s (1073.75 products/min). | run_id=run_20260928_232050_380299_7a0258 | brand=Missy | saved=27 | elapsed_label=2s | products_per_minute=1073.75
2026-09-28 23:22:06 | INFO    | LISTING   | Listing Missy route https://www.myntra.com/innerwear?f=Brand%3ADollar%20Missy page 7 -> https://www.myntra.com/gateway/v4/search/innerwear?f=Brand%3ADollar+Missy&rows=50&o=300&plaEnabled=false&xdEnabled=false&isFacet=true&p=7 | run_id=run_20260928_232050_380299_7a0258 | brand=Missy | page=7 | route=https://www.myntra.com/innerwear?f=Brand%3ADollar%20Missy | seen=300 | expected=984
2026-09-28 23:22:08 | INFO    | PDP       | Processed 32 target products for Missy in 2s (1069.91 products/min). | run_id=run_20260928_232050_380299_7a0258 | brand=Missy | saved=32 | elapsed_label=2s | products_per_minute=1069.91
2026-09-28 23:22:09 | INFO    | LISTING   | Listing Missy route https://www.myntra.com/innerwear?f=Brand%3ADollar%20Missy page 8 -> https://www.myntra.com/gateway/v4/search/innerwear?f=Brand%3ADollar+Missy&rows=50&o=350&plaEnabled=false&xdEnabled=false&isFacet=true&p=8 | run_id=run_20260928_232050_380299_7a0258 | brand=Missy | page=8 | route=https://www.myntra.com/innerwear?f=Brand%3ADollar%20Missy | seen=350 | expected=984
2026-09-28 23:22:11 | INFO    | PDP       | Processed 23 target products for Missy in 1s (1074.93 products/min). | run_id=run_20260928_232050_380299_7a0258 | brand=Missy | saved=23 | elapsed_label=1s | products_per_minute=1074.93
2026-09-28 23:22:11 | INFO    | LISTING   | Listing Missy route https://www.myntra.com/innerwear?f=Brand%3ADollar%20Missy page 9 -> https://www.myntra.com/gateway/v4/search/innerwear?f=Brand%3ADollar+Missy&rows=50&o=400&plaEnabled=false&xdEnabled=false&isFacet=true&p=9 | run_id=run_20260928_232050_380299_7a0258 | brand=Missy | page=9 | route=https://www.myntra.com/innerwear?f=Brand%3ADollar%20Missy | seen=400 | expected=984
2026-09-28 23:22:12 | INFO    | PDP       | Processed 16 target products for Missy in 1s (1140.13 products/min). | run_id=run_20260928_232050_380299_7a0258 | brand=Missy | saved=16 | elapsed_label=1s | products_per_minute=1140.13
2026-09-28 23:22:12 | INFO    | LISTING   | Listing Missy route https://www.myntra.com/innerwear?f=Brand%3ADollar%20Missy page 10 -> https://www.myntra.com/gateway/v4/search/innerwear?f=Brand%3ADollar+Missy&rows=50&o=450&plaEnabled=false&xdEnabled=false&isFacet=true&p=10 | run_id=run_20260928_232050_380299_7a0258 | brand=Missy | page=10 | route=https://www.myntra.com/innerwear?f=Brand%3ADollar%20Missy | seen=450 | expected=984
2026-09-28 23:22:14 | INFO    | PDP       | Processed 29 target products for Missy in 2s (1130.9 products/min). | run_id=run_20260928_232050_380299_7a0258 | brand=Missy | saved=29 | elapsed_label=2s | products_per_minute=1130.9
2026-09-28 23:22:14 | INFO    | LISTING   | Listing Missy route https://www.myntra.com/innerwear?f=Brand%3ADollar%20Missy page 11 -> https://www.myntra.com/gateway/v4/search/innerwear?f=Brand%3ADollar+Missy&rows=50&o=500&plaEnabled=false&xdEnabled=false&isFacet=true&p=11 | run_id=run_20260928_232050_380299_7a0258 | brand=Missy | page=11 | route=https://www.myntra.com/innerwear?f=Brand%3ADollar%20Missy | seen=500 | expected=984
2026-09-28 23:22:17 | INFO    | PDP       | Processed 36 target products for Missy in 2s (1151.58 products/min). | run_id=run_20260928_232050_380299_7a0258 | brand=Missy | saved=36 | elapsed_label=2s | products_per_minute=1151.58
2026-09-28 23:22:17 | INFO    | LISTING   | Listing Missy route https://www.myntra.com/innerwear?f=Brand%3ADollar%20Missy page 12 -> https://www.myntra.com/gateway/v4/search/innerwear?f=Brand%3ADollar+Missy&rows=50&o=550&plaEnabled=false&xdEnabled=false&isFacet=true&p=12 | run_id=run_20260928_232050_380299_7a0258 | brand=Missy | page=12 | route=https://www.myntra.com/innerwear?f=Brand%3ADollar%20Missy | seen=550 | expected=984
2026-09-28 23:22:19 | INFO    | PDP       | Processed 31 target products for Missy in 2s (1083.82 products/min). | run_id=run_20260928_232050_380299_7a0258 | brand=Missy | saved=31 | elapsed_label=2s | products_per_minute=1083.82
2026-09-28 23:22:20 | INFO    | LISTING   | Listing Missy route https://www.myntra.com/innerwear?f=Brand%3ADollar%20Missy page 13 -> https://www.myntra.com/gateway/v4/search/innerwear?f=Brand%3ADollar+Missy&rows=50&o=600&plaEnabled=false&xdEnabled=false&isFacet=true&p=13 | run_id=run_20260928_232050_380299_7a0258 | brand=Missy | page=13 | route=https://www.myntra.com/innerwear?f=Brand%3ADollar%20Missy | seen=600 | expected=984
2026-09-28 23:22:22 | INFO    | PDP       | Processed 38 target products for Missy in 2s (1176.15 products/min). | run_id=run_20260928_232050_380299_7a0258 | brand=Missy | saved=38 | elapsed_label=2s | products_per_minute=1176.15
2026-09-28 23:22:22 | INFO    | LISTING   | Listing Missy route https://www.myntra.com/innerwear?f=Brand%3ADollar%20Missy page 14 -> https://www.myntra.com/gateway/v4/search/innerwear?f=Brand%3ADollar+Missy&rows=50&o=650&plaEnabled=false&xdEnabled=false&isFacet=true&p=14 | run_id=run_20260928_232050_380299_7a0258 | brand=Missy | page=14 | route=https://www.myntra.com/innerwear?f=Brand%3ADollar%20Missy | seen=650 | expected=984
2026-09-28 23:22:25 | INFO    | PDP       | Processed 32 target products for Missy in 2s (1233.58 products/min). | run_id=run_20260928_232050_380299_7a0258 | brand=Missy | saved=32 | elapsed_label=2s | products_per_minute=1233.58
2026-09-28 23:22:25 | INFO    | LISTING   | Listing Missy route https://www.myntra.com/innerwear?f=Brand%3ADollar%20Missy page 15 -> https://www.myntra.com/gateway/v4/search/innerwear?f=Brand%3ADollar+Missy&rows=50&o=700&plaEnabled=false&xdEnabled=false&isFacet=true&p=15 | run_id=run_20260928_232050_380299_7a0258 | brand=Missy | page=15 | route=https://www.myntra.com/innerwear?f=Brand%3ADollar%20Missy | seen=700 | expected=984
2026-09-28 23:22:26 | INFO    | PDP       | Processed 11 target products for Missy in 1s (724.34 products/min). | run_id=run_20260928_232050_380299_7a0258 | brand=Missy | saved=11 | elapsed_label=1s | products_per_minute=724.34
2026-09-28 23:22:27 | INFO    | LISTING   | Listing Missy route https://www.myntra.com/innerwear?f=Brand%3ADollar%20Missy page 16 -> https://www.myntra.com/gateway/v4/search/innerwear?f=Brand%3ADollar+Missy&rows=50&o=750&plaEnabled=false&xdEnabled=false&isFacet=true&p=16 | run_id=run_20260928_232050_380299_7a0258 | brand=Missy | page=16 | route=https://www.myntra.com/innerwear?f=Brand%3ADollar%20Missy | seen=750 | expected=984
2026-09-28 23:22:28 | INFO    | PDP       | Processed 9 target products for Missy in 1s (577.74 products/min). | run_id=run_20260928_232050_380299_7a0258 | brand=Missy | saved=9 | elapsed_label=1s | products_per_minute=577.74
2026-09-28 23:22:28 | INFO    | LISTING   | Listing Missy route https://www.myntra.com/innerwear?f=Brand%3ADollar%20Missy page 17 -> https://www.myntra.com/gateway/v4/search/innerwear?f=Brand%3ADollar+Missy&rows=50&o=800&plaEnabled=false&xdEnabled=false&isFacet=true&p=17 | run_id=run_20260928_232050_380299_7a0258 | brand=Missy | page=17 | route=https://www.myntra.com/innerwear?f=Brand%3ADollar%20Missy | seen=800 | expected=984
2026-09-28 23:22:30 | INFO    | PDP       | Processed 12 target products for Missy in 1s (660.52 products/min). | run_id=run_20260928_232050_380299_7a0258 | brand=Missy | saved=12 | elapsed_label=1s | products_per_minute=660.52
2026-09-28 23:22:30 | INFO    | LISTING   | Listing Missy route https://www.myntra.com/innerwear?f=Brand%3ADollar%20Missy page 18 -> https://www.myntra.com/gateway/v4/search/innerwear?f=Brand%3ADollar+Missy&rows=50&o=850&plaEnabled=false&xdEnabled=false&isFacet=true&p=18 | run_id=run_20260928_232050_380299_7a0258 | brand=Missy | page=18 | route=https://www.myntra.com/innerwear?f=Brand%3ADollar%20Missy | seen=850 | expected=984
2026-09-28 23:22:32 | INFO    | PDP       | Processed 10 target products for Missy in 1s (588.69 products/min). | run_id=run_20260928_232050_380299_7a0258 | brand=Missy | saved=10 | elapsed_label=1s | products_per_minute=588.69
2026-09-28 23:22:32 | INFO    | LISTING   | Listing Missy route https://www.myntra.com/innerwear?f=Brand%3ADollar%20Missy page 19 -> https://www.myntra.com/gateway/v4/search/innerwear?f=Brand%3ADollar+Missy&rows=50&o=900&plaEnabled=false&xdEnabled=false&isFacet=true&p=19 | run_id=run_20260928_232050_380299_7a0258 | brand=Missy | page=19 | route=https://www.myntra.com/innerwear?f=Brand%3ADollar%20Missy | seen=900 | expected=984
2026-09-28 23:22:33 | INFO    | PDP       | Processed 8 target products for Missy in 1s (693.55 products/min). | run_id=run_20260928_232050_380299_7a0258 | brand=Missy | saved=8 | elapsed_label=1s | products_per_minute=693.55
2026-09-28 23:22:33 | INFO    | LISTING   | Listing Missy route https://www.myntra.com/innerwear?f=Brand%3ADollar%20Missy page 20 -> https://www.myntra.com/gateway/v4/search/innerwear?f=Brand%3ADollar+Missy&rows=50&o=950&plaEnabled=false&xdEnabled=false&isFacet=true&p=20 | run_id=run_20260928_232050_380299_7a0258 | brand=Missy | page=20 | route=https://www.myntra.com/innerwear?f=Brand%3ADollar%20Missy | seen=950 | expected=984
2026-09-28 23:22:35 | INFO    | PDP       | Processed 9 target products for Missy in 1s (586.41 products/min). | run_id=run_20260928_232050_380299_7a0258 | brand=Missy | saved=9 | elapsed_label=1s | products_per_minute=586.41
2026-09-28 23:22:35 | INFO    | LISTING   | Listing Missy route https://www.myntra.com/innerwear?f=Brand%3ADollar%20Missy page 21 -> https://www.myntra.com/gateway/v4/search/innerwear?f=Brand%3ADollar+Missy&rows=50&o=1000&plaEnabled=false&xdEnabled=false&isFacet=true&p=21 | run_id=run_20260928_232050_380299_7a0258 | brand=Missy | page=21 | route=https://www.myntra.com/innerwear?f=Brand%3ADollar%20Missy | seen=984 | expected=984
2026-09-28 23:22:35 | WARNING | LISTING   | Empty listing page for Missy on page 21 before expected end; continuing. | run_id=run_20260928_232050_380299_7a0258 | brand=Missy | page=21 | route=https://www.myntra.com/innerwear?f=Brand%3ADollar%20Missy
2026-09-28 23:22:35 | INFO    | LISTING   | Listing Missy route https://www.myntra.com/innerwear?f=Brand%3ADollar%20Missy page 22 -> https://www.myntra.com/gateway/v4/search/innerwear?f=Brand%3ADollar+Missy&rows=50&o=1050&plaEnabled=false&xdEnabled=false&isFacet=true&p=22 | run_id=run_20260928_232050_380299_7a0258 | brand=Missy | page=22 | route=https://www.myntra.com/innerwear?f=Brand%3ADollar%20Missy | seen=984 | expected=984
2026-09-28 23:22:36 | WARNING | NETWORK   | JSON request failed for https://www.myntra.com/gateway/v4/search/innerwear?f=Brand%3ADollar+Missy&rows=50&o=1050&plaEnabled=false&xdEnabled=false&isFacet=true&p=22 on attempt 1/3: HTTP Error 400:  | run_id=run_20260928_232050_380299_7a0258 | route=https://www.myntra.com/gateway/v4/search/innerwear?f=Brand%3ADollar+Missy&rows=50&o=1050&plaEnabled=false&xdEnabled=false&isFacet=true&p=22 | attempt=1/3
2026-09-28 23:22:37 | WARNING | NETWORK   | JSON request failed for https://www.myntra.com/gateway/v4/search/innerwear?f=Brand%3ADollar+Missy&rows=50&o=1050&plaEnabled=false&xdEnabled=false&isFacet=true&p=22 on attempt 2/3: HTTP Error 400:  | run_id=run_20260928_232050_380299_7a0258 | route=https://www.myntra.com/gateway/v4/search/innerwear?f=Brand%3ADollar+Missy&rows=50&o=1050&plaEnabled=false&xdEnabled=false&isFacet=true&p=22 | attempt=2/3
2026-09-28 23:22:40 | WARNING | NETWORK   | JSON request failed for https://www.myntra.com/gateway/v4/search/innerwear?f=Brand%3ADollar+Missy&rows=50&o=1050&plaEnabled=false&xdEnabled=false&isFacet=true&p=22 on attempt 3/3: HTTP Error 400:  | run_id=run_20260928_232050_380299_7a0258 | route=https://www.myntra.com/gateway/v4/search/innerwear?f=Brand%3ADollar+Missy&rows=50&o=1050&plaEnabled=false&xdEnabled=false&isFacet=true&p=22 | attempt=3/3
2026-09-28 23:22:41 | WARNING | NETWORK   | JSON request failed for https://www.myntra.com/gateway/v4/search/innerwear?f=Brand%3ADollar+Missy&rows=50&o=1049&plaEnabled=false&xdEnabled=false&isFacet=true&p=22 on attempt 1/3: HTTP Error 400:  | run_id=run_20260928_232050_380299_7a0258 | route=https://www.myntra.com/gateway/v4/search/innerwear?f=Brand%3ADollar+Missy&rows=50&o=1049&plaEnabled=false&xdEnabled=false&isFacet=true&p=22 | attempt=1/3
2026-09-28 23:22:42 | WARNING | NETWORK   | JSON request failed for https://www.myntra.com/gateway/v4/search/innerwear?f=Brand%3ADollar+Missy&rows=50&o=1049&plaEnabled=false&xdEnabled=false&isFacet=true&p=22 on attempt 2/3: HTTP Error 400:  | run_id=run_20260928_232050_380299_7a0258 | route=https://www.myntra.com/gateway/v4/search/innerwear?f=Brand%3ADollar+Missy&rows=50&o=1049&plaEnabled=false&xdEnabled=false&isFacet=true&p=22 | attempt=2/3
2026-09-28 23:22:45 | WARNING | NETWORK   | JSON request failed for https://www.myntra.com/gateway/v4/search/innerwear?f=Brand%3ADollar+Missy&rows=50&o=1049&plaEnabled=false&xdEnabled=false&isFacet=true&p=22 on attempt 3/3: HTTP Error 400:  | run_id=run_20260928_232050_380299_7a0258 | route=https://www.myntra.com/gateway/v4/search/innerwear?f=Brand%3ADollar+Missy&rows=50&o=1049&plaEnabled=false&xdEnabled=false&isFacet=true&p=22 | attempt=3/3
2026-09-28 23:22:45 | WARNING | LISTING   | Route fetch failed for https://www.myntra.com/innerwear?f=Brand%3ADollar%20Missy page 22 (Failed to fetch JSON payload from https://www.myntra.com/gateway/v4/search/innerwear?f=Brand%3ADollar+Missy&rows=50&o=1049&plaEnabled=false&xdEnabled=false&isFacet=true&p=22: HTTP Error 400: ). Will retry with another pass or fallback route. | run_id=run_20260928_232050_380299_7a0258 | brand=Missy | page=22 | route=https://www.myntra.com/innerwear?f=Brand%3ADollar%20Missy
2026-09-28 23:22:45 | INFO    | LISTING   | Listing Missy route https://www.myntra.com/tights?f=Brand%3ADollar%20Missy page 1 -> https://www.myntra.com/gateway/v4/search/tights?f=Brand%3ADollar+Missy&rows=50&o=0&plaEnabled=false&xdEnabled=false&isFacet=true&p=1 | run_id=run_20260928_232050_380299_7a0258 | brand=Missy | page=1 | route=https://www.myntra.com/tights?f=Brand%3ADollar%20Missy | seen=0 | expected=740
2026-09-28 23:22:50 | INFO    | PDP       | Processed 50 target products for Missy in 3s (1073.31 products/min). | run_id=run_20260928_232050_380299_7a0258 | brand=Missy | saved=50 | elapsed_label=3s | products_per_minute=1073.31
2026-09-28 23:22:50 | INFO    | LISTING   | Listing Missy route https://www.myntra.com/tights?f=Brand%3ADollar%20Missy page 2 -> https://www.myntra.com/gateway/v4/search/tights?f=Brand%3ADollar+Missy&rows=50&o=50&plaEnabled=false&xdEnabled=false&isFacet=true&p=2 | run_id=run_20260928_232050_380299_7a0258 | brand=Missy | page=2 | route=https://www.myntra.com/tights?f=Brand%3ADollar%20Missy | seen=50 | expected=740
2026-09-28 23:22:54 | INFO    | PDP       | Processed 50 target products for Missy in 4s (832.4 products/min). | run_id=run_20260928_232050_380299_7a0258 | brand=Missy | saved=50 | elapsed_label=4s | products_per_minute=832.4
2026-09-28 23:22:54 | INFO    | LISTING   | Listing Missy route https://www.myntra.com/tights?f=Brand%3ADollar%20Missy page 3 -> https://www.myntra.com/gateway/v4/search/tights?f=Brand%3ADollar+Missy&rows=50&o=100&plaEnabled=false&xdEnabled=false&isFacet=true&p=3 | run_id=run_20260928_232050_380299_7a0258 | brand=Missy | page=3 | route=https://www.myntra.com/tights?f=Brand%3ADollar%20Missy | seen=100 | expected=740
2026-09-28 23:22:58 | INFO    | PDP       | Processed 50 target products for Missy in 3s (946.47 products/min). | run_id=run_20260928_232050_380299_7a0258 | brand=Missy | saved=50 | elapsed_label=3s | products_per_minute=946.47
2026-09-28 23:22:58 | INFO    | LISTING   | Listing Missy route https://www.myntra.com/tights?f=Brand%3ADollar%20Missy page 4 -> https://www.myntra.com/gateway/v4/search/tights?f=Brand%3ADollar+Missy&rows=50&o=150&plaEnabled=false&xdEnabled=false&isFacet=true&p=4 | run_id=run_20260928_232050_380299_7a0258 | brand=Missy | page=4 | route=https://www.myntra.com/tights?f=Brand%3ADollar%20Missy | seen=150 | expected=740
2026-09-28 23:23:02 | INFO    | PDP       | Processed 50 target products for Missy in 3s (1079.65 products/min). | run_id=run_20260928_232050_380299_7a0258 | brand=Missy | saved=50 | elapsed_label=3s | products_per_minute=1079.65
2026-09-28 23:23:02 | INFO    | LISTING   | Listing Missy route https://www.myntra.com/tights?f=Brand%3ADollar%20Missy page 5 -> https://www.myntra.com/gateway/v4/search/tights?f=Brand%3ADollar+Missy&rows=50&o=200&plaEnabled=false&xdEnabled=false&isFacet=true&p=5 | run_id=run_20260928_232050_380299_7a0258 | brand=Missy | page=5 | route=https://www.myntra.com/tights?f=Brand%3ADollar%20Missy | seen=200 | expected=740
2026-09-28 23:23:06 | INFO    | PDP       | Processed 50 target products for Missy in 3s (974.7 products/min). | run_id=run_20260928_232050_380299_7a0258 | brand=Missy | saved=50 | elapsed_label=3s | products_per_minute=974.7
2026-09-28 23:23:06 | INFO    | LISTING   | Listing Missy route https://www.myntra.com/tights?f=Brand%3ADollar%20Missy page 6 -> https://www.myntra.com/gateway/v4/search/tights?f=Brand%3ADollar+Missy&rows=50&o=250&plaEnabled=false&xdEnabled=false&isFacet=true&p=6 | run_id=run_20260928_232050_380299_7a0258 | brand=Missy | page=6 | route=https://www.myntra.com/tights?f=Brand%3ADollar%20Missy | seen=250 | expected=740
2026-09-28 23:23:10 | INFO    | PDP       | Processed 50 target products for Missy in 3s (1086.66 products/min). | run_id=run_20260928_232050_380299_7a0258 | brand=Missy | saved=50 | elapsed_label=3s | products_per_minute=1086.66
2026-09-28 23:23:10 | INFO    | LISTING   | Listing Missy route https://www.myntra.com/tights?f=Brand%3ADollar%20Missy page 7 -> https://www.myntra.com/gateway/v4/search/tights?f=Brand%3ADollar+Missy&rows=50&o=300&plaEnabled=false&xdEnabled=false&isFacet=true&p=7 | run_id=run_20260928_232050_380299_7a0258 | brand=Missy | page=7 | route=https://www.myntra.com/tights?f=Brand%3ADollar%20Missy | seen=300 | expected=740
2026-09-28 23:23:14 | INFO    | PDP       | Processed 50 target products for Missy in 3s (912.35 products/min). | run_id=run_20260928_232050_380299_7a0258 | brand=Missy | saved=50 | elapsed_label=3s | products_per_minute=912.35
2026-09-28 23:23:14 | INFO    | LISTING   | Listing Missy route https://www.myntra.com/tights?f=Brand%3ADollar%20Missy page 8 -> https://www.myntra.com/gateway/v4/search/tights?f=Brand%3ADollar+Missy&rows=50&o=350&plaEnabled=false&xdEnabled=false&isFacet=true&p=8 | run_id=run_20260928_232050_380299_7a0258 | brand=Missy | page=8 | route=https://www.myntra.com/tights?f=Brand%3ADollar%20Missy | seen=350 | expected=740
2026-09-28 23:23:18 | INFO    | PDP       | Processed 50 target products for Missy in 3s (1078.44 products/min). | run_id=run_20260928_232050_380299_7a0258 | brand=Missy | saved=50 | elapsed_label=3s | products_per_minute=1078.44
2026-09-28 23:23:18 | INFO    | LISTING   | Listing Missy route https://www.myntra.com/tights?f=Brand%3ADollar%20Missy page 9 -> https://www.myntra.com/gateway/v4/search/tights?f=Brand%3ADollar+Missy&rows=50&o=400&plaEnabled=false&xdEnabled=false&isFacet=true&p=9 | run_id=run_20260928_232050_380299_7a0258 | brand=Missy | page=9 | route=https://www.myntra.com/tights?f=Brand%3ADollar%20Missy | seen=400 | expected=740
2026-09-28 23:23:21 | INFO    | PDP       | Processed 50 target products for Missy in 3s (1116.93 products/min). | run_id=run_20260928_232050_380299_7a0258 | brand=Missy | saved=50 | elapsed_label=3s | products_per_minute=1116.93
2026-09-28 23:23:22 | INFO    | LISTING   | Listing Missy route https://www.myntra.com/tights?f=Brand%3ADollar%20Missy page 10 -> https://www.myntra.com/gateway/v4/search/tights?f=Brand%3ADollar+Missy&rows=50&o=450&plaEnabled=false&xdEnabled=false&isFacet=true&p=10 | run_id=run_20260928_232050_380299_7a0258 | brand=Missy | page=10 | route=https://www.myntra.com/tights?f=Brand%3ADollar%20Missy | seen=450 | expected=740
2026-09-28 23:23:25 | INFO    | PDP       | Processed 50 target products for Missy in 3s (1083.21 products/min). | run_id=run_20260928_232050_380299_7a0258 | brand=Missy | saved=50 | elapsed_label=3s | products_per_minute=1083.21
2026-09-28 23:23:25 | INFO    | LISTING   | Listing Missy route https://www.myntra.com/tights?f=Brand%3ADollar%20Missy page 11 -> https://www.myntra.com/gateway/v4/search/tights?f=Brand%3ADollar+Missy&rows=50&o=500&plaEnabled=false&xdEnabled=false&isFacet=true&p=11 | run_id=run_20260928_232050_380299_7a0258 | brand=Missy | page=11 | route=https://www.myntra.com/tights?f=Brand%3ADollar%20Missy | seen=500 | expected=740
2026-09-28 23:23:29 | INFO    | PDP       | Processed 50 target products for Missy in 3s (905.91 products/min). | run_id=run_20260928_232050_380299_7a0258 | brand=Missy | saved=50 | elapsed_label=3s | products_per_minute=905.91
2026-09-28 23:23:30 | INFO    | LISTING   | Listing Missy route https://www.myntra.com/tights?f=Brand%3ADollar%20Missy page 12 -> https://www.myntra.com/gateway/v4/search/tights?f=Brand%3ADollar+Missy&rows=50&o=550&plaEnabled=false&xdEnabled=false&isFacet=true&p=12 | run_id=run_20260928_232050_380299_7a0258 | brand=Missy | page=12 | route=https://www.myntra.com/tights?f=Brand%3ADollar%20Missy | seen=550 | expected=740
2026-09-28 23:23:33 | INFO    | PDP       | Processed 50 target products for Missy in 3s (1047.07 products/min). | run_id=run_20260928_232050_380299_7a0258 | brand=Missy | saved=50 | elapsed_label=3s | products_per_minute=1047.07
2026-09-28 23:23:33 | INFO    | LISTING   | Listing Missy route https://www.myntra.com/tights?f=Brand%3ADollar%20Missy page 13 -> https://www.myntra.com/gateway/v4/search/tights?f=Brand%3ADollar+Missy&rows=50&o=600&plaEnabled=false&xdEnabled=false&isFacet=true&p=13 | run_id=run_20260928_232050_380299_7a0258 | brand=Missy | page=13 | route=https://www.myntra.com/tights?f=Brand%3ADollar%20Missy | seen=600 | expected=740
2026-09-28 23:23:37 | INFO    | PDP       | Processed 50 target products for Missy in 3s (1147.52 products/min). | run_id=run_20260928_232050_380299_7a0258 | brand=Missy | saved=50 | elapsed_label=3s | products_per_minute=1147.52
2026-09-28 23:23:37 | INFO    | LISTING   | Listing Missy route https://www.myntra.com/tights?f=Brand%3ADollar%20Missy page 14 -> https://www.myntra.com/gateway/v4/search/tights?f=Brand%3ADollar+Missy&rows=50&o=650&plaEnabled=false&xdEnabled=false&isFacet=true&p=14 | run_id=run_20260928_232050_380299_7a0258 | brand=Missy | page=14 | route=https://www.myntra.com/tights?f=Brand%3ADollar%20Missy | seen=650 | expected=740
2026-09-28 23:23:40 | INFO    | PDP       | Processed 50 target products for Missy in 3s (1107.97 products/min). | run_id=run_20260928_232050_380299_7a0258 | brand=Missy | saved=50 | elapsed_label=3s | products_per_minute=1107.97
2026-09-28 23:23:41 | INFO    | LISTING   | Listing Missy route https://www.myntra.com/tights?f=Brand%3ADollar%20Missy page 15 -> https://www.myntra.com/gateway/v4/search/tights?f=Brand%3ADollar+Missy&rows=50&o=700&plaEnabled=false&xdEnabled=false&isFacet=true&p=15 | run_id=run_20260928_232050_380299_7a0258 | brand=Missy | page=15 | route=https://www.myntra.com/tights?f=Brand%3ADollar%20Missy | seen=700 | expected=740
2026-09-28 23:23:43 | INFO    | PDP       | Processed 40 target products for Missy in 2s (1180.36 products/min). | run_id=run_20260928_232050_380299_7a0258 | brand=Missy | saved=40 | elapsed_label=2s | products_per_minute=1180.36
2026-09-28 23:23:43 | INFO    | LISTING   | Listing Missy route https://www.myntra.com/tights?f=Brand%3ADollar%20Missy page 16 -> https://www.myntra.com/gateway/v4/search/tights?f=Brand%3ADollar+Missy&rows=50&o=750&plaEnabled=false&xdEnabled=false&isFacet=true&p=16 | run_id=run_20260928_232050_380299_7a0258 | brand=Missy | page=16 | route=https://www.myntra.com/tights?f=Brand%3ADollar%20Missy | seen=740 | expected=740
2026-09-28 23:23:44 | WARNING | LISTING   | Empty listing page for Missy on page 16 before expected end; continuing. | run_id=run_20260928_232050_380299_7a0258 | brand=Missy | page=16 | route=https://www.myntra.com/tights?f=Brand%3ADollar%20Missy
2026-09-28 23:23:44 | INFO    | LISTING   | Listing Missy route https://www.myntra.com/tights?f=Brand%3ADollar%20Missy page 17 -> https://www.myntra.com/gateway/v4/search/tights?f=Brand%3ADollar+Missy&rows=50&o=800&plaEnabled=false&xdEnabled=false&isFacet=true&p=17 | run_id=run_20260928_232050_380299_7a0258 | brand=Missy | page=17 | route=https://www.myntra.com/tights?f=Brand%3ADollar%20Missy | seen=740 | expected=740
2026-09-28 23:23:44 | WARNING | NETWORK   | JSON request failed for https://www.myntra.com/gateway/v4/search/tights?f=Brand%3ADollar+Missy&rows=50&o=800&plaEnabled=false&xdEnabled=false&isFacet=true&p=17 on attempt 1/3: HTTP Error 400:  | run_id=run_20260928_232050_380299_7a0258 | route=https://www.myntra.com/gateway/v4/search/tights?f=Brand%3ADollar+Missy&rows=50&o=800&plaEnabled=false&xdEnabled=false&isFacet=true&p=17 | attempt=1/3
2026-09-28 23:23:46 | WARNING | NETWORK   | JSON request failed for https://www.myntra.com/gateway/v4/search/tights?f=Brand%3ADollar+Missy&rows=50&o=800&plaEnabled=false&xdEnabled=false&isFacet=true&p=17 on attempt 2/3: HTTP Error 400:  | run_id=run_20260928_232050_380299_7a0258 | route=https://www.myntra.com/gateway/v4/search/tights?f=Brand%3ADollar+Missy&rows=50&o=800&plaEnabled=false&xdEnabled=false&isFacet=true&p=17 | attempt=2/3
2026-09-28 23:23:49 | WARNING | NETWORK   | JSON request failed for https://www.myntra.com/gateway/v4/search/tights?f=Brand%3ADollar+Missy&rows=50&o=800&plaEnabled=false&xdEnabled=false&isFacet=true&p=17 on attempt 3/3: HTTP Error 400:  | run_id=run_20260928_232050_380299_7a0258 | route=https://www.myntra.com/gateway/v4/search/tights?f=Brand%3ADollar+Missy&rows=50&o=800&plaEnabled=false&xdEnabled=false&isFacet=true&p=17 | attempt=3/3
2026-09-28 23:23:49 | WARNING | NETWORK   | JSON request failed for https://www.myntra.com/gateway/v4/search/tights?f=Brand%3ADollar+Missy&rows=50&o=799&plaEnabled=false&xdEnabled=false&isFacet=true&p=17 on attempt 1/3: HTTP Error 400:  | run_id=run_20260928_232050_380299_7a0258 | route=https://www.myntra.com/gateway/v4/search/tights?f=Brand%3ADollar+Missy&rows=50&o=799&plaEnabled=false&xdEnabled=false&isFacet=true&p=17 | attempt=1/3
2026-09-28 23:23:51 | WARNING | NETWORK   | JSON request failed for https://www.myntra.com/gateway/v4/search/tights?f=Brand%3ADollar+Missy&rows=50&o=799&plaEnabled=false&xdEnabled=false&isFacet=true&p=17 on attempt 2/3: HTTP Error 400:  | run_id=run_20260928_232050_380299_7a0258 | route=https://www.myntra.com/gateway/v4/search/tights?f=Brand%3ADollar+Missy&rows=50&o=799&plaEnabled=false&xdEnabled=false&isFacet=true&p=17 | attempt=2/3
2026-09-28 23:23:53 | WARNING | NETWORK   | JSON request failed for https://www.myntra.com/gateway/v4/search/tights?f=Brand%3ADollar+Missy&rows=50&o=799&plaEnabled=false&xdEnabled=false&isFacet=true&p=17 on attempt 3/3: HTTP Error 400:  | run_id=run_20260928_232050_380299_7a0258 | route=https://www.myntra.com/gateway/v4/search/tights?f=Brand%3ADollar+Missy&rows=50&o=799&plaEnabled=false&xdEnabled=false&isFacet=true&p=17 | attempt=3/3
2026-09-28 23:23:53 | WARNING | LISTING   | Route fetch failed for https://www.myntra.com/tights?f=Brand%3ADollar%20Missy page 17 (Failed to fetch JSON payload from https://www.myntra.com/gateway/v4/search/tights?f=Brand%3ADollar+Missy&rows=50&o=799&plaEnabled=false&xdEnabled=false&isFacet=true&p=17: HTTP Error 400: ). Will retry with another pass or fallback route. | run_id=run_20260928_232050_380299_7a0258 | brand=Missy | page=17 | route=https://www.myntra.com/tights?f=Brand%3ADollar%20Missy
2026-09-28 23:23:53 | INFO    | BRAND     | Skipping redundant route https://www.myntra.com/camisoles?f=Brand%3ADollar%20Missy for Missy (100% of first page already captured). | run_id=run_20260928_232050_380299_7a0258 | brand=Missy | route=https://www.myntra.com/camisoles?f=Brand%3ADollar%20Missy
2026-09-28 23:23:53 | INFO    | BRAND     | Skipping redundant route https://www.myntra.com/slips?f=Brand%3ADollar%20Missy for Missy (100% of first page already captured). | run_id=run_20260928_232050_380299_7a0258 | brand=Missy | route=https://www.myntra.com/slips?f=Brand%3ADollar%20Missy
2026-09-28 23:23:53 | INFO    | BRAND     | Skipping redundant route https://www.myntra.com/panties?f=Brand%3ADollar%20Missy for Missy (100% of first page already captured). | run_id=run_20260928_232050_380299_7a0258 | brand=Missy | route=https://www.myntra.com/panties?f=Brand%3ADollar%20Missy
2026-09-28 23:23:53 | INFO    | BRAND     | Skipping redundant route https://www.myntra.com/briefs?f=Brand%3ADollar%20Missy for Missy (100% of first page already captured). | run_id=run_20260928_232050_380299_7a0258 | brand=Missy | route=https://www.myntra.com/briefs?f=Brand%3ADollar%20Missy
2026-09-28 23:23:53 | INFO    | BRAND     | Skipping redundant route https://www.myntra.com/myntra?f=Brand%3ADollar%20Missy for Missy (96% of first page already captured). | run_id=run_20260928_232050_380299_7a0258 | brand=Missy | route=https://www.myntra.com/myntra?f=Brand%3ADollar%20Missy
2026-09-28 23:23:53 | INFO    | BRAND     | Skipping redundant route https://www.myntra.com/shapewear?f=Brand%3ADollar%20Missy for Missy (100% of first page already captured). | run_id=run_20260928_232050_380299_7a0258 | brand=Missy | route=https://www.myntra.com/shapewear?f=Brand%3ADollar%20Missy
2026-09-28 23:23:53 | INFO    | LISTING   | Listing Missy route https://www.myntra.com/myntra?f=Brand%3AMISSY page 1 -> https://www.myntra.com/gateway/v4/search/myntra?f=Brand%3AMISSY&rows=50&o=0&plaEnabled=false&xdEnabled=false&isFacet=true&p=1 | run_id=run_20260928_232050_380299_7a0258 | brand=Missy | page=1 | route=https://www.myntra.com/myntra?f=Brand%3AMISSY | seen=0 | expected=12
2026-09-28 23:23:55 | WARNING | LISTING   | Retrying route https://www.myntra.com/myntra?f=Brand%3AMISSY for Missy (pass 1/2) after incomplete coverage: 0/12 unique products seen. | run_id=run_20260928_232050_380299_7a0258 | brand=Missy | route=https://www.myntra.com/myntra?f=Brand%3AMISSY | seen=0 | expected=12 | attempt=1/2
2026-09-28 23:23:55 | INFO    | LISTING   | Listing Missy route https://www.myntra.com/myntra?f=Brand%3AMISSY page 1 -> https://www.myntra.com/gateway/v4/search/myntra?f=Brand%3AMISSY&rows=50&o=0&plaEnabled=false&xdEnabled=false&isFacet=true&p=1 | run_id=run_20260928_232050_380299_7a0258 | brand=Missy | page=1 | route=https://www.myntra.com/myntra?f=Brand%3AMISSY | seen=0 | expected=12
2026-09-28 23:23:56 | WARNING | LISTING   | Retrying route https://www.myntra.com/myntra?f=Brand%3AMISSY for Missy (pass 2/2) after incomplete coverage: 0/12 unique products seen. | run_id=run_20260928_232050_380299_7a0258 | brand=Missy | route=https://www.myntra.com/myntra?f=Brand%3AMISSY | seen=0 | expected=12 | attempt=2/2
2026-09-28 23:23:56 | INFO    | LISTING   | Listing Missy route https://www.myntra.com/myntra?f=Brand%3AMISSY page 1 -> https://www.myntra.com/gateway/v4/search/myntra?f=Brand%3AMISSY&rows=50&o=0&plaEnabled=false&xdEnabled=false&isFacet=true&p=1 | run_id=run_20260928_232050_380299_7a0258 | brand=Missy | page=1 | route=https://www.myntra.com/myntra?f=Brand%3AMISSY | seen=0 | expected=12
2026-09-28 23:23:58 | WARNING | BRAND     | Brand Missy finished below expected count: saw 1724 unique shirts products vs expected 2420. | run_id=run_20260928_232050_380299_7a0258 | brand=Missy | seen=1724 | expected=2420
2026-09-28 23:23:58 | INFO    | BRAND     | Brand scrape completed in 3m 8s (551.06 products/min). | run_id=run_20260928_232050_380299_7a0258 | brand=Missy | status=COMPLETED | saved=1724 | seen=1724 | expected=2420 | elapsed_label=3m 8s | products_per_minute=551.06
2026-09-28 23:23:58 | INFO    | BRAND     | Resolving brand routes. | run_id=run_20260928_232050_380299_7a0258 | brand=Lyra
2026-09-28 23:24:07 | INFO    | BRAND     | Resolved Lyra -> 9 routes (best brand total=3397): https://www.myntra.com/innerwear?f=Brand%3ALYRA, https://www.myntra.com/bra?f=Brand%3ALYRA, https://www.myntra.com/tights?f=Brand%3ALYRA, https://www.myntra.com/briefs?f=Brand%3ALYRA, https://www.myntra.com/panties?f=Brand%3ALYRA, https://www.myntra.com/shapewear?f=Brand%3ALYRA, https://www.myntra.com/camisoles?f=Brand%3ALYRA, https://www.myntra.com/slips?f=Brand%3ALYRA, https://www.myntra.com/myntra?f=Brand%3ALYRA | run_id=run_20260928_232050_380299_7a0258 | brand=Lyra | expected=3397
2026-09-28 23:24:07 | INFO    | BRAND     | Starting brand scrape. | run_id=run_20260928_232050_380299_7a0258 | brand=Lyra | expected=2955
2026-09-28 23:24:07 | INFO    | LISTING   | Listing Lyra route https://www.myntra.com/innerwear?f=Brand%3ALYRA page 1 -> https://www.myntra.com/gateway/v4/search/innerwear?f=Brand%3ALYRA&rows=50&o=0&plaEnabled=false&xdEnabled=false&isFacet=true&p=1 | run_id=run_20260928_232050_380299_7a0258 | brand=Lyra | page=1 | route=https://www.myntra.com/innerwear?f=Brand%3ALYRA | seen=0 | expected=1513
2026-09-28 23:24:11 | INFO    | PDP       | Processed 50 target products for Lyra in 3s (1172.65 products/min). | run_id=run_20260928_232050_380299_7a0258 | brand=Lyra | saved=50 | elapsed_label=3s | products_per_minute=1172.65
2026-09-28 23:24:12 | INFO    | LISTING   | Listing Lyra route https://www.myntra.com/innerwear?f=Brand%3ALYRA page 2 -> https://www.myntra.com/gateway/v4/search/innerwear?f=Brand%3ALYRA&rows=50&o=50&plaEnabled=false&xdEnabled=false&isFacet=true&p=2 | run_id=run_20260928_232050_380299_7a0258 | brand=Lyra | page=2 | route=https://www.myntra.com/innerwear?f=Brand%3ALYRA | seen=50 | expected=1513
2026-09-28 23:24:14 | INFO    | PDP       | Processed 50 target products for Lyra in 2s (1286.05 products/min). | run_id=run_20260928_232050_380299_7a0258 | brand=Lyra | saved=50 | elapsed_label=2s | products_per_minute=1286.05
2026-09-28 23:24:15 | INFO    | LISTING   | Listing Lyra route https://www.myntra.com/innerwear?f=Brand%3ALYRA page 3 -> https://www.myntra.com/gateway/v4/search/innerwear?f=Brand%3ALYRA&rows=50&o=100&plaEnabled=false&xdEnabled=false&isFacet=true&p=3 | run_id=run_20260928_232050_380299_7a0258 | brand=Lyra | page=3 | route=https://www.myntra.com/innerwear?f=Brand%3ALYRA | seen=100 | expected=1513
2026-09-28 23:24:18 | INFO    | PDP       | Processed 50 target products for Lyra in 3s (1047.1 products/min). | run_id=run_20260928_232050_380299_7a0258 | brand=Lyra | saved=50 | elapsed_label=3s | products_per_minute=1047.1
2026-09-28 23:24:19 | INFO    | LISTING   | Listing Lyra route https://www.myntra.com/innerwear?f=Brand%3ALYRA page 4 -> https://www.myntra.com/gateway/v4/search/innerwear?f=Brand%3ALYRA&rows=50&o=150&plaEnabled=false&xdEnabled=false&isFacet=true&p=4 | run_id=run_20260928_232050_380299_7a0258 | brand=Lyra | page=4 | route=https://www.myntra.com/innerwear?f=Brand%3ALYRA | seen=150 | expected=1513
2026-09-28 23:24:22 | INFO    | PDP       | Processed 50 target products for Lyra in 3s (899.34 products/min). | run_id=run_20260928_232050_380299_7a0258 | brand=Lyra | saved=50 | elapsed_label=3s | products_per_minute=899.34
2026-09-28 23:24:23 | INFO    | LISTING   | Listing Lyra route https://www.myntra.com/innerwear?f=Brand%3ALYRA page 5 -> https://www.myntra.com/gateway/v4/search/innerwear?f=Brand%3ALYRA&rows=50&o=200&plaEnabled=false&xdEnabled=false&isFacet=true&p=5 | run_id=run_20260928_232050_380299_7a0258 | brand=Lyra | page=5 | route=https://www.myntra.com/innerwear?f=Brand%3ALYRA | seen=200 | expected=1513
2026-09-28 23:24:27 | INFO    | PDP       | Processed 50 target products for Lyra in 3s (915.17 products/min). | run_id=run_20260928_232050_380299_7a0258 | brand=Lyra | saved=50 | elapsed_label=3s | products_per_minute=915.17
2026-09-28 23:24:27 | INFO    | LISTING   | Listing Lyra route https://www.myntra.com/innerwear?f=Brand%3ALYRA page 6 -> https://www.myntra.com/gateway/v4/search/innerwear?f=Brand%3ALYRA&rows=50&o=250&plaEnabled=false&xdEnabled=false&isFacet=true&p=6 | run_id=run_20260928_232050_380299_7a0258 | brand=Lyra | page=6 | route=https://www.myntra.com/innerwear?f=Brand%3ALYRA | seen=250 | expected=1513
2026-09-28 23:24:31 | INFO    | PDP       | Processed 50 target products for Lyra in 3s (980.42 products/min). | run_id=run_20260928_232050_380299_7a0258 | brand=Lyra | saved=50 | elapsed_label=3s | products_per_minute=980.42
2026-09-28 23:24:31 | INFO    | LISTING   | Listing Lyra route https://www.myntra.com/innerwear?f=Brand%3ALYRA page 7 -> https://www.myntra.com/gateway/v4/search/innerwear?f=Brand%3ALYRA&rows=50&o=300&plaEnabled=false&xdEnabled=false&isFacet=true&p=7 | run_id=run_20260928_232050_380299_7a0258 | brand=Lyra | page=7 | route=https://www.myntra.com/innerwear?f=Brand%3ALYRA | seen=300 | expected=1513
2026-09-28 23:24:35 | INFO    | PDP       | Processed 50 target products for Lyra in 3s (966.65 products/min). | run_id=run_20260928_232050_380299_7a0258 | brand=Lyra | saved=50 | elapsed_label=3s | products_per_minute=966.65
2026-09-28 23:24:35 | INFO    | LISTING   | Listing Lyra route https://www.myntra.com/innerwear?f=Brand%3ALYRA page 8 -> https://www.myntra.com/gateway/v4/search/innerwear?f=Brand%3ALYRA&rows=50&o=350&plaEnabled=false&xdEnabled=false&isFacet=true&p=8 | run_id=run_20260928_232050_380299_7a0258 | brand=Lyra | page=8 | route=https://www.myntra.com/innerwear?f=Brand%3ALYRA | seen=350 | expected=1513
2026-09-28 23:24:38 | INFO    | PDP       | Processed 50 target products for Lyra in 3s (1085.81 products/min). | run_id=run_20260928_232050_380299_7a0258 | brand=Lyra | saved=50 | elapsed_label=3s | products_per_minute=1085.81
2026-09-28 23:24:38 | INFO    | LISTING   | Listing Lyra route https://www.myntra.com/innerwear?f=Brand%3ALYRA page 9 -> https://www.myntra.com/gateway/v4/search/innerwear?f=Brand%3ALYRA&rows=50&o=400&plaEnabled=false&xdEnabled=false&isFacet=true&p=9 | run_id=run_20260928_232050_380299_7a0258 | brand=Lyra | page=9 | route=https://www.myntra.com/innerwear?f=Brand%3ALYRA | seen=400 | expected=1513
2026-09-28 23:24:43 | INFO    | PDP       | Processed 50 target products for Lyra in 3s (865.12 products/min). | run_id=run_20260928_232050_380299_7a0258 | brand=Lyra | saved=50 | elapsed_label=3s | products_per_minute=865.12
2026-09-28 23:24:43 | INFO    | LISTING   | Listing Lyra route https://www.myntra.com/innerwear?f=Brand%3ALYRA page 10 -> https://www.myntra.com/gateway/v4/search/innerwear?f=Brand%3ALYRA&rows=50&o=450&plaEnabled=false&xdEnabled=false&isFacet=true&p=10 | run_id=run_20260928_232050_380299_7a0258 | brand=Lyra | page=10 | route=https://www.myntra.com/innerwear?f=Brand%3ALYRA | seen=450 | expected=1513
2026-09-28 23:24:46 | INFO    | PDP       | Processed 50 target products for Lyra in 3s (1064.82 products/min). | run_id=run_20260928_232050_380299_7a0258 | brand=Lyra | saved=50 | elapsed_label=3s | products_per_minute=1064.82
2026-09-28 23:24:47 | INFO    | LISTING   | Listing Lyra route https://www.myntra.com/innerwear?f=Brand%3ALYRA page 11 -> https://www.myntra.com/gateway/v4/search/innerwear?f=Brand%3ALYRA&rows=50&o=500&plaEnabled=false&xdEnabled=false&isFacet=true&p=11 | run_id=run_20260928_232050_380299_7a0258 | brand=Lyra | page=11 | route=https://www.myntra.com/innerwear?f=Brand%3ALYRA | seen=500 | expected=1513
2026-09-28 23:24:50 | INFO    | PDP       | Processed 50 target products for Lyra in 3s (1087.46 products/min). | run_id=run_20260928_232050_380299_7a0258 | brand=Lyra | saved=50 | elapsed_label=3s | products_per_minute=1087.46
2026-09-28 23:24:50 | INFO    | LISTING   | Listing Lyra route https://www.myntra.com/innerwear?f=Brand%3ALYRA page 12 -> https://www.myntra.com/gateway/v4/search/innerwear?f=Brand%3ALYRA&rows=50&o=550&plaEnabled=false&xdEnabled=false&isFacet=true&p=12 | run_id=run_20260928_232050_380299_7a0258 | brand=Lyra | page=12 | route=https://www.myntra.com/innerwear?f=Brand%3ALYRA | seen=550 | expected=1513
2026-09-28 23:24:54 | INFO    | PDP       | Processed 50 target products for Lyra in 3s (913.45 products/min). | run_id=run_20260928_232050_380299_7a0258 | brand=Lyra | saved=50 | elapsed_label=3s | products_per_minute=913.45
2026-09-28 23:24:54 | INFO    | LISTING   | Listing Lyra route https://www.myntra.com/innerwear?f=Brand%3ALYRA page 13 -> https://www.myntra.com/gateway/v4/search/innerwear?f=Brand%3ALYRA&rows=50&o=600&plaEnabled=false&xdEnabled=false&isFacet=true&p=13 | run_id=run_20260928_232050_380299_7a0258 | brand=Lyra | page=13 | route=https://www.myntra.com/innerwear?f=Brand%3ALYRA | seen=600 | expected=1513
2026-09-28 23:24:57 | INFO    | PDP       | Processed 50 target products for Lyra in 2s (1200.63 products/min). | run_id=run_20260928_232050_380299_7a0258 | brand=Lyra | saved=50 | elapsed_label=2s | products_per_minute=1200.63
2026-09-28 23:24:58 | INFO    | LISTING   | Listing Lyra route https://www.myntra.com/innerwear?f=Brand%3ALYRA page 14 -> https://www.myntra.com/gateway/v4/search/innerwear?f=Brand%3ALYRA&rows=50&o=650&plaEnabled=false&xdEnabled=false&isFacet=true&p=14 | run_id=run_20260928_232050_380299_7a0258 | brand=Lyra | page=14 | route=https://www.myntra.com/innerwear?f=Brand%3ALYRA | seen=650 | expected=1513
2026-09-28 23:25:02 | INFO    | PDP       | Processed 50 target products for Lyra in 4s (825.72 products/min). | run_id=run_20260928_232050_380299_7a0258 | brand=Lyra | saved=50 | elapsed_label=4s | products_per_minute=825.72
2026-09-28 23:25:02 | INFO    | LISTING   | Listing Lyra route https://www.myntra.com/innerwear?f=Brand%3ALYRA page 15 -> https://www.myntra.com/gateway/v4/search/innerwear?f=Brand%3ALYRA&rows=50&o=700&plaEnabled=false&xdEnabled=false&isFacet=true&p=15 | run_id=run_20260928_232050_380299_7a0258 | brand=Lyra | page=15 | route=https://www.myntra.com/innerwear?f=Brand%3ALYRA | seen=700 | expected=1513
2026-09-28 23:25:06 | INFO    | PDP       | Processed 50 target products for Lyra in 3s (1039.87 products/min). | run_id=run_20260928_232050_380299_7a0258 | brand=Lyra | saved=50 | elapsed_label=3s | products_per_minute=1039.87
2026-09-28 23:25:06 | INFO    | LISTING   | Listing Lyra route https://www.myntra.com/innerwear?f=Brand%3ALYRA page 16 -> https://www.myntra.com/gateway/v4/search/innerwear?f=Brand%3ALYRA&rows=50&o=750&plaEnabled=false&xdEnabled=false&isFacet=true&p=16 | run_id=run_20260928_232050_380299_7a0258 | brand=Lyra | page=16 | route=https://www.myntra.com/innerwear?f=Brand%3ALYRA | seen=750 | expected=1513
2026-09-28 23:25:09 | INFO    | PDP       | Processed 50 target products for Lyra in 3s (1170.98 products/min). | run_id=run_20260928_232050_380299_7a0258 | brand=Lyra | saved=50 | elapsed_label=3s | products_per_minute=1170.98
2026-09-28 23:25:09 | INFO    | LISTING   | Listing Lyra route https://www.myntra.com/innerwear?f=Brand%3ALYRA page 17 -> https://www.myntra.com/gateway/v4/search/innerwear?f=Brand%3ALYRA&rows=50&o=800&plaEnabled=false&xdEnabled=false&isFacet=true&p=17 | run_id=run_20260928_232050_380299_7a0258 | brand=Lyra | page=17 | route=https://www.myntra.com/innerwear?f=Brand%3ALYRA | seen=800 | expected=1513
2026-09-28 23:25:12 | INFO    | PDP       | Processed 50 target products for Lyra in 2s (1214.07 products/min). | run_id=run_20260928_232050_380299_7a0258 | brand=Lyra | saved=50 | elapsed_label=2s | products_per_minute=1214.07
2026-09-28 23:25:12 | INFO    | LISTING   | Listing Lyra route https://www.myntra.com/innerwear?f=Brand%3ALYRA page 18 -> https://www.myntra.com/gateway/v4/search/innerwear?f=Brand%3ALYRA&rows=50&o=850&plaEnabled=false&xdEnabled=false&isFacet=true&p=18 | run_id=run_20260928_232050_380299_7a0258 | brand=Lyra | page=18 | route=https://www.myntra.com/innerwear?f=Brand%3ALYRA | seen=850 | expected=1513
2026-09-28 23:25:16 | INFO    | PDP       | Processed 50 target products for Lyra in 3s (1128.89 products/min). | run_id=run_20260928_232050_380299_7a0258 | brand=Lyra | saved=50 | elapsed_label=3s | products_per_minute=1128.89
2026-09-28 23:25:16 | INFO    | LISTING   | Listing Lyra route https://www.myntra.com/innerwear?f=Brand%3ALYRA page 19 -> https://www.myntra.com/gateway/v4/search/innerwear?f=Brand%3ALYRA&rows=50&o=900&plaEnabled=false&xdEnabled=false&isFacet=true&p=19 | run_id=run_20260928_232050_380299_7a0258 | brand=Lyra | page=19 | route=https://www.myntra.com/innerwear?f=Brand%3ALYRA | seen=900 | expected=1513
2026-09-28 23:25:19 | INFO    | PDP       | Processed 50 target products for Lyra in 3s (1125.6 products/min). | run_id=run_20260928_232050_380299_7a0258 | brand=Lyra | saved=50 | elapsed_label=3s | products_per_minute=1125.6
2026-09-28 23:25:19 | INFO    | LISTING   | Listing Lyra route https://www.myntra.com/innerwear?f=Brand%3ALYRA page 20 -> https://www.myntra.com/gateway/v4/search/innerwear?f=Brand%3ALYRA&rows=50&o=950&plaEnabled=false&xdEnabled=false&isFacet=true&p=20 | run_id=run_20260928_232050_380299_7a0258 | brand=Lyra | page=20 | route=https://www.myntra.com/innerwear?f=Brand%3ALYRA | seen=950 | expected=1513
2026-09-28 23:25:23 | INFO    | PDP       | Processed 50 target products for Lyra in 3s (1009.55 products/min). | run_id=run_20260928_232050_380299_7a0258 | brand=Lyra | saved=50 | elapsed_label=3s | products_per_minute=1009.55
2026-09-28 23:25:23 | INFO    | LISTING   | Listing Lyra route https://www.myntra.com/innerwear?f=Brand%3ALYRA page 21 -> https://www.myntra.com/gateway/v4/search/innerwear?f=Brand%3ALYRA&rows=50&o=1000&plaEnabled=false&xdEnabled=false&isFacet=true&p=21 | run_id=run_20260928_232050_380299_7a0258 | brand=Lyra | page=21 | route=https://www.myntra.com/innerwear?f=Brand%3ALYRA | seen=1000 | expected=1513
2026-09-28 23:25:26 | INFO    | PDP       | Processed 50 target products for Lyra in 3s (1122.0 products/min). | run_id=run_20260928_232050_380299_7a0258 | brand=Lyra | saved=50 | elapsed_label=3s | products_per_minute=1122.0
2026-09-28 23:25:27 | INFO    | LISTING   | Listing Lyra route https://www.myntra.com/innerwear?f=Brand%3ALYRA page 22 -> https://www.myntra.com/gateway/v4/search/innerwear?f=Brand%3ALYRA&rows=50&o=1050&plaEnabled=false&xdEnabled=false&isFacet=true&p=22 | run_id=run_20260928_232050_380299_7a0258 | brand=Lyra | page=22 | route=https://www.myntra.com/innerwear?f=Brand%3ALYRA | seen=1050 | expected=1513
2026-09-28 23:25:30 | INFO    | PDP       | Processed 50 target products for Lyra in 3s (1112.12 products/min). | run_id=run_20260928_232050_380299_7a0258 | brand=Lyra | saved=50 | elapsed_label=3s | products_per_minute=1112.12
2026-09-28 23:25:30 | INFO    | LISTING   | Listing Lyra route https://www.myntra.com/innerwear?f=Brand%3ALYRA page 23 -> https://www.myntra.com/gateway/v4/search/innerwear?f=Brand%3ALYRA&rows=50&o=1100&plaEnabled=false&xdEnabled=false&isFacet=true&p=23 | run_id=run_20260928_232050_380299_7a0258 | brand=Lyra | page=23 | route=https://www.myntra.com/innerwear?f=Brand%3ALYRA | seen=1100 | expected=1513
2026-09-28 23:25:36 | INFO    | PDP       | Processed 50 target products for Lyra in 6s (528.46 products/min). | run_id=run_20260928_232050_380299_7a0258 | brand=Lyra | saved=50 | elapsed_label=6s | products_per_minute=528.46
2026-09-28 23:25:37 | INFO    | LISTING   | Listing Lyra route https://www.myntra.com/innerwear?f=Brand%3ALYRA page 24 -> https://www.myntra.com/gateway/v4/search/innerwear?f=Brand%3ALYRA&rows=50&o=1150&plaEnabled=false&xdEnabled=false&isFacet=true&p=24 | run_id=run_20260928_232050_380299_7a0258 | brand=Lyra | page=24 | route=https://www.myntra.com/innerwear?f=Brand%3ALYRA | seen=1150 | expected=1513
2026-09-28 23:25:40 | INFO    | PDP       | Processed 50 target products for Lyra in 3s (1151.05 products/min). | run_id=run_20260928_232050_380299_7a0258 | brand=Lyra | saved=50 | elapsed_label=3s | products_per_minute=1151.05
2026-09-28 23:25:40 | INFO    | LISTING   | Listing Lyra route https://www.myntra.com/innerwear?f=Brand%3ALYRA page 25 -> https://www.myntra.com/gateway/v4/search/innerwear?f=Brand%3ALYRA&rows=50&o=1200&plaEnabled=false&xdEnabled=false&isFacet=true&p=25 | run_id=run_20260928_232050_380299_7a0258 | brand=Lyra | page=25 | route=https://www.myntra.com/innerwear?f=Brand%3ALYRA | seen=1200 | expected=1513
2026-09-28 23:25:43 | INFO    | PDP       | Processed 50 target products for Lyra in 3s (1150.95 products/min). | run_id=run_20260928_232050_380299_7a0258 | brand=Lyra | saved=50 | elapsed_label=3s | products_per_minute=1150.95
2026-09-28 23:25:43 | INFO    | LISTING   | Listing Lyra route https://www.myntra.com/innerwear?f=Brand%3ALYRA page 26 -> https://www.myntra.com/gateway/v4/search/innerwear?f=Brand%3ALYRA&rows=50&o=1250&plaEnabled=false&xdEnabled=false&isFacet=true&p=26 | run_id=run_20260928_232050_380299_7a0258 | brand=Lyra | page=26 | route=https://www.myntra.com/innerwear?f=Brand%3ALYRA | seen=1250 | expected=1513
2026-09-28 23:25:47 | INFO    | PDP       | Processed 50 target products for Lyra in 3s (1017.93 products/min). | run_id=run_20260928_232050_380299_7a0258 | brand=Lyra | saved=50 | elapsed_label=3s | products_per_minute=1017.93
2026-09-28 23:25:47 | INFO    | LISTING   | Listing Lyra route https://www.myntra.com/innerwear?f=Brand%3ALYRA page 27 -> https://www.myntra.com/gateway/v4/search/innerwear?f=Brand%3ALYRA&rows=50&o=1300&plaEnabled=false&xdEnabled=false&isFacet=true&p=27 | run_id=run_20260928_232050_380299_7a0258 | brand=Lyra | page=27 | route=https://www.myntra.com/innerwear?f=Brand%3ALYRA | seen=1300 | expected=1513
2026-09-28 23:25:51 | INFO    | PDP       | Processed 50 target products for Lyra in 3s (1044.18 products/min). | run_id=run_20260928_232050_380299_7a0258 | brand=Lyra | saved=50 | elapsed_label=3s | products_per_minute=1044.18
2026-09-28 23:25:51 | INFO    | LISTING   | Listing Lyra route https://www.myntra.com/innerwear?f=Brand%3ALYRA page 28 -> https://www.myntra.com/gateway/v4/search/innerwear?f=Brand%3ALYRA&rows=50&o=1350&plaEnabled=false&xdEnabled=false&isFacet=true&p=28 | run_id=run_20260928_232050_380299_7a0258 | brand=Lyra | page=28 | route=https://www.myntra.com/innerwear?f=Brand%3ALYRA | seen=1350 | expected=1513
2026-09-28 23:25:52 | INFO    | LISTING   | Listing Lyra route https://www.myntra.com/innerwear?f=Brand%3ALYRA page 29 -> https://www.myntra.com/gateway/v4/search/innerwear?f=Brand%3ALYRA&rows=50&o=1400&plaEnabled=false&xdEnabled=false&isFacet=true&p=29 | run_id=run_20260928_232050_380299_7a0258 | brand=Lyra | page=29 | route=https://www.myntra.com/innerwear?f=Brand%3ALYRA | seen=1350 | expected=1513
2026-09-28 23:25:52 | INFO    | LISTING   | Listing Lyra route https://www.myntra.com/innerwear?f=Brand%3ALYRA page 30 -> https://www.myntra.com/gateway/v4/search/innerwear?f=Brand%3ALYRA&rows=50&o=1450&plaEnabled=false&xdEnabled=false&isFacet=true&p=30 | run_id=run_20260928_232050_380299_7a0258 | brand=Lyra | page=30 | route=https://www.myntra.com/innerwear?f=Brand%3ALYRA | seen=1350 | expected=1513
2026-09-28 23:25:53 | WARNING | LISTING   | Route https://www.myntra.com/innerwear?f=Brand%3ALYRA for Lyra stalled for 3 consecutive pages before reaching expected total; restarting route pass. | run_id=run_20260928_232050_380299_7a0258 | brand=Lyra | page=30 | route=https://www.myntra.com/innerwear?f=Brand%3ALYRA | seen=1350 | expected=1513
2026-09-28 23:25:53 | WARNING | LISTING   | Retrying route https://www.myntra.com/innerwear?f=Brand%3ALYRA for Lyra (pass 1/2) after incomplete coverage: 1350/1513 unique products seen. | run_id=run_20260928_232050_380299_7a0258 | brand=Lyra | route=https://www.myntra.com/innerwear?f=Brand%3ALYRA | seen=1350 | expected=1513 | attempt=1/2
2026-09-28 23:25:53 | INFO    | LISTING   | Listing Lyra route https://www.myntra.com/innerwear?f=Brand%3ALYRA page 1 -> https://www.myntra.com/gateway/v4/search/innerwear?f=Brand%3ALYRA&rows=50&o=0&plaEnabled=false&xdEnabled=false&isFacet=true&p=1 | run_id=run_20260928_232050_380299_7a0258 | brand=Lyra | page=1 | route=https://www.myntra.com/innerwear?f=Brand%3ALYRA | seen=1350 | expected=1513
2026-09-28 23:25:55 | INFO    | LISTING   | Listing Lyra route https://www.myntra.com/innerwear?f=Brand%3ALYRA page 2 -> https://www.myntra.com/gateway/v4/search/innerwear?f=Brand%3ALYRA&rows=50&o=50&plaEnabled=false&xdEnabled=false&isFacet=true&p=2 | run_id=run_20260928_232050_380299_7a0258 | brand=Lyra | page=2 | route=https://www.myntra.com/innerwear?f=Brand%3ALYRA | seen=1350 | expected=1513
2026-09-28 23:25:55 | INFO    | LISTING   | Listing Lyra route https://www.myntra.com/innerwear?f=Brand%3ALYRA page 3 -> https://www.myntra.com/gateway/v4/search/innerwear?f=Brand%3ALYRA&rows=50&o=100&plaEnabled=false&xdEnabled=false&isFacet=true&p=3 | run_id=run_20260928_232050_380299_7a0258 | brand=Lyra | page=3 | route=https://www.myntra.com/innerwear?f=Brand%3ALYRA | seen=1350 | expected=1513
2026-09-28 23:25:56 | WARNING | LISTING   | Route https://www.myntra.com/innerwear?f=Brand%3ALYRA for Lyra stalled for 3 consecutive pages before reaching expected total; restarting route pass. | run_id=run_20260928_232050_380299_7a0258 | brand=Lyra | page=3 | route=https://www.myntra.com/innerwear?f=Brand%3ALYRA | seen=1350 | expected=1513
2026-09-28 23:25:56 | WARNING | LISTING   | Retrying route https://www.myntra.com/innerwear?f=Brand%3ALYRA for Lyra (pass 2/2) after incomplete coverage: 1350/1513 unique products seen. | run_id=run_20260928_232050_380299_7a0258 | brand=Lyra | route=https://www.myntra.com/innerwear?f=Brand%3ALYRA | seen=1350 | expected=1513 | attempt=2/2
2026-09-28 23:25:56 | INFO    | LISTING   | Listing Lyra route https://www.myntra.com/innerwear?f=Brand%3ALYRA page 1 -> https://www.myntra.com/gateway/v4/search/innerwear?f=Brand%3ALYRA&rows=50&o=0&plaEnabled=false&xdEnabled=false&isFacet=true&p=1 | run_id=run_20260928_232050_380299_7a0258 | brand=Lyra | page=1 | route=https://www.myntra.com/innerwear?f=Brand%3ALYRA | seen=1350 | expected=1513
2026-09-28 23:25:58 | INFO    | LISTING   | Listing Lyra route https://www.myntra.com/innerwear?f=Brand%3ALYRA page 2 -> https://www.myntra.com/gateway/v4/search/innerwear?f=Brand%3ALYRA&rows=50&o=50&plaEnabled=false&xdEnabled=false&isFacet=true&p=2 | run_id=run_20260928_232050_380299_7a0258 | brand=Lyra | page=2 | route=https://www.myntra.com/innerwear?f=Brand%3ALYRA | seen=1350 | expected=1513
2026-09-28 23:25:58 | INFO    | LISTING   | Listing Lyra route https://www.myntra.com/innerwear?f=Brand%3ALYRA page 3 -> https://www.myntra.com/gateway/v4/search/innerwear?f=Brand%3ALYRA&rows=50&o=100&plaEnabled=false&xdEnabled=false&isFacet=true&p=3 | run_id=run_20260928_232050_380299_7a0258 | brand=Lyra | page=3 | route=https://www.myntra.com/innerwear?f=Brand%3ALYRA | seen=1350 | expected=1513
2026-09-28 23:25:59 | WARNING | LISTING   | Route https://www.myntra.com/innerwear?f=Brand%3ALYRA for Lyra stalled for 3 consecutive pages before reaching expected total; restarting route pass. | run_id=run_20260928_232050_380299_7a0258 | brand=Lyra | page=3 | route=https://www.myntra.com/innerwear?f=Brand%3ALYRA | seen=1350 | expected=1513
2026-09-28 23:25:59 | INFO    | BRAND     | Skipping redundant route https://www.myntra.com/bra?f=Brand%3ALYRA for Lyra (100% of first page already captured). | run_id=run_20260928_232050_380299_7a0258 | brand=Lyra | route=https://www.myntra.com/bra?f=Brand%3ALYRA
2026-09-28 23:25:59 | INFO    | LISTING   | Listing Lyra route https://www.myntra.com/tights?f=Brand%3ALYRA page 1 -> https://www.myntra.com/gateway/v4/search/tights?f=Brand%3ALYRA&rows=50&o=0&plaEnabled=false&xdEnabled=false&isFacet=true&p=1 | run_id=run_20260928_232050_380299_7a0258 | brand=Lyra | page=1 | route=https://www.myntra.com/tights?f=Brand%3ALYRA | seen=0 | expected=1095
2026-09-28 23:26:03 | INFO    | PDP       | Processed 50 target products for Lyra in 3s (1091.76 products/min). | run_id=run_20260928_232050_380299_7a0258 | brand=Lyra | saved=50 | elapsed_label=3s | products_per_minute=1091.76
2026-09-28 23:26:03 | INFO    | LISTING   | Listing Lyra route https://www.myntra.com/tights?f=Brand%3ALYRA page 2 -> https://www.myntra.com/gateway/v4/search/tights?f=Brand%3ALYRA&rows=50&o=50&plaEnabled=false&xdEnabled=false&isFacet=true&p=2 | run_id=run_20260928_232050_380299_7a0258 | brand=Lyra | page=2 | route=https://www.myntra.com/tights?f=Brand%3ALYRA | seen=50 | expected=1095
2026-09-28 23:26:06 | INFO    | PDP       | Processed 50 target products for Lyra in 3s (1165.16 products/min). | run_id=run_20260928_232050_380299_7a0258 | brand=Lyra | saved=50 | elapsed_label=3s | products_per_minute=1165.16
2026-09-28 23:26:07 | INFO    | LISTING   | Listing Lyra route https://www.myntra.com/tights?f=Brand%3ALYRA page 3 -> https://www.myntra.com/gateway/v4/search/tights?f=Brand%3ALYRA&rows=50&o=100&plaEnabled=false&xdEnabled=false&isFacet=true&p=3 | run_id=run_20260928_232050_380299_7a0258 | brand=Lyra | page=3 | route=https://www.myntra.com/tights?f=Brand%3ALYRA | seen=100 | expected=1095
2026-09-28 23:26:09 | INFO    | PDP       | Processed 50 target products for Lyra in 2s (1316.87 products/min). | run_id=run_20260928_232050_380299_7a0258 | brand=Lyra | saved=50 | elapsed_label=2s | products_per_minute=1316.87
2026-09-28 23:26:10 | INFO    | LISTING   | Listing Lyra route https://www.myntra.com/tights?f=Brand%3ALYRA page 4 -> https://www.myntra.com/gateway/v4/search/tights?f=Brand%3ALYRA&rows=50&o=150&plaEnabled=false&xdEnabled=false&isFacet=true&p=4 | run_id=run_20260928_232050_380299_7a0258 | brand=Lyra | page=4 | route=https://www.myntra.com/tights?f=Brand%3ALYRA | seen=150 | expected=1095
2026-09-28 23:26:13 | INFO    | PDP       | Processed 50 target products for Lyra in 3s (1174.85 products/min). | run_id=run_20260928_232050_380299_7a0258 | brand=Lyra | saved=50 | elapsed_label=3s | products_per_minute=1174.85
2026-09-28 23:26:13 | INFO    | LISTING   | Listing Lyra route https://www.myntra.com/tights?f=Brand%3ALYRA page 5 -> https://www.myntra.com/gateway/v4/search/tights?f=Brand%3ALYRA&rows=50&o=200&plaEnabled=false&xdEnabled=false&isFacet=true&p=5 | run_id=run_20260928_232050_380299_7a0258 | brand=Lyra | page=5 | route=https://www.myntra.com/tights?f=Brand%3ALYRA | seen=200 | expected=1095
2026-09-28 23:26:17 | INFO    | PDP       | Processed 50 target products for Lyra in 3s (1082.35 products/min). | run_id=run_20260928_232050_380299_7a0258 | brand=Lyra | saved=50 | elapsed_label=3s | products_per_minute=1082.35
2026-09-28 23:26:17 | INFO    | LISTING   | Listing Lyra route https://www.myntra.com/tights?f=Brand%3ALYRA page 6 -> https://www.myntra.com/gateway/v4/search/tights?f=Brand%3ALYRA&rows=50&o=250&plaEnabled=false&xdEnabled=false&isFacet=true&p=6 | run_id=run_20260928_232050_380299_7a0258 | brand=Lyra | page=6 | route=https://www.myntra.com/tights?f=Brand%3ALYRA | seen=250 | expected=1095
2026-09-28 23:26:20 | INFO    | PDP       | Processed 50 target products for Lyra in 3s (1032.8 products/min). | run_id=run_20260928_232050_380299_7a0258 | brand=Lyra | saved=50 | elapsed_label=3s | products_per_minute=1032.8
2026-09-28 23:26:21 | INFO    | LISTING   | Listing Lyra route https://www.myntra.com/tights?f=Brand%3ALYRA page 7 -> https://www.myntra.com/gateway/v4/search/tights?f=Brand%3ALYRA&rows=50&o=300&plaEnabled=false&xdEnabled=false&isFacet=true&p=7 | run_id=run_20260928_232050_380299_7a0258 | brand=Lyra | page=7 | route=https://www.myntra.com/tights?f=Brand%3ALYRA | seen=300 | expected=1095
2026-09-28 23:26:24 | INFO    | PDP       | Processed 50 target products for Lyra in 3s (956.78 products/min). | run_id=run_20260928_232050_380299_7a0258 | brand=Lyra | saved=50 | elapsed_label=3s | products_per_minute=956.78
2026-09-28 23:26:25 | INFO    | LISTING   | Listing Lyra route https://www.myntra.com/tights?f=Brand%3ALYRA page 8 -> https://www.myntra.com/gateway/v4/search/tights?f=Brand%3ALYRA&rows=50&o=350&plaEnabled=false&xdEnabled=false&isFacet=true&p=8 | run_id=run_20260928_232050_380299_7a0258 | brand=Lyra | page=8 | route=https://www.myntra.com/tights?f=Brand%3ALYRA | seen=350 | expected=1095
2026-09-28 23:26:28 | INFO    | PDP       | Processed 50 target products for Lyra in 3s (1057.25 products/min). | run_id=run_20260928_232050_380299_7a0258 | brand=Lyra | saved=50 | elapsed_label=3s | products_per_minute=1057.25
2026-09-28 23:26:28 | INFO    | LISTING   | Listing Lyra route https://www.myntra.com/tights?f=Brand%3ALYRA page 9 -> https://www.myntra.com/gateway/v4/search/tights?f=Brand%3ALYRA&rows=50&o=400&plaEnabled=false&xdEnabled=false&isFacet=true&p=9 | run_id=run_20260928_232050_380299_7a0258 | brand=Lyra | page=9 | route=https://www.myntra.com/tights?f=Brand%3ALYRA | seen=400 | expected=1095
2026-09-28 23:26:31 | INFO    | PDP       | Processed 50 target products for Lyra in 3s (1123.19 products/min). | run_id=run_20260928_232050_380299_7a0258 | brand=Lyra | saved=50 | elapsed_label=3s | products_per_minute=1123.19
2026-09-28 23:26:32 | INFO    | LISTING   | Listing Lyra route https://www.myntra.com/tights?f=Brand%3ALYRA page 10 -> https://www.myntra.com/gateway/v4/search/tights?f=Brand%3ALYRA&rows=50&o=450&plaEnabled=false&xdEnabled=false&isFacet=true&p=10 | run_id=run_20260928_232050_380299_7a0258 | brand=Lyra | page=10 | route=https://www.myntra.com/tights?f=Brand%3ALYRA | seen=450 | expected=1095
2026-09-28 23:26:35 | INFO    | PDP       | Processed 50 target products for Lyra in 3s (1095.25 products/min). | run_id=run_20260928_232050_380299_7a0258 | brand=Lyra | saved=50 | elapsed_label=3s | products_per_minute=1095.25
2026-09-28 23:26:35 | INFO    | LISTING   | Listing Lyra route https://www.myntra.com/tights?f=Brand%3ALYRA page 11 -> https://www.myntra.com/gateway/v4/search/tights?f=Brand%3ALYRA&rows=50&o=500&plaEnabled=false&xdEnabled=false&isFacet=true&p=11 | run_id=run_20260928_232050_380299_7a0258 | brand=Lyra | page=11 | route=https://www.myntra.com/tights?f=Brand%3ALYRA | seen=500 | expected=1095
2026-09-28 23:26:39 | INFO    | PDP       | Processed 50 target products for Lyra in 3s (1007.31 products/min). | run_id=run_20260928_232050_380299_7a0258 | brand=Lyra | saved=50 | elapsed_label=3s | products_per_minute=1007.31
2026-09-28 23:26:39 | INFO    | LISTING   | Listing Lyra route https://www.myntra.com/tights?f=Brand%3ALYRA page 12 -> https://www.myntra.com/gateway/v4/search/tights?f=Brand%3ALYRA&rows=50&o=550&plaEnabled=false&xdEnabled=false&isFacet=true&p=12 | run_id=run_20260928_232050_380299_7a0258 | brand=Lyra | page=12 | route=https://www.myntra.com/tights?f=Brand%3ALYRA | seen=550 | expected=1095
2026-09-28 23:26:43 | INFO    | PDP       | Processed 50 target products for Lyra in 3s (976.11 products/min). | run_id=run_20260928_232050_380299_7a0258 | brand=Lyra | saved=50 | elapsed_label=3s | products_per_minute=976.11
2026-09-28 23:26:43 | INFO    | LISTING   | Listing Lyra route https://www.myntra.com/tights?f=Brand%3ALYRA page 13 -> https://www.myntra.com/gateway/v4/search/tights?f=Brand%3ALYRA&rows=50&o=600&plaEnabled=false&xdEnabled=false&isFacet=true&p=13 | run_id=run_20260928_232050_380299_7a0258 | brand=Lyra | page=13 | route=https://www.myntra.com/tights?f=Brand%3ALYRA | seen=600 | expected=1095
2026-09-28 23:26:46 | INFO    | PDP       | Processed 50 target products for Lyra in 3s (1120.43 products/min). | run_id=run_20260928_232050_380299_7a0258 | brand=Lyra | saved=50 | elapsed_label=3s | products_per_minute=1120.43
2026-09-28 23:26:47 | INFO    | LISTING   | Listing Lyra route https://www.myntra.com/tights?f=Brand%3ALYRA page 14 -> https://www.myntra.com/gateway/v4/search/tights?f=Brand%3ALYRA&rows=50&o=650&plaEnabled=false&xdEnabled=false&isFacet=true&p=14 | run_id=run_20260928_232050_380299_7a0258 | brand=Lyra | page=14 | route=https://www.myntra.com/tights?f=Brand%3ALYRA | seen=650 | expected=1095
2026-09-28 23:26:50 | INFO    | PDP       | Processed 50 target products for Lyra in 3s (1088.13 products/min). | run_id=run_20260928_232050_380299_7a0258 | brand=Lyra | saved=50 | elapsed_label=3s | products_per_minute=1088.13
2026-09-28 23:26:50 | INFO    | LISTING   | Listing Lyra route https://www.myntra.com/tights?f=Brand%3ALYRA page 15 -> https://www.myntra.com/gateway/v4/search/tights?f=Brand%3ALYRA&rows=50&o=700&plaEnabled=false&xdEnabled=false&isFacet=true&p=15 | run_id=run_20260928_232050_380299_7a0258 | brand=Lyra | page=15 | route=https://www.myntra.com/tights?f=Brand%3ALYRA | seen=700 | expected=1095
2026-09-28 23:26:53 | INFO    | PDP       | Processed 50 target products for Lyra in 3s (1121.22 products/min). | run_id=run_20260928_232050_380299_7a0258 | brand=Lyra | saved=50 | elapsed_label=3s | products_per_minute=1121.22
2026-09-28 23:26:54 | INFO    | LISTING   | Listing Lyra route https://www.myntra.com/tights?f=Brand%3ALYRA page 16 -> https://www.myntra.com/gateway/v4/search/tights?f=Brand%3ALYRA&rows=50&o=750&plaEnabled=false&xdEnabled=false&isFacet=true&p=16 | run_id=run_20260928_232050_380299_7a0258 | brand=Lyra | page=16 | route=https://www.myntra.com/tights?f=Brand%3ALYRA | seen=750 | expected=1095
2026-09-28 23:26:57 | INFO    | PDP       | Processed 50 target products for Lyra in 3s (1004.19 products/min). | run_id=run_20260928_232050_380299_7a0258 | brand=Lyra | saved=50 | elapsed_label=3s | products_per_minute=1004.19
2026-09-28 23:26:57 | INFO    | LISTING   | Listing Lyra route https://www.myntra.com/tights?f=Brand%3ALYRA page 17 -> https://www.myntra.com/gateway/v4/search/tights?f=Brand%3ALYRA&rows=50&o=800&plaEnabled=false&xdEnabled=false&isFacet=true&p=17 | run_id=run_20260928_232050_380299_7a0258 | brand=Lyra | page=17 | route=https://www.myntra.com/tights?f=Brand%3ALYRA | seen=800 | expected=1095
2026-09-28 23:27:01 | INFO    | PDP       | Processed 50 target products for Lyra in 3s (1161.95 products/min). | run_id=run_20260928_232050_380299_7a0258 | brand=Lyra | saved=50 | elapsed_label=3s | products_per_minute=1161.95
2026-09-28 23:27:01 | INFO    | LISTING   | Listing Lyra route https://www.myntra.com/tights?f=Brand%3ALYRA page 18 -> https://www.myntra.com/gateway/v4/search/tights?f=Brand%3ALYRA&rows=50&o=850&plaEnabled=false&xdEnabled=false&isFacet=true&p=18 | run_id=run_20260928_232050_380299_7a0258 | brand=Lyra | page=18 | route=https://www.myntra.com/tights?f=Brand%3ALYRA | seen=850 | expected=1095
2026-09-28 23:27:04 | INFO    | PDP       | Processed 50 target products for Lyra in 3s (1008.24 products/min). | run_id=run_20260928_232050_380299_7a0258 | brand=Lyra | saved=50 | elapsed_label=3s | products_per_minute=1008.24
2026-09-28 23:27:05 | INFO    | LISTING   | Listing Lyra route https://www.myntra.com/tights?f=Brand%3ALYRA page 19 -> https://www.myntra.com/gateway/v4/search/tights?f=Brand%3ALYRA&rows=50&o=900&plaEnabled=false&xdEnabled=false&isFacet=true&p=19 | run_id=run_20260928_232050_380299_7a0258 | brand=Lyra | page=19 | route=https://www.myntra.com/tights?f=Brand%3ALYRA | seen=900 | expected=1095
2026-09-28 23:27:08 | INFO    | PDP       | Processed 50 target products for Lyra in 3s (1011.33 products/min). | run_id=run_20260928_232050_380299_7a0258 | brand=Lyra | saved=50 | elapsed_label=3s | products_per_minute=1011.33
2026-09-28 23:27:08 | INFO    | LISTING   | Listing Lyra route https://www.myntra.com/tights?f=Brand%3ALYRA page 20 -> https://www.myntra.com/gateway/v4/search/tights?f=Brand%3ALYRA&rows=50&o=950&plaEnabled=false&xdEnabled=false&isFacet=true&p=20 | run_id=run_20260928_232050_380299_7a0258 | brand=Lyra | page=20 | route=https://www.myntra.com/tights?f=Brand%3ALYRA | seen=950 | expected=1095
2026-09-28 23:27:12 | INFO    | PDP       | Processed 50 target products for Lyra in 3s (907.54 products/min). | run_id=run_20260928_232050_380299_7a0258 | brand=Lyra | saved=50 | elapsed_label=3s | products_per_minute=907.54
2026-09-28 23:27:13 | INFO    | LISTING   | Listing Lyra route https://www.myntra.com/tights?f=Brand%3ALYRA page 21 -> https://www.myntra.com/gateway/v4/search/tights?f=Brand%3ALYRA&rows=50&o=1000&plaEnabled=false&xdEnabled=false&isFacet=true&p=21 | run_id=run_20260928_232050_380299_7a0258 | brand=Lyra | page=21 | route=https://www.myntra.com/tights?f=Brand%3ALYRA | seen=1000 | expected=1095
2026-09-28 23:27:16 | INFO    | PDP       | Processed 50 target products for Lyra in 3s (1022.23 products/min). | run_id=run_20260928_232050_380299_7a0258 | brand=Lyra | saved=50 | elapsed_label=3s | products_per_minute=1022.23
2026-09-28 23:27:16 | INFO    | LISTING   | Listing Lyra route https://www.myntra.com/tights?f=Brand%3ALYRA page 22 -> https://www.myntra.com/gateway/v4/search/tights?f=Brand%3ALYRA&rows=50&o=1050&plaEnabled=false&xdEnabled=false&isFacet=true&p=22 | run_id=run_20260928_232050_380299_7a0258 | brand=Lyra | page=22 | route=https://www.myntra.com/tights?f=Brand%3ALYRA | seen=1050 | expected=1095
2026-09-28 23:27:19 | INFO    | PDP       | Processed 45 target products for Lyra in 2s (1162.35 products/min). | run_id=run_20260928_232050_380299_7a0258 | brand=Lyra | saved=45 | elapsed_label=2s | products_per_minute=1162.35
2026-09-28 23:27:19 | INFO    | LISTING   | Listing Lyra route https://www.myntra.com/tights?f=Brand%3ALYRA page 23 -> https://www.myntra.com/gateway/v4/search/tights?f=Brand%3ALYRA&rows=50&o=1100&plaEnabled=false&xdEnabled=false&isFacet=true&p=23 | run_id=run_20260928_232050_380299_7a0258 | brand=Lyra | page=23 | route=https://www.myntra.com/tights?f=Brand%3ALYRA | seen=1095 | expected=1095
2026-09-28 23:27:20 | WARNING | LISTING   | Empty listing page for Lyra on page 23 before expected end; continuing. | run_id=run_20260928_232050_380299_7a0258 | brand=Lyra | page=23 | route=https://www.myntra.com/tights?f=Brand%3ALYRA
2026-09-28 23:27:20 | INFO    | LISTING   | Listing Lyra route https://www.myntra.com/tights?f=Brand%3ALYRA page 24 -> https://www.myntra.com/gateway/v4/search/tights?f=Brand%3ALYRA&rows=50&o=1150&plaEnabled=false&xdEnabled=false&isFacet=true&p=24 | run_id=run_20260928_232050_380299_7a0258 | brand=Lyra | page=24 | route=https://www.myntra.com/tights?f=Brand%3ALYRA | seen=1095 | expected=1095
2026-09-28 23:27:20 | WARNING | NETWORK   | JSON request failed for https://www.myntra.com/gateway/v4/search/tights?f=Brand%3ALYRA&rows=50&o=1150&plaEnabled=false&xdEnabled=false&isFacet=true&p=24 on attempt 1/3: HTTP Error 400:  | run_id=run_20260928_232050_380299_7a0258 | route=https://www.myntra.com/gateway/v4/search/tights?f=Brand%3ALYRA&rows=50&o=1150&plaEnabled=false&xdEnabled=false&isFacet=true&p=24 | attempt=1/3
2026-09-28 23:27:22 | WARNING | NETWORK   | JSON request failed for https://www.myntra.com/gateway/v4/search/tights?f=Brand%3ALYRA&rows=50&o=1150&plaEnabled=false&xdEnabled=false&isFacet=true&p=24 on attempt 2/3: HTTP Error 400:  | run_id=run_20260928_232050_380299_7a0258 | route=https://www.myntra.com/gateway/v4/search/tights?f=Brand%3ALYRA&rows=50&o=1150&plaEnabled=false&xdEnabled=false&isFacet=true&p=24 | attempt=2/3
2026-09-28 23:27:25 | WARNING | NETWORK   | JSON request failed for https://www.myntra.com/gateway/v4/search/tights?f=Brand%3ALYRA&rows=50&o=1150&plaEnabled=false&xdEnabled=false&isFacet=true&p=24 on attempt 3/3: HTTP Error 400:  | run_id=run_20260928_232050_380299_7a0258 | route=https://www.myntra.com/gateway/v4/search/tights?f=Brand%3ALYRA&rows=50&o=1150&plaEnabled=false&xdEnabled=false&isFacet=true&p=24 | attempt=3/3
2026-09-28 23:27:25 | WARNING | NETWORK   | JSON request failed for https://www.myntra.com/gateway/v4/search/tights?f=Brand%3ALYRA&rows=50&o=1149&plaEnabled=false&xdEnabled=false&isFacet=true&p=24 on attempt 1/3: HTTP Error 400:  | run_id=run_20260928_232050_380299_7a0258 | route=https://www.myntra.com/gateway/v4/search/tights?f=Brand%3ALYRA&rows=50&o=1149&plaEnabled=false&xdEnabled=false&isFacet=true&p=24 | attempt=1/3
2026-09-28 23:27:27 | WARNING | NETWORK   | JSON request failed for https://www.myntra.com/gateway/v4/search/tights?f=Brand%3ALYRA&rows=50&o=1149&plaEnabled=false&xdEnabled=false&isFacet=true&p=24 on attempt 2/3: HTTP Error 400:  | run_id=run_20260928_232050_380299_7a0258 | route=https://www.myntra.com/gateway/v4/search/tights?f=Brand%3ALYRA&rows=50&o=1149&plaEnabled=false&xdEnabled=false&isFacet=true&p=24 | attempt=2/3
2026-09-28 23:27:30 | WARNING | NETWORK   | JSON request failed for https://www.myntra.com/gateway/v4/search/tights?f=Brand%3ALYRA&rows=50&o=1149&plaEnabled=false&xdEnabled=false&isFacet=true&p=24 on attempt 3/3: HTTP Error 400:  | run_id=run_20260928_232050_380299_7a0258 | route=https://www.myntra.com/gateway/v4/search/tights?f=Brand%3ALYRA&rows=50&o=1149&plaEnabled=false&xdEnabled=false&isFacet=true&p=24 | attempt=3/3
2026-09-28 23:27:30 | WARNING | LISTING   | Route fetch failed for https://www.myntra.com/tights?f=Brand%3ALYRA page 24 (Failed to fetch JSON payload from https://www.myntra.com/gateway/v4/search/tights?f=Brand%3ALYRA&rows=50&o=1149&plaEnabled=false&xdEnabled=false&isFacet=true&p=24: HTTP Error 400: ). Will retry with another pass or fallback route. | run_id=run_20260928_232050_380299_7a0258 | brand=Lyra | page=24 | route=https://www.myntra.com/tights?f=Brand%3ALYRA
2026-09-28 23:27:30 | INFO    | BRAND     | Skipping redundant route https://www.myntra.com/briefs?f=Brand%3ALYRA for Lyra (100% of first page already captured). | run_id=run_20260928_232050_380299_7a0258 | brand=Lyra | route=https://www.myntra.com/briefs?f=Brand%3ALYRA
2026-09-28 23:27:30 | INFO    | BRAND     | Skipping redundant route https://www.myntra.com/panties?f=Brand%3ALYRA for Lyra (100% of first page already captured). | run_id=run_20260928_232050_380299_7a0258 | brand=Lyra | route=https://www.myntra.com/panties?f=Brand%3ALYRA
2026-09-28 23:27:30 | INFO    | BRAND     | Skipping redundant route https://www.myntra.com/shapewear?f=Brand%3ALYRA for Lyra (100% of first page already captured). | run_id=run_20260928_232050_380299_7a0258 | brand=Lyra | route=https://www.myntra.com/shapewear?f=Brand%3ALYRA
2026-09-28 23:27:30 | INFO    | BRAND     | Skipping redundant route https://www.myntra.com/camisoles?f=Brand%3ALYRA for Lyra (97% of first page already captured). | run_id=run_20260928_232050_380299_7a0258 | brand=Lyra | route=https://www.myntra.com/camisoles?f=Brand%3ALYRA
2026-09-28 23:27:30 | INFO    | BRAND     | Skipping redundant route https://www.myntra.com/slips?f=Brand%3ALYRA for Lyra (97% of first page already captured). | run_id=run_20260928_232050_380299_7a0258 | brand=Lyra | route=https://www.myntra.com/slips?f=Brand%3ALYRA
2026-09-28 23:27:30 | INFO    | BRAND     | Skipping redundant route https://www.myntra.com/myntra?f=Brand%3ALYRA for Lyra (100% of first page already captured). | run_id=run_20260928_232050_380299_7a0258 | brand=Lyra | route=https://www.myntra.com/myntra?f=Brand%3ALYRA
2026-09-28 23:27:30 | WARNING | BRAND     | Brand Lyra finished below expected count: saw 2445 unique shirts products vs expected 2955. | run_id=run_20260928_232050_380299_7a0258 | brand=Lyra | seen=2445 | expected=2955
2026-09-28 23:27:30 | INFO    | BRAND     | Brand scrape completed in 3m 32s (691.04 products/min). | run_id=run_20260928_232050_380299_7a0258 | brand=Lyra | status=COMPLETED | saved=2445 | seen=2445 | expected=2955 | elapsed_label=3m 32s | products_per_minute=691.04
2026-09-28 23:27:30 | WARNING | AUDIT     | Audit pass 1 found 2 incomplete brands; retrying them: Missy, Lyra | run_id=run_20260928_232050_380299_7a0258 | attempt=1
2026-09-28 23:27:30 | INFO    | BRAND     | Resolving brand routes. | run_id=run_20260928_232050_380299_7a0258 | brand=Missy
2026-09-28 23:27:39 | INFO    | BRAND     | Resolved Missy -> 10 routes (best brand total=2175): https://www.myntra.com/bra?f=Brand%3ADollar%20Missy, https://www.myntra.com/innerwear?f=Brand%3ADollar%20Missy, https://www.myntra.com/tights?f=Brand%3ADollar%20Missy, https://www.myntra.com/camisoles?f=Brand%3ADollar%20Missy, https://www.myntra.com/slips?f=Brand%3ADollar%20Missy, https://www.myntra.com/panties?f=Brand%3ADollar%20Missy, https://www.myntra.com/briefs?f=Brand%3ADollar%20Missy, https://www.myntra.com/myntra?f=Brand%3ADollar%20Missy, https://www.myntra.com/shapewear?f=Brand%3ADollar%20Missy, https://www.myntra.com/myntra?f=Brand%3AMISSY | run_id=run_20260928_232050_380299_7a0258 | brand=Missy | expected=2175
2026-09-28 23:27:39 | INFO    | BRAND     | Starting brand scrape. | run_id=run_20260928_232050_380299_7a0258 | brand=Missy | expected=2420
2026-09-28 23:27:39 | INFO    | LISTING   | Listing Missy route https://www.myntra.com/bra?f=Brand%3ADollar%20Missy page 1 -> https://www.myntra.com/gateway/v4/search/bra?f=Brand%3ADollar+Missy&rows=50&o=0&plaEnabled=false&xdEnabled=false&isFacet=true&p=1 | run_id=run_20260928_232050_380299_7a0258 | brand=Missy | page=1 | route=https://www.myntra.com/bra?f=Brand%3ADollar%20Missy | seen=0 | expected=490
2026-09-28 23:27:41 | INFO    | LISTING   | Listing Missy route https://www.myntra.com/bra?f=Brand%3ADollar%20Missy page 2 -> https://www.myntra.com/gateway/v4/search/bra?f=Brand%3ADollar+Missy&rows=50&o=50&plaEnabled=false&xdEnabled=false&isFacet=true&p=2 | run_id=run_20260928_232050_380299_7a0258 | brand=Missy | page=2 | route=https://www.myntra.com/bra?f=Brand%3ADollar%20Missy | seen=50 | expected=490
2026-09-28 23:27:42 | INFO    | LISTING   | Listing Missy route https://www.myntra.com/bra?f=Brand%3ADollar%20Missy page 3 -> https://www.myntra.com/gateway/v4/search/bra?f=Brand%3ADollar+Missy&rows=50&o=100&plaEnabled=false&xdEnabled=false&isFacet=true&p=3 | run_id=run_20260928_232050_380299_7a0258 | brand=Missy | page=3 | route=https://www.myntra.com/bra?f=Brand%3ADollar%20Missy | seen=100 | expected=490
2026-09-28 23:27:42 | INFO    | LISTING   | Listing Missy route https://www.myntra.com/bra?f=Brand%3ADollar%20Missy page 4 -> https://www.myntra.com/gateway/v4/search/bra?f=Brand%3ADollar+Missy&rows=50&o=150&plaEnabled=false&xdEnabled=false&isFacet=true&p=4 | run_id=run_20260928_232050_380299_7a0258 | brand=Missy | page=4 | route=https://www.myntra.com/bra?f=Brand%3ADollar%20Missy | seen=150 | expected=490
2026-09-28 23:27:43 | INFO    | LISTING   | Listing Missy route https://www.myntra.com/bra?f=Brand%3ADollar%20Missy page 5 -> https://www.myntra.com/gateway/v4/search/bra?f=Brand%3ADollar+Missy&rows=50&o=200&plaEnabled=false&xdEnabled=false&isFacet=true&p=5 | run_id=run_20260928_232050_380299_7a0258 | brand=Missy | page=5 | route=https://www.myntra.com/bra?f=Brand%3ADollar%20Missy | seen=200 | expected=490
2026-09-28 23:27:43 | INFO    | LISTING   | Listing Missy route https://www.myntra.com/bra?f=Brand%3ADollar%20Missy page 6 -> https://www.myntra.com/gateway/v4/search/bra?f=Brand%3ADollar+Missy&rows=50&o=250&plaEnabled=false&xdEnabled=false&isFacet=true&p=6 | run_id=run_20260928_232050_380299_7a0258 | brand=Missy | page=6 | route=https://www.myntra.com/bra?f=Brand%3ADollar%20Missy | seen=250 | expected=490
2026-09-28 23:27:44 | INFO    | LISTING   | Listing Missy route https://www.myntra.com/bra?f=Brand%3ADollar%20Missy page 7 -> https://www.myntra.com/gateway/v4/search/bra?f=Brand%3ADollar+Missy&rows=50&o=300&plaEnabled=false&xdEnabled=false&isFacet=true&p=7 | run_id=run_20260928_232050_380299_7a0258 | brand=Missy | page=7 | route=https://www.myntra.com/bra?f=Brand%3ADollar%20Missy | seen=300 | expected=490
2026-09-28 23:27:45 | INFO    | LISTING   | Listing Missy route https://www.myntra.com/bra?f=Brand%3ADollar%20Missy page 8 -> https://www.myntra.com/gateway/v4/search/bra?f=Brand%3ADollar+Missy&rows=50&o=350&plaEnabled=false&xdEnabled=false&isFacet=true&p=8 | run_id=run_20260928_232050_380299_7a0258 | brand=Missy | page=8 | route=https://www.myntra.com/bra?f=Brand%3ADollar%20Missy | seen=350 | expected=490
2026-09-28 23:27:45 | INFO    | LISTING   | Listing Missy route https://www.myntra.com/bra?f=Brand%3ADollar%20Missy page 9 -> https://www.myntra.com/gateway/v4/search/bra?f=Brand%3ADollar+Missy&rows=50&o=400&plaEnabled=false&xdEnabled=false&isFacet=true&p=9 | run_id=run_20260928_232050_380299_7a0258 | brand=Missy | page=9 | route=https://www.myntra.com/bra?f=Brand%3ADollar%20Missy | seen=400 | expected=490
2026-09-28 23:27:46 | INFO    | LISTING   | Listing Missy route https://www.myntra.com/bra?f=Brand%3ADollar%20Missy page 10 -> https://www.myntra.com/gateway/v4/search/bra?f=Brand%3ADollar+Missy&rows=50&o=450&plaEnabled=false&xdEnabled=false&isFacet=true&p=10 | run_id=run_20260928_232050_380299_7a0258 | brand=Missy | page=10 | route=https://www.myntra.com/bra?f=Brand%3ADollar%20Missy | seen=450 | expected=490
2026-09-28 23:27:47 | INFO    | LISTING   | Listing Missy route https://www.myntra.com/bra?f=Brand%3ADollar%20Missy page 11 -> https://www.myntra.com/gateway/v4/search/bra?f=Brand%3ADollar+Missy&rows=50&o=500&plaEnabled=false&xdEnabled=false&isFacet=true&p=11 | run_id=run_20260928_232050_380299_7a0258 | brand=Missy | page=11 | route=https://www.myntra.com/bra?f=Brand%3ADollar%20Missy | seen=490 | expected=490
2026-09-28 23:27:47 | WARNING | LISTING   | Empty listing page for Missy on page 11 before expected end; continuing. | run_id=run_20260928_232050_380299_7a0258 | brand=Missy | page=11 | route=https://www.myntra.com/bra?f=Brand%3ADollar%20Missy
2026-09-28 23:27:47 | INFO    | LISTING   | Listing Missy route https://www.myntra.com/bra?f=Brand%3ADollar%20Missy page 12 -> https://www.myntra.com/gateway/v4/search/bra?f=Brand%3ADollar+Missy&rows=50&o=550&plaEnabled=false&xdEnabled=false&isFacet=true&p=12 | run_id=run_20260928_232050_380299_7a0258 | brand=Missy | page=12 | route=https://www.myntra.com/bra?f=Brand%3ADollar%20Missy | seen=490 | expected=490
2026-09-28 23:27:48 | WARNING | NETWORK   | JSON request failed for https://www.myntra.com/gateway/v4/search/bra?f=Brand%3ADollar+Missy&rows=50&o=550&plaEnabled=false&xdEnabled=false&isFacet=true&p=12 on attempt 1/3: HTTP Error 400:  | run_id=run_20260928_232050_380299_7a0258 | route=https://www.myntra.com/gateway/v4/search/bra?f=Brand%3ADollar+Missy&rows=50&o=550&plaEnabled=false&xdEnabled=false&isFacet=true&p=12 | attempt=1/3
2026-09-28 23:27:49 | WARNING | NETWORK   | JSON request failed for https://www.myntra.com/gateway/v4/search/bra?f=Brand%3ADollar+Missy&rows=50&o=550&plaEnabled=false&xdEnabled=false&isFacet=true&p=12 on attempt 2/3: HTTP Error 400:  | run_id=run_20260928_232050_380299_7a0258 | route=https://www.myntra.com/gateway/v4/search/bra?f=Brand%3ADollar+Missy&rows=50&o=550&plaEnabled=false&xdEnabled=false&isFacet=true&p=12 | attempt=2/3
2026-09-28 23:27:52 | WARNING | NETWORK   | JSON request failed for https://www.myntra.com/gateway/v4/search/bra?f=Brand%3ADollar+Missy&rows=50&o=550&plaEnabled=false&xdEnabled=false&isFacet=true&p=12 on attempt 3/3: HTTP Error 400:  | run_id=run_20260928_232050_380299_7a0258 | route=https://www.myntra.com/gateway/v4/search/bra?f=Brand%3ADollar+Missy&rows=50&o=550&plaEnabled=false&xdEnabled=false&isFacet=true&p=12 | attempt=3/3
2026-09-28 23:27:52 | WARNING | NETWORK   | JSON request failed for https://www.myntra.com/gateway/v4/search/bra?f=Brand%3ADollar+Missy&rows=50&o=549&plaEnabled=false&xdEnabled=false&isFacet=true&p=12 on attempt 1/3: HTTP Error 400:  | run_id=run_20260928_232050_380299_7a0258 | route=https://www.myntra.com/gateway/v4/search/bra?f=Brand%3ADollar+Missy&rows=50&o=549&plaEnabled=false&xdEnabled=false&isFacet=true&p=12 | attempt=1/3
2026-09-28 23:27:54 | WARNING | NETWORK   | JSON request failed for https://www.myntra.com/gateway/v4/search/bra?f=Brand%3ADollar+Missy&rows=50&o=549&plaEnabled=false&xdEnabled=false&isFacet=true&p=12 on attempt 2/3: HTTP Error 400:  | run_id=run_20260928_232050_380299_7a0258 | route=https://www.myntra.com/gateway/v4/search/bra?f=Brand%3ADollar+Missy&rows=50&o=549&plaEnabled=false&xdEnabled=false&isFacet=true&p=12 | attempt=2/3
2026-09-28 23:27:57 | WARNING | NETWORK   | JSON request failed for https://www.myntra.com/gateway/v4/search/bra?f=Brand%3ADollar+Missy&rows=50&o=549&plaEnabled=false&xdEnabled=false&isFacet=true&p=12 on attempt 3/3: HTTP Error 400:  | run_id=run_20260928_232050_380299_7a0258 | route=https://www.myntra.com/gateway/v4/search/bra?f=Brand%3ADollar+Missy&rows=50&o=549&plaEnabled=false&xdEnabled=false&isFacet=true&p=12 | attempt=3/3
2026-09-28 23:27:57 | WARNING | LISTING   | Route fetch failed for https://www.myntra.com/bra?f=Brand%3ADollar%20Missy page 12 (Failed to fetch JSON payload from https://www.myntra.com/gateway/v4/search/bra?f=Brand%3ADollar+Missy&rows=50&o=549&plaEnabled=false&xdEnabled=false&isFacet=true&p=12: HTTP Error 400: ). Will retry with another pass or fallback route. | run_id=run_20260928_232050_380299_7a0258 | brand=Missy | page=12 | route=https://www.myntra.com/bra?f=Brand%3ADollar%20Missy
2026-09-28 23:27:57 | INFO    | LISTING   | Listing Missy route https://www.myntra.com/innerwear?f=Brand%3ADollar%20Missy page 1 -> https://www.myntra.com/gateway/v4/search/innerwear?f=Brand%3ADollar+Missy&rows=50&o=0&plaEnabled=false&xdEnabled=false&isFacet=true&p=1 | run_id=run_20260928_232050_380299_7a0258 | brand=Missy | page=1 | route=https://www.myntra.com/innerwear?f=Brand%3ADollar%20Missy | seen=0 | expected=984
2026-09-28 23:27:58 | INFO    | LISTING   | Listing Missy route https://www.myntra.com/innerwear?f=Brand%3ADollar%20Missy page 2 -> https://www.myntra.com/gateway/v4/search/innerwear?f=Brand%3ADollar+Missy&rows=50&o=50&plaEnabled=false&xdEnabled=false&isFacet=true&p=2 | run_id=run_20260928_232050_380299_7a0258 | brand=Missy | page=2 | route=https://www.myntra.com/innerwear?f=Brand%3ADollar%20Missy | seen=50 | expected=984
2026-09-28 23:27:59 | INFO    | LISTING   | Listing Missy route https://www.myntra.com/innerwear?f=Brand%3ADollar%20Missy page 3 -> https://www.myntra.com/gateway/v4/search/innerwear?f=Brand%3ADollar+Missy&rows=50&o=100&plaEnabled=false&xdEnabled=false&isFacet=true&p=3 | run_id=run_20260928_232050_380299_7a0258 | brand=Missy | page=3 | route=https://www.myntra.com/innerwear?f=Brand%3ADollar%20Missy | seen=100 | expected=984
2026-09-28 23:28:00 | INFO    | LISTING   | Listing Missy route https://www.myntra.com/innerwear?f=Brand%3ADollar%20Missy page 4 -> https://www.myntra.com/gateway/v4/search/innerwear?f=Brand%3ADollar+Missy&rows=50&o=150&plaEnabled=false&xdEnabled=false&isFacet=true&p=4 | run_id=run_20260928_232050_380299_7a0258 | brand=Missy | page=4 | route=https://www.myntra.com/innerwear?f=Brand%3ADollar%20Missy | seen=150 | expected=984
2026-09-28 23:28:00 | INFO    | LISTING   | Listing Missy route https://www.myntra.com/innerwear?f=Brand%3ADollar%20Missy page 5 -> https://www.myntra.com/gateway/v4/search/innerwear?f=Brand%3ADollar+Missy&rows=50&o=200&plaEnabled=false&xdEnabled=false&isFacet=true&p=5 | run_id=run_20260928_232050_380299_7a0258 | brand=Missy | page=5 | route=https://www.myntra.com/innerwear?f=Brand%3ADollar%20Missy | seen=200 | expected=984
2026-09-28 23:28:01 | INFO    | LISTING   | Listing Missy route https://www.myntra.com/innerwear?f=Brand%3ADollar%20Missy page 6 -> https://www.myntra.com/gateway/v4/search/innerwear?f=Brand%3ADollar+Missy&rows=50&o=250&plaEnabled=false&xdEnabled=false&isFacet=true&p=6 | run_id=run_20260928_232050_380299_7a0258 | brand=Missy | page=6 | route=https://www.myntra.com/innerwear?f=Brand%3ADollar%20Missy | seen=250 | expected=984
2026-09-28 23:28:02 | INFO    | LISTING   | Listing Missy route https://www.myntra.com/innerwear?f=Brand%3ADollar%20Missy page 7 -> https://www.myntra.com/gateway/v4/search/innerwear?f=Brand%3ADollar+Missy&rows=50&o=300&plaEnabled=false&xdEnabled=false&isFacet=true&p=7 | run_id=run_20260928_232050_380299_7a0258 | brand=Missy | page=7 | route=https://www.myntra.com/innerwear?f=Brand%3ADollar%20Missy | seen=300 | expected=984
2026-09-28 23:28:02 | INFO    | LISTING   | Listing Missy route https://www.myntra.com/innerwear?f=Brand%3ADollar%20Missy page 8 -> https://www.myntra.com/gateway/v4/search/innerwear?f=Brand%3ADollar+Missy&rows=50&o=350&plaEnabled=false&xdEnabled=false&isFacet=true&p=8 | run_id=run_20260928_232050_380299_7a0258 | brand=Missy | page=8 | route=https://www.myntra.com/innerwear?f=Brand%3ADollar%20Missy | seen=350 | expected=984
2026-09-28 23:28:03 | INFO    | LISTING   | Listing Missy route https://www.myntra.com/innerwear?f=Brand%3ADollar%20Missy page 9 -> https://www.myntra.com/gateway/v4/search/innerwear?f=Brand%3ADollar+Missy&rows=50&o=400&plaEnabled=false&xdEnabled=false&isFacet=true&p=9 | run_id=run_20260928_232050_380299_7a0258 | brand=Missy | page=9 | route=https://www.myntra.com/innerwear?f=Brand%3ADollar%20Missy | seen=400 | expected=984
2026-09-28 23:28:03 | INFO    | LISTING   | Listing Missy route https://www.myntra.com/innerwear?f=Brand%3ADollar%20Missy page 10 -> https://www.myntra.com/gateway/v4/search/innerwear?f=Brand%3ADollar+Missy&rows=50&o=450&plaEnabled=false&xdEnabled=false&isFacet=true&p=10 | run_id=run_20260928_232050_380299_7a0258 | brand=Missy | page=10 | route=https://www.myntra.com/innerwear?f=Brand%3ADollar%20Missy | seen=450 | expected=984
2026-09-28 23:28:04 | INFO    | LISTING   | Listing Missy route https://www.myntra.com/innerwear?f=Brand%3ADollar%20Missy page 11 -> https://www.myntra.com/gateway/v4/search/innerwear?f=Brand%3ADollar+Missy&rows=50&o=500&plaEnabled=false&xdEnabled=false&isFacet=true&p=11 | run_id=run_20260928_232050_380299_7a0258 | brand=Missy | page=11 | route=https://www.myntra.com/innerwear?f=Brand%3ADollar%20Missy | seen=500 | expected=984
2026-09-28 23:28:05 | INFO    | LISTING   | Listing Missy route https://www.myntra.com/innerwear?f=Brand%3ADollar%20Missy page 12 -> https://www.myntra.com/gateway/v4/search/innerwear?f=Brand%3ADollar+Missy&rows=50&o=550&plaEnabled=false&xdEnabled=false&isFacet=true&p=12 | run_id=run_20260928_232050_380299_7a0258 | brand=Missy | page=12 | route=https://www.myntra.com/innerwear?f=Brand%3ADollar%20Missy | seen=550 | expected=984
2026-09-28 23:28:05 | INFO    | LISTING   | Listing Missy route https://www.myntra.com/innerwear?f=Brand%3ADollar%20Missy page 13 -> https://www.myntra.com/gateway/v4/search/innerwear?f=Brand%3ADollar+Missy&rows=50&o=600&plaEnabled=false&xdEnabled=false&isFacet=true&p=13 | run_id=run_20260928_232050_380299_7a0258 | brand=Missy | page=13 | route=https://www.myntra.com/innerwear?f=Brand%3ADollar%20Missy | seen=600 | expected=984
2026-09-28 23:28:06 | INFO    | LISTING   | Listing Missy route https://www.myntra.com/innerwear?f=Brand%3ADollar%20Missy page 14 -> https://www.myntra.com/gateway/v4/search/innerwear?f=Brand%3ADollar+Missy&rows=50&o=650&plaEnabled=false&xdEnabled=false&isFacet=true&p=14 | run_id=run_20260928_232050_380299_7a0258 | brand=Missy | page=14 | route=https://www.myntra.com/innerwear?f=Brand%3ADollar%20Missy | seen=650 | expected=984
2026-09-28 23:28:07 | INFO    | LISTING   | Listing Missy route https://www.myntra.com/innerwear?f=Brand%3ADollar%20Missy page 15 -> https://www.myntra.com/gateway/v4/search/innerwear?f=Brand%3ADollar+Missy&rows=50&o=700&plaEnabled=false&xdEnabled=false&isFacet=true&p=15 | run_id=run_20260928_232050_380299_7a0258 | brand=Missy | page=15 | route=https://www.myntra.com/innerwear?f=Brand%3ADollar%20Missy | seen=700 | expected=984
2026-09-28 23:28:07 | INFO    | LISTING   | Listing Missy route https://www.myntra.com/innerwear?f=Brand%3ADollar%20Missy page 16 -> https://www.myntra.com/gateway/v4/search/innerwear?f=Brand%3ADollar+Missy&rows=50&o=750&plaEnabled=false&xdEnabled=false&isFacet=true&p=16 | run_id=run_20260928_232050_380299_7a0258 | brand=Missy | page=16 | route=https://www.myntra.com/innerwear?f=Brand%3ADollar%20Missy | seen=750 | expected=984
2026-09-28 23:28:08 | INFO    | LISTING   | Listing Missy route https://www.myntra.com/innerwear?f=Brand%3ADollar%20Missy page 17 -> https://www.myntra.com/gateway/v4/search/innerwear?f=Brand%3ADollar+Missy&rows=50&o=800&plaEnabled=false&xdEnabled=false&isFacet=true&p=17 | run_id=run_20260928_232050_380299_7a0258 | brand=Missy | page=17 | route=https://www.myntra.com/innerwear?f=Brand%3ADollar%20Missy | seen=800 | expected=984
2026-09-28 23:28:08 | INFO    | LISTING   | Listing Missy route https://www.myntra.com/innerwear?f=Brand%3ADollar%20Missy page 18 -> https://www.myntra.com/gateway/v4/search/innerwear?f=Brand%3ADollar+Missy&rows=50&o=850&plaEnabled=false&xdEnabled=false&isFacet=true&p=18 | run_id=run_20260928_232050_380299_7a0258 | brand=Missy | page=18 | route=https://www.myntra.com/innerwear?f=Brand%3ADollar%20Missy | seen=850 | expected=984
2026-09-28 23:28:09 | INFO    | LISTING   | Listing Missy route https://www.myntra.com/innerwear?f=Brand%3ADollar%20Missy page 19 -> https://www.myntra.com/gateway/v4/search/innerwear?f=Brand%3ADollar+Missy&rows=50&o=900&plaEnabled=false&xdEnabled=false&isFacet=true&p=19 | run_id=run_20260928_232050_380299_7a0258 | brand=Missy | page=19 | route=https://www.myntra.com/innerwear?f=Brand%3ADollar%20Missy | seen=900 | expected=984
2026-09-28 23:28:10 | INFO    | LISTING   | Listing Missy route https://www.myntra.com/innerwear?f=Brand%3ADollar%20Missy page 20 -> https://www.myntra.com/gateway/v4/search/innerwear?f=Brand%3ADollar+Missy&rows=50&o=950&plaEnabled=false&xdEnabled=false&isFacet=true&p=20 | run_id=run_20260928_232050_380299_7a0258 | brand=Missy | page=20 | route=https://www.myntra.com/innerwear?f=Brand%3ADollar%20Missy | seen=950 | expected=984
2026-09-28 23:28:10 | INFO    | LISTING   | Listing Missy route https://www.myntra.com/innerwear?f=Brand%3ADollar%20Missy page 21 -> https://www.myntra.com/gateway/v4/search/innerwear?f=Brand%3ADollar+Missy&rows=50&o=1000&plaEnabled=false&xdEnabled=false&isFacet=true&p=21 | run_id=run_20260928_232050_380299_7a0258 | brand=Missy | page=21 | route=https://www.myntra.com/innerwear?f=Brand%3ADollar%20Missy | seen=984 | expected=984
2026-09-28 23:28:11 | WARNING | LISTING   | Empty listing page for Missy on page 21 before expected end; continuing. | run_id=run_20260928_232050_380299_7a0258 | brand=Missy | page=21 | route=https://www.myntra.com/innerwear?f=Brand%3ADollar%20Missy
2026-09-28 23:28:11 | INFO    | LISTING   | Listing Missy route https://www.myntra.com/innerwear?f=Brand%3ADollar%20Missy page 22 -> https://www.myntra.com/gateway/v4/search/innerwear?f=Brand%3ADollar+Missy&rows=50&o=1050&plaEnabled=false&xdEnabled=false&isFacet=true&p=22 | run_id=run_20260928_232050_380299_7a0258 | brand=Missy | page=22 | route=https://www.myntra.com/innerwear?f=Brand%3ADollar%20Missy | seen=984 | expected=984
2026-09-28 23:28:11 | WARNING | NETWORK   | JSON request failed for https://www.myntra.com/gateway/v4/search/innerwear?f=Brand%3ADollar+Missy&rows=50&o=1050&plaEnabled=false&xdEnabled=false&isFacet=true&p=22 on attempt 1/3: HTTP Error 400:  | run_id=run_20260928_232050_380299_7a0258 | route=https://www.myntra.com/gateway/v4/search/innerwear?f=Brand%3ADollar+Missy&rows=50&o=1050&plaEnabled=false&xdEnabled=false&isFacet=true&p=22 | attempt=1/3
2026-09-28 23:28:13 | WARNING | NETWORK   | JSON request failed for https://www.myntra.com/gateway/v4/search/innerwear?f=Brand%3ADollar+Missy&rows=50&o=1050&plaEnabled=false&xdEnabled=false&isFacet=true&p=22 on attempt 2/3: HTTP Error 400:  | run_id=run_20260928_232050_380299_7a0258 | route=https://www.myntra.com/gateway/v4/search/innerwear?f=Brand%3ADollar+Missy&rows=50&o=1050&plaEnabled=false&xdEnabled=false&isFacet=true&p=22 | attempt=2/3
2026-09-28 23:28:16 | WARNING | NETWORK   | JSON request failed for https://www.myntra.com/gateway/v4/search/innerwear?f=Brand%3ADollar+Missy&rows=50&o=1050&plaEnabled=false&xdEnabled=false&isFacet=true&p=22 on attempt 3/3: HTTP Error 400:  | run_id=run_20260928_232050_380299_7a0258 | route=https://www.myntra.com/gateway/v4/search/innerwear?f=Brand%3ADollar+Missy&rows=50&o=1050&plaEnabled=false&xdEnabled=false&isFacet=true&p=22 | attempt=3/3
2026-09-28 23:28:16 | WARNING | NETWORK   | JSON request failed for https://www.myntra.com/gateway/v4/search/innerwear?f=Brand%3ADollar+Missy&rows=50&o=1049&plaEnabled=false&xdEnabled=false&isFacet=true&p=22 on attempt 1/3: HTTP Error 400:  | run_id=run_20260928_232050_380299_7a0258 | route=https://www.myntra.com/gateway/v4/search/innerwear?f=Brand%3ADollar+Missy&rows=50&o=1049&plaEnabled=false&xdEnabled=false&isFacet=true&p=22 | attempt=1/3
2026-09-28 23:28:18 | WARNING | NETWORK   | JSON request failed for https://www.myntra.com/gateway/v4/search/innerwear?f=Brand%3ADollar+Missy&rows=50&o=1049&plaEnabled=false&xdEnabled=false&isFacet=true&p=22 on attempt 2/3: HTTP Error 400:  | run_id=run_20260928_232050_380299_7a0258 | route=https://www.myntra.com/gateway/v4/search/innerwear?f=Brand%3ADollar+Missy&rows=50&o=1049&plaEnabled=false&xdEnabled=false&isFacet=true&p=22 | attempt=2/3
2026-09-28 23:28:20 | WARNING | NETWORK   | JSON request failed for https://www.myntra.com/gateway/v4/search/innerwear?f=Brand%3ADollar+Missy&rows=50&o=1049&plaEnabled=false&xdEnabled=false&isFacet=true&p=22 on attempt 3/3: HTTP Error 400:  | run_id=run_20260928_232050_380299_7a0258 | route=https://www.myntra.com/gateway/v4/search/innerwear?f=Brand%3ADollar+Missy&rows=50&o=1049&plaEnabled=false&xdEnabled=false&isFacet=true&p=22 | attempt=3/3
2026-09-28 23:28:20 | WARNING | LISTING   | Route fetch failed for https://www.myntra.com/innerwear?f=Brand%3ADollar%20Missy page 22 (Failed to fetch JSON payload from https://www.myntra.com/gateway/v4/search/innerwear?f=Brand%3ADollar+Missy&rows=50&o=1049&plaEnabled=false&xdEnabled=false&isFacet=true&p=22: HTTP Error 400: ). Will retry with another pass or fallback route. | run_id=run_20260928_232050_380299_7a0258 | brand=Missy | page=22 | route=https://www.myntra.com/innerwear?f=Brand%3ADollar%20Missy
2026-09-28 23:28:21 | INFO    | LISTING   | Listing Missy route https://www.myntra.com/tights?f=Brand%3ADollar%20Missy page 1 -> https://www.myntra.com/gateway/v4/search/tights?f=Brand%3ADollar+Missy&rows=50&o=0&plaEnabled=false&xdEnabled=false&isFacet=true&p=1 | run_id=run_20260928_232050_380299_7a0258 | brand=Missy | page=1 | route=https://www.myntra.com/tights?f=Brand%3ADollar%20Missy | seen=0 | expected=740
2026-09-28 23:28:22 | INFO    | LISTING   | Listing Missy route https://www.myntra.com/tights?f=Brand%3ADollar%20Missy page 2 -> https://www.myntra.com/gateway/v4/search/tights?f=Brand%3ADollar+Missy&rows=50&o=50&plaEnabled=false&xdEnabled=false&isFacet=true&p=2 | run_id=run_20260928_232050_380299_7a0258 | brand=Missy | page=2 | route=https://www.myntra.com/tights?f=Brand%3ADollar%20Missy | seen=50 | expected=740
2026-09-28 23:28:23 | INFO    | LISTING   | Listing Missy route https://www.myntra.com/tights?f=Brand%3ADollar%20Missy page 3 -> https://www.myntra.com/gateway/v4/search/tights?f=Brand%3ADollar+Missy&rows=50&o=100&plaEnabled=false&xdEnabled=false&isFacet=true&p=3 | run_id=run_20260928_232050_380299_7a0258 | brand=Missy | page=3 | route=https://www.myntra.com/tights?f=Brand%3ADollar%20Missy | seen=100 | expected=740
2026-09-28 23:28:23 | INFO    | LISTING   | Listing Missy route https://www.myntra.com/tights?f=Brand%3ADollar%20Missy page 4 -> https://www.myntra.com/gateway/v4/search/tights?f=Brand%3ADollar+Missy&rows=50&o=150&plaEnabled=false&xdEnabled=false&isFacet=true&p=4 | run_id=run_20260928_232050_380299_7a0258 | brand=Missy | page=4 | route=https://www.myntra.com/tights?f=Brand%3ADollar%20Missy | seen=150 | expected=740
2026-09-28 23:28:24 | INFO    | LISTING   | Listing Missy route https://www.myntra.com/tights?f=Brand%3ADollar%20Missy page 5 -> https://www.myntra.com/gateway/v4/search/tights?f=Brand%3ADollar+Missy&rows=50&o=200&plaEnabled=false&xdEnabled=false&isFacet=true&p=5 | run_id=run_20260928_232050_380299_7a0258 | brand=Missy | page=5 | route=https://www.myntra.com/tights?f=Brand%3ADollar%20Missy | seen=200 | expected=740
2026-09-28 23:28:25 | INFO    | LISTING   | Listing Missy route https://www.myntra.com/tights?f=Brand%3ADollar%20Missy page 6 -> https://www.myntra.com/gateway/v4/search/tights?f=Brand%3ADollar+Missy&rows=50&o=250&plaEnabled=false&xdEnabled=false&isFacet=true&p=6 | run_id=run_20260928_232050_380299_7a0258 | brand=Missy | page=6 | route=https://www.myntra.com/tights?f=Brand%3ADollar%20Missy | seen=250 | expected=740
2026-09-28 23:28:25 | INFO    | LISTING   | Listing Missy route https://www.myntra.com/tights?f=Brand%3ADollar%20Missy page 7 -> https://www.myntra.com/gateway/v4/search/tights?f=Brand%3ADollar+Missy&rows=50&o=300&plaEnabled=false&xdEnabled=false&isFacet=true&p=7 | run_id=run_20260928_232050_380299_7a0258 | brand=Missy | page=7 | route=https://www.myntra.com/tights?f=Brand%3ADollar%20Missy | seen=300 | expected=740
2026-09-28 23:28:26 | INFO    | LISTING   | Listing Missy route https://www.myntra.com/tights?f=Brand%3ADollar%20Missy page 8 -> https://www.myntra.com/gateway/v4/search/tights?f=Brand%3ADollar+Missy&rows=50&o=350&plaEnabled=false&xdEnabled=false&isFacet=true&p=8 | run_id=run_20260928_232050_380299_7a0258 | brand=Missy | page=8 | route=https://www.myntra.com/tights?f=Brand%3ADollar%20Missy | seen=350 | expected=740
2026-09-28 23:28:27 | INFO    | LISTING   | Listing Missy route https://www.myntra.com/tights?f=Brand%3ADollar%20Missy page 9 -> https://www.myntra.com/gateway/v4/search/tights?f=Brand%3ADollar+Missy&rows=50&o=400&plaEnabled=false&xdEnabled=false&isFacet=true&p=9 | run_id=run_20260928_232050_380299_7a0258 | brand=Missy | page=9 | route=https://www.myntra.com/tights?f=Brand%3ADollar%20Missy | seen=400 | expected=740
2026-09-28 23:28:28 | INFO    | LISTING   | Listing Missy route https://www.myntra.com/tights?f=Brand%3ADollar%20Missy page 10 -> https://www.myntra.com/gateway/v4/search/tights?f=Brand%3ADollar+Missy&rows=50&o=450&plaEnabled=false&xdEnabled=false&isFacet=true&p=10 | run_id=run_20260928_232050_380299_7a0258 | brand=Missy | page=10 | route=https://www.myntra.com/tights?f=Brand%3ADollar%20Missy | seen=450 | expected=740
2026-09-28 23:28:28 | INFO    | LISTING   | Listing Missy route https://www.myntra.com/tights?f=Brand%3ADollar%20Missy page 11 -> https://www.myntra.com/gateway/v4/search/tights?f=Brand%3ADollar+Missy&rows=50&o=500&plaEnabled=false&xdEnabled=false&isFacet=true&p=11 | run_id=run_20260928_232050_380299_7a0258 | brand=Missy | page=11 | route=https://www.myntra.com/tights?f=Brand%3ADollar%20Missy | seen=500 | expected=740
2026-09-28 23:28:29 | INFO    | LISTING   | Listing Missy route https://www.myntra.com/tights?f=Brand%3ADollar%20Missy page 12 -> https://www.myntra.com/gateway/v4/search/tights?f=Brand%3ADollar+Missy&rows=50&o=550&plaEnabled=false&xdEnabled=false&isFacet=true&p=12 | run_id=run_20260928_232050_380299_7a0258 | brand=Missy | page=12 | route=https://www.myntra.com/tights?f=Brand%3ADollar%20Missy | seen=550 | expected=740
2026-09-28 23:28:30 | INFO    | LISTING   | Listing Missy route https://www.myntra.com/tights?f=Brand%3ADollar%20Missy page 13 -> https://www.myntra.com/gateway/v4/search/tights?f=Brand%3ADollar+Missy&rows=50&o=600&plaEnabled=false&xdEnabled=false&isFacet=true&p=13 | run_id=run_20260928_232050_380299_7a0258 | brand=Missy | page=13 | route=https://www.myntra.com/tights?f=Brand%3ADollar%20Missy | seen=600 | expected=740
2026-09-28 23:28:30 | INFO    | LISTING   | Listing Missy route https://www.myntra.com/tights?f=Brand%3ADollar%20Missy page 14 -> https://www.myntra.com/gateway/v4/search/tights?f=Brand%3ADollar+Missy&rows=50&o=650&plaEnabled=false&xdEnabled=false&isFacet=true&p=14 | run_id=run_20260928_232050_380299_7a0258 | brand=Missy | page=14 | route=https://www.myntra.com/tights?f=Brand%3ADollar%20Missy | seen=650 | expected=740
2026-09-28 23:28:31 | INFO    | LISTING   | Listing Missy route https://www.myntra.com/tights?f=Brand%3ADollar%20Missy page 15 -> https://www.myntra.com/gateway/v4/search/tights?f=Brand%3ADollar+Missy&rows=50&o=700&plaEnabled=false&xdEnabled=false&isFacet=true&p=15 | run_id=run_20260928_232050_380299_7a0258 | brand=Missy | page=15 | route=https://www.myntra.com/tights?f=Brand%3ADollar%20Missy | seen=700 | expected=740
2026-09-28 23:28:32 | INFO    | LISTING   | Listing Missy route https://www.myntra.com/tights?f=Brand%3ADollar%20Missy page 16 -> https://www.myntra.com/gateway/v4/search/tights?f=Brand%3ADollar+Missy&rows=50&o=750&plaEnabled=false&xdEnabled=false&isFacet=true&p=16 | run_id=run_20260928_232050_380299_7a0258 | brand=Missy | page=16 | route=https://www.myntra.com/tights?f=Brand%3ADollar%20Missy | seen=740 | expected=740
2026-09-28 23:28:32 | WARNING | LISTING   | Empty listing page for Missy on page 16 before expected end; continuing. | run_id=run_20260928_232050_380299_7a0258 | brand=Missy | page=16 | route=https://www.myntra.com/tights?f=Brand%3ADollar%20Missy
2026-09-28 23:28:32 | INFO    | LISTING   | Listing Missy route https://www.myntra.com/tights?f=Brand%3ADollar%20Missy page 17 -> https://www.myntra.com/gateway/v4/search/tights?f=Brand%3ADollar+Missy&rows=50&o=800&plaEnabled=false&xdEnabled=false&isFacet=true&p=17 | run_id=run_20260928_232050_380299_7a0258 | brand=Missy | page=17 | route=https://www.myntra.com/tights?f=Brand%3ADollar%20Missy | seen=740 | expected=740
2026-09-28 23:28:33 | WARNING | NETWORK   | JSON request failed for https://www.myntra.com/gateway/v4/search/tights?f=Brand%3ADollar+Missy&rows=50&o=800&plaEnabled=false&xdEnabled=false&isFacet=true&p=17 on attempt 1/3: HTTP Error 400:  | run_id=run_20260928_232050_380299_7a0258 | route=https://www.myntra.com/gateway/v4/search/tights?f=Brand%3ADollar+Missy&rows=50&o=800&plaEnabled=false&xdEnabled=false&isFacet=true&p=17 | attempt=1/3
2026-09-28 23:28:34 | WARNING | NETWORK   | JSON request failed for https://www.myntra.com/gateway/v4/search/tights?f=Brand%3ADollar+Missy&rows=50&o=800&plaEnabled=false&xdEnabled=false&isFacet=true&p=17 on attempt 2/3: HTTP Error 400:  | run_id=run_20260928_232050_380299_7a0258 | route=https://www.myntra.com/gateway/v4/search/tights?f=Brand%3ADollar+Missy&rows=50&o=800&plaEnabled=false&xdEnabled=false&isFacet=true&p=17 | attempt=2/3
2026-09-28 23:28:37 | WARNING | NETWORK   | JSON request failed for https://www.myntra.com/gateway/v4/search/tights?f=Brand%3ADollar+Missy&rows=50&o=800&plaEnabled=false&xdEnabled=false&isFacet=true&p=17 on attempt 3/3: HTTP Error 400:  | run_id=run_20260928_232050_380299_7a0258 | route=https://www.myntra.com/gateway/v4/search/tights?f=Brand%3ADollar+Missy&rows=50&o=800&plaEnabled=false&xdEnabled=false&isFacet=true&p=17 | attempt=3/3
2026-09-28 23:28:37 | WARNING | NETWORK   | JSON request failed for https://www.myntra.com/gateway/v4/search/tights?f=Brand%3ADollar+Missy&rows=50&o=799&plaEnabled=false&xdEnabled=false&isFacet=true&p=17 on attempt 1/3: HTTP Error 400:  | run_id=run_20260928_232050_380299_7a0258 | route=https://www.myntra.com/gateway/v4/search/tights?f=Brand%3ADollar+Missy&rows=50&o=799&plaEnabled=false&xdEnabled=false&isFacet=true&p=17 | attempt=1/3
2026-09-28 23:28:39 | WARNING | NETWORK   | JSON request failed for https://www.myntra.com/gateway/v4/search/tights?f=Brand%3ADollar+Missy&rows=50&o=799&plaEnabled=false&xdEnabled=false&isFacet=true&p=17 on attempt 2/3: HTTP Error 400:  | run_id=run_20260928_232050_380299_7a0258 | route=https://www.myntra.com/gateway/v4/search/tights?f=Brand%3ADollar+Missy&rows=50&o=799&plaEnabled=false&xdEnabled=false&isFacet=true&p=17 | attempt=2/3
2026-09-28 23:28:42 | WARNING | NETWORK   | JSON request failed for https://www.myntra.com/gateway/v4/search/tights?f=Brand%3ADollar+Missy&rows=50&o=799&plaEnabled=false&xdEnabled=false&isFacet=true&p=17 on attempt 3/3: HTTP Error 400:  | run_id=run_20260928_232050_380299_7a0258 | route=https://www.myntra.com/gateway/v4/search/tights?f=Brand%3ADollar+Missy&rows=50&o=799&plaEnabled=false&xdEnabled=false&isFacet=true&p=17 | attempt=3/3
2026-09-28 23:28:42 | WARNING | LISTING   | Route fetch failed for https://www.myntra.com/tights?f=Brand%3ADollar%20Missy page 17 (Failed to fetch JSON payload from https://www.myntra.com/gateway/v4/search/tights?f=Brand%3ADollar+Missy&rows=50&o=799&plaEnabled=false&xdEnabled=false&isFacet=true&p=17: HTTP Error 400: ). Will retry with another pass or fallback route. | run_id=run_20260928_232050_380299_7a0258 | brand=Missy | page=17 | route=https://www.myntra.com/tights?f=Brand%3ADollar%20Missy
2026-09-28 23:28:42 | INFO    | BRAND     | Skipping redundant route https://www.myntra.com/camisoles?f=Brand%3ADollar%20Missy for Missy (100% of first page already captured). | run_id=run_20260928_232050_380299_7a0258 | brand=Missy | route=https://www.myntra.com/camisoles?f=Brand%3ADollar%20Missy
2026-09-28 23:28:42 | INFO    | BRAND     | Skipping redundant route https://www.myntra.com/slips?f=Brand%3ADollar%20Missy for Missy (100% of first page already captured). | run_id=run_20260928_232050_380299_7a0258 | brand=Missy | route=https://www.myntra.com/slips?f=Brand%3ADollar%20Missy
2026-09-28 23:28:42 | INFO    | BRAND     | Skipping redundant route https://www.myntra.com/panties?f=Brand%3ADollar%20Missy for Missy (100% of first page already captured). | run_id=run_20260928_232050_380299_7a0258 | brand=Missy | route=https://www.myntra.com/panties?f=Brand%3ADollar%20Missy
2026-09-28 23:28:42 | INFO    | BRAND     | Skipping redundant route https://www.myntra.com/briefs?f=Brand%3ADollar%20Missy for Missy (100% of first page already captured). | run_id=run_20260928_232050_380299_7a0258 | brand=Missy | route=https://www.myntra.com/briefs?f=Brand%3ADollar%20Missy
2026-09-28 23:28:42 | INFO    | BRAND     | Skipping redundant route https://www.myntra.com/myntra?f=Brand%3ADollar%20Missy for Missy (96% of first page already captured). | run_id=run_20260928_232050_380299_7a0258 | brand=Missy | route=https://www.myntra.com/myntra?f=Brand%3ADollar%20Missy
2026-09-28 23:28:42 | INFO    | BRAND     | Skipping redundant route https://www.myntra.com/shapewear?f=Brand%3ADollar%20Missy for Missy (100% of first page already captured). | run_id=run_20260928_232050_380299_7a0258 | brand=Missy | route=https://www.myntra.com/shapewear?f=Brand%3ADollar%20Missy
2026-09-28 23:28:42 | INFO    | LISTING   | Listing Missy route https://www.myntra.com/myntra?f=Brand%3AMISSY page 1 -> https://www.myntra.com/gateway/v4/search/myntra?f=Brand%3AMISSY&rows=50&o=0&plaEnabled=false&xdEnabled=false&isFacet=true&p=1 | run_id=run_20260928_232050_380299_7a0258 | brand=Missy | page=1 | route=https://www.myntra.com/myntra?f=Brand%3AMISSY | seen=0 | expected=12
2026-09-28 23:28:44 | WARNING | LISTING   | Retrying route https://www.myntra.com/myntra?f=Brand%3AMISSY for Missy (pass 1/2) after incomplete coverage: 0/12 unique products seen. | run_id=run_20260928_232050_380299_7a0258 | brand=Missy | route=https://www.myntra.com/myntra?f=Brand%3AMISSY | seen=0 | expected=12 | attempt=1/2
2026-09-28 23:28:44 | INFO    | LISTING   | Listing Missy route https://www.myntra.com/myntra?f=Brand%3AMISSY page 1 -> https://www.myntra.com/gateway/v4/search/myntra?f=Brand%3AMISSY&rows=50&o=0&plaEnabled=false&xdEnabled=false&isFacet=true&p=1 | run_id=run_20260928_232050_380299_7a0258 | brand=Missy | page=1 | route=https://www.myntra.com/myntra?f=Brand%3AMISSY | seen=0 | expected=12
2026-09-28 23:28:45 | WARNING | LISTING   | Retrying route https://www.myntra.com/myntra?f=Brand%3AMISSY for Missy (pass 2/2) after incomplete coverage: 0/12 unique products seen. | run_id=run_20260928_232050_380299_7a0258 | brand=Missy | route=https://www.myntra.com/myntra?f=Brand%3AMISSY | seen=0 | expected=12 | attempt=2/2
2026-09-28 23:28:45 | INFO    | LISTING   | Listing Missy route https://www.myntra.com/myntra?f=Brand%3AMISSY page 1 -> https://www.myntra.com/gateway/v4/search/myntra?f=Brand%3AMISSY&rows=50&o=0&plaEnabled=false&xdEnabled=false&isFacet=true&p=1 | run_id=run_20260928_232050_380299_7a0258 | brand=Missy | page=1 | route=https://www.myntra.com/myntra?f=Brand%3AMISSY | seen=0 | expected=12
2026-09-28 23:28:47 | WARNING | BRAND     | Brand Missy finished below expected count: saw 1724 unique shirts products vs expected 2420. | run_id=run_20260928_232050_380299_7a0258 | brand=Missy | seen=1724 | expected=2420
2026-09-28 23:28:47 | INFO    | BRAND     | Brand scrape completed in 1m 17s (1343.36 products/min). | run_id=run_20260928_232050_380299_7a0258 | brand=Missy | status=COMPLETED | saved=1724 | seen=1724 | expected=2420 | elapsed_label=1m 17s | products_per_minute=1343.36
2026-09-28 23:28:47 | INFO    | AUDIT     | Audit retry completed for Missy: saved=0, shortfall_before=696 | run_id=run_20260928_232050_380299_7a0258 | brand=Missy | saved=0
2026-09-28 23:28:47 | INFO    | BRAND     | Resolving brand routes. | run_id=run_20260928_232050_380299_7a0258 | brand=Lyra
2026-09-28 23:28:55 | INFO    | BRAND     | Resolved Lyra -> 9 routes (best brand total=3397): https://www.myntra.com/innerwear?f=Brand%3ALYRA, https://www.myntra.com/bra?f=Brand%3ALYRA, https://www.myntra.com/tights?f=Brand%3ALYRA, https://www.myntra.com/briefs?f=Brand%3ALYRA, https://www.myntra.com/panties?f=Brand%3ALYRA, https://www.myntra.com/shapewear?f=Brand%3ALYRA, https://www.myntra.com/camisoles?f=Brand%3ALYRA, https://www.myntra.com/slips?f=Brand%3ALYRA, https://www.myntra.com/myntra?f=Brand%3ALYRA | run_id=run_20260928_232050_380299_7a0258 | brand=Lyra | expected=3397
2026-09-28 23:28:55 | INFO    | BRAND     | Starting brand scrape. | run_id=run_20260928_232050_380299_7a0258 | brand=Lyra | expected=2955
2026-09-28 23:28:55 | INFO    | LISTING   | Listing Lyra route https://www.myntra.com/innerwear?f=Brand%3ALYRA page 1 -> https://www.myntra.com/gateway/v4/search/innerwear?f=Brand%3ALYRA&rows=50&o=0&plaEnabled=false&xdEnabled=false&isFacet=true&p=1 | run_id=run_20260928_232050_380299_7a0258 | brand=Lyra | page=1 | route=https://www.myntra.com/innerwear?f=Brand%3ALYRA | seen=0 | expected=1513
2026-09-28 23:28:57 | INFO    | LISTING   | Listing Lyra route https://www.myntra.com/innerwear?f=Brand%3ALYRA page 2 -> https://www.myntra.com/gateway/v4/search/innerwear?f=Brand%3ALYRA&rows=50&o=50&plaEnabled=false&xdEnabled=false&isFacet=true&p=2 | run_id=run_20260928_232050_380299_7a0258 | brand=Lyra | page=2 | route=https://www.myntra.com/innerwear?f=Brand%3ALYRA | seen=50 | expected=1513
2026-09-28 23:28:57 | INFO    | LISTING   | Listing Lyra route https://www.myntra.com/innerwear?f=Brand%3ALYRA page 3 -> https://www.myntra.com/gateway/v4/search/innerwear?f=Brand%3ALYRA&rows=50&o=100&plaEnabled=false&xdEnabled=false&isFacet=true&p=3 | run_id=run_20260928_232050_380299_7a0258 | brand=Lyra | page=3 | route=https://www.myntra.com/innerwear?f=Brand%3ALYRA | seen=100 | expected=1513
2026-09-28 23:28:58 | INFO    | LISTING   | Listing Lyra route https://www.myntra.com/innerwear?f=Brand%3ALYRA page 4 -> https://www.myntra.com/gateway/v4/search/innerwear?f=Brand%3ALYRA&rows=50&o=150&plaEnabled=false&xdEnabled=false&isFacet=true&p=4 | run_id=run_20260928_232050_380299_7a0258 | brand=Lyra | page=4 | route=https://www.myntra.com/innerwear?f=Brand%3ALYRA | seen=150 | expected=1513
2026-09-28 23:28:59 | INFO    | LISTING   | Listing Lyra route https://www.myntra.com/innerwear?f=Brand%3ALYRA page 5 -> https://www.myntra.com/gateway/v4/search/innerwear?f=Brand%3ALYRA&rows=50&o=200&plaEnabled=false&xdEnabled=false&isFacet=true&p=5 | run_id=run_20260928_232050_380299_7a0258 | brand=Lyra | page=5 | route=https://www.myntra.com/innerwear?f=Brand%3ALYRA | seen=200 | expected=1513
2026-09-28 23:28:59 | INFO    | LISTING   | Listing Lyra route https://www.myntra.com/innerwear?f=Brand%3ALYRA page 6 -> https://www.myntra.com/gateway/v4/search/innerwear?f=Brand%3ALYRA&rows=50&o=250&plaEnabled=false&xdEnabled=false&isFacet=true&p=6 | run_id=run_20260928_232050_380299_7a0258 | brand=Lyra | page=6 | route=https://www.myntra.com/innerwear?f=Brand%3ALYRA | seen=250 | expected=1513
2026-09-28 23:29:00 | INFO    | LISTING   | Listing Lyra route https://www.myntra.com/innerwear?f=Brand%3ALYRA page 7 -> https://www.myntra.com/gateway/v4/search/innerwear?f=Brand%3ALYRA&rows=50&o=300&plaEnabled=false&xdEnabled=false&isFacet=true&p=7 | run_id=run_20260928_232050_380299_7a0258 | brand=Lyra | page=7 | route=https://www.myntra.com/innerwear?f=Brand%3ALYRA | seen=300 | expected=1513
2026-09-28 23:29:00 | INFO    | LISTING   | Listing Lyra route https://www.myntra.com/innerwear?f=Brand%3ALYRA page 8 -> https://www.myntra.com/gateway/v4/search/innerwear?f=Brand%3ALYRA&rows=50&o=350&plaEnabled=false&xdEnabled=false&isFacet=true&p=8 | run_id=run_20260928_232050_380299_7a0258 | brand=Lyra | page=8 | route=https://www.myntra.com/innerwear?f=Brand%3ALYRA | seen=350 | expected=1513
2026-09-28 23:29:01 | INFO    | LISTING   | Listing Lyra route https://www.myntra.com/innerwear?f=Brand%3ALYRA page 9 -> https://www.myntra.com/gateway/v4/search/innerwear?f=Brand%3ALYRA&rows=50&o=400&plaEnabled=false&xdEnabled=false&isFacet=true&p=9 | run_id=run_20260928_232050_380299_7a0258 | brand=Lyra | page=9 | route=https://www.myntra.com/innerwear?f=Brand%3ALYRA | seen=400 | expected=1513
2026-09-28 23:29:02 | INFO    | LISTING   | Listing Lyra route https://www.myntra.com/innerwear?f=Brand%3ALYRA page 10 -> https://www.myntra.com/gateway/v4/search/innerwear?f=Brand%3ALYRA&rows=50&o=450&plaEnabled=false&xdEnabled=false&isFacet=true&p=10 | run_id=run_20260928_232050_380299_7a0258 | brand=Lyra | page=10 | route=https://www.myntra.com/innerwear?f=Brand%3ALYRA | seen=450 | expected=1513
2026-09-28 23:29:02 | INFO    | LISTING   | Listing Lyra route https://www.myntra.com/innerwear?f=Brand%3ALYRA page 11 -> https://www.myntra.com/gateway/v4/search/innerwear?f=Brand%3ALYRA&rows=50&o=500&plaEnabled=false&xdEnabled=false&isFacet=true&p=11 | run_id=run_20260928_232050_380299_7a0258 | brand=Lyra | page=11 | route=https://www.myntra.com/innerwear?f=Brand%3ALYRA | seen=500 | expected=1513
2026-09-28 23:29:03 | INFO    | LISTING   | Listing Lyra route https://www.myntra.com/innerwear?f=Brand%3ALYRA page 12 -> https://www.myntra.com/gateway/v4/search/innerwear?f=Brand%3ALYRA&rows=50&o=550&plaEnabled=false&xdEnabled=false&isFacet=true&p=12 | run_id=run_20260928_232050_380299_7a0258 | brand=Lyra | page=12 | route=https://www.myntra.com/innerwear?f=Brand%3ALYRA | seen=550 | expected=1513
2026-09-28 23:29:04 | INFO    | LISTING   | Listing Lyra route https://www.myntra.com/innerwear?f=Brand%3ALYRA page 13 -> https://www.myntra.com/gateway/v4/search/innerwear?f=Brand%3ALYRA&rows=50&o=600&plaEnabled=false&xdEnabled=false&isFacet=true&p=13 | run_id=run_20260928_232050_380299_7a0258 | brand=Lyra | page=13 | route=https://www.myntra.com/innerwear?f=Brand%3ALYRA | seen=600 | expected=1513
2026-09-28 23:29:04 | INFO    | LISTING   | Listing Lyra route https://www.myntra.com/innerwear?f=Brand%3ALYRA page 14 -> https://www.myntra.com/gateway/v4/search/innerwear?f=Brand%3ALYRA&rows=50&o=650&plaEnabled=false&xdEnabled=false&isFacet=true&p=14 | run_id=run_20260928_232050_380299_7a0258 | brand=Lyra | page=14 | route=https://www.myntra.com/innerwear?f=Brand%3ALYRA | seen=650 | expected=1513
2026-09-28 23:29:05 | INFO    | LISTING   | Listing Lyra route https://www.myntra.com/innerwear?f=Brand%3ALYRA page 15 -> https://www.myntra.com/gateway/v4/search/innerwear?f=Brand%3ALYRA&rows=50&o=700&plaEnabled=false&xdEnabled=false&isFacet=true&p=15 | run_id=run_20260928_232050_380299_7a0258 | brand=Lyra | page=15 | route=https://www.myntra.com/innerwear?f=Brand%3ALYRA | seen=700 | expected=1513
2026-09-28 23:29:05 | INFO    | LISTING   | Listing Lyra route https://www.myntra.com/innerwear?f=Brand%3ALYRA page 16 -> https://www.myntra.com/gateway/v4/search/innerwear?f=Brand%3ALYRA&rows=50&o=750&plaEnabled=false&xdEnabled=false&isFacet=true&p=16 | run_id=run_20260928_232050_380299_7a0258 | brand=Lyra | page=16 | route=https://www.myntra.com/innerwear?f=Brand%3ALYRA | seen=750 | expected=1513
2026-09-28 23:29:06 | INFO    | LISTING   | Listing Lyra route https://www.myntra.com/innerwear?f=Brand%3ALYRA page 17 -> https://www.myntra.com/gateway/v4/search/innerwear?f=Brand%3ALYRA&rows=50&o=800&plaEnabled=false&xdEnabled=false&isFacet=true&p=17 | run_id=run_20260928_232050_380299_7a0258 | brand=Lyra | page=17 | route=https://www.myntra.com/innerwear?f=Brand%3ALYRA | seen=800 | expected=1513
2026-09-28 23:29:07 | INFO    | LISTING   | Listing Lyra route https://www.myntra.com/innerwear?f=Brand%3ALYRA page 18 -> https://www.myntra.com/gateway/v4/search/innerwear?f=Brand%3ALYRA&rows=50&o=850&plaEnabled=false&xdEnabled=false&isFacet=true&p=18 | run_id=run_20260928_232050_380299_7a0258 | brand=Lyra | page=18 | route=https://www.myntra.com/innerwear?f=Brand%3ALYRA | seen=850 | expected=1513
2026-09-28 23:29:07 | INFO    | LISTING   | Listing Lyra route https://www.myntra.com/innerwear?f=Brand%3ALYRA page 19 -> https://www.myntra.com/gateway/v4/search/innerwear?f=Brand%3ALYRA&rows=50&o=900&plaEnabled=false&xdEnabled=false&isFacet=true&p=19 | run_id=run_20260928_232050_380299_7a0258 | brand=Lyra | page=19 | route=https://www.myntra.com/innerwear?f=Brand%3ALYRA | seen=900 | expected=1513
2026-09-28 23:29:08 | INFO    | LISTING   | Listing Lyra route https://www.myntra.com/innerwear?f=Brand%3ALYRA page 20 -> https://www.myntra.com/gateway/v4/search/innerwear?f=Brand%3ALYRA&rows=50&o=950&plaEnabled=false&xdEnabled=false&isFacet=true&p=20 | run_id=run_20260928_232050_380299_7a0258 | brand=Lyra | page=20 | route=https://www.myntra.com/innerwear?f=Brand%3ALYRA | seen=950 | expected=1513
2026-09-28 23:29:08 | INFO    | LISTING   | Listing Lyra route https://www.myntra.com/innerwear?f=Brand%3ALYRA page 21 -> https://www.myntra.com/gateway/v4/search/innerwear?f=Brand%3ALYRA&rows=50&o=1000&plaEnabled=false&xdEnabled=false&isFacet=true&p=21 | run_id=run_20260928_232050_380299_7a0258 | brand=Lyra | page=21 | route=https://www.myntra.com/innerwear?f=Brand%3ALYRA | seen=1000 | expected=1513
2026-09-28 23:29:09 | INFO    | LISTING   | Listing Lyra route https://www.myntra.com/innerwear?f=Brand%3ALYRA page 22 -> https://www.myntra.com/gateway/v4/search/innerwear?f=Brand%3ALYRA&rows=50&o=1050&plaEnabled=false&xdEnabled=false&isFacet=true&p=22 | run_id=run_20260928_232050_380299_7a0258 | brand=Lyra | page=22 | route=https://www.myntra.com/innerwear?f=Brand%3ALYRA | seen=1050 | expected=1513
2026-09-28 23:29:10 | INFO    | LISTING   | Listing Lyra route https://www.myntra.com/innerwear?f=Brand%3ALYRA page 23 -> https://www.myntra.com/gateway/v4/search/innerwear?f=Brand%3ALYRA&rows=50&o=1100&plaEnabled=false&xdEnabled=false&isFacet=true&p=23 | run_id=run_20260928_232050_380299_7a0258 | brand=Lyra | page=23 | route=https://www.myntra.com/innerwear?f=Brand%3ALYRA | seen=1100 | expected=1513
2026-09-28 23:29:11 | INFO    | LISTING   | Listing Lyra route https://www.myntra.com/innerwear?f=Brand%3ALYRA page 24 -> https://www.myntra.com/gateway/v4/search/innerwear?f=Brand%3ALYRA&rows=50&o=1150&plaEnabled=false&xdEnabled=false&isFacet=true&p=24 | run_id=run_20260928_232050_380299_7a0258 | brand=Lyra | page=24 | route=https://www.myntra.com/innerwear?f=Brand%3ALYRA | seen=1150 | expected=1513
2026-09-28 23:29:11 | INFO    | LISTING   | Listing Lyra route https://www.myntra.com/innerwear?f=Brand%3ALYRA page 25 -> https://www.myntra.com/gateway/v4/search/innerwear?f=Brand%3ALYRA&rows=50&o=1200&plaEnabled=false&xdEnabled=false&isFacet=true&p=25 | run_id=run_20260928_232050_380299_7a0258 | brand=Lyra | page=25 | route=https://www.myntra.com/innerwear?f=Brand%3ALYRA | seen=1200 | expected=1513
2026-09-28 23:29:12 | INFO    | LISTING   | Listing Lyra route https://www.myntra.com/innerwear?f=Brand%3ALYRA page 26 -> https://www.myntra.com/gateway/v4/search/innerwear?f=Brand%3ALYRA&rows=50&o=1250&plaEnabled=false&xdEnabled=false&isFacet=true&p=26 | run_id=run_20260928_232050_380299_7a0258 | brand=Lyra | page=26 | route=https://www.myntra.com/innerwear?f=Brand%3ALYRA | seen=1250 | expected=1513
2026-09-28 23:29:12 | INFO    | LISTING   | Listing Lyra route https://www.myntra.com/innerwear?f=Brand%3ALYRA page 27 -> https://www.myntra.com/gateway/v4/search/innerwear?f=Brand%3ALYRA&rows=50&o=1300&plaEnabled=false&xdEnabled=false&isFacet=true&p=27 | run_id=run_20260928_232050_380299_7a0258 | brand=Lyra | page=27 | route=https://www.myntra.com/innerwear?f=Brand%3ALYRA | seen=1300 | expected=1513
2026-09-28 23:29:13 | INFO    | LISTING   | Listing Lyra route https://www.myntra.com/innerwear?f=Brand%3ALYRA page 28 -> https://www.myntra.com/gateway/v4/search/innerwear?f=Brand%3ALYRA&rows=50&o=1350&plaEnabled=false&xdEnabled=false&isFacet=true&p=28 | run_id=run_20260928_232050_380299_7a0258 | brand=Lyra | page=28 | route=https://www.myntra.com/innerwear?f=Brand%3ALYRA | seen=1350 | expected=1513
2026-09-28 23:29:16 | INFO    | PDP       | Processed 50 target products for Lyra in 3s (1163.41 products/min). | run_id=run_20260928_232050_380299_7a0258 | brand=Lyra | saved=50 | elapsed_label=3s | products_per_minute=1163.41
2026-09-28 23:29:16 | INFO    | LISTING   | Listing Lyra route https://www.myntra.com/innerwear?f=Brand%3ALYRA page 29 -> https://www.myntra.com/gateway/v4/search/innerwear?f=Brand%3ALYRA&rows=50&o=1400&plaEnabled=false&xdEnabled=false&isFacet=true&p=29 | run_id=run_20260928_232050_380299_7a0258 | brand=Lyra | page=29 | route=https://www.myntra.com/innerwear?f=Brand%3ALYRA | seen=1400 | expected=1513
2026-09-28 23:29:20 | INFO    | PDP       | Processed 50 target products for Lyra in 3s (1046.75 products/min). | run_id=run_20260928_232050_380299_7a0258 | brand=Lyra | saved=50 | elapsed_label=3s | products_per_minute=1046.75
2026-09-28 23:29:20 | INFO    | LISTING   | Listing Lyra route https://www.myntra.com/innerwear?f=Brand%3ALYRA page 30 -> https://www.myntra.com/gateway/v4/search/innerwear?f=Brand%3ALYRA&rows=50&o=1450&plaEnabled=false&xdEnabled=false&isFacet=true&p=30 | run_id=run_20260928_232050_380299_7a0258 | brand=Lyra | page=30 | route=https://www.myntra.com/innerwear?f=Brand%3ALYRA | seen=1450 | expected=1513
2026-09-28 23:29:24 | INFO    | PDP       | Processed 46 target products for Lyra in 3s (1034.27 products/min). | run_id=run_20260928_232050_380299_7a0258 | brand=Lyra | saved=46 | elapsed_label=3s | products_per_minute=1034.27
2026-09-28 23:29:24 | INFO    | LISTING   | Listing Lyra route https://www.myntra.com/innerwear?f=Brand%3ALYRA page 31 -> https://www.myntra.com/gateway/v4/search/innerwear?f=Brand%3ALYRA&rows=50&o=1500&plaEnabled=false&xdEnabled=false&isFacet=true&p=31 | run_id=run_20260928_232050_380299_7a0258 | brand=Lyra | page=31 | route=https://www.myntra.com/innerwear?f=Brand%3ALYRA | seen=1496 | expected=1513
2026-09-28 23:29:26 | INFO    | PDP       | Processed 17 target products for Lyra in 1s (707.38 products/min). | run_id=run_20260928_232050_380299_7a0258 | brand=Lyra | saved=17 | elapsed_label=1s | products_per_minute=707.38
2026-09-28 23:29:26 | INFO    | LISTING   | Listing Lyra route https://www.myntra.com/innerwear?f=Brand%3ALYRA page 32 -> https://www.myntra.com/gateway/v4/search/innerwear?f=Brand%3ALYRA&rows=50&o=1550&plaEnabled=false&xdEnabled=false&isFacet=true&p=32 | run_id=run_20260928_232050_380299_7a0258 | brand=Lyra | page=32 | route=https://www.myntra.com/innerwear?f=Brand%3ALYRA | seen=1513 | expected=1513
2026-09-28 23:29:26 | WARNING | LISTING   | Empty listing page for Lyra on page 32 before expected end; continuing. | run_id=run_20260928_232050_380299_7a0258 | brand=Lyra | page=32 | route=https://www.myntra.com/innerwear?f=Brand%3ALYRA
2026-09-28 23:29:26 | INFO    | LISTING   | Listing Lyra route https://www.myntra.com/innerwear?f=Brand%3ALYRA page 33 -> https://www.myntra.com/gateway/v4/search/innerwear?f=Brand%3ALYRA&rows=50&o=1600&plaEnabled=false&xdEnabled=false&isFacet=true&p=33 | run_id=run_20260928_232050_380299_7a0258 | brand=Lyra | page=33 | route=https://www.myntra.com/innerwear?f=Brand%3ALYRA | seen=1513 | expected=1513
2026-09-28 23:29:27 | WARNING | NETWORK   | JSON request failed for https://www.myntra.com/gateway/v4/search/innerwear?f=Brand%3ALYRA&rows=50&o=1600&plaEnabled=false&xdEnabled=false&isFacet=true&p=33 on attempt 1/3: HTTP Error 400:  | run_id=run_20260928_232050_380299_7a0258 | route=https://www.myntra.com/gateway/v4/search/innerwear?f=Brand%3ALYRA&rows=50&o=1600&plaEnabled=false&xdEnabled=false&isFacet=true&p=33 | attempt=1/3
2026-09-28 23:29:29 | WARNING | NETWORK   | JSON request failed for https://www.myntra.com/gateway/v4/search/innerwear?f=Brand%3ALYRA&rows=50&o=1600&plaEnabled=false&xdEnabled=false&isFacet=true&p=33 on attempt 2/3: HTTP Error 400:  | run_id=run_20260928_232050_380299_7a0258 | route=https://www.myntra.com/gateway/v4/search/innerwear?f=Brand%3ALYRA&rows=50&o=1600&plaEnabled=false&xdEnabled=false&isFacet=true&p=33 | attempt=2/3
2026-09-28 23:29:32 | WARNING | NETWORK   | JSON request failed for https://www.myntra.com/gateway/v4/search/innerwear?f=Brand%3ALYRA&rows=50&o=1600&plaEnabled=false&xdEnabled=false&isFacet=true&p=33 on attempt 3/3: HTTP Error 400:  | run_id=run_20260928_232050_380299_7a0258 | route=https://www.myntra.com/gateway/v4/search/innerwear?f=Brand%3ALYRA&rows=50&o=1600&plaEnabled=false&xdEnabled=false&isFacet=true&p=33 | attempt=3/3
2026-09-28 23:29:32 | WARNING | NETWORK   | JSON request failed for https://www.myntra.com/gateway/v4/search/innerwear?f=Brand%3ALYRA&rows=50&o=1599&plaEnabled=false&xdEnabled=false&isFacet=true&p=33 on attempt 1/3: HTTP Error 400:  | run_id=run_20260928_232050_380299_7a0258 | route=https://www.myntra.com/gateway/v4/search/innerwear?f=Brand%3ALYRA&rows=50&o=1599&plaEnabled=false&xdEnabled=false&isFacet=true&p=33 | attempt=1/3
2026-09-28 23:29:34 | WARNING | NETWORK   | JSON request failed for https://www.myntra.com/gateway/v4/search/innerwear?f=Brand%3ALYRA&rows=50&o=1599&plaEnabled=false&xdEnabled=false&isFacet=true&p=33 on attempt 2/3: HTTP Error 400:  | run_id=run_20260928_232050_380299_7a0258 | route=https://www.myntra.com/gateway/v4/search/innerwear?f=Brand%3ALYRA&rows=50&o=1599&plaEnabled=false&xdEnabled=false&isFacet=true&p=33 | attempt=2/3
2026-09-28 23:29:37 | WARNING | NETWORK   | JSON request failed for https://www.myntra.com/gateway/v4/search/innerwear?f=Brand%3ALYRA&rows=50&o=1599&plaEnabled=false&xdEnabled=false&isFacet=true&p=33 on attempt 3/3: HTTP Error 400:  | run_id=run_20260928_232050_380299_7a0258 | route=https://www.myntra.com/gateway/v4/search/innerwear?f=Brand%3ALYRA&rows=50&o=1599&plaEnabled=false&xdEnabled=false&isFacet=true&p=33 | attempt=3/3
2026-09-28 23:29:37 | WARNING | LISTING   | Route fetch failed for https://www.myntra.com/innerwear?f=Brand%3ALYRA page 33 (Failed to fetch JSON payload from https://www.myntra.com/gateway/v4/search/innerwear?f=Brand%3ALYRA&rows=50&o=1599&plaEnabled=false&xdEnabled=false&isFacet=true&p=33: HTTP Error 400: ). Will retry with another pass or fallback route. | run_id=run_20260928_232050_380299_7a0258 | brand=Lyra | page=33 | route=https://www.myntra.com/innerwear?f=Brand%3ALYRA
2026-09-28 23:29:37 | INFO    | BRAND     | Skipping redundant route https://www.myntra.com/bra?f=Brand%3ALYRA for Lyra (100% of first page already captured). | run_id=run_20260928_232050_380299_7a0258 | brand=Lyra | route=https://www.myntra.com/bra?f=Brand%3ALYRA
2026-09-28 23:29:37 | INFO    | LISTING   | Listing Lyra route https://www.myntra.com/tights?f=Brand%3ALYRA page 1 -> https://www.myntra.com/gateway/v4/search/tights?f=Brand%3ALYRA&rows=50&o=0&plaEnabled=false&xdEnabled=false&isFacet=true&p=1 | run_id=run_20260928_232050_380299_7a0258 | brand=Lyra | page=1 | route=https://www.myntra.com/tights?f=Brand%3ALYRA | seen=0 | expected=1095
2026-09-28 23:29:38 | INFO    | LISTING   | Listing Lyra route https://www.myntra.com/tights?f=Brand%3ALYRA page 2 -> https://www.myntra.com/gateway/v4/search/tights?f=Brand%3ALYRA&rows=50&o=50&plaEnabled=false&xdEnabled=false&isFacet=true&p=2 | run_id=run_20260928_232050_380299_7a0258 | brand=Lyra | page=2 | route=https://www.myntra.com/tights?f=Brand%3ALYRA | seen=50 | expected=1095
2026-09-28 23:29:39 | INFO    | LISTING   | Listing Lyra route https://www.myntra.com/tights?f=Brand%3ALYRA page 3 -> https://www.myntra.com/gateway/v4/search/tights?f=Brand%3ALYRA&rows=50&o=100&plaEnabled=false&xdEnabled=false&isFacet=true&p=3 | run_id=run_20260928_232050_380299_7a0258 | brand=Lyra | page=3 | route=https://www.myntra.com/tights?f=Brand%3ALYRA | seen=100 | expected=1095
2026-09-28 23:29:40 | INFO    | LISTING   | Listing Lyra route https://www.myntra.com/tights?f=Brand%3ALYRA page 4 -> https://www.myntra.com/gateway/v4/search/tights?f=Brand%3ALYRA&rows=50&o=150&plaEnabled=false&xdEnabled=false&isFacet=true&p=4 | run_id=run_20260928_232050_380299_7a0258 | brand=Lyra | page=4 | route=https://www.myntra.com/tights?f=Brand%3ALYRA | seen=150 | expected=1095
2026-09-28 23:29:40 | INFO    | LISTING   | Listing Lyra route https://www.myntra.com/tights?f=Brand%3ALYRA page 5 -> https://www.myntra.com/gateway/v4/search/tights?f=Brand%3ALYRA&rows=50&o=200&plaEnabled=false&xdEnabled=false&isFacet=true&p=5 | run_id=run_20260928_232050_380299_7a0258 | brand=Lyra | page=5 | route=https://www.myntra.com/tights?f=Brand%3ALYRA | seen=200 | expected=1095
2026-09-28 23:29:41 | INFO    | LISTING   | Listing Lyra route https://www.myntra.com/tights?f=Brand%3ALYRA page 6 -> https://www.myntra.com/gateway/v4/search/tights?f=Brand%3ALYRA&rows=50&o=250&plaEnabled=false&xdEnabled=false&isFacet=true&p=6 | run_id=run_20260928_232050_380299_7a0258 | brand=Lyra | page=6 | route=https://www.myntra.com/tights?f=Brand%3ALYRA | seen=250 | expected=1095
2026-09-28 23:29:42 | INFO    | LISTING   | Listing Lyra route https://www.myntra.com/tights?f=Brand%3ALYRA page 7 -> https://www.myntra.com/gateway/v4/search/tights?f=Brand%3ALYRA&rows=50&o=300&plaEnabled=false&xdEnabled=false&isFacet=true&p=7 | run_id=run_20260928_232050_380299_7a0258 | brand=Lyra | page=7 | route=https://www.myntra.com/tights?f=Brand%3ALYRA | seen=300 | expected=1095
2026-09-28 23:29:42 | INFO    | LISTING   | Listing Lyra route https://www.myntra.com/tights?f=Brand%3ALYRA page 8 -> https://www.myntra.com/gateway/v4/search/tights?f=Brand%3ALYRA&rows=50&o=350&plaEnabled=false&xdEnabled=false&isFacet=true&p=8 | run_id=run_20260928_232050_380299_7a0258 | brand=Lyra | page=8 | route=https://www.myntra.com/tights?f=Brand%3ALYRA | seen=350 | expected=1095
2026-09-28 23:29:43 | INFO    | LISTING   | Listing Lyra route https://www.myntra.com/tights?f=Brand%3ALYRA page 9 -> https://www.myntra.com/gateway/v4/search/tights?f=Brand%3ALYRA&rows=50&o=400&plaEnabled=false&xdEnabled=false&isFacet=true&p=9 | run_id=run_20260928_232050_380299_7a0258 | brand=Lyra | page=9 | route=https://www.myntra.com/tights?f=Brand%3ALYRA | seen=400 | expected=1095
2026-09-28 23:29:44 | INFO    | LISTING   | Listing Lyra route https://www.myntra.com/tights?f=Brand%3ALYRA page 10 -> https://www.myntra.com/gateway/v4/search/tights?f=Brand%3ALYRA&rows=50&o=450&plaEnabled=false&xdEnabled=false&isFacet=true&p=10 | run_id=run_20260928_232050_380299_7a0258 | brand=Lyra | page=10 | route=https://www.myntra.com/tights?f=Brand%3ALYRA | seen=450 | expected=1095
2026-09-28 23:29:44 | INFO    | LISTING   | Listing Lyra route https://www.myntra.com/tights?f=Brand%3ALYRA page 11 -> https://www.myntra.com/gateway/v4/search/tights?f=Brand%3ALYRA&rows=50&o=500&plaEnabled=false&xdEnabled=false&isFacet=true&p=11 | run_id=run_20260928_232050_380299_7a0258 | brand=Lyra | page=11 | route=https://www.myntra.com/tights?f=Brand%3ALYRA | seen=500 | expected=1095
2026-09-28 23:29:45 | INFO    | LISTING   | Listing Lyra route https://www.myntra.com/tights?f=Brand%3ALYRA page 12 -> https://www.myntra.com/gateway/v4/search/tights?f=Brand%3ALYRA&rows=50&o=550&plaEnabled=false&xdEnabled=false&isFacet=true&p=12 | run_id=run_20260928_232050_380299_7a0258 | brand=Lyra | page=12 | route=https://www.myntra.com/tights?f=Brand%3ALYRA | seen=550 | expected=1095
2026-09-28 23:29:46 | INFO    | LISTING   | Listing Lyra route https://www.myntra.com/tights?f=Brand%3ALYRA page 13 -> https://www.myntra.com/gateway/v4/search/tights?f=Brand%3ALYRA&rows=50&o=600&plaEnabled=false&xdEnabled=false&isFacet=true&p=13 | run_id=run_20260928_232050_380299_7a0258 | brand=Lyra | page=13 | route=https://www.myntra.com/tights?f=Brand%3ALYRA | seen=600 | expected=1095
2026-09-28 23:29:46 | INFO    | LISTING   | Listing Lyra route https://www.myntra.com/tights?f=Brand%3ALYRA page 14 -> https://www.myntra.com/gateway/v4/search/tights?f=Brand%3ALYRA&rows=50&o=650&plaEnabled=false&xdEnabled=false&isFacet=true&p=14 | run_id=run_20260928_232050_380299_7a0258 | brand=Lyra | page=14 | route=https://www.myntra.com/tights?f=Brand%3ALYRA | seen=650 | expected=1095
2026-09-28 23:29:47 | INFO    | LISTING   | Listing Lyra route https://www.myntra.com/tights?f=Brand%3ALYRA page 15 -> https://www.myntra.com/gateway/v4/search/tights?f=Brand%3ALYRA&rows=50&o=700&plaEnabled=false&xdEnabled=false&isFacet=true&p=15 | run_id=run_20260928_232050_380299_7a0258 | brand=Lyra | page=15 | route=https://www.myntra.com/tights?f=Brand%3ALYRA | seen=700 | expected=1095
2026-09-28 23:29:48 | INFO    | LISTING   | Listing Lyra route https://www.myntra.com/tights?f=Brand%3ALYRA page 16 -> https://www.myntra.com/gateway/v4/search/tights?f=Brand%3ALYRA&rows=50&o=750&plaEnabled=false&xdEnabled=false&isFacet=true&p=16 | run_id=run_20260928_232050_380299_7a0258 | brand=Lyra | page=16 | route=https://www.myntra.com/tights?f=Brand%3ALYRA | seen=750 | expected=1095
2026-09-28 23:29:49 | INFO    | LISTING   | Listing Lyra route https://www.myntra.com/tights?f=Brand%3ALYRA page 17 -> https://www.myntra.com/gateway/v4/search/tights?f=Brand%3ALYRA&rows=50&o=800&plaEnabled=false&xdEnabled=false&isFacet=true&p=17 | run_id=run_20260928_232050_380299_7a0258 | brand=Lyra | page=17 | route=https://www.myntra.com/tights?f=Brand%3ALYRA | seen=800 | expected=1095
2026-09-28 23:29:49 | INFO    | LISTING   | Listing Lyra route https://www.myntra.com/tights?f=Brand%3ALYRA page 18 -> https://www.myntra.com/gateway/v4/search/tights?f=Brand%3ALYRA&rows=50&o=850&plaEnabled=false&xdEnabled=false&isFacet=true&p=18 | run_id=run_20260928_232050_380299_7a0258 | brand=Lyra | page=18 | route=https://www.myntra.com/tights?f=Brand%3ALYRA | seen=850 | expected=1095
2026-09-28 23:29:50 | INFO    | LISTING   | Listing Lyra route https://www.myntra.com/tights?f=Brand%3ALYRA page 19 -> https://www.myntra.com/gateway/v4/search/tights?f=Brand%3ALYRA&rows=50&o=900&plaEnabled=false&xdEnabled=false&isFacet=true&p=19 | run_id=run_20260928_232050_380299_7a0258 | brand=Lyra | page=19 | route=https://www.myntra.com/tights?f=Brand%3ALYRA | seen=900 | expected=1095
2026-09-28 23:29:51 | INFO    | LISTING   | Listing Lyra route https://www.myntra.com/tights?f=Brand%3ALYRA page 20 -> https://www.myntra.com/gateway/v4/search/tights?f=Brand%3ALYRA&rows=50&o=950&plaEnabled=false&xdEnabled=false&isFacet=true&p=20 | run_id=run_20260928_232050_380299_7a0258 | brand=Lyra | page=20 | route=https://www.myntra.com/tights?f=Brand%3ALYRA | seen=950 | expected=1095
2026-09-28 23:29:51 | INFO    | LISTING   | Listing Lyra route https://www.myntra.com/tights?f=Brand%3ALYRA page 21 -> https://www.myntra.com/gateway/v4/search/tights?f=Brand%3ALYRA&rows=50&o=1000&plaEnabled=false&xdEnabled=false&isFacet=true&p=21 | run_id=run_20260928_232050_380299_7a0258 | brand=Lyra | page=21 | route=https://www.myntra.com/tights?f=Brand%3ALYRA | seen=1000 | expected=1095
2026-09-28 23:29:52 | INFO    | LISTING   | Listing Lyra route https://www.myntra.com/tights?f=Brand%3ALYRA page 22 -> https://www.myntra.com/gateway/v4/search/tights?f=Brand%3ALYRA&rows=50&o=1050&plaEnabled=false&xdEnabled=false&isFacet=true&p=22 | run_id=run_20260928_232050_380299_7a0258 | brand=Lyra | page=22 | route=https://www.myntra.com/tights?f=Brand%3ALYRA | seen=1050 | expected=1095
2026-09-28 23:29:53 | INFO    | LISTING   | Listing Lyra route https://www.myntra.com/tights?f=Brand%3ALYRA page 23 -> https://www.myntra.com/gateway/v4/search/tights?f=Brand%3ALYRA&rows=50&o=1100&plaEnabled=false&xdEnabled=false&isFacet=true&p=23 | run_id=run_20260928_232050_380299_7a0258 | brand=Lyra | page=23 | route=https://www.myntra.com/tights?f=Brand%3ALYRA | seen=1095 | expected=1095
2026-09-28 23:29:53 | WARNING | LISTING   | Empty listing page for Lyra on page 23 before expected end; continuing. | run_id=run_20260928_232050_380299_7a0258 | brand=Lyra | page=23 | route=https://www.myntra.com/tights?f=Brand%3ALYRA
2026-09-28 23:29:53 | INFO    | LISTING   | Listing Lyra route https://www.myntra.com/tights?f=Brand%3ALYRA page 24 -> https://www.myntra.com/gateway/v4/search/tights?f=Brand%3ALYRA&rows=50&o=1150&plaEnabled=false&xdEnabled=false&isFacet=true&p=24 | run_id=run_20260928_232050_380299_7a0258 | brand=Lyra | page=24 | route=https://www.myntra.com/tights?f=Brand%3ALYRA | seen=1095 | expected=1095
2026-09-28 23:29:54 | WARNING | NETWORK   | JSON request failed for https://www.myntra.com/gateway/v4/search/tights?f=Brand%3ALYRA&rows=50&o=1150&plaEnabled=false&xdEnabled=false&isFacet=true&p=24 on attempt 1/3: HTTP Error 400:  | run_id=run_20260928_232050_380299_7a0258 | route=https://www.myntra.com/gateway/v4/search/tights?f=Brand%3ALYRA&rows=50&o=1150&plaEnabled=false&xdEnabled=false&isFacet=true&p=24 | attempt=1/3
2026-09-28 23:29:55 | WARNING | NETWORK   | JSON request failed for https://www.myntra.com/gateway/v4/search/tights?f=Brand%3ALYRA&rows=50&o=1150&plaEnabled=false&xdEnabled=false&isFacet=true&p=24 on attempt 2/3: HTTP Error 400:  | run_id=run_20260928_232050_380299_7a0258 | route=https://www.myntra.com/gateway/v4/search/tights?f=Brand%3ALYRA&rows=50&o=1150&plaEnabled=false&xdEnabled=false&isFacet=true&p=24 | attempt=2/3
2026-09-28 23:29:58 | WARNING | NETWORK   | JSON request failed for https://www.myntra.com/gateway/v4/search/tights?f=Brand%3ALYRA&rows=50&o=1150&plaEnabled=false&xdEnabled=false&isFacet=true&p=24 on attempt 3/3: HTTP Error 400:  | run_id=run_20260928_232050_380299_7a0258 | route=https://www.myntra.com/gateway/v4/search/tights?f=Brand%3ALYRA&rows=50&o=1150&plaEnabled=false&xdEnabled=false&isFacet=true&p=24 | attempt=3/3
2026-09-28 23:29:59 | WARNING | NETWORK   | JSON request failed for https://www.myntra.com/gateway/v4/search/tights?f=Brand%3ALYRA&rows=50&o=1149&plaEnabled=false&xdEnabled=false&isFacet=true&p=24 on attempt 1/3: HTTP Error 400:  | run_id=run_20260928_232050_380299_7a0258 | route=https://www.myntra.com/gateway/v4/search/tights?f=Brand%3ALYRA&rows=50&o=1149&plaEnabled=false&xdEnabled=false&isFacet=true&p=24 | attempt=1/3
2026-09-28 23:30:00 | WARNING | NETWORK   | JSON request failed for https://www.myntra.com/gateway/v4/search/tights?f=Brand%3ALYRA&rows=50&o=1149&plaEnabled=false&xdEnabled=false&isFacet=true&p=24 on attempt 2/3: HTTP Error 400:  | run_id=run_20260928_232050_380299_7a0258 | route=https://www.myntra.com/gateway/v4/search/tights?f=Brand%3ALYRA&rows=50&o=1149&plaEnabled=false&xdEnabled=false&isFacet=true&p=24 | attempt=2/3
2026-09-28 23:30:03 | WARNING | NETWORK   | JSON request failed for https://www.myntra.com/gateway/v4/search/tights?f=Brand%3ALYRA&rows=50&o=1149&plaEnabled=false&xdEnabled=false&isFacet=true&p=24 on attempt 3/3: HTTP Error 400:  | run_id=run_20260928_232050_380299_7a0258 | route=https://www.myntra.com/gateway/v4/search/tights?f=Brand%3ALYRA&rows=50&o=1149&plaEnabled=false&xdEnabled=false&isFacet=true&p=24 | attempt=3/3
2026-09-28 23:30:03 | WARNING | LISTING   | Route fetch failed for https://www.myntra.com/tights?f=Brand%3ALYRA page 24 (Failed to fetch JSON payload from https://www.myntra.com/gateway/v4/search/tights?f=Brand%3ALYRA&rows=50&o=1149&plaEnabled=false&xdEnabled=false&isFacet=true&p=24: HTTP Error 400: ). Will retry with another pass or fallback route. | run_id=run_20260928_232050_380299_7a0258 | brand=Lyra | page=24 | route=https://www.myntra.com/tights?f=Brand%3ALYRA
2026-09-28 23:30:03 | INFO    | BRAND     | Skipping redundant route https://www.myntra.com/briefs?f=Brand%3ALYRA for Lyra (100% of first page already captured). | run_id=run_20260928_232050_380299_7a0258 | brand=Lyra | route=https://www.myntra.com/briefs?f=Brand%3ALYRA
2026-09-28 23:30:03 | INFO    | BRAND     | Skipping redundant route https://www.myntra.com/panties?f=Brand%3ALYRA for Lyra (100% of first page already captured). | run_id=run_20260928_232050_380299_7a0258 | brand=Lyra | route=https://www.myntra.com/panties?f=Brand%3ALYRA
2026-09-28 23:30:03 | INFO    | BRAND     | Skipping redundant route https://www.myntra.com/shapewear?f=Brand%3ALYRA for Lyra (100% of first page already captured). | run_id=run_20260928_232050_380299_7a0258 | brand=Lyra | route=https://www.myntra.com/shapewear?f=Brand%3ALYRA
2026-09-28 23:30:03 | INFO    | BRAND     | Skipping redundant route https://www.myntra.com/camisoles?f=Brand%3ALYRA for Lyra (100% of first page already captured). | run_id=run_20260928_232050_380299_7a0258 | brand=Lyra | route=https://www.myntra.com/camisoles?f=Brand%3ALYRA
2026-09-28 23:30:03 | INFO    | BRAND     | Skipping redundant route https://www.myntra.com/slips?f=Brand%3ALYRA for Lyra (100% of first page already captured). | run_id=run_20260928_232050_380299_7a0258 | brand=Lyra | route=https://www.myntra.com/slips?f=Brand%3ALYRA
2026-09-28 23:30:03 | INFO    | BRAND     | Skipping redundant route https://www.myntra.com/myntra?f=Brand%3ALYRA for Lyra (100% of first page already captured). | run_id=run_20260928_232050_380299_7a0258 | brand=Lyra | route=https://www.myntra.com/myntra?f=Brand%3ALYRA
2026-09-28 23:30:03 | WARNING | BRAND     | Brand Lyra finished below expected count: saw 2608 unique shirts products vs expected 2955. | run_id=run_20260928_232050_380299_7a0258 | brand=Lyra | seen=2608 | expected=2955
2026-09-28 23:30:03 | INFO    | BRAND     | Brand scrape completed in 1m 16s (2057.37 products/min). | run_id=run_20260928_232050_380299_7a0258 | brand=Lyra | status=COMPLETED | saved=2608 | seen=2608 | expected=2955 | elapsed_label=1m 16s | products_per_minute=2057.37
2026-09-28 23:30:03 | INFO    | AUDIT     | Audit retry completed for Lyra: saved=163, shortfall_before=510 | run_id=run_20260928_232050_380299_7a0258 | brand=Lyra | saved=163
2026-09-28 23:30:03 | WARNING | AUDIT     | Audit pass 2 found 2 incomplete brands; retrying them: Missy, Lyra | run_id=run_20260928_232050_380299_7a0258 | attempt=2
2026-09-28 23:30:03 | INFO    | BRAND     | Resolving brand routes. | run_id=run_20260928_232050_380299_7a0258 | brand=Missy
2026-09-28 23:30:12 | INFO    | BRAND     | Resolved Missy -> 10 routes (best brand total=2175): https://www.myntra.com/bra?f=Brand%3ADollar%20Missy, https://www.myntra.com/innerwear?f=Brand%3ADollar%20Missy, https://www.myntra.com/tights?f=Brand%3ADollar%20Missy, https://www.myntra.com/camisoles?f=Brand%3ADollar%20Missy, https://www.myntra.com/slips?f=Brand%3ADollar%20Missy, https://www.myntra.com/panties?f=Brand%3ADollar%20Missy, https://www.myntra.com/briefs?f=Brand%3ADollar%20Missy, https://www.myntra.com/myntra?f=Brand%3ADollar%20Missy, https://www.myntra.com/shapewear?f=Brand%3ADollar%20Missy, https://www.myntra.com/myntra?f=Brand%3AMISSY | run_id=run_20260928_232050_380299_7a0258 | brand=Missy | expected=2175
2026-09-28 23:30:12 | INFO    | BRAND     | Starting brand scrape. | run_id=run_20260928_232050_380299_7a0258 | brand=Missy | expected=2420
2026-09-28 23:30:12 | INFO    | LISTING   | Listing Missy route https://www.myntra.com/bra?f=Brand%3ADollar%20Missy page 1 -> https://www.myntra.com/gateway/v4/search/bra?f=Brand%3ADollar+Missy&rows=50&o=0&plaEnabled=false&xdEnabled=false&isFacet=true&p=1 | run_id=run_20260928_232050_380299_7a0258 | brand=Missy | page=1 | route=https://www.myntra.com/bra?f=Brand%3ADollar%20Missy | seen=0 | expected=490
2026-09-28 23:30:14 | INFO    | LISTING   | Listing Missy route https://www.myntra.com/bra?f=Brand%3ADollar%20Missy page 2 -> https://www.myntra.com/gateway/v4/search/bra?f=Brand%3ADollar+Missy&rows=50&o=50&plaEnabled=false&xdEnabled=false&isFacet=true&p=2 | run_id=run_20260928_232050_380299_7a0258 | brand=Missy | page=2 | route=https://www.myntra.com/bra?f=Brand%3ADollar%20Missy | seen=50 | expected=490
2026-09-28 23:30:15 | INFO    | LISTING   | Listing Missy route https://www.myntra.com/bra?f=Brand%3ADollar%20Missy page 3 -> https://www.myntra.com/gateway/v4/search/bra?f=Brand%3ADollar+Missy&rows=50&o=100&plaEnabled=false&xdEnabled=false&isFacet=true&p=3 | run_id=run_20260928_232050_380299_7a0258 | brand=Missy | page=3 | route=https://www.myntra.com/bra?f=Brand%3ADollar%20Missy | seen=100 | expected=490
2026-09-28 23:30:15 | INFO    | LISTING   | Listing Missy route https://www.myntra.com/bra?f=Brand%3ADollar%20Missy page 4 -> https://www.myntra.com/gateway/v4/search/bra?f=Brand%3ADollar+Missy&rows=50&o=150&plaEnabled=false&xdEnabled=false&isFacet=true&p=4 | run_id=run_20260928_232050_380299_7a0258 | brand=Missy | page=4 | route=https://www.myntra.com/bra?f=Brand%3ADollar%20Missy | seen=150 | expected=490
2026-09-28 23:30:16 | INFO    | LISTING   | Listing Missy route https://www.myntra.com/bra?f=Brand%3ADollar%20Missy page 5 -> https://www.myntra.com/gateway/v4/search/bra?f=Brand%3ADollar+Missy&rows=50&o=200&plaEnabled=false&xdEnabled=false&isFacet=true&p=5 | run_id=run_20260928_232050_380299_7a0258 | brand=Missy | page=5 | route=https://www.myntra.com/bra?f=Brand%3ADollar%20Missy | seen=200 | expected=490
2026-09-28 23:30:17 | INFO    | LISTING   | Listing Missy route https://www.myntra.com/bra?f=Brand%3ADollar%20Missy page 6 -> https://www.myntra.com/gateway/v4/search/bra?f=Brand%3ADollar+Missy&rows=50&o=250&plaEnabled=false&xdEnabled=false&isFacet=true&p=6 | run_id=run_20260928_232050_380299_7a0258 | brand=Missy | page=6 | route=https://www.myntra.com/bra?f=Brand%3ADollar%20Missy | seen=250 | expected=490
2026-09-28 23:30:17 | INFO    | LISTING   | Listing Missy route https://www.myntra.com/bra?f=Brand%3ADollar%20Missy page 7 -> https://www.myntra.com/gateway/v4/search/bra?f=Brand%3ADollar+Missy&rows=50&o=300&plaEnabled=false&xdEnabled=false&isFacet=true&p=7 | run_id=run_20260928_232050_380299_7a0258 | brand=Missy | page=7 | route=https://www.myntra.com/bra?f=Brand%3ADollar%20Missy | seen=300 | expected=490
2026-09-28 23:30:18 | INFO    | LISTING   | Listing Missy route https://www.myntra.com/bra?f=Brand%3ADollar%20Missy page 8 -> https://www.myntra.com/gateway/v4/search/bra?f=Brand%3ADollar+Missy&rows=50&o=350&plaEnabled=false&xdEnabled=false&isFacet=true&p=8 | run_id=run_20260928_232050_380299_7a0258 | brand=Missy | page=8 | route=https://www.myntra.com/bra?f=Brand%3ADollar%20Missy | seen=350 | expected=490
2026-09-28 23:30:19 | INFO    | LISTING   | Listing Missy route https://www.myntra.com/bra?f=Brand%3ADollar%20Missy page 9 -> https://www.myntra.com/gateway/v4/search/bra?f=Brand%3ADollar+Missy&rows=50&o=400&plaEnabled=false&xdEnabled=false&isFacet=true&p=9 | run_id=run_20260928_232050_380299_7a0258 | brand=Missy | page=9 | route=https://www.myntra.com/bra?f=Brand%3ADollar%20Missy | seen=400 | expected=490
2026-09-28 23:30:19 | INFO    | LISTING   | Listing Missy route https://www.myntra.com/bra?f=Brand%3ADollar%20Missy page 10 -> https://www.myntra.com/gateway/v4/search/bra?f=Brand%3ADollar+Missy&rows=50&o=450&plaEnabled=false&xdEnabled=false&isFacet=true&p=10 | run_id=run_20260928_232050_380299_7a0258 | brand=Missy | page=10 | route=https://www.myntra.com/bra?f=Brand%3ADollar%20Missy | seen=450 | expected=490
2026-09-28 23:30:20 | INFO    | LISTING   | Listing Missy route https://www.myntra.com/bra?f=Brand%3ADollar%20Missy page 11 -> https://www.myntra.com/gateway/v4/search/bra?f=Brand%3ADollar+Missy&rows=50&o=500&plaEnabled=false&xdEnabled=false&isFacet=true&p=11 | run_id=run_20260928_232050_380299_7a0258 | brand=Missy | page=11 | route=https://www.myntra.com/bra?f=Brand%3ADollar%20Missy | seen=490 | expected=490
2026-09-28 23:30:20 | WARNING | LISTING   | Empty listing page for Missy on page 11 before expected end; continuing. | run_id=run_20260928_232050_380299_7a0258 | brand=Missy | page=11 | route=https://www.myntra.com/bra?f=Brand%3ADollar%20Missy
2026-09-28 23:30:20 | INFO    | LISTING   | Listing Missy route https://www.myntra.com/bra?f=Brand%3ADollar%20Missy page 12 -> https://www.myntra.com/gateway/v4/search/bra?f=Brand%3ADollar+Missy&rows=50&o=550&plaEnabled=false&xdEnabled=false&isFacet=true&p=12 | run_id=run_20260928_232050_380299_7a0258 | brand=Missy | page=12 | route=https://www.myntra.com/bra?f=Brand%3ADollar%20Missy | seen=490 | expected=490
2026-09-28 23:30:21 | WARNING | NETWORK   | JSON request failed for https://www.myntra.com/gateway/v4/search/bra?f=Brand%3ADollar+Missy&rows=50&o=550&plaEnabled=false&xdEnabled=false&isFacet=true&p=12 on attempt 1/3: HTTP Error 400:  | run_id=run_20260928_232050_380299_7a0258 | route=https://www.myntra.com/gateway/v4/search/bra?f=Brand%3ADollar+Missy&rows=50&o=550&plaEnabled=false&xdEnabled=false&isFacet=true&p=12 | attempt=1/3
2026-09-28 23:30:23 | WARNING | NETWORK   | JSON request failed for https://www.myntra.com/gateway/v4/search/bra?f=Brand%3ADollar+Missy&rows=50&o=550&plaEnabled=false&xdEnabled=false&isFacet=true&p=12 on attempt 2/3: HTTP Error 400:  | run_id=run_20260928_232050_380299_7a0258 | route=https://www.myntra.com/gateway/v4/search/bra?f=Brand%3ADollar+Missy&rows=50&o=550&plaEnabled=false&xdEnabled=false&isFacet=true&p=12 | attempt=2/3
2026-09-28 23:30:26 | WARNING | NETWORK   | JSON request failed for https://www.myntra.com/gateway/v4/search/bra?f=Brand%3ADollar+Missy&rows=50&o=550&plaEnabled=false&xdEnabled=false&isFacet=true&p=12 on attempt 3/3: HTTP Error 400:  | run_id=run_20260928_232050_380299_7a0258 | route=https://www.myntra.com/gateway/v4/search/bra?f=Brand%3ADollar+Missy&rows=50&o=550&plaEnabled=false&xdEnabled=false&isFacet=true&p=12 | attempt=3/3
2026-09-28 23:30:26 | WARNING | NETWORK   | JSON request failed for https://www.myntra.com/gateway/v4/search/bra?f=Brand%3ADollar+Missy&rows=50&o=549&plaEnabled=false&xdEnabled=false&isFacet=true&p=12 on attempt 1/3: HTTP Error 400:  | run_id=run_20260928_232050_380299_7a0258 | route=https://www.myntra.com/gateway/v4/search/bra?f=Brand%3ADollar+Missy&rows=50&o=549&plaEnabled=false&xdEnabled=false&isFacet=true&p=12 | attempt=1/3
2026-09-28 23:30:28 | WARNING | NETWORK   | JSON request failed for https://www.myntra.com/gateway/v4/search/bra?f=Brand%3ADollar+Missy&rows=50&o=549&plaEnabled=false&xdEnabled=false&isFacet=true&p=12 on attempt 2/3: HTTP Error 400:  | run_id=run_20260928_232050_380299_7a0258 | route=https://www.myntra.com/gateway/v4/search/bra?f=Brand%3ADollar+Missy&rows=50&o=549&plaEnabled=false&xdEnabled=false&isFacet=true&p=12 | attempt=2/3
2026-09-28 23:30:30 | WARNING | NETWORK   | JSON request failed for https://www.myntra.com/gateway/v4/search/bra?f=Brand%3ADollar+Missy&rows=50&o=549&plaEnabled=false&xdEnabled=false&isFacet=true&p=12 on attempt 3/3: HTTP Error 400:  | run_id=run_20260928_232050_380299_7a0258 | route=https://www.myntra.com/gateway/v4/search/bra?f=Brand%3ADollar+Missy&rows=50&o=549&plaEnabled=false&xdEnabled=false&isFacet=true&p=12 | attempt=3/3
2026-09-28 23:30:31 | WARNING | LISTING   | Route fetch failed for https://www.myntra.com/bra?f=Brand%3ADollar%20Missy page 12 (Failed to fetch JSON payload from https://www.myntra.com/gateway/v4/search/bra?f=Brand%3ADollar+Missy&rows=50&o=549&plaEnabled=false&xdEnabled=false&isFacet=true&p=12: HTTP Error 400: ). Will retry with another pass or fallback route. | run_id=run_20260928_232050_380299_7a0258 | brand=Missy | page=12 | route=https://www.myntra.com/bra?f=Brand%3ADollar%20Missy
2026-09-28 23:30:31 | INFO    | LISTING   | Listing Missy route https://www.myntra.com/innerwear?f=Brand%3ADollar%20Missy page 1 -> https://www.myntra.com/gateway/v4/search/innerwear?f=Brand%3ADollar+Missy&rows=50&o=0&plaEnabled=false&xdEnabled=false&isFacet=true&p=1 | run_id=run_20260928_232050_380299_7a0258 | brand=Missy | page=1 | route=https://www.myntra.com/innerwear?f=Brand%3ADollar%20Missy | seen=0 | expected=984
2026-09-28 23:30:32 | INFO    | LISTING   | Listing Missy route https://www.myntra.com/innerwear?f=Brand%3ADollar%20Missy page 2 -> https://www.myntra.com/gateway/v4/search/innerwear?f=Brand%3ADollar+Missy&rows=50&o=50&plaEnabled=false&xdEnabled=false&isFacet=true&p=2 | run_id=run_20260928_232050_380299_7a0258 | brand=Missy | page=2 | route=https://www.myntra.com/innerwear?f=Brand%3ADollar%20Missy | seen=50 | expected=984
2026-09-28 23:30:32 | INFO    | LISTING   | Listing Missy route https://www.myntra.com/innerwear?f=Brand%3ADollar%20Missy page 3 -> https://www.myntra.com/gateway/v4/search/innerwear?f=Brand%3ADollar+Missy&rows=50&o=100&plaEnabled=false&xdEnabled=false&isFacet=true&p=3 | run_id=run_20260928_232050_380299_7a0258 | brand=Missy | page=3 | route=https://www.myntra.com/innerwear?f=Brand%3ADollar%20Missy | seen=100 | expected=984
2026-09-28 23:30:33 | INFO    | LISTING   | Listing Missy route https://www.myntra.com/innerwear?f=Brand%3ADollar%20Missy page 4 -> https://www.myntra.com/gateway/v4/search/innerwear?f=Brand%3ADollar+Missy&rows=50&o=150&plaEnabled=false&xdEnabled=false&isFacet=true&p=4 | run_id=run_20260928_232050_380299_7a0258 | brand=Missy | page=4 | route=https://www.myntra.com/innerwear?f=Brand%3ADollar%20Missy | seen=150 | expected=984
2026-09-28 23:30:34 | INFO    | LISTING   | Listing Missy route https://www.myntra.com/innerwear?f=Brand%3ADollar%20Missy page 5 -> https://www.myntra.com/gateway/v4/search/innerwear?f=Brand%3ADollar+Missy&rows=50&o=200&plaEnabled=false&xdEnabled=false&isFacet=true&p=5 | run_id=run_20260928_232050_380299_7a0258 | brand=Missy | page=5 | route=https://www.myntra.com/innerwear?f=Brand%3ADollar%20Missy | seen=200 | expected=984
2026-09-28 23:30:34 | INFO    | LISTING   | Listing Missy route https://www.myntra.com/innerwear?f=Brand%3ADollar%20Missy page 6 -> https://www.myntra.com/gateway/v4/search/innerwear?f=Brand%3ADollar+Missy&rows=50&o=250&plaEnabled=false&xdEnabled=false&isFacet=true&p=6 | run_id=run_20260928_232050_380299_7a0258 | brand=Missy | page=6 | route=https://www.myntra.com/innerwear?f=Brand%3ADollar%20Missy | seen=250 | expected=984
2026-09-28 23:30:35 | INFO    | LISTING   | Listing Missy route https://www.myntra.com/innerwear?f=Brand%3ADollar%20Missy page 7 -> https://www.myntra.com/gateway/v4/search/innerwear?f=Brand%3ADollar+Missy&rows=50&o=300&plaEnabled=false&xdEnabled=false&isFacet=true&p=7 | run_id=run_20260928_232050_380299_7a0258 | brand=Missy | page=7 | route=https://www.myntra.com/innerwear?f=Brand%3ADollar%20Missy | seen=300 | expected=984
2026-09-28 23:30:36 | INFO    | LISTING   | Listing Missy route https://www.myntra.com/innerwear?f=Brand%3ADollar%20Missy page 8 -> https://www.myntra.com/gateway/v4/search/innerwear?f=Brand%3ADollar+Missy&rows=50&o=350&plaEnabled=false&xdEnabled=false&isFacet=true&p=8 | run_id=run_20260928_232050_380299_7a0258 | brand=Missy | page=8 | route=https://www.myntra.com/innerwear?f=Brand%3ADollar%20Missy | seen=350 | expected=984
2026-09-28 23:30:36 | INFO    | LISTING   | Listing Missy route https://www.myntra.com/innerwear?f=Brand%3ADollar%20Missy page 9 -> https://www.myntra.com/gateway/v4/search/innerwear?f=Brand%3ADollar+Missy&rows=50&o=400&plaEnabled=false&xdEnabled=false&isFacet=true&p=9 | run_id=run_20260928_232050_380299_7a0258 | brand=Missy | page=9 | route=https://www.myntra.com/innerwear?f=Brand%3ADollar%20Missy | seen=400 | expected=984
2026-09-28 23:30:37 | INFO    | LISTING   | Listing Missy route https://www.myntra.com/innerwear?f=Brand%3ADollar%20Missy page 10 -> https://www.myntra.com/gateway/v4/search/innerwear?f=Brand%3ADollar+Missy&rows=50&o=450&plaEnabled=false&xdEnabled=false&isFacet=true&p=10 | run_id=run_20260928_232050_380299_7a0258 | brand=Missy | page=10 | route=https://www.myntra.com/innerwear?f=Brand%3ADollar%20Missy | seen=450 | expected=984
2026-09-28 23:30:38 | INFO    | LISTING   | Listing Missy route https://www.myntra.com/innerwear?f=Brand%3ADollar%20Missy page 11 -> https://www.myntra.com/gateway/v4/search/innerwear?f=Brand%3ADollar+Missy&rows=50&o=500&plaEnabled=false&xdEnabled=false&isFacet=true&p=11 | run_id=run_20260928_232050_380299_7a0258 | brand=Missy | page=11 | route=https://www.myntra.com/innerwear?f=Brand%3ADollar%20Missy | seen=500 | expected=984
2026-09-28 23:30:38 | INFO    | LISTING   | Listing Missy route https://www.myntra.com/innerwear?f=Brand%3ADollar%20Missy page 12 -> https://www.myntra.com/gateway/v4/search/innerwear?f=Brand%3ADollar+Missy&rows=50&o=550&plaEnabled=false&xdEnabled=false&isFacet=true&p=12 | run_id=run_20260928_232050_380299_7a0258 | brand=Missy | page=12 | route=https://www.myntra.com/innerwear?f=Brand%3ADollar%20Missy | seen=550 | expected=984
2026-09-28 23:30:39 | INFO    | LISTING   | Listing Missy route https://www.myntra.com/innerwear?f=Brand%3ADollar%20Missy page 13 -> https://www.myntra.com/gateway/v4/search/innerwear?f=Brand%3ADollar+Missy&rows=50&o=600&plaEnabled=false&xdEnabled=false&isFacet=true&p=13 | run_id=run_20260928_232050_380299_7a0258 | brand=Missy | page=13 | route=https://www.myntra.com/innerwear?f=Brand%3ADollar%20Missy | seen=600 | expected=984
2026-09-28 23:30:40 | INFO    | LISTING   | Listing Missy route https://www.myntra.com/innerwear?f=Brand%3ADollar%20Missy page 14 -> https://www.myntra.com/gateway/v4/search/innerwear?f=Brand%3ADollar+Missy&rows=50&o=650&plaEnabled=false&xdEnabled=false&isFacet=true&p=14 | run_id=run_20260928_232050_380299_7a0258 | brand=Missy | page=14 | route=https://www.myntra.com/innerwear?f=Brand%3ADollar%20Missy | seen=650 | expected=984
2026-09-28 23:30:40 | INFO    | LISTING   | Listing Missy route https://www.myntra.com/innerwear?f=Brand%3ADollar%20Missy page 15 -> https://www.myntra.com/gateway/v4/search/innerwear?f=Brand%3ADollar+Missy&rows=50&o=700&plaEnabled=false&xdEnabled=false&isFacet=true&p=15 | run_id=run_20260928_232050_380299_7a0258 | brand=Missy | page=15 | route=https://www.myntra.com/innerwear?f=Brand%3ADollar%20Missy | seen=700 | expected=984
2026-09-28 23:30:41 | INFO    | LISTING   | Listing Missy route https://www.myntra.com/innerwear?f=Brand%3ADollar%20Missy page 16 -> https://www.myntra.com/gateway/v4/search/innerwear?f=Brand%3ADollar+Missy&rows=50&o=750&plaEnabled=false&xdEnabled=false&isFacet=true&p=16 | run_id=run_20260928_232050_380299_7a0258 | brand=Missy | page=16 | route=https://www.myntra.com/innerwear?f=Brand%3ADollar%20Missy | seen=750 | expected=984
2026-09-28 23:30:41 | INFO    | LISTING   | Listing Missy route https://www.myntra.com/innerwear?f=Brand%3ADollar%20Missy page 17 -> https://www.myntra.com/gateway/v4/search/innerwear?f=Brand%3ADollar+Missy&rows=50&o=800&plaEnabled=false&xdEnabled=false&isFacet=true&p=17 | run_id=run_20260928_232050_380299_7a0258 | brand=Missy | page=17 | route=https://www.myntra.com/innerwear?f=Brand%3ADollar%20Missy | seen=800 | expected=984
2026-09-28 23:30:42 | INFO    | LISTING   | Listing Missy route https://www.myntra.com/innerwear?f=Brand%3ADollar%20Missy page 18 -> https://www.myntra.com/gateway/v4/search/innerwear?f=Brand%3ADollar+Missy&rows=50&o=850&plaEnabled=false&xdEnabled=false&isFacet=true&p=18 | run_id=run_20260928_232050_380299_7a0258 | brand=Missy | page=18 | route=https://www.myntra.com/innerwear?f=Brand%3ADollar%20Missy | seen=850 | expected=984
2026-09-28 23:30:43 | INFO    | LISTING   | Listing Missy route https://www.myntra.com/innerwear?f=Brand%3ADollar%20Missy page 19 -> https://www.myntra.com/gateway/v4/search/innerwear?f=Brand%3ADollar+Missy&rows=50&o=900&plaEnabled=false&xdEnabled=false&isFacet=true&p=19 | run_id=run_20260928_232050_380299_7a0258 | brand=Missy | page=19 | route=https://www.myntra.com/innerwear?f=Brand%3ADollar%20Missy | seen=900 | expected=984
2026-09-28 23:30:43 | INFO    | LISTING   | Listing Missy route https://www.myntra.com/innerwear?f=Brand%3ADollar%20Missy page 20 -> https://www.myntra.com/gateway/v4/search/innerwear?f=Brand%3ADollar+Missy&rows=50&o=950&plaEnabled=false&xdEnabled=false&isFacet=true&p=20 | run_id=run_20260928_232050_380299_7a0258 | brand=Missy | page=20 | route=https://www.myntra.com/innerwear?f=Brand%3ADollar%20Missy | seen=950 | expected=984
2026-09-28 23:30:44 | INFO    | LISTING   | Listing Missy route https://www.myntra.com/innerwear?f=Brand%3ADollar%20Missy page 21 -> https://www.myntra.com/gateway/v4/search/innerwear?f=Brand%3ADollar+Missy&rows=50&o=1000&plaEnabled=false&xdEnabled=false&isFacet=true&p=21 | run_id=run_20260928_232050_380299_7a0258 | brand=Missy | page=21 | route=https://www.myntra.com/innerwear?f=Brand%3ADollar%20Missy | seen=984 | expected=984
2026-09-28 23:30:44 | WARNING | LISTING   | Empty listing page for Missy on page 21 before expected end; continuing. | run_id=run_20260928_232050_380299_7a0258 | brand=Missy | page=21 | route=https://www.myntra.com/innerwear?f=Brand%3ADollar%20Missy
2026-09-28 23:30:44 | INFO    | LISTING   | Listing Missy route https://www.myntra.com/innerwear?f=Brand%3ADollar%20Missy page 22 -> https://www.myntra.com/gateway/v4/search/innerwear?f=Brand%3ADollar+Missy&rows=50&o=1050&plaEnabled=false&xdEnabled=false&isFacet=true&p=22 | run_id=run_20260928_232050_380299_7a0258 | brand=Missy | page=22 | route=https://www.myntra.com/innerwear?f=Brand%3ADollar%20Missy | seen=984 | expected=984
2026-09-28 23:30:45 | WARNING | NETWORK   | JSON request failed for https://www.myntra.com/gateway/v4/search/innerwear?f=Brand%3ADollar+Missy&rows=50&o=1050&plaEnabled=false&xdEnabled=false&isFacet=true&p=22 on attempt 1/3: HTTP Error 400:  | run_id=run_20260928_232050_380299_7a0258 | route=https://www.myntra.com/gateway/v4/search/innerwear?f=Brand%3ADollar+Missy&rows=50&o=1050&plaEnabled=false&xdEnabled=false&isFacet=true&p=22 | attempt=1/3
2026-09-28 23:30:47 | WARNING | NETWORK   | JSON request failed for https://www.myntra.com/gateway/v4/search/innerwear?f=Brand%3ADollar+Missy&rows=50&o=1050&plaEnabled=false&xdEnabled=false&isFacet=true&p=22 on attempt 2/3: HTTP Error 400:  | run_id=run_20260928_232050_380299_7a0258 | route=https://www.myntra.com/gateway/v4/search/innerwear?f=Brand%3ADollar+Missy&rows=50&o=1050&plaEnabled=false&xdEnabled=false&isFacet=true&p=22 | attempt=2/3
2026-09-28 23:30:49 | WARNING | NETWORK   | JSON request failed for https://www.myntra.com/gateway/v4/search/innerwear?f=Brand%3ADollar+Missy&rows=50&o=1050&plaEnabled=false&xdEnabled=false&isFacet=true&p=22 on attempt 3/3: HTTP Error 400:  | run_id=run_20260928_232050_380299_7a0258 | route=https://www.myntra.com/gateway/v4/search/innerwear?f=Brand%3ADollar+Missy&rows=50&o=1050&plaEnabled=false&xdEnabled=false&isFacet=true&p=22 | attempt=3/3
2026-09-28 23:30:50 | WARNING | NETWORK   | JSON request failed for https://www.myntra.com/gateway/v4/search/innerwear?f=Brand%3ADollar+Missy&rows=50&o=1049&plaEnabled=false&xdEnabled=false&isFacet=true&p=22 on attempt 1/3: HTTP Error 400:  | run_id=run_20260928_232050_380299_7a0258 | route=https://www.myntra.com/gateway/v4/search/innerwear?f=Brand%3ADollar+Missy&rows=50&o=1049&plaEnabled=false&xdEnabled=false&isFacet=true&p=22 | attempt=1/3
    [0;31m✗[0m Scraper timed out after 10 minutes — skipping
  [0;36m→[0m Exporting local DB (hosiery_gtm)...
    [0;32m✓[0m Exported: 19395 sizes | 0 snapshots | units_sold=0 | revenue=₹0.0

[1m[0;36m[7/9] Occasionwear[0m  [2m(Ocassionwear → ocassionwear_gtm :3014)[0m
  [0;36m→[0m Scraping...
2026-09-28 23:30:50 | INFO    | GENERAL   | Pre-loaded 0 existing products from DB into seen cache.
2026-09-28 23:30:51 | INFO    | BRAND     | Resolving brand routes. | run_id=run_20260928_233050_590234_d5dad6 | brand=Manyavar
2026-09-28 23:30:52 | INFO    | BRAND     | Resolved Manyavar -> 2 routes (best brand total=7415): https://www.myntra.com/manyavar?f=Brand%3AManyavar%2CDiwas%20by%20Manyavar, https://www.myntra.com/manyavar | run_id=run_20260928_233050_590234_d5dad6 | brand=Manyavar | expected=7415
2026-09-28 23:30:52 | INFO    | BRAND     | Starting brand scrape. | run_id=run_20260928_233050_590234_d5dad6 | brand=Manyavar | expected=7415
2026-09-28 23:30:52 | INFO    | LISTING   | Listing Manyavar route https://www.myntra.com/manyavar?f=Brand%3AManyavar%2CDiwas%20by%20Manyavar page 1 -> https://www.myntra.com/gateway/v4/search/manyavar?f=Brand%3AManyavar%2CDiwas+by+Manyavar&rows=50&o=0&plaEnabled=false&xdEnabled=false&isFacet=true&p=1 | run_id=run_20260928_233050_590234_d5dad6 | brand=Manyavar | page=1 | route=https://www.myntra.com/manyavar?f=Brand%3AManyavar%2CDiwas%20by%20Manyavar | seen=0 | expected=7415
2026-09-28 23:30:55 | INFO    | PDP       | Processed 50 target products for Manyavar in 3s (1069.23 products/min). | run_id=run_20260928_233050_590234_d5dad6 | brand=Manyavar | saved=50 | elapsed_label=3s | products_per_minute=1069.23
2026-09-28 23:30:56 | INFO    | LISTING   | Listing Manyavar route https://www.myntra.com/manyavar?f=Brand%3AManyavar%2CDiwas%20by%20Manyavar page 2 -> https://www.myntra.com/gateway/v4/search/manyavar?f=Brand%3AManyavar%2CDiwas+by+Manyavar&rows=50&o=50&plaEnabled=false&xdEnabled=false&isFacet=true&p=2 | run_id=run_20260928_233050_590234_d5dad6 | brand=Manyavar | page=2 | route=https://www.myntra.com/manyavar?f=Brand%3AManyavar%2CDiwas%20by%20Manyavar | seen=50 | expected=7415
2026-09-28 23:30:59 | INFO    | PDP       | Processed 50 target products for Manyavar in 3s (1081.43 products/min). | run_id=run_20260928_233050_590234_d5dad6 | brand=Manyavar | saved=50 | elapsed_label=3s | products_per_minute=1081.43
2026-09-28 23:30:59 | INFO    | LISTING   | Listing Manyavar route https://www.myntra.com/manyavar?f=Brand%3AManyavar%2CDiwas%20by%20Manyavar page 3 -> https://www.myntra.com/gateway/v4/search/manyavar?f=Brand%3AManyavar%2CDiwas+by+Manyavar&rows=50&o=100&plaEnabled=false&xdEnabled=false&isFacet=true&p=3 | run_id=run_20260928_233050_590234_d5dad6 | brand=Manyavar | page=3 | route=https://www.myntra.com/manyavar?f=Brand%3AManyavar%2CDiwas%20by%20Manyavar | seen=100 | expected=7415
2026-09-28 23:31:03 | INFO    | PDP       | Processed 50 target products for Manyavar in 3s (1169.94 products/min). | run_id=run_20260928_233050_590234_d5dad6 | brand=Manyavar | saved=50 | elapsed_label=3s | products_per_minute=1169.94
2026-09-28 23:31:03 | INFO    | LISTING   | Listing Manyavar route https://www.myntra.com/manyavar?f=Brand%3AManyavar%2CDiwas%20by%20Manyavar page 4 -> https://www.myntra.com/gateway/v4/search/manyavar?f=Brand%3AManyavar%2CDiwas+by+Manyavar&rows=50&o=150&plaEnabled=false&xdEnabled=false&isFacet=true&p=4 | run_id=run_20260928_233050_590234_d5dad6 | brand=Manyavar | page=4 | route=https://www.myntra.com/manyavar?f=Brand%3AManyavar%2CDiwas%20by%20Manyavar | seen=150 | expected=7415
2026-09-28 23:31:06 | INFO    | PDP       | Processed 50 target products for Manyavar in 3s (1087.78 products/min). | run_id=run_20260928_233050_590234_d5dad6 | brand=Manyavar | saved=50 | elapsed_label=3s | products_per_minute=1087.78
2026-09-28 23:31:07 | INFO    | LISTING   | Listing Manyavar route https://www.myntra.com/manyavar?f=Brand%3AManyavar%2CDiwas%20by%20Manyavar page 5 -> https://www.myntra.com/gateway/v4/search/manyavar?f=Brand%3AManyavar%2CDiwas+by+Manyavar&rows=50&o=200&plaEnabled=false&xdEnabled=false&isFacet=true&p=5 | run_id=run_20260928_233050_590234_d5dad6 | brand=Manyavar | page=5 | route=https://www.myntra.com/manyavar?f=Brand%3AManyavar%2CDiwas%20by%20Manyavar | seen=200 | expected=7415
2026-09-28 23:31:10 | INFO    | PDP       | Processed 50 target products for Manyavar in 3s (1146.6 products/min). | run_id=run_20260928_233050_590234_d5dad6 | brand=Manyavar | saved=50 | elapsed_label=3s | products_per_minute=1146.6
2026-09-28 23:31:10 | INFO    | LISTING   | Listing Manyavar route https://www.myntra.com/manyavar?f=Brand%3AManyavar%2CDiwas%20by%20Manyavar page 6 -> https://www.myntra.com/gateway/v4/search/manyavar?f=Brand%3AManyavar%2CDiwas+by+Manyavar&rows=50&o=250&plaEnabled=false&xdEnabled=false&isFacet=true&p=6 | run_id=run_20260928_233050_590234_d5dad6 | brand=Manyavar | page=6 | route=https://www.myntra.com/manyavar?f=Brand%3AManyavar%2CDiwas%20by%20Manyavar | seen=250 | expected=7415
2026-09-28 23:31:14 | INFO    | PDP       | Processed 50 target products for Manyavar in 3s (1011.22 products/min). | run_id=run_20260928_233050_590234_d5dad6 | brand=Manyavar | saved=50 | elapsed_label=3s | products_per_minute=1011.22
2026-09-28 23:31:14 | INFO    | LISTING   | Listing Manyavar route https://www.myntra.com/manyavar?f=Brand%3AManyavar%2CDiwas%20by%20Manyavar page 7 -> https://www.myntra.com/gateway/v4/search/manyavar?f=Brand%3AManyavar%2CDiwas+by+Manyavar&rows=50&o=300&plaEnabled=false&xdEnabled=false&isFacet=true&p=7 | run_id=run_20260928_233050_590234_d5dad6 | brand=Manyavar | page=7 | route=https://www.myntra.com/manyavar?f=Brand%3AManyavar%2CDiwas%20by%20Manyavar | seen=300 | expected=7415
2026-09-28 23:31:18 | INFO    | PDP       | Processed 50 target products for Manyavar in 3s (935.93 products/min). | run_id=run_20260928_233050_590234_d5dad6 | brand=Manyavar | saved=50 | elapsed_label=3s | products_per_minute=935.93
2026-09-28 23:31:18 | INFO    | LISTING   | Listing Manyavar route https://www.myntra.com/manyavar?f=Brand%3AManyavar%2CDiwas%20by%20Manyavar page 8 -> https://www.myntra.com/gateway/v4/search/manyavar?f=Brand%3AManyavar%2CDiwas+by+Manyavar&rows=50&o=350&plaEnabled=false&xdEnabled=false&isFacet=true&p=8 | run_id=run_20260928_233050_590234_d5dad6 | brand=Manyavar | page=8 | route=https://www.myntra.com/manyavar?f=Brand%3AManyavar%2CDiwas%20by%20Manyavar | seen=350 | expected=7415
2026-09-28 23:31:22 | INFO    | PDP       | Processed 50 target products for Manyavar in 3s (913.06 products/min). | run_id=run_20260928_233050_590234_d5dad6 | brand=Manyavar | saved=50 | elapsed_label=3s | products_per_minute=913.06
2026-09-28 23:31:22 | INFO    | LISTING   | Listing Manyavar route https://www.myntra.com/manyavar?f=Brand%3AManyavar%2CDiwas%20by%20Manyavar page 9 -> https://www.myntra.com/gateway/v4/search/manyavar?f=Brand%3AManyavar%2CDiwas+by+Manyavar&rows=50&o=400&plaEnabled=false&xdEnabled=false&isFacet=true&p=9 | run_id=run_20260928_233050_590234_d5dad6 | brand=Manyavar | page=9 | route=https://www.myntra.com/manyavar?f=Brand%3AManyavar%2CDiwas%20by%20Manyavar | seen=400 | expected=7415
2026-09-28 23:31:26 | INFO    | PDP       | Processed 50 target products for Manyavar in 3s (885.75 products/min). | run_id=run_20260928_233050_590234_d5dad6 | brand=Manyavar | saved=50 | elapsed_label=3s | products_per_minute=885.75
2026-09-28 23:31:26 | INFO    | LISTING   | Listing Manyavar route https://www.myntra.com/manyavar?f=Brand%3AManyavar%2CDiwas%20by%20Manyavar page 10 -> https://www.myntra.com/gateway/v4/search/manyavar?f=Brand%3AManyavar%2CDiwas+by+Manyavar&rows=50&o=450&plaEnabled=false&xdEnabled=false&isFacet=true&p=10 | run_id=run_20260928_233050_590234_d5dad6 | brand=Manyavar | page=10 | route=https://www.myntra.com/manyavar?f=Brand%3AManyavar%2CDiwas%20by%20Manyavar | seen=450 | expected=7415
2026-09-28 23:31:30 | INFO    | PDP       | Processed 49 target products for Manyavar in 3s (1060.83 products/min). | run_id=run_20260928_233050_590234_d5dad6 | brand=Manyavar | saved=49 | elapsed_label=3s | products_per_minute=1060.83
2026-09-28 23:31:30 | INFO    | LISTING   | Listing Manyavar route https://www.myntra.com/manyavar?f=Brand%3AManyavar%2CDiwas%20by%20Manyavar page 11 -> https://www.myntra.com/gateway/v4/search/manyavar?f=Brand%3AManyavar%2CDiwas+by+Manyavar&rows=50&o=500&plaEnabled=false&xdEnabled=false&isFacet=true&p=11 | run_id=run_20260928_233050_590234_d5dad6 | brand=Manyavar | page=11 | route=https://www.myntra.com/manyavar?f=Brand%3AManyavar%2CDiwas%20by%20Manyavar | seen=499 | expected=7415
2026-09-28 23:31:33 | INFO    | PDP       | Processed 49 target products for Manyavar in 3s (1038.11 products/min). | run_id=run_20260928_233050_590234_d5dad6 | brand=Manyavar | saved=49 | elapsed_label=3s | products_per_minute=1038.11
2026-09-28 23:31:34 | INFO    | LISTING   | Listing Manyavar route https://www.myntra.com/manyavar?f=Brand%3AManyavar%2CDiwas%20by%20Manyavar page 12 -> https://www.myntra.com/gateway/v4/search/manyavar?f=Brand%3AManyavar%2CDiwas+by+Manyavar&rows=50&o=550&plaEnabled=false&xdEnabled=false&isFacet=true&p=12 | run_id=run_20260928_233050_590234_d5dad6 | brand=Manyavar | page=12 | route=https://www.myntra.com/manyavar?f=Brand%3AManyavar%2CDiwas%20by%20Manyavar | seen=548 | expected=7415
2026-09-28 23:31:37 | INFO    | PDP       | Processed 50 target products for Manyavar in 3s (1174.23 products/min). | run_id=run_20260928_233050_590234_d5dad6 | brand=Manyavar | saved=50 | elapsed_label=3s | products_per_minute=1174.23
2026-09-28 23:31:37 | INFO    | LISTING   | Listing Manyavar route https://www.myntra.com/manyavar?f=Brand%3AManyavar%2CDiwas%20by%20Manyavar page 13 -> https://www.myntra.com/gateway/v4/search/manyavar?f=Brand%3AManyavar%2CDiwas+by+Manyavar&rows=50&o=600&plaEnabled=false&xdEnabled=false&isFacet=true&p=13 | run_id=run_20260928_233050_590234_d5dad6 | brand=Manyavar | page=13 | route=https://www.myntra.com/manyavar?f=Brand%3AManyavar%2CDiwas%20by%20Manyavar | seen=598 | expected=7415
2026-09-28 23:31:40 | INFO    | PDP       | Processed 50 target products for Manyavar in 2s (1224.89 products/min). | run_id=run_20260928_233050_590234_d5dad6 | brand=Manyavar | saved=50 | elapsed_label=2s | products_per_minute=1224.89
2026-09-28 23:31:40 | INFO    | LISTING   | Listing Manyavar route https://www.myntra.com/manyavar?f=Brand%3AManyavar%2CDiwas%20by%20Manyavar page 14 -> https://www.myntra.com/gateway/v4/search/manyavar?f=Brand%3AManyavar%2CDiwas+by+Manyavar&rows=50&o=650&plaEnabled=false&xdEnabled=false&isFacet=true&p=14 | run_id=run_20260928_233050_590234_d5dad6 | brand=Manyavar | page=14 | route=https://www.myntra.com/manyavar?f=Brand%3AManyavar%2CDiwas%20by%20Manyavar | seen=648 | expected=7415
2026-09-28 23:31:44 | INFO    | PDP       | Processed 50 target products for Manyavar in 3s (1177.76 products/min). | run_id=run_20260928_233050_590234_d5dad6 | brand=Manyavar | saved=50 | elapsed_label=3s | products_per_minute=1177.76
2026-09-28 23:31:44 | INFO    | LISTING   | Listing Manyavar route https://www.myntra.com/manyavar?f=Brand%3AManyavar%2CDiwas%20by%20Manyavar page 15 -> https://www.myntra.com/gateway/v4/search/manyavar?f=Brand%3AManyavar%2CDiwas+by+Manyavar&rows=50&o=700&plaEnabled=false&xdEnabled=false&isFacet=true&p=15 | run_id=run_20260928_233050_590234_d5dad6 | brand=Manyavar | page=15 | route=https://www.myntra.com/manyavar?f=Brand%3AManyavar%2CDiwas%20by%20Manyavar | seen=698 | expected=7415
2026-09-28 23:31:47 | INFO    | PDP       | Processed 49 target products for Manyavar in 3s (1166.57 products/min). | run_id=run_20260928_233050_590234_d5dad6 | brand=Manyavar | saved=49 | elapsed_label=3s | products_per_minute=1166.57
2026-09-28 23:31:47 | INFO    | LISTING   | Listing Manyavar route https://www.myntra.com/manyavar?f=Brand%3AManyavar%2CDiwas%20by%20Manyavar page 16 -> https://www.myntra.com/gateway/v4/search/manyavar?f=Brand%3AManyavar%2CDiwas+by+Manyavar&rows=50&o=750&plaEnabled=false&xdEnabled=false&isFacet=true&p=16 | run_id=run_20260928_233050_590234_d5dad6 | brand=Manyavar | page=16 | route=https://www.myntra.com/manyavar?f=Brand%3AManyavar%2CDiwas%20by%20Manyavar | seen=747 | expected=7415
2026-09-28 23:31:50 | INFO    | PDP       | Processed 50 target products for Manyavar in 2s (1200.1 products/min). | run_id=run_20260928_233050_590234_d5dad6 | brand=Manyavar | saved=50 | elapsed_label=2s | products_per_minute=1200.1
2026-09-28 23:31:51 | INFO    | LISTING   | Listing Manyavar route https://www.myntra.com/manyavar?f=Brand%3AManyavar%2CDiwas%20by%20Manyavar page 17 -> https://www.myntra.com/gateway/v4/search/manyavar?f=Brand%3AManyavar%2CDiwas+by+Manyavar&rows=50&o=800&plaEnabled=false&xdEnabled=false&isFacet=true&p=17 | run_id=run_20260928_233050_590234_d5dad6 | brand=Manyavar | page=17 | route=https://www.myntra.com/manyavar?f=Brand%3AManyavar%2CDiwas%20by%20Manyavar | seen=797 | expected=7415
2026-09-28 23:31:54 | INFO    | PDP       | Processed 50 target products for Manyavar in 3s (1120.44 products/min). | run_id=run_20260928_233050_590234_d5dad6 | brand=Manyavar | saved=50 | elapsed_label=3s | products_per_minute=1120.44
2026-09-28 23:31:54 | INFO    | LISTING   | Listing Manyavar route https://www.myntra.com/manyavar?f=Brand%3AManyavar%2CDiwas%20by%20Manyavar page 18 -> https://www.myntra.com/gateway/v4/search/manyavar?f=Brand%3AManyavar%2CDiwas+by+Manyavar&rows=50&o=850&plaEnabled=false&xdEnabled=false&isFacet=true&p=18 | run_id=run_20260928_233050_590234_d5dad6 | brand=Manyavar | page=18 | route=https://www.myntra.com/manyavar?f=Brand%3AManyavar%2CDiwas%20by%20Manyavar | seen=847 | expected=7415
2026-09-28 23:31:57 | INFO    | PDP       | Processed 50 target products for Manyavar in 3s (1136.33 products/min). | run_id=run_20260928_233050_590234_d5dad6 | brand=Manyavar | saved=50 | elapsed_label=3s | products_per_minute=1136.33
2026-09-28 23:31:58 | INFO    | LISTING   | Listing Manyavar route https://www.myntra.com/manyavar?f=Brand%3AManyavar%2CDiwas%20by%20Manyavar page 19 -> https://www.myntra.com/gateway/v4/search/manyavar?f=Brand%3AManyavar%2CDiwas+by+Manyavar&rows=50&o=900&plaEnabled=false&xdEnabled=false&isFacet=true&p=19 | run_id=run_20260928_233050_590234_d5dad6 | brand=Manyavar | page=19 | route=https://www.myntra.com/manyavar?f=Brand%3AManyavar%2CDiwas%20by%20Manyavar | seen=897 | expected=7415
2026-09-28 23:32:01 | INFO    | PDP       | Processed 50 target products for Manyavar in 3s (1197.7 products/min). | run_id=run_20260928_233050_590234_d5dad6 | brand=Manyavar | saved=50 | elapsed_label=3s | products_per_minute=1197.7
2026-09-28 23:32:01 | INFO    | LISTING   | Listing Manyavar route https://www.myntra.com/manyavar?f=Brand%3AManyavar%2CDiwas%20by%20Manyavar page 20 -> https://www.myntra.com/gateway/v4/search/manyavar?f=Brand%3AManyavar%2CDiwas+by+Manyavar&rows=50&o=950&plaEnabled=false&xdEnabled=false&isFacet=true&p=20 | run_id=run_20260928_233050_590234_d5dad6 | brand=Manyavar | page=20 | route=https://www.myntra.com/manyavar?f=Brand%3AManyavar%2CDiwas%20by%20Manyavar | seen=947 | expected=7415
2026-09-28 23:32:05 | INFO    | PDP       | Processed 50 target products for Manyavar in 3s (1046.55 products/min). | run_id=run_20260928_233050_590234_d5dad6 | brand=Manyavar | saved=50 | elapsed_label=3s | products_per_minute=1046.55
2026-09-28 23:32:05 | INFO    | LISTING   | Listing Manyavar route https://www.myntra.com/manyavar?f=Brand%3AManyavar%2CDiwas%20by%20Manyavar page 21 -> https://www.myntra.com/gateway/v4/search/manyavar?f=Brand%3AManyavar%2CDiwas+by+Manyavar&rows=50&o=1000&plaEnabled=false&xdEnabled=false&isFacet=true&p=21 | run_id=run_20260928_233050_590234_d5dad6 | brand=Manyavar | page=21 | route=https://www.myntra.com/manyavar?f=Brand%3AManyavar%2CDiwas%20by%20Manyavar | seen=997 | expected=7415
2026-09-28 23:32:08 | INFO    | PDP       | Processed 50 target products for Manyavar in 3s (1110.34 products/min). | run_id=run_20260928_233050_590234_d5dad6 | brand=Manyavar | saved=50 | elapsed_label=3s | products_per_minute=1110.34
2026-09-28 23:32:08 | INFO    | LISTING   | Listing Manyavar route https://www.myntra.com/manyavar?f=Brand%3AManyavar%2CDiwas%20by%20Manyavar page 22 -> https://www.myntra.com/gateway/v4/search/manyavar?f=Brand%3AManyavar%2CDiwas+by+Manyavar&rows=50&o=1050&plaEnabled=false&xdEnabled=false&isFacet=true&p=22 | run_id=run_20260928_233050_590234_d5dad6 | brand=Manyavar | page=22 | route=https://www.myntra.com/manyavar?f=Brand%3AManyavar%2CDiwas%20by%20Manyavar | seen=1047 | expected=7415
2026-09-28 23:32:12 | INFO    | PDP       | Processed 50 target products for Manyavar in 3s (974.89 products/min). | run_id=run_20260928_233050_590234_d5dad6 | brand=Manyavar | saved=50 | elapsed_label=3s | products_per_minute=974.89
2026-09-28 23:32:12 | INFO    | LISTING   | Listing Manyavar route https://www.myntra.com/manyavar?f=Brand%3AManyavar%2CDiwas%20by%20Manyavar page 23 -> https://www.myntra.com/gateway/v4/search/manyavar?f=Brand%3AManyavar%2CDiwas+by+Manyavar&rows=50&o=1100&plaEnabled=false&xdEnabled=false&isFacet=true&p=23 | run_id=run_20260928_233050_590234_d5dad6 | brand=Manyavar | page=23 | route=https://www.myntra.com/manyavar?f=Brand%3AManyavar%2CDiwas%20by%20Manyavar | seen=1097 | expected=7415
2026-09-28 23:32:16 | INFO    | PDP       | Processed 50 target products for Manyavar in 3s (1153.73 products/min). | run_id=run_20260928_233050_590234_d5dad6 | brand=Manyavar | saved=50 | elapsed_label=3s | products_per_minute=1153.73
2026-09-28 23:32:16 | INFO    | LISTING   | Listing Manyavar route https://www.myntra.com/manyavar?f=Brand%3AManyavar%2CDiwas%20by%20Manyavar page 24 -> https://www.myntra.com/gateway/v4/search/manyavar?f=Brand%3AManyavar%2CDiwas+by+Manyavar&rows=50&o=1150&plaEnabled=false&xdEnabled=false&isFacet=true&p=24 | run_id=run_20260928_233050_590234_d5dad6 | brand=Manyavar | page=24 | route=https://www.myntra.com/manyavar?f=Brand%3AManyavar%2CDiwas%20by%20Manyavar | seen=1147 | expected=7415
2026-09-28 23:32:20 | INFO    | PDP       | Processed 50 target products for Manyavar in 3s (978.76 products/min). | run_id=run_20260928_233050_590234_d5dad6 | brand=Manyavar | saved=50 | elapsed_label=3s | products_per_minute=978.76
2026-09-28 23:32:20 | INFO    | LISTING   | Listing Manyavar route https://www.myntra.com/manyavar?f=Brand%3AManyavar%2CDiwas%20by%20Manyavar page 25 -> https://www.myntra.com/gateway/v4/search/manyavar?f=Brand%3AManyavar%2CDiwas+by+Manyavar&rows=50&o=1200&plaEnabled=false&xdEnabled=false&isFacet=true&p=25 | run_id=run_20260928_233050_590234_d5dad6 | brand=Manyavar | page=25 | route=https://www.myntra.com/manyavar?f=Brand%3AManyavar%2CDiwas%20by%20Manyavar | seen=1197 | expected=7415
2026-09-28 23:32:23 | INFO    | PDP       | Processed 50 target products for Manyavar in 3s (1079.55 products/min). | run_id=run_20260928_233050_590234_d5dad6 | brand=Manyavar | saved=50 | elapsed_label=3s | products_per_minute=1079.55
2026-09-28 23:32:24 | INFO    | LISTING   | Listing Manyavar route https://www.myntra.com/manyavar?f=Brand%3AManyavar%2CDiwas%20by%20Manyavar page 26 -> https://www.myntra.com/gateway/v4/search/manyavar?f=Brand%3AManyavar%2CDiwas+by+Manyavar&rows=50&o=1250&plaEnabled=false&xdEnabled=false&isFacet=true&p=26 | run_id=run_20260928_233050_590234_d5dad6 | brand=Manyavar | page=26 | route=https://www.myntra.com/manyavar?f=Brand%3AManyavar%2CDiwas%20by%20Manyavar | seen=1247 | expected=7415
2026-09-28 23:32:27 | INFO    | PDP       | Processed 50 target products for Manyavar in 3s (942.83 products/min). | run_id=run_20260928_233050_590234_d5dad6 | brand=Manyavar | saved=50 | elapsed_label=3s | products_per_minute=942.83
2026-09-28 23:32:28 | INFO    | LISTING   | Listing Manyavar route https://www.myntra.com/manyavar?f=Brand%3AManyavar%2CDiwas%20by%20Manyavar page 27 -> https://www.myntra.com/gateway/v4/search/manyavar?f=Brand%3AManyavar%2CDiwas+by+Manyavar&rows=50&o=1300&plaEnabled=false&xdEnabled=false&isFacet=true&p=27 | run_id=run_20260928_233050_590234_d5dad6 | brand=Manyavar | page=27 | route=https://www.myntra.com/manyavar?f=Brand%3AManyavar%2CDiwas%20by%20Manyavar | seen=1297 | expected=7415
2026-09-28 23:32:31 | INFO    | PDP       | Processed 50 target products for Manyavar in 3s (981.99 products/min). | run_id=run_20260928_233050_590234_d5dad6 | brand=Manyavar | saved=50 | elapsed_label=3s | products_per_minute=981.99
2026-09-28 23:32:32 | INFO    | LISTING   | Listing Manyavar route https://www.myntra.com/manyavar?f=Brand%3AManyavar%2CDiwas%20by%20Manyavar page 28 -> https://www.myntra.com/gateway/v4/search/manyavar?f=Brand%3AManyavar%2CDiwas+by+Manyavar&rows=50&o=1350&plaEnabled=false&xdEnabled=false&isFacet=true&p=28 | run_id=run_20260928_233050_590234_d5dad6 | brand=Manyavar | page=28 | route=https://www.myntra.com/manyavar?f=Brand%3AManyavar%2CDiwas%20by%20Manyavar | seen=1347 | expected=7415
2026-09-28 23:32:35 | INFO    | PDP       | Processed 50 target products for Manyavar in 3s (1044.04 products/min). | run_id=run_20260928_233050_590234_d5dad6 | brand=Manyavar | saved=50 | elapsed_label=3s | products_per_minute=1044.04
2026-09-28 23:32:35 | INFO    | LISTING   | Listing Manyavar route https://www.myntra.com/manyavar?f=Brand%3AManyavar%2CDiwas%20by%20Manyavar page 29 -> https://www.myntra.com/gateway/v4/search/manyavar?f=Brand%3AManyavar%2CDiwas+by+Manyavar&rows=50&o=1400&plaEnabled=false&xdEnabled=false&isFacet=true&p=29 | run_id=run_20260928_233050_590234_d5dad6 | brand=Manyavar | page=29 | route=https://www.myntra.com/manyavar?f=Brand%3AManyavar%2CDiwas%20by%20Manyavar | seen=1397 | expected=7415
2026-09-28 23:32:39 | INFO    | PDP       | Processed 50 target products for Manyavar in 3s (938.6 products/min). | run_id=run_20260928_233050_590234_d5dad6 | brand=Manyavar | saved=50 | elapsed_label=3s | products_per_minute=938.6
2026-09-28 23:32:39 | INFO    | LISTING   | Listing Manyavar route https://www.myntra.com/manyavar?f=Brand%3AManyavar%2CDiwas%20by%20Manyavar page 30 -> https://www.myntra.com/gateway/v4/search/manyavar?f=Brand%3AManyavar%2CDiwas+by+Manyavar&rows=50&o=1450&plaEnabled=false&xdEnabled=false&isFacet=true&p=30 | run_id=run_20260928_233050_590234_d5dad6 | brand=Manyavar | page=30 | route=https://www.myntra.com/manyavar?f=Brand%3AManyavar%2CDiwas%20by%20Manyavar | seen=1447 | expected=7415
2026-09-28 23:32:43 | INFO    | PDP       | Processed 50 target products for Manyavar in 3s (976.88 products/min). | run_id=run_20260928_233050_590234_d5dad6 | brand=Manyavar | saved=50 | elapsed_label=3s | products_per_minute=976.88
2026-09-28 23:32:43 | INFO    | LISTING   | Listing Manyavar route https://www.myntra.com/manyavar?f=Brand%3AManyavar%2CDiwas%20by%20Manyavar page 31 -> https://www.myntra.com/gateway/v4/search/manyavar?f=Brand%3AManyavar%2CDiwas+by+Manyavar&rows=50&o=1500&plaEnabled=false&xdEnabled=false&isFacet=true&p=31 | run_id=run_20260928_233050_590234_d5dad6 | brand=Manyavar | page=31 | route=https://www.myntra.com/manyavar?f=Brand%3AManyavar%2CDiwas%20by%20Manyavar | seen=1497 | expected=7415
2026-09-28 23:32:47 | INFO    | PDP       | Processed 50 target products for Manyavar in 3s (972.07 products/min). | run_id=run_20260928_233050_590234_d5dad6 | brand=Manyavar | saved=50 | elapsed_label=3s | products_per_minute=972.07
2026-09-28 23:32:47 | INFO    | LISTING   | Listing Manyavar route https://www.myntra.com/manyavar?f=Brand%3AManyavar%2CDiwas%20by%20Manyavar page 32 -> https://www.myntra.com/gateway/v4/search/manyavar?f=Brand%3AManyavar%2CDiwas+by+Manyavar&rows=50&o=1550&plaEnabled=false&xdEnabled=false&isFacet=true&p=32 | run_id=run_20260928_233050_590234_d5dad6 | brand=Manyavar | page=32 | route=https://www.myntra.com/manyavar?f=Brand%3AManyavar%2CDiwas%20by%20Manyavar | seen=1547 | expected=7415
2026-09-28 23:32:51 | INFO    | PDP       | Processed 50 target products for Manyavar in 3s (1136.71 products/min). | run_id=run_20260928_233050_590234_d5dad6 | brand=Manyavar | saved=50 | elapsed_label=3s | products_per_minute=1136.71
2026-09-28 23:32:51 | INFO    | LISTING   | Listing Manyavar route https://www.myntra.com/manyavar?f=Brand%3AManyavar%2CDiwas%20by%20Manyavar page 33 -> https://www.myntra.com/gateway/v4/search/manyavar?f=Brand%3AManyavar%2CDiwas+by+Manyavar&rows=50&o=1600&plaEnabled=false&xdEnabled=false&isFacet=true&p=33 | run_id=run_20260928_233050_590234_d5dad6 | brand=Manyavar | page=33 | route=https://www.myntra.com/manyavar?f=Brand%3AManyavar%2CDiwas%20by%20Manyavar | seen=1597 | expected=7415
2026-09-28 23:32:54 | INFO    | PDP       | Processed 50 target products for Manyavar in 3s (988.41 products/min). | run_id=run_20260928_233050_590234_d5dad6 | brand=Manyavar | saved=50 | elapsed_label=3s | products_per_minute=988.41
2026-09-28 23:32:55 | INFO    | LISTING   | Listing Manyavar route https://www.myntra.com/manyavar?f=Brand%3AManyavar%2CDiwas%20by%20Manyavar page 34 -> https://www.myntra.com/gateway/v4/search/manyavar?f=Brand%3AManyavar%2CDiwas+by+Manyavar&rows=50&o=1650&plaEnabled=false&xdEnabled=false&isFacet=true&p=34 | run_id=run_20260928_233050_590234_d5dad6 | brand=Manyavar | page=34 | route=https://www.myntra.com/manyavar?f=Brand%3AManyavar%2CDiwas%20by%20Manyavar | seen=1647 | expected=7415
2026-09-28 23:32:58 | INFO    | PDP       | Processed 50 target products for Manyavar in 3s (1128.02 products/min). | run_id=run_20260928_233050_590234_d5dad6 | brand=Manyavar | saved=50 | elapsed_label=3s | products_per_minute=1128.02
2026-09-28 23:32:58 | INFO    | LISTING   | Listing Manyavar route https://www.myntra.com/manyavar?f=Brand%3AManyavar%2CDiwas%20by%20Manyavar page 35 -> https://www.myntra.com/gateway/v4/search/manyavar?f=Brand%3AManyavar%2CDiwas+by+Manyavar&rows=50&o=1700&plaEnabled=false&xdEnabled=false&isFacet=true&p=35 | run_id=run_20260928_233050_590234_d5dad6 | brand=Manyavar | page=35 | route=https://www.myntra.com/manyavar?f=Brand%3AManyavar%2CDiwas%20by%20Manyavar | seen=1697 | expected=7415
2026-09-28 23:33:02 | INFO    | PDP       | Processed 50 target products for Manyavar in 3s (1039.28 products/min). | run_id=run_20260928_233050_590234_d5dad6 | brand=Manyavar | saved=50 | elapsed_label=3s | products_per_minute=1039.28
2026-09-28 23:33:02 | INFO    | LISTING   | Listing Manyavar route https://www.myntra.com/manyavar?f=Brand%3AManyavar%2CDiwas%20by%20Manyavar page 36 -> https://www.myntra.com/gateway/v4/search/manyavar?f=Brand%3AManyavar%2CDiwas+by+Manyavar&rows=50&o=1750&plaEnabled=false&xdEnabled=false&isFacet=true&p=36 | run_id=run_20260928_233050_590234_d5dad6 | brand=Manyavar | page=36 | route=https://www.myntra.com/manyavar?f=Brand%3AManyavar%2CDiwas%20by%20Manyavar | seen=1747 | expected=7415
2026-09-28 23:33:05 | INFO    | PDP       | Processed 50 target products for Manyavar in 3s (1086.16 products/min). | run_id=run_20260928_233050_590234_d5dad6 | brand=Manyavar | saved=50 | elapsed_label=3s | products_per_minute=1086.16
2026-09-28 23:33:06 | INFO    | LISTING   | Listing Manyavar route https://www.myntra.com/manyavar?f=Brand%3AManyavar%2CDiwas%20by%20Manyavar page 37 -> https://www.myntra.com/gateway/v4/search/manyavar?f=Brand%3AManyavar%2CDiwas+by+Manyavar&rows=50&o=1800&plaEnabled=false&xdEnabled=false&isFacet=true&p=37 | run_id=run_20260928_233050_590234_d5dad6 | brand=Manyavar | page=37 | route=https://www.myntra.com/manyavar?f=Brand%3AManyavar%2CDiwas%20by%20Manyavar | seen=1797 | expected=7415
2026-09-28 23:33:09 | INFO    | PDP       | Processed 50 target products for Manyavar in 3s (973.46 products/min). | run_id=run_20260928_233050_590234_d5dad6 | brand=Manyavar | saved=50 | elapsed_label=3s | products_per_minute=973.46
2026-09-28 23:33:10 | INFO    | LISTING   | Listing Manyavar route https://www.myntra.com/manyavar?f=Brand%3AManyavar%2CDiwas%20by%20Manyavar page 38 -> https://www.myntra.com/gateway/v4/search/manyavar?f=Brand%3AManyavar%2CDiwas+by+Manyavar&rows=50&o=1850&plaEnabled=false&xdEnabled=false&isFacet=true&p=38 | run_id=run_20260928_233050_590234_d5dad6 | brand=Manyavar | page=38 | route=https://www.myntra.com/manyavar?f=Brand%3AManyavar%2CDiwas%20by%20Manyavar | seen=1847 | expected=7415
2026-09-28 23:33:13 | INFO    | PDP       | Processed 50 target products for Manyavar in 3s (1006.82 products/min). | run_id=run_20260928_233050_590234_d5dad6 | brand=Manyavar | saved=50 | elapsed_label=3s | products_per_minute=1006.82
2026-09-28 23:33:14 | INFO    | LISTING   | Listing Manyavar route https://www.myntra.com/manyavar?f=Brand%3AManyavar%2CDiwas%20by%20Manyavar page 39 -> https://www.myntra.com/gateway/v4/search/manyavar?f=Brand%3AManyavar%2CDiwas+by+Manyavar&rows=50&o=1900&plaEnabled=false&xdEnabled=false&isFacet=true&p=39 | run_id=run_20260928_233050_590234_d5dad6 | brand=Manyavar | page=39 | route=https://www.myntra.com/manyavar?f=Brand%3AManyavar%2CDiwas%20by%20Manyavar | seen=1897 | expected=7415
2026-09-28 23:33:17 | INFO    | PDP       | Processed 50 target products for Manyavar in 3s (1042.38 products/min). | run_id=run_20260928_233050_590234_d5dad6 | brand=Manyavar | saved=50 | elapsed_label=3s | products_per_minute=1042.38
2026-09-28 23:33:17 | INFO    | LISTING   | Listing Manyavar route https://www.myntra.com/manyavar?f=Brand%3AManyavar%2CDiwas%20by%20Manyavar page 40 -> https://www.myntra.com/gateway/v4/search/manyavar?f=Brand%3AManyavar%2CDiwas+by+Manyavar&rows=50&o=1950&plaEnabled=false&xdEnabled=false&isFacet=true&p=40 | run_id=run_20260928_233050_590234_d5dad6 | brand=Manyavar | page=40 | route=https://www.myntra.com/manyavar?f=Brand%3AManyavar%2CDiwas%20by%20Manyavar | seen=1947 | expected=7415
2026-09-28 23:33:23 | INFO    | PDP       | Processed 50 target products for Manyavar in 5s (654.0 products/min). | run_id=run_20260928_233050_590234_d5dad6 | brand=Manyavar | saved=50 | elapsed_label=5s | products_per_minute=654.0
2026-09-28 23:33:23 | INFO    | LISTING   | Listing Manyavar route https://www.myntra.com/manyavar?f=Brand%3AManyavar%2CDiwas%20by%20Manyavar page 41 -> https://www.myntra.com/gateway/v4/search/manyavar?f=Brand%3AManyavar%2CDiwas+by+Manyavar&rows=50&o=2000&plaEnabled=false&xdEnabled=false&isFacet=true&p=41 | run_id=run_20260928_233050_590234_d5dad6 | brand=Manyavar | page=41 | route=https://www.myntra.com/manyavar?f=Brand%3AManyavar%2CDiwas%20by%20Manyavar | seen=1997 | expected=7415
2026-09-28 23:33:26 | INFO    | PDP       | Processed 50 target products for Manyavar in 3s (1129.01 products/min). | run_id=run_20260928_233050_590234_d5dad6 | brand=Manyavar | saved=50 | elapsed_label=3s | products_per_minute=1129.01
2026-09-28 23:33:26 | INFO    | LISTING   | Listing Manyavar route https://www.myntra.com/manyavar?f=Brand%3AManyavar%2CDiwas%20by%20Manyavar page 42 -> https://www.myntra.com/gateway/v4/search/manyavar?f=Brand%3AManyavar%2CDiwas+by+Manyavar&rows=50&o=2050&plaEnabled=false&xdEnabled=false&isFacet=true&p=42 | run_id=run_20260928_233050_590234_d5dad6 | brand=Manyavar | page=42 | route=https://www.myntra.com/manyavar?f=Brand%3AManyavar%2CDiwas%20by%20Manyavar | seen=2047 | expected=7415
2026-09-28 23:33:30 | INFO    | PDP       | Processed 49 target products for Manyavar in 3s (991.98 products/min). | run_id=run_20260928_233050_590234_d5dad6 | brand=Manyavar | saved=49 | elapsed_label=3s | products_per_minute=991.98
2026-09-28 23:33:30 | INFO    | LISTING   | Listing Manyavar route https://www.myntra.com/manyavar?f=Brand%3AManyavar%2CDiwas%20by%20Manyavar page 43 -> https://www.myntra.com/gateway/v4/search/manyavar?f=Brand%3AManyavar%2CDiwas+by+Manyavar&rows=50&o=2100&plaEnabled=false&xdEnabled=false&isFacet=true&p=43 | run_id=run_20260928_233050_590234_d5dad6 | brand=Manyavar | page=43 | route=https://www.myntra.com/manyavar?f=Brand%3AManyavar%2CDiwas%20by%20Manyavar | seen=2096 | expected=7415
2026-09-28 23:33:33 | INFO    | PDP       | Processed 50 target products for Manyavar in 3s (1139.63 products/min). | run_id=run_20260928_233050_590234_d5dad6 | brand=Manyavar | saved=50 | elapsed_label=3s | products_per_minute=1139.63
2026-09-28 23:33:34 | INFO    | LISTING   | Listing Manyavar route https://www.myntra.com/manyavar?f=Brand%3AManyavar%2CDiwas%20by%20Manyavar page 44 -> https://www.myntra.com/gateway/v4/search/manyavar?f=Brand%3AManyavar%2CDiwas+by+Manyavar&rows=50&o=2150&plaEnabled=false&xdEnabled=false&isFacet=true&p=44 | run_id=run_20260928_233050_590234_d5dad6 | brand=Manyavar | page=44 | route=https://www.myntra.com/manyavar?f=Brand%3AManyavar%2CDiwas%20by%20Manyavar | seen=2146 | expected=7415
2026-09-28 23:33:37 | INFO    | PDP       | Processed 46 target products for Manyavar in 3s (996.45 products/min). | run_id=run_20260928_233050_590234_d5dad6 | brand=Manyavar | saved=46 | elapsed_label=3s | products_per_minute=996.45
2026-09-28 23:33:37 | INFO    | LISTING   | Listing Manyavar route https://www.myntra.com/manyavar?f=Brand%3AManyavar%2CDiwas%20by%20Manyavar page 45 -> https://www.myntra.com/gateway/v4/search/manyavar?f=Brand%3AManyavar%2CDiwas+by+Manyavar&rows=50&o=2200&plaEnabled=false&xdEnabled=false&isFacet=true&p=45 | run_id=run_20260928_233050_590234_d5dad6 | brand=Manyavar | page=45 | route=https://www.myntra.com/manyavar?f=Brand%3AManyavar%2CDiwas%20by%20Manyavar | seen=2192 | expected=7415
2026-09-28 23:33:40 | INFO    | PDP       | Processed 48 target products for Manyavar in 3s (1100.36 products/min). | run_id=run_20260928_233050_590234_d5dad6 | brand=Manyavar | saved=48 | elapsed_label=3s | products_per_minute=1100.36
2026-09-28 23:33:41 | INFO    | LISTING   | Listing Manyavar route https://www.myntra.com/manyavar?f=Brand%3AManyavar%2CDiwas%20by%20Manyavar page 46 -> https://www.myntra.com/gateway/v4/search/manyavar?f=Brand%3AManyavar%2CDiwas+by+Manyavar&rows=50&o=2250&plaEnabled=false&xdEnabled=false&isFacet=true&p=46 | run_id=run_20260928_233050_590234_d5dad6 | brand=Manyavar | page=46 | route=https://www.myntra.com/manyavar?f=Brand%3AManyavar%2CDiwas%20by%20Manyavar | seen=2240 | expected=7415
2026-09-28 23:33:44 | INFO    | PDP       | Processed 50 target products for Manyavar in 3s (1094.79 products/min). | run_id=run_20260928_233050_590234_d5dad6 | brand=Manyavar | saved=50 | elapsed_label=3s | products_per_minute=1094.79
2026-09-28 23:33:44 | INFO    | LISTING   | Listing Manyavar route https://www.myntra.com/manyavar?f=Brand%3AManyavar%2CDiwas%20by%20Manyavar page 47 -> https://www.myntra.com/gateway/v4/search/manyavar?f=Brand%3AManyavar%2CDiwas+by+Manyavar&rows=50&o=2300&plaEnabled=false&xdEnabled=false&isFacet=true&p=47 | run_id=run_20260928_233050_590234_d5dad6 | brand=Manyavar | page=47 | route=https://www.myntra.com/manyavar?f=Brand%3AManyavar%2CDiwas%20by%20Manyavar | seen=2290 | expected=7415
2026-09-28 23:33:47 | INFO    | PDP       | Processed 50 target products for Manyavar in 2s (1313.3 products/min). | run_id=run_20260928_233050_590234_d5dad6 | brand=Manyavar | saved=50 | elapsed_label=2s | products_per_minute=1313.3
2026-09-28 23:33:47 | INFO    | LISTING   | Listing Manyavar route https://www.myntra.com/manyavar?f=Brand%3AManyavar%2CDiwas%20by%20Manyavar page 48 -> https://www.myntra.com/gateway/v4/search/manyavar?f=Brand%3AManyavar%2CDiwas+by+Manyavar&rows=50&o=2350&plaEnabled=false&xdEnabled=false&isFacet=true&p=48 | run_id=run_20260928_233050_590234_d5dad6 | brand=Manyavar | page=48 | route=https://www.myntra.com/manyavar?f=Brand%3AManyavar%2CDiwas%20by%20Manyavar | seen=2340 | expected=7415
2026-09-28 23:33:50 | INFO    | PDP       | Processed 50 target products for Manyavar in 2s (1262.41 products/min). | run_id=run_20260928_233050_590234_d5dad6 | brand=Manyavar | saved=50 | elapsed_label=2s | products_per_minute=1262.41
2026-09-28 23:33:50 | INFO    | LISTING   | Listing Manyavar route https://www.myntra.com/manyavar?f=Brand%3AManyavar%2CDiwas%20by%20Manyavar page 49 -> https://www.myntra.com/gateway/v4/search/manyavar?f=Brand%3AManyavar%2CDiwas+by+Manyavar&rows=50&o=2400&plaEnabled=false&xdEnabled=false&isFacet=true&p=49 | run_id=run_20260928_233050_590234_d5dad6 | brand=Manyavar | page=49 | route=https://www.myntra.com/manyavar?f=Brand%3AManyavar%2CDiwas%20by%20Manyavar | seen=2390 | expected=7415
2026-09-28 23:33:54 | INFO    | PDP       | Processed 50 target products for Manyavar in 3s (1014.1 products/min). | run_id=run_20260928_233050_590234_d5dad6 | brand=Manyavar | saved=50 | elapsed_label=3s | products_per_minute=1014.1
2026-09-28 23:33:54 | INFO    | LISTING   | Listing Manyavar route https://www.myntra.com/manyavar?f=Brand%3AManyavar%2CDiwas%20by%20Manyavar page 50 -> https://www.myntra.com/gateway/v4/search/manyavar?f=Brand%3AManyavar%2CDiwas+by+Manyavar&rows=50&o=2450&plaEnabled=false&xdEnabled=false&isFacet=true&p=50 | run_id=run_20260928_233050_590234_d5dad6 | brand=Manyavar | page=50 | route=https://www.myntra.com/manyavar?f=Brand%3AManyavar%2CDiwas%20by%20Manyavar | seen=2440 | expected=7415
2026-09-28 23:33:58 | INFO    | PDP       | Processed 50 target products for Manyavar in 3s (1036.36 products/min). | run_id=run_20260928_233050_590234_d5dad6 | brand=Manyavar | saved=50 | elapsed_label=3s | products_per_minute=1036.36
2026-09-28 23:33:58 | INFO    | LISTING   | Listing Manyavar route https://www.myntra.com/manyavar?f=Brand%3AManyavar%2CDiwas%20by%20Manyavar page 51 -> https://www.myntra.com/gateway/v4/search/manyavar?f=Brand%3AManyavar%2CDiwas+by+Manyavar&rows=50&o=2500&plaEnabled=false&xdEnabled=false&isFacet=true&p=51 | run_id=run_20260928_233050_590234_d5dad6 | brand=Manyavar | page=51 | route=https://www.myntra.com/manyavar?f=Brand%3AManyavar%2CDiwas%20by%20Manyavar | seen=2490 | expected=7415
2026-09-28 23:34:02 | INFO    | PDP       | Processed 50 target products for Manyavar in 3s (1041.13 products/min). | run_id=run_20260928_233050_590234_d5dad6 | brand=Manyavar | saved=50 | elapsed_label=3s | products_per_minute=1041.13
2026-09-28 23:34:02 | INFO    | LISTING   | Listing Manyavar route https://www.myntra.com/manyavar?f=Brand%3AManyavar%2CDiwas%20by%20Manyavar page 52 -> https://www.myntra.com/gateway/v4/search/manyavar?f=Brand%3AManyavar%2CDiwas+by+Manyavar&rows=50&o=2550&plaEnabled=false&xdEnabled=false&isFacet=true&p=52 | run_id=run_20260928_233050_590234_d5dad6 | brand=Manyavar | page=52 | route=https://www.myntra.com/manyavar?f=Brand%3AManyavar%2CDiwas%20by%20Manyavar | seen=2540 | expected=7415
2026-09-28 23:34:06 | INFO    | PDP       | Processed 50 target products for Manyavar in 3s (969.38 products/min). | run_id=run_20260928_233050_590234_d5dad6 | brand=Manyavar | saved=50 | elapsed_label=3s | products_per_minute=969.38
2026-09-28 23:34:06 | INFO    | LISTING   | Listing Manyavar route https://www.myntra.com/manyavar?f=Brand%3AManyavar%2CDiwas%20by%20Manyavar page 53 -> https://www.myntra.com/gateway/v4/search/manyavar?f=Brand%3AManyavar%2CDiwas+by+Manyavar&rows=50&o=2600&plaEnabled=false&xdEnabled=false&isFacet=true&p=53 | run_id=run_20260928_233050_590234_d5dad6 | brand=Manyavar | page=53 | route=https://www.myntra.com/manyavar?f=Brand%3AManyavar%2CDiwas%20by%20Manyavar | seen=2590 | expected=7415
2026-09-28 23:34:10 | INFO    | PDP       | Processed 49 target products for Manyavar in 3s (895.65 products/min). | run_id=run_20260928_233050_590234_d5dad6 | brand=Manyavar | saved=49 | elapsed_label=3s | products_per_minute=895.65
2026-09-28 23:34:10 | INFO    | LISTING   | Listing Manyavar route https://www.myntra.com/manyavar?f=Brand%3AManyavar%2CDiwas%20by%20Manyavar page 54 -> https://www.myntra.com/gateway/v4/search/manyavar?f=Brand%3AManyavar%2CDiwas+by+Manyavar&rows=50&o=2650&plaEnabled=false&xdEnabled=false&isFacet=true&p=54 | run_id=run_20260928_233050_590234_d5dad6 | brand=Manyavar | page=54 | route=https://www.myntra.com/manyavar?f=Brand%3AManyavar%2CDiwas%20by%20Manyavar | seen=2639 | expected=7415
2026-09-28 23:34:14 | INFO    | PDP       | Processed 50 target products for Manyavar in 3s (1081.62 products/min). | run_id=run_20260928_233050_590234_d5dad6 | brand=Manyavar | saved=50 | elapsed_label=3s | products_per_minute=1081.62
2026-09-28 23:34:14 | INFO    | LISTING   | Listing Manyavar route https://www.myntra.com/manyavar?f=Brand%3AManyavar%2CDiwas%20by%20Manyavar page 55 -> https://www.myntra.com/gateway/v4/search/manyavar?f=Brand%3AManyavar%2CDiwas+by+Manyavar&rows=50&o=2700&plaEnabled=false&xdEnabled=false&isFacet=true&p=55 | run_id=run_20260928_233050_590234_d5dad6 | brand=Manyavar | page=55 | route=https://www.myntra.com/manyavar?f=Brand%3AManyavar%2CDiwas%20by%20Manyavar | seen=2689 | expected=7415
2026-09-28 23:34:18 | INFO    | PDP       | Processed 50 target products for Manyavar in 3s (999.42 products/min). | run_id=run_20260928_233050_590234_d5dad6 | brand=Manyavar | saved=50 | elapsed_label=3s | products_per_minute=999.42
2026-09-28 23:34:18 | INFO    | LISTING   | Listing Manyavar route https://www.myntra.com/manyavar?f=Brand%3AManyavar%2CDiwas%20by%20Manyavar page 56 -> https://www.myntra.com/gateway/v4/search/manyavar?f=Brand%3AManyavar%2CDiwas+by+Manyavar&rows=50&o=2750&plaEnabled=false&xdEnabled=false&isFacet=true&p=56 | run_id=run_20260928_233050_590234_d5dad6 | brand=Manyavar | page=56 | route=https://www.myntra.com/manyavar?f=Brand%3AManyavar%2CDiwas%20by%20Manyavar | seen=2739 | expected=7415
2026-09-28 23:34:22 | INFO    | PDP       | Processed 50 target products for Manyavar in 3s (973.83 products/min). | run_id=run_20260928_233050_590234_d5dad6 | brand=Manyavar | saved=50 | elapsed_label=3s | products_per_minute=973.83
2026-09-28 23:34:22 | INFO    | LISTING   | Listing Manyavar route https://www.myntra.com/manyavar?f=Brand%3AManyavar%2CDiwas%20by%20Manyavar page 57 -> https://www.myntra.com/gateway/v4/search/manyavar?f=Brand%3AManyavar%2CDiwas+by+Manyavar&rows=50&o=2800&plaEnabled=false&xdEnabled=false&isFacet=true&p=57 | run_id=run_20260928_233050_590234_d5dad6 | brand=Manyavar | page=57 | route=https://www.myntra.com/manyavar?f=Brand%3AManyavar%2CDiwas%20by%20Manyavar | seen=2789 | expected=7415
2026-09-28 23:34:26 | INFO    | PDP       | Processed 50 target products for Manyavar in 3s (974.19 products/min). | run_id=run_20260928_233050_590234_d5dad6 | brand=Manyavar | saved=50 | elapsed_label=3s | products_per_minute=974.19
2026-09-28 23:34:26 | INFO    | LISTING   | Listing Manyavar route https://www.myntra.com/manyavar?f=Brand%3AManyavar%2CDiwas%20by%20Manyavar page 58 -> https://www.myntra.com/gateway/v4/search/manyavar?f=Brand%3AManyavar%2CDiwas+by+Manyavar&rows=50&o=2850&plaEnabled=false&xdEnabled=false&isFacet=true&p=58 | run_id=run_20260928_233050_590234_d5dad6 | brand=Manyavar | page=58 | route=https://www.myntra.com/manyavar?f=Brand%3AManyavar%2CDiwas%20by%20Manyavar | seen=2839 | expected=7415
2026-09-28 23:34:29 | INFO    | PDP       | Processed 50 target products for Manyavar in 3s (964.5 products/min). | run_id=run_20260928_233050_590234_d5dad6 | brand=Manyavar | saved=50 | elapsed_label=3s | products_per_minute=964.5
2026-09-28 23:34:30 | INFO    | LISTING   | Listing Manyavar route https://www.myntra.com/manyavar?f=Brand%3AManyavar%2CDiwas%20by%20Manyavar page 59 -> https://www.myntra.com/gateway/v4/search/manyavar?f=Brand%3AManyavar%2CDiwas+by+Manyavar&rows=50&o=2900&plaEnabled=false&xdEnabled=false&isFacet=true&p=59 | run_id=run_20260928_233050_590234_d5dad6 | brand=Manyavar | page=59 | route=https://www.myntra.com/manyavar?f=Brand%3AManyavar%2CDiwas%20by%20Manyavar | seen=2889 | expected=7415
2026-09-28 23:34:34 | INFO    | PDP       | Processed 50 target products for Manyavar in 3s (932.8 products/min). | run_id=run_20260928_233050_590234_d5dad6 | brand=Manyavar | saved=50 | elapsed_label=3s | products_per_minute=932.8
2026-09-28 23:34:34 | INFO    | LISTING   | Listing Manyavar route https://www.myntra.com/manyavar?f=Brand%3AManyavar%2CDiwas%20by%20Manyavar page 60 -> https://www.myntra.com/gateway/v4/search/manyavar?f=Brand%3AManyavar%2CDiwas+by+Manyavar&rows=50&o=2950&plaEnabled=false&xdEnabled=false&isFacet=true&p=60 | run_id=run_20260928_233050_590234_d5dad6 | brand=Manyavar | page=60 | route=https://www.myntra.com/manyavar?f=Brand%3AManyavar%2CDiwas%20by%20Manyavar | seen=2939 | expected=7415
2026-09-28 23:34:38 | INFO    | PDP       | Processed 50 target products for Manyavar in 3s (1038.88 products/min). | run_id=run_20260928_233050_590234_d5dad6 | brand=Manyavar | saved=50 | elapsed_label=3s | products_per_minute=1038.88
2026-09-28 23:34:38 | INFO    | LISTING   | Listing Manyavar route https://www.myntra.com/manyavar?f=Brand%3AManyavar%2CDiwas%20by%20Manyavar page 61 -> https://www.myntra.com/gateway/v4/search/manyavar?f=Brand%3AManyavar%2CDiwas+by+Manyavar&rows=50&o=3000&plaEnabled=false&xdEnabled=false&isFacet=true&p=61 | run_id=run_20260928_233050_590234_d5dad6 | brand=Manyavar | page=61 | route=https://www.myntra.com/manyavar?f=Brand%3AManyavar%2CDiwas%20by%20Manyavar | seen=2989 | expected=7415
2026-09-28 23:34:42 | INFO    | PDP       | Processed 47 target products for Manyavar in 3s (990.91 products/min). | run_id=run_20260928_233050_590234_d5dad6 | brand=Manyavar | saved=47 | elapsed_label=3s | products_per_minute=990.91
2026-09-28 23:34:42 | INFO    | LISTING   | Listing Manyavar route https://www.myntra.com/manyavar?f=Brand%3AManyavar%2CDiwas%20by%20Manyavar page 62 -> https://www.myntra.com/gateway/v4/search/manyavar?f=Brand%3AManyavar%2CDiwas+by+Manyavar&rows=50&o=3050&plaEnabled=false&xdEnabled=false&isFacet=true&p=62 | run_id=run_20260928_233050_590234_d5dad6 | brand=Manyavar | page=62 | route=https://www.myntra.com/manyavar?f=Brand%3AManyavar%2CDiwas%20by%20Manyavar | seen=3036 | expected=7415
2026-09-28 23:34:45 | INFO    | PDP       | Processed 50 target products for Manyavar in 3s (1028.94 products/min). | run_id=run_20260928_233050_590234_d5dad6 | brand=Manyavar | saved=50 | elapsed_label=3s | products_per_minute=1028.94
2026-09-28 23:34:46 | INFO    | LISTING   | Listing Manyavar route https://www.myntra.com/manyavar?f=Brand%3AManyavar%2CDiwas%20by%20Manyavar page 63 -> https://www.myntra.com/gateway/v4/search/manyavar?f=Brand%3AManyavar%2CDiwas+by+Manyavar&rows=50&o=3100&plaEnabled=false&xdEnabled=false&isFacet=true&p=63 | run_id=run_20260928_233050_590234_d5dad6 | brand=Manyavar | page=63 | route=https://www.myntra.com/manyavar?f=Brand%3AManyavar%2CDiwas%20by%20Manyavar | seen=3086 | expected=7415
2026-09-28 23:34:49 | INFO    | PDP       | Processed 50 target products for Manyavar in 3s (1127.61 products/min). | run_id=run_20260928_233050_590234_d5dad6 | brand=Manyavar | saved=50 | elapsed_label=3s | products_per_minute=1127.61
2026-09-28 23:34:49 | INFO    | LISTING   | Listing Manyavar route https://www.myntra.com/manyavar?f=Brand%3AManyavar%2CDiwas%20by%20Manyavar page 64 -> https://www.myntra.com/gateway/v4/search/manyavar?f=Brand%3AManyavar%2CDiwas+by+Manyavar&rows=50&o=3150&plaEnabled=false&xdEnabled=false&isFacet=true&p=64 | run_id=run_20260928_233050_590234_d5dad6 | brand=Manyavar | page=64 | route=https://www.myntra.com/manyavar?f=Brand%3AManyavar%2CDiwas%20by%20Manyavar | seen=3136 | expected=7415
2026-09-28 23:34:53 | INFO    | PDP       | Processed 50 target products for Manyavar in 3s (1012.24 products/min). | run_id=run_20260928_233050_590234_d5dad6 | brand=Manyavar | saved=50 | elapsed_label=3s | products_per_minute=1012.24
2026-09-28 23:34:53 | INFO    | LISTING   | Listing Manyavar route https://www.myntra.com/manyavar?f=Brand%3AManyavar%2CDiwas%20by%20Manyavar page 65 -> https://www.myntra.com/gateway/v4/search/manyavar?f=Brand%3AManyavar%2CDiwas+by+Manyavar&rows=50&o=3200&plaEnabled=false&xdEnabled=false&isFacet=true&p=65 | run_id=run_20260928_233050_590234_d5dad6 | brand=Manyavar | page=65 | route=https://www.myntra.com/manyavar?f=Brand%3AManyavar%2CDiwas%20by%20Manyavar | seen=3186 | expected=7415
2026-09-28 23:34:56 | INFO    | PDP       | Processed 49 target products for Manyavar in 2s (1183.51 products/min). | run_id=run_20260928_233050_590234_d5dad6 | brand=Manyavar | saved=49 | elapsed_label=2s | products_per_minute=1183.51
2026-09-28 23:34:57 | INFO    | LISTING   | Listing Manyavar route https://www.myntra.com/manyavar?f=Brand%3AManyavar%2CDiwas%20by%20Manyavar page 66 -> https://www.myntra.com/gateway/v4/search/manyavar?f=Brand%3AManyavar%2CDiwas+by+Manyavar&rows=50&o=3250&plaEnabled=false&xdEnabled=false&isFacet=true&p=66 | run_id=run_20260928_233050_590234_d5dad6 | brand=Manyavar | page=66 | route=https://www.myntra.com/manyavar?f=Brand%3AManyavar%2CDiwas%20by%20Manyavar | seen=3235 | expected=7415
2026-09-28 23:35:00 | INFO    | PDP       | Processed 50 target products for Manyavar in 3s (1079.37 products/min). | run_id=run_20260928_233050_590234_d5dad6 | brand=Manyavar | saved=50 | elapsed_label=3s | products_per_minute=1079.37
2026-09-28 23:35:00 | INFO    | LISTING   | Listing Manyavar route https://www.myntra.com/manyavar?f=Brand%3AManyavar%2CDiwas%20by%20Manyavar page 67 -> https://www.myntra.com/gateway/v4/search/manyavar?f=Brand%3AManyavar%2CDiwas+by+Manyavar&rows=50&o=3300&plaEnabled=false&xdEnabled=false&isFacet=true&p=67 | run_id=run_20260928_233050_590234_d5dad6 | brand=Manyavar | page=67 | route=https://www.myntra.com/manyavar?f=Brand%3AManyavar%2CDiwas%20by%20Manyavar | seen=3285 | expected=7415
2026-09-28 23:35:04 | INFO    | PDP       | Processed 50 target products for Manyavar in 3s (1045.16 products/min). | run_id=run_20260928_233050_590234_d5dad6 | brand=Manyavar | saved=50 | elapsed_label=3s | products_per_minute=1045.16
2026-09-28 23:35:04 | INFO    | LISTING   | Listing Manyavar route https://www.myntra.com/manyavar?f=Brand%3AManyavar%2CDiwas%20by%20Manyavar page 68 -> https://www.myntra.com/gateway/v4/search/manyavar?f=Brand%3AManyavar%2CDiwas+by+Manyavar&rows=50&o=3350&plaEnabled=false&xdEnabled=false&isFacet=true&p=68 | run_id=run_20260928_233050_590234_d5dad6 | brand=Manyavar | page=68 | route=https://www.myntra.com/manyavar?f=Brand%3AManyavar%2CDiwas%20by%20Manyavar | seen=3335 | expected=7415
2026-09-28 23:35:07 | INFO    | PDP       | Processed 50 target products for Manyavar in 3s (1168.53 products/min). | run_id=run_20260928_233050_590234_d5dad6 | brand=Manyavar | saved=50 | elapsed_label=3s | products_per_minute=1168.53
2026-09-28 23:35:08 | INFO    | LISTING   | Listing Manyavar route https://www.myntra.com/manyavar?f=Brand%3AManyavar%2CDiwas%20by%20Manyavar page 69 -> https://www.myntra.com/gateway/v4/search/manyavar?f=Brand%3AManyavar%2CDiwas+by+Manyavar&rows=50&o=3400&plaEnabled=false&xdEnabled=false&isFacet=true&p=69 | run_id=run_20260928_233050_590234_d5dad6 | brand=Manyavar | page=69 | route=https://www.myntra.com/manyavar?f=Brand%3AManyavar%2CDiwas%20by%20Manyavar | seen=3385 | expected=7415
2026-09-28 23:35:11 | INFO    | PDP       | Processed 50 target products for Manyavar in 3s (1036.26 products/min). | run_id=run_20260928_233050_590234_d5dad6 | brand=Manyavar | saved=50 | elapsed_label=3s | products_per_minute=1036.26
2026-09-28 23:35:11 | INFO    | LISTING   | Listing Manyavar route https://www.myntra.com/manyavar?f=Brand%3AManyavar%2CDiwas%20by%20Manyavar page 70 -> https://www.myntra.com/gateway/v4/search/manyavar?f=Brand%3AManyavar%2CDiwas+by+Manyavar&rows=50&o=3450&plaEnabled=false&xdEnabled=false&isFacet=true&p=70 | run_id=run_20260928_233050_590234_d5dad6 | brand=Manyavar | page=70 | route=https://www.myntra.com/manyavar?f=Brand%3AManyavar%2CDiwas%20by%20Manyavar | seen=3435 | expected=7415
2026-09-28 23:35:15 | INFO    | PDP       | Processed 50 target products for Manyavar in 3s (976.68 products/min). | run_id=run_20260928_233050_590234_d5dad6 | brand=Manyavar | saved=50 | elapsed_label=3s | products_per_minute=976.68
2026-09-28 23:35:15 | INFO    | LISTING   | Listing Manyavar route https://www.myntra.com/manyavar?f=Brand%3AManyavar%2CDiwas%20by%20Manyavar page 71 -> https://www.myntra.com/gateway/v4/search/manyavar?f=Brand%3AManyavar%2CDiwas+by+Manyavar&rows=50&o=3500&plaEnabled=false&xdEnabled=false&isFacet=true&p=71 | run_id=run_20260928_233050_590234_d5dad6 | brand=Manyavar | page=71 | route=https://www.myntra.com/manyavar?f=Brand%3AManyavar%2CDiwas%20by%20Manyavar | seen=3485 | expected=7415
2026-09-28 23:35:19 | INFO    | PDP       | Processed 50 target products for Manyavar in 3s (1016.6 products/min). | run_id=run_20260928_233050_590234_d5dad6 | brand=Manyavar | saved=50 | elapsed_label=3s | products_per_minute=1016.6
2026-09-28 23:35:19 | INFO    | LISTING   | Listing Manyavar route https://www.myntra.com/manyavar?f=Brand%3AManyavar%2CDiwas%20by%20Manyavar page 72 -> https://www.myntra.com/gateway/v4/search/manyavar?f=Brand%3AManyavar%2CDiwas+by+Manyavar&rows=50&o=3550&plaEnabled=false&xdEnabled=false&isFacet=true&p=72 | run_id=run_20260928_233050_590234_d5dad6 | brand=Manyavar | page=72 | route=https://www.myntra.com/manyavar?f=Brand%3AManyavar%2CDiwas%20by%20Manyavar | seen=3535 | expected=7415
2026-09-28 23:35:23 | INFO    | PDP       | Processed 47 target products for Manyavar in 3s (950.66 products/min). | run_id=run_20260928_233050_590234_d5dad6 | brand=Manyavar | saved=47 | elapsed_label=3s | products_per_minute=950.66
2026-09-28 23:35:23 | INFO    | LISTING   | Listing Manyavar route https://www.myntra.com/manyavar?f=Brand%3AManyavar%2CDiwas%20by%20Manyavar page 73 -> https://www.myntra.com/gateway/v4/search/manyavar?f=Brand%3AManyavar%2CDiwas+by+Manyavar&rows=50&o=3600&plaEnabled=false&xdEnabled=false&isFacet=true&p=73 | run_id=run_20260928_233050_590234_d5dad6 | brand=Manyavar | page=73 | route=https://www.myntra.com/manyavar?f=Brand%3AManyavar%2CDiwas%20by%20Manyavar | seen=3582 | expected=7415
2026-09-28 23:35:26 | INFO    | PDP       | Processed 50 target products for Manyavar in 3s (1119.98 products/min). | run_id=run_20260928_233050_590234_d5dad6 | brand=Manyavar | saved=50 | elapsed_label=3s | products_per_minute=1119.98
2026-09-28 23:35:27 | INFO    | LISTING   | Listing Manyavar route https://www.myntra.com/manyavar?f=Brand%3AManyavar%2CDiwas%20by%20Manyavar page 74 -> https://www.myntra.com/gateway/v4/search/manyavar?f=Brand%3AManyavar%2CDiwas+by+Manyavar&rows=50&o=3650&plaEnabled=false&xdEnabled=false&isFacet=true&p=74 | run_id=run_20260928_233050_590234_d5dad6 | brand=Manyavar | page=74 | route=https://www.myntra.com/manyavar?f=Brand%3AManyavar%2CDiwas%20by%20Manyavar | seen=3632 | expected=7415
2026-09-28 23:35:30 | INFO    | PDP       | Processed 50 target products for Manyavar in 3s (1190.77 products/min). | run_id=run_20260928_233050_590234_d5dad6 | brand=Manyavar | saved=50 | elapsed_label=3s | products_per_minute=1190.77
2026-09-28 23:35:30 | INFO    | LISTING   | Listing Manyavar route https://www.myntra.com/manyavar?f=Brand%3AManyavar%2CDiwas%20by%20Manyavar page 75 -> https://www.myntra.com/gateway/v4/search/manyavar?f=Brand%3AManyavar%2CDiwas+by+Manyavar&rows=50&o=3700&plaEnabled=false&xdEnabled=false&isFacet=true&p=75 | run_id=run_20260928_233050_590234_d5dad6 | brand=Manyavar | page=75 | route=https://www.myntra.com/manyavar?f=Brand%3AManyavar%2CDiwas%20by%20Manyavar | seen=3682 | expected=7415
2026-09-28 23:35:33 | INFO    | PDP       | Processed 50 target products for Manyavar in 3s (1076.02 products/min). | run_id=run_20260928_233050_590234_d5dad6 | brand=Manyavar | saved=50 | elapsed_label=3s | products_per_minute=1076.02
2026-09-28 23:35:34 | INFO    | LISTING   | Listing Manyavar route https://www.myntra.com/manyavar?f=Brand%3AManyavar%2CDiwas%20by%20Manyavar page 76 -> https://www.myntra.com/gateway/v4/search/manyavar?f=Brand%3AManyavar%2CDiwas+by+Manyavar&rows=50&o=3750&plaEnabled=false&xdEnabled=false&isFacet=true&p=76 | run_id=run_20260928_233050_590234_d5dad6 | brand=Manyavar | page=76 | route=https://www.myntra.com/manyavar?f=Brand%3AManyavar%2CDiwas%20by%20Manyavar | seen=3732 | expected=7415
2026-09-28 23:35:37 | INFO    | PDP       | Processed 50 target products for Manyavar in 3s (1083.53 products/min). | run_id=run_20260928_233050_590234_d5dad6 | brand=Manyavar | saved=50 | elapsed_label=3s | products_per_minute=1083.53
2026-09-28 23:35:37 | INFO    | LISTING   | Listing Manyavar route https://www.myntra.com/manyavar?f=Brand%3AManyavar%2CDiwas%20by%20Manyavar page 77 -> https://www.myntra.com/gateway/v4/search/manyavar?f=Brand%3AManyavar%2CDiwas+by+Manyavar&rows=50&o=3800&plaEnabled=false&xdEnabled=false&isFacet=true&p=77 | run_id=run_20260928_233050_590234_d5dad6 | brand=Manyavar | page=77 | route=https://www.myntra.com/manyavar?f=Brand%3AManyavar%2CDiwas%20by%20Manyavar | seen=3782 | expected=7415
2026-09-28 23:35:41 | INFO    | PDP       | Processed 50 target products for Manyavar in 3s (1042.38 products/min). | run_id=run_20260928_233050_590234_d5dad6 | brand=Manyavar | saved=50 | elapsed_label=3s | products_per_minute=1042.38
2026-09-28 23:35:41 | INFO    | LISTING   | Listing Manyavar route https://www.myntra.com/manyavar?f=Brand%3AManyavar%2CDiwas%20by%20Manyavar page 78 -> https://www.myntra.com/gateway/v4/search/manyavar?f=Brand%3AManyavar%2CDiwas+by+Manyavar&rows=50&o=3850&plaEnabled=false&xdEnabled=false&isFacet=true&p=78 | run_id=run_20260928_233050_590234_d5dad6 | brand=Manyavar | page=78 | route=https://www.myntra.com/manyavar?f=Brand%3AManyavar%2CDiwas%20by%20Manyavar | seen=3832 | expected=7415
2026-09-28 23:35:44 | INFO    | PDP       | Processed 50 target products for Manyavar in 3s (1161.59 products/min). | run_id=run_20260928_233050_590234_d5dad6 | brand=Manyavar | saved=50 | elapsed_label=3s | products_per_minute=1161.59
2026-09-28 23:35:45 | INFO    | LISTING   | Listing Manyavar route https://www.myntra.com/manyavar?f=Brand%3AManyavar%2CDiwas%20by%20Manyavar page 79 -> https://www.myntra.com/gateway/v4/search/manyavar?f=Brand%3AManyavar%2CDiwas+by+Manyavar&rows=50&o=3900&plaEnabled=false&xdEnabled=false&isFacet=true&p=79 | run_id=run_20260928_233050_590234_d5dad6 | brand=Manyavar | page=79 | route=https://www.myntra.com/manyavar?f=Brand%3AManyavar%2CDiwas%20by%20Manyavar | seen=3882 | expected=7415
2026-09-28 23:35:48 | INFO    | PDP       | Processed 50 target products for Manyavar in 3s (1119.18 products/min). | run_id=run_20260928_233050_590234_d5dad6 | brand=Manyavar | saved=50 | elapsed_label=3s | products_per_minute=1119.18
2026-09-28 23:35:48 | INFO    | LISTING   | Listing Manyavar route https://www.myntra.com/manyavar?f=Brand%3AManyavar%2CDiwas%20by%20Manyavar page 80 -> https://www.myntra.com/gateway/v4/search/manyavar?f=Brand%3AManyavar%2CDiwas+by+Manyavar&rows=50&o=3950&plaEnabled=false&xdEnabled=false&isFacet=true&p=80 | run_id=run_20260928_233050_590234_d5dad6 | brand=Manyavar | page=80 | route=https://www.myntra.com/manyavar?f=Brand%3AManyavar%2CDiwas%20by%20Manyavar | seen=3932 | expected=7415
2026-09-28 23:35:51 | INFO    | PDP       | Processed 49 target products for Manyavar in 3s (1106.4 products/min). | run_id=run_20260928_233050_590234_d5dad6 | brand=Manyavar | saved=49 | elapsed_label=3s | products_per_minute=1106.4
2026-09-28 23:35:52 | INFO    | LISTING   | Listing Manyavar route https://www.myntra.com/manyavar?f=Brand%3AManyavar%2CDiwas%20by%20Manyavar page 81 -> https://www.myntra.com/gateway/v4/search/manyavar?f=Brand%3AManyavar%2CDiwas+by+Manyavar&rows=50&o=4000&plaEnabled=false&xdEnabled=false&isFacet=true&p=81 | run_id=run_20260928_233050_590234_d5dad6 | brand=Manyavar | page=81 | route=https://www.myntra.com/manyavar?f=Brand%3AManyavar%2CDiwas%20by%20Manyavar | seen=3981 | expected=7415
2026-09-28 23:35:55 | INFO    | PDP       | Processed 50 target products for Manyavar in 3s (1014.59 products/min). | run_id=run_20260928_233050_590234_d5dad6 | brand=Manyavar | saved=50 | elapsed_label=3s | products_per_minute=1014.59
2026-09-28 23:35:56 | INFO    | LISTING   | Listing Manyavar route https://www.myntra.com/manyavar?f=Brand%3AManyavar%2CDiwas%20by%20Manyavar page 82 -> https://www.myntra.com/gateway/v4/search/manyavar?f=Brand%3AManyavar%2CDiwas+by+Manyavar&rows=50&o=4050&plaEnabled=false&xdEnabled=false&isFacet=true&p=82 | run_id=run_20260928_233050_590234_d5dad6 | brand=Manyavar | page=82 | route=https://www.myntra.com/manyavar?f=Brand%3AManyavar%2CDiwas%20by%20Manyavar | seen=4031 | expected=7415
2026-09-28 23:35:59 | INFO    | PDP       | Processed 50 target products for Manyavar in 3s (1052.15 products/min). | run_id=run_20260928_233050_590234_d5dad6 | brand=Manyavar | saved=50 | elapsed_label=3s | products_per_minute=1052.15
2026-09-28 23:36:00 | INFO    | LISTING   | Listing Manyavar route https://www.myntra.com/manyavar?f=Brand%3AManyavar%2CDiwas%20by%20Manyavar page 83 -> https://www.myntra.com/gateway/v4/search/manyavar?f=Brand%3AManyavar%2CDiwas+by+Manyavar&rows=50&o=4100&plaEnabled=false&xdEnabled=false&isFacet=true&p=83 | run_id=run_20260928_233050_590234_d5dad6 | brand=Manyavar | page=83 | route=https://www.myntra.com/manyavar?f=Brand%3AManyavar%2CDiwas%20by%20Manyavar | seen=4081 | expected=7415
2026-09-28 23:36:03 | INFO    | PDP       | Processed 50 target products for Manyavar in 3s (1068.18 products/min). | run_id=run_20260928_233050_590234_d5dad6 | brand=Manyavar | saved=50 | elapsed_label=3s | products_per_minute=1068.18
2026-09-28 23:36:03 | INFO    | LISTING   | Listing Manyavar route https://www.myntra.com/manyavar?f=Brand%3AManyavar%2CDiwas%20by%20Manyavar page 84 -> https://www.myntra.com/gateway/v4/search/manyavar?f=Brand%3AManyavar%2CDiwas+by+Manyavar&rows=50&o=4150&plaEnabled=false&xdEnabled=false&isFacet=true&p=84 | run_id=run_20260928_233050_590234_d5dad6 | brand=Manyavar | page=84 | route=https://www.myntra.com/manyavar?f=Brand%3AManyavar%2CDiwas%20by%20Manyavar | seen=4131 | expected=7415
2026-09-28 23:36:07 | INFO    | PDP       | Processed 50 target products for Manyavar in 3s (1044.84 products/min). | run_id=run_20260928_233050_590234_d5dad6 | brand=Manyavar | saved=50 | elapsed_label=3s | products_per_minute=1044.84
2026-09-28 23:36:07 | INFO    | LISTING   | Listing Manyavar route https://www.myntra.com/manyavar?f=Brand%3AManyavar%2CDiwas%20by%20Manyavar page 85 -> https://www.myntra.com/gateway/v4/search/manyavar?f=Brand%3AManyavar%2CDiwas+by+Manyavar&rows=50&o=4200&plaEnabled=false&xdEnabled=false&isFacet=true&p=85 | run_id=run_20260928_233050_590234_d5dad6 | brand=Manyavar | page=85 | route=https://www.myntra.com/manyavar?f=Brand%3AManyavar%2CDiwas%20by%20Manyavar | seen=4181 | expected=7415
2026-09-28 23:36:11 | INFO    | PDP       | Processed 50 target products for Manyavar in 3s (1130.15 products/min). | run_id=run_20260928_233050_590234_d5dad6 | brand=Manyavar | saved=50 | elapsed_label=3s | products_per_minute=1130.15
2026-09-28 23:36:11 | INFO    | LISTING   | Listing Manyavar route https://www.myntra.com/manyavar?f=Brand%3AManyavar%2CDiwas%20by%20Manyavar page 86 -> https://www.myntra.com/gateway/v4/search/manyavar?f=Brand%3AManyavar%2CDiwas+by+Manyavar&rows=50&o=4250&plaEnabled=false&xdEnabled=false&isFacet=true&p=86 | run_id=run_20260928_233050_590234_d5dad6 | brand=Manyavar | page=86 | route=https://www.myntra.com/manyavar?f=Brand%3AManyavar%2CDiwas%20by%20Manyavar | seen=4231 | expected=7415
2026-09-28 23:36:14 | INFO    | PDP       | Processed 50 target products for Manyavar in 3s (1159.3 products/min). | run_id=run_20260928_233050_590234_d5dad6 | brand=Manyavar | saved=50 | elapsed_label=3s | products_per_minute=1159.3
2026-09-28 23:36:14 | INFO    | LISTING   | Listing Manyavar route https://www.myntra.com/manyavar?f=Brand%3AManyavar%2CDiwas%20by%20Manyavar page 87 -> https://www.myntra.com/gateway/v4/search/manyavar?f=Brand%3AManyavar%2CDiwas+by+Manyavar&rows=50&o=4300&plaEnabled=false&xdEnabled=false&isFacet=true&p=87 | run_id=run_20260928_233050_590234_d5dad6 | brand=Manyavar | page=87 | route=https://www.myntra.com/manyavar?f=Brand%3AManyavar%2CDiwas%20by%20Manyavar | seen=4281 | expected=7415
2026-09-28 23:36:18 | INFO    | PDP       | Processed 50 target products for Manyavar in 3s (1048.97 products/min). | run_id=run_20260928_233050_590234_d5dad6 | brand=Manyavar | saved=50 | elapsed_label=3s | products_per_minute=1048.97
2026-09-28 23:36:18 | INFO    | LISTING   | Listing Manyavar route https://www.myntra.com/manyavar?f=Brand%3AManyavar%2CDiwas%20by%20Manyavar page 88 -> https://www.myntra.com/gateway/v4/search/manyavar?f=Brand%3AManyavar%2CDiwas+by+Manyavar&rows=50&o=4350&plaEnabled=false&xdEnabled=false&isFacet=true&p=88 | run_id=run_20260928_233050_590234_d5dad6 | brand=Manyavar | page=88 | route=https://www.myntra.com/manyavar?f=Brand%3AManyavar%2CDiwas%20by%20Manyavar | seen=4331 | expected=7415
2026-09-28 23:36:22 | INFO    | PDP       | Processed 50 target products for Manyavar in 3s (998.13 products/min). | run_id=run_20260928_233050_590234_d5dad6 | brand=Manyavar | saved=50 | elapsed_label=3s | products_per_minute=998.13
2026-09-28 23:36:22 | INFO    | LISTING   | Listing Manyavar route https://www.myntra.com/manyavar?f=Brand%3AManyavar%2CDiwas%20by%20Manyavar page 89 -> https://www.myntra.com/gateway/v4/search/manyavar?f=Brand%3AManyavar%2CDiwas+by+Manyavar&rows=50&o=4400&plaEnabled=false&xdEnabled=false&isFacet=true&p=89 | run_id=run_20260928_233050_590234_d5dad6 | brand=Manyavar | page=89 | route=https://www.myntra.com/manyavar?f=Brand%3AManyavar%2CDiwas%20by%20Manyavar | seen=4381 | expected=7415
2026-09-28 23:36:25 | INFO    | PDP       | Processed 50 target products for Manyavar in 3s (1047.95 products/min). | run_id=run_20260928_233050_590234_d5dad6 | brand=Manyavar | saved=50 | elapsed_label=3s | products_per_minute=1047.95
2026-09-28 23:36:26 | INFO    | LISTING   | Listing Manyavar route https://www.myntra.com/manyavar?f=Brand%3AManyavar%2CDiwas%20by%20Manyavar page 90 -> https://www.myntra.com/gateway/v4/search/manyavar?f=Brand%3AManyavar%2CDiwas+by+Manyavar&rows=50&o=4450&plaEnabled=false&xdEnabled=false&isFacet=true&p=90 | run_id=run_20260928_233050_590234_d5dad6 | brand=Manyavar | page=90 | route=https://www.myntra.com/manyavar?f=Brand%3AManyavar%2CDiwas%20by%20Manyavar | seen=4431 | expected=7415
2026-09-28 23:36:29 | INFO    | PDP       | Processed 50 target products for Manyavar in 3s (1045.68 products/min). | run_id=run_20260928_233050_590234_d5dad6 | brand=Manyavar | saved=50 | elapsed_label=3s | products_per_minute=1045.68
2026-09-28 23:36:29 | INFO    | LISTING   | Listing Manyavar route https://www.myntra.com/manyavar?f=Brand%3AManyavar%2CDiwas%20by%20Manyavar page 91 -> https://www.myntra.com/gateway/v4/search/manyavar?f=Brand%3AManyavar%2CDiwas+by+Manyavar&rows=50&o=4500&plaEnabled=false&xdEnabled=false&isFacet=true&p=91 | run_id=run_20260928_233050_590234_d5dad6 | brand=Manyavar | page=91 | route=https://www.myntra.com/manyavar?f=Brand%3AManyavar%2CDiwas%20by%20Manyavar | seen=4481 | expected=7415
2026-09-28 23:36:33 | INFO    | PDP       | Processed 50 target products for Manyavar in 3s (1058.85 products/min). | run_id=run_20260928_233050_590234_d5dad6 | brand=Manyavar | saved=50 | elapsed_label=3s | products_per_minute=1058.85
2026-09-28 23:36:33 | INFO    | LISTING   | Listing Manyavar route https://www.myntra.com/manyavar?f=Brand%3AManyavar%2CDiwas%20by%20Manyavar page 92 -> https://www.myntra.com/gateway/v4/search/manyavar?f=Brand%3AManyavar%2CDiwas+by+Manyavar&rows=50&o=4550&plaEnabled=false&xdEnabled=false&isFacet=true&p=92 | run_id=run_20260928_233050_590234_d5dad6 | brand=Manyavar | page=92 | route=https://www.myntra.com/manyavar?f=Brand%3AManyavar%2CDiwas%20by%20Manyavar | seen=4531 | expected=7415
2026-09-28 23:36:37 | INFO    | PDP       | Processed 50 target products for Manyavar in 3s (926.28 products/min). | run_id=run_20260928_233050_590234_d5dad6 | brand=Manyavar | saved=50 | elapsed_label=3s | products_per_minute=926.28
2026-09-28 23:36:37 | INFO    | LISTING   | Listing Manyavar route https://www.myntra.com/manyavar?f=Brand%3AManyavar%2CDiwas%20by%20Manyavar page 93 -> https://www.myntra.com/gateway/v4/search/manyavar?f=Brand%3AManyavar%2CDiwas+by+Manyavar&rows=50&o=4600&plaEnabled=false&xdEnabled=false&isFacet=true&p=93 | run_id=run_20260928_233050_590234_d5dad6 | brand=Manyavar | page=93 | route=https://www.myntra.com/manyavar?f=Brand%3AManyavar%2CDiwas%20by%20Manyavar | seen=4581 | expected=7415
2026-09-28 23:36:41 | INFO    | PDP       | Processed 50 target products for Manyavar in 3s (1050.18 products/min). | run_id=run_20260928_233050_590234_d5dad6 | brand=Manyavar | saved=50 | elapsed_label=3s | products_per_minute=1050.18
2026-09-28 23:36:41 | INFO    | LISTING   | Listing Manyavar route https://www.myntra.com/manyavar?f=Brand%3AManyavar%2CDiwas%20by%20Manyavar page 94 -> https://www.myntra.com/gateway/v4/search/manyavar?f=Brand%3AManyavar%2CDiwas+by+Manyavar&rows=50&o=4650&plaEnabled=false&xdEnabled=false&isFacet=true&p=94 | run_id=run_20260928_233050_590234_d5dad6 | brand=Manyavar | page=94 | route=https://www.myntra.com/manyavar?f=Brand%3AManyavar%2CDiwas%20by%20Manyavar | seen=4631 | expected=7415
2026-09-28 23:36:44 | INFO    | PDP       | Processed 50 target products for Manyavar in 3s (1154.46 products/min). | run_id=run_20260928_233050_590234_d5dad6 | brand=Manyavar | saved=50 | elapsed_label=3s | products_per_minute=1154.46
2026-09-28 23:36:44 | INFO    | LISTING   | Listing Manyavar route https://www.myntra.com/manyavar?f=Brand%3AManyavar%2CDiwas%20by%20Manyavar page 95 -> https://www.myntra.com/gateway/v4/search/manyavar?f=Brand%3AManyavar%2CDiwas+by+Manyavar&rows=50&o=4700&plaEnabled=false&xdEnabled=false&isFacet=true&p=95 | run_id=run_20260928_233050_590234_d5dad6 | brand=Manyavar | page=95 | route=https://www.myntra.com/manyavar?f=Brand%3AManyavar%2CDiwas%20by%20Manyavar | seen=4681 | expected=7415
2026-09-28 23:36:48 | INFO    | PDP       | Processed 50 target products for Manyavar in 3s (1147.63 products/min). | run_id=run_20260928_233050_590234_d5dad6 | brand=Manyavar | saved=50 | elapsed_label=3s | products_per_minute=1147.63
2026-09-28 23:36:48 | INFO    | LISTING   | Listing Manyavar route https://www.myntra.com/manyavar?f=Brand%3AManyavar%2CDiwas%20by%20Manyavar page 96 -> https://www.myntra.com/gateway/v4/search/manyavar?f=Brand%3AManyavar%2CDiwas+by+Manyavar&rows=50&o=4750&plaEnabled=false&xdEnabled=false&isFacet=true&p=96 | run_id=run_20260928_233050_590234_d5dad6 | brand=Manyavar | page=96 | route=https://www.myntra.com/manyavar?f=Brand%3AManyavar%2CDiwas%20by%20Manyavar | seen=4731 | expected=7415
2026-09-28 23:36:51 | INFO    | PDP       | Processed 50 target products for Manyavar in 3s (1176.97 products/min). | run_id=run_20260928_233050_590234_d5dad6 | brand=Manyavar | saved=50 | elapsed_label=3s | products_per_minute=1176.97
2026-09-28 23:36:51 | INFO    | LISTING   | Listing Manyavar route https://www.myntra.com/manyavar?f=Brand%3AManyavar%2CDiwas%20by%20Manyavar page 97 -> https://www.myntra.com/gateway/v4/search/manyavar?f=Brand%3AManyavar%2CDiwas+by+Manyavar&rows=50&o=4800&plaEnabled=false&xdEnabled=false&isFacet=true&p=97 | run_id=run_20260928_233050_590234_d5dad6 | brand=Manyavar | page=97 | route=https://www.myntra.com/manyavar?f=Brand%3AManyavar%2CDiwas%20by%20Manyavar | seen=4781 | expected=7415
2026-09-28 23:36:55 | INFO    | PDP       | Processed 50 target products for Manyavar in 3s (1047.72 products/min). | run_id=run_20260928_233050_590234_d5dad6 | brand=Manyavar | saved=50 | elapsed_label=3s | products_per_minute=1047.72
2026-09-28 23:36:55 | INFO    | LISTING   | Listing Manyavar route https://www.myntra.com/manyavar?f=Brand%3AManyavar%2CDiwas%20by%20Manyavar page 98 -> https://www.myntra.com/gateway/v4/search/manyavar?f=Brand%3AManyavar%2CDiwas+by+Manyavar&rows=50&o=4850&plaEnabled=false&xdEnabled=false&isFacet=true&p=98 | run_id=run_20260928_233050_590234_d5dad6 | brand=Manyavar | page=98 | route=https://www.myntra.com/manyavar?f=Brand%3AManyavar%2CDiwas%20by%20Manyavar | seen=4831 | expected=7415
2026-09-28 23:36:59 | INFO    | PDP       | Processed 50 target products for Manyavar in 3s (996.4 products/min). | run_id=run_20260928_233050_590234_d5dad6 | brand=Manyavar | saved=50 | elapsed_label=3s | products_per_minute=996.4
2026-09-28 23:36:59 | INFO    | LISTING   | Listing Manyavar route https://www.myntra.com/manyavar?f=Brand%3AManyavar%2CDiwas%20by%20Manyavar page 99 -> https://www.myntra.com/gateway/v4/search/manyavar?f=Brand%3AManyavar%2CDiwas+by+Manyavar&rows=50&o=4900&plaEnabled=false&xdEnabled=false&isFacet=true&p=99 | run_id=run_20260928_233050_590234_d5dad6 | brand=Manyavar | page=99 | route=https://www.myntra.com/manyavar?f=Brand%3AManyavar%2CDiwas%20by%20Manyavar | seen=4881 | expected=7415
2026-09-28 23:37:03 | INFO    | PDP       | Processed 50 target products for Manyavar in 3s (917.04 products/min). | run_id=run_20260928_233050_590234_d5dad6 | brand=Manyavar | saved=50 | elapsed_label=3s | products_per_minute=917.04
2026-09-28 23:37:03 | INFO    | LISTING   | Listing Manyavar route https://www.myntra.com/manyavar?f=Brand%3AManyavar%2CDiwas%20by%20Manyavar page 100 -> https://www.myntra.com/gateway/v4/search/manyavar?f=Brand%3AManyavar%2CDiwas+by+Manyavar&rows=50&o=4950&plaEnabled=false&xdEnabled=false&isFacet=true&p=100 | run_id=run_20260928_233050_590234_d5dad6 | brand=Manyavar | page=100 | route=https://www.myntra.com/manyavar?f=Brand%3AManyavar%2CDiwas%20by%20Manyavar | seen=4931 | expected=7415
2026-09-28 23:37:07 | INFO    | PDP       | Processed 50 target products for Manyavar in 3s (1130.95 products/min). | run_id=run_20260928_233050_590234_d5dad6 | brand=Manyavar | saved=50 | elapsed_label=3s | products_per_minute=1130.95
2026-09-28 23:37:07 | INFO    | LISTING   | Listing Manyavar route https://www.myntra.com/manyavar?f=Brand%3AManyavar%2CDiwas%20by%20Manyavar page 101 -> https://www.myntra.com/gateway/v4/search/manyavar?f=Brand%3AManyavar%2CDiwas+by+Manyavar&rows=50&o=5000&plaEnabled=false&xdEnabled=false&isFacet=true&p=101 | run_id=run_20260928_233050_590234_d5dad6 | brand=Manyavar | page=101 | route=https://www.myntra.com/manyavar?f=Brand%3AManyavar%2CDiwas%20by%20Manyavar | seen=4981 | expected=7415
2026-09-28 23:37:10 | INFO    | PDP       | Processed 50 target products for Manyavar in 3s (1050.13 products/min). | run_id=run_20260928_233050_590234_d5dad6 | brand=Manyavar | saved=50 | elapsed_label=3s | products_per_minute=1050.13
2026-09-28 23:37:11 | INFO    | LISTING   | Listing Manyavar route https://www.myntra.com/manyavar?f=Brand%3AManyavar%2CDiwas%20by%20Manyavar page 102 -> https://www.myntra.com/gateway/v4/search/manyavar?f=Brand%3AManyavar%2CDiwas+by+Manyavar&rows=50&o=5050&plaEnabled=false&xdEnabled=false&isFacet=true&p=102 | run_id=run_20260928_233050_590234_d5dad6 | brand=Manyavar | page=102 | route=https://www.myntra.com/manyavar?f=Brand%3AManyavar%2CDiwas%20by%20Manyavar | seen=5031 | expected=7415
2026-09-28 23:37:15 | INFO    | PDP       | Processed 50 target products for Manyavar in 3s (913.98 products/min). | run_id=run_20260928_233050_590234_d5dad6 | brand=Manyavar | saved=50 | elapsed_label=3s | products_per_minute=913.98
2026-09-28 23:37:15 | INFO    | LISTING   | Listing Manyavar route https://www.myntra.com/manyavar?f=Brand%3AManyavar%2CDiwas%20by%20Manyavar page 103 -> https://www.myntra.com/gateway/v4/search/manyavar?f=Brand%3AManyavar%2CDiwas+by+Manyavar&rows=50&o=5100&plaEnabled=false&xdEnabled=false&isFacet=true&p=103 | run_id=run_20260928_233050_590234_d5dad6 | brand=Manyavar | page=103 | route=https://www.myntra.com/manyavar?f=Brand%3AManyavar%2CDiwas%20by%20Manyavar | seen=5081 | expected=7415
2026-09-28 23:37:18 | INFO    | PDP       | Processed 50 target products for Manyavar in 3s (1037.54 products/min). | run_id=run_20260928_233050_590234_d5dad6 | brand=Manyavar | saved=50 | elapsed_label=3s | products_per_minute=1037.54
2026-09-28 23:37:19 | INFO    | LISTING   | Listing Manyavar route https://www.myntra.com/manyavar?f=Brand%3AManyavar%2CDiwas%20by%20Manyavar page 104 -> https://www.myntra.com/gateway/v4/search/manyavar?f=Brand%3AManyavar%2CDiwas+by+Manyavar&rows=50&o=5150&plaEnabled=false&xdEnabled=false&isFacet=true&p=104 | run_id=run_20260928_233050_590234_d5dad6 | brand=Manyavar | page=104 | route=https://www.myntra.com/manyavar?f=Brand%3AManyavar%2CDiwas%20by%20Manyavar | seen=5131 | expected=7415
2026-09-28 23:37:23 | INFO    | PDP       | Processed 50 target products for Manyavar in 3s (942.73 products/min). | run_id=run_20260928_233050_590234_d5dad6 | brand=Manyavar | saved=50 | elapsed_label=3s | products_per_minute=942.73
2026-09-28 23:37:23 | INFO    | LISTING   | Listing Manyavar route https://www.myntra.com/manyavar?f=Brand%3AManyavar%2CDiwas%20by%20Manyavar page 105 -> https://www.myntra.com/gateway/v4/search/manyavar?f=Brand%3AManyavar%2CDiwas+by+Manyavar&rows=50&o=5200&plaEnabled=false&xdEnabled=false&isFacet=true&p=105 | run_id=run_20260928_233050_590234_d5dad6 | brand=Manyavar | page=105 | route=https://www.myntra.com/manyavar?f=Brand%3AManyavar%2CDiwas%20by%20Manyavar | seen=5181 | expected=7415
2026-09-28 23:37:27 | INFO    | PDP       | Processed 50 target products for Manyavar in 3s (1004.32 products/min). | run_id=run_20260928_233050_590234_d5dad6 | brand=Manyavar | saved=50 | elapsed_label=3s | products_per_minute=1004.32
2026-09-28 23:37:27 | INFO    | LISTING   | Listing Manyavar route https://www.myntra.com/manyavar?f=Brand%3AManyavar%2CDiwas%20by%20Manyavar page 106 -> https://www.myntra.com/gateway/v4/search/manyavar?f=Brand%3AManyavar%2CDiwas+by+Manyavar&rows=50&o=5250&plaEnabled=false&xdEnabled=false&isFacet=true&p=106 | run_id=run_20260928_233050_590234_d5dad6 | brand=Manyavar | page=106 | route=https://www.myntra.com/manyavar?f=Brand%3AManyavar%2CDiwas%20by%20Manyavar | seen=5231 | expected=7415
2026-09-28 23:37:30 | INFO    | PDP       | Processed 50 target products for Manyavar in 3s (1076.99 products/min). | run_id=run_20260928_233050_590234_d5dad6 | brand=Manyavar | saved=50 | elapsed_label=3s | products_per_minute=1076.99
2026-09-28 23:37:31 | INFO    | LISTING   | Listing Manyavar route https://www.myntra.com/manyavar?f=Brand%3AManyavar%2CDiwas%20by%20Manyavar page 107 -> https://www.myntra.com/gateway/v4/search/manyavar?f=Brand%3AManyavar%2CDiwas+by+Manyavar&rows=50&o=5300&plaEnabled=false&xdEnabled=false&isFacet=true&p=107 | run_id=run_20260928_233050_590234_d5dad6 | brand=Manyavar | page=107 | route=https://www.myntra.com/manyavar?f=Brand%3AManyavar%2CDiwas%20by%20Manyavar | seen=5281 | expected=7415
2026-09-28 23:37:34 | INFO    | PDP       | Processed 50 target products for Manyavar in 3s (1040.81 products/min). | run_id=run_20260928_233050_590234_d5dad6 | brand=Manyavar | saved=50 | elapsed_label=3s | products_per_minute=1040.81
2026-09-28 23:37:34 | INFO    | LISTING   | Listing Manyavar route https://www.myntra.com/manyavar?f=Brand%3AManyavar%2CDiwas%20by%20Manyavar page 108 -> https://www.myntra.com/gateway/v4/search/manyavar?f=Brand%3AManyavar%2CDiwas+by+Manyavar&rows=50&o=5350&plaEnabled=false&xdEnabled=false&isFacet=true&p=108 | run_id=run_20260928_233050_590234_d5dad6 | brand=Manyavar | page=108 | route=https://www.myntra.com/manyavar?f=Brand%3AManyavar%2CDiwas%20by%20Manyavar | seen=5331 | expected=7415
2026-09-28 23:37:38 | INFO    | PDP       | Processed 50 target products for Manyavar in 3s (1066.93 products/min). | run_id=run_20260928_233050_590234_d5dad6 | brand=Manyavar | saved=50 | elapsed_label=3s | products_per_minute=1066.93
2026-09-28 23:37:38 | INFO    | LISTING   | Listing Manyavar route https://www.myntra.com/manyavar?f=Brand%3AManyavar%2CDiwas%20by%20Manyavar page 109 -> https://www.myntra.com/gateway/v4/search/manyavar?f=Brand%3AManyavar%2CDiwas+by+Manyavar&rows=50&o=5400&plaEnabled=false&xdEnabled=false&isFacet=true&p=109 | run_id=run_20260928_233050_590234_d5dad6 | brand=Manyavar | page=109 | route=https://www.myntra.com/manyavar?f=Brand%3AManyavar%2CDiwas%20by%20Manyavar | seen=5381 | expected=7415
2026-09-28 23:37:39 | WARNING | LISTING   | Empty listing page for Manyavar on page 109 before expected end; continuing. | run_id=run_20260928_233050_590234_d5dad6 | brand=Manyavar | page=109 | route=https://www.myntra.com/manyavar?f=Brand%3AManyavar%2CDiwas%20by%20Manyavar
2026-09-28 23:37:39 | INFO    | LISTING   | Listing Manyavar route https://www.myntra.com/manyavar?f=Brand%3AManyavar%2CDiwas%20by%20Manyavar page 110 -> https://www.myntra.com/gateway/v4/search/manyavar?f=Brand%3AManyavar%2CDiwas+by+Manyavar&rows=50&o=5450&plaEnabled=false&xdEnabled=false&isFacet=true&p=110 | run_id=run_20260928_233050_590234_d5dad6 | brand=Manyavar | page=110 | route=https://www.myntra.com/manyavar?f=Brand%3AManyavar%2CDiwas%20by%20Manyavar | seen=5381 | expected=7415
2026-09-28 23:37:41 | INFO    | PDP       | Processed 21 target products for Manyavar in 2s (698.99 products/min). | run_id=run_20260928_233050_590234_d5dad6 | brand=Manyavar | saved=21 | elapsed_label=2s | products_per_minute=698.99
2026-09-28 23:37:41 | INFO    | LISTING   | Listing Manyavar route https://www.myntra.com/manyavar?f=Brand%3AManyavar%2CDiwas%20by%20Manyavar page 111 -> https://www.myntra.com/gateway/v4/search/manyavar?f=Brand%3AManyavar%2CDiwas+by+Manyavar&rows=50&o=5500&plaEnabled=false&xdEnabled=false&isFacet=true&p=111 | run_id=run_20260928_233050_590234_d5dad6 | brand=Manyavar | page=111 | route=https://www.myntra.com/manyavar?f=Brand%3AManyavar%2CDiwas%20by%20Manyavar | seen=5402 | expected=7415
2026-09-28 23:37:45 | INFO    | PDP       | Processed 48 target products for Manyavar in 3s (968.76 products/min). | run_id=run_20260928_233050_590234_d5dad6 | brand=Manyavar | saved=48 | elapsed_label=3s | products_per_minute=968.76
2026-09-28 23:37:45 | INFO    | LISTING   | Listing Manyavar route https://www.myntra.com/manyavar?f=Brand%3AManyavar%2CDiwas%20by%20Manyavar page 112 -> https://www.myntra.com/gateway/v4/search/manyavar?f=Brand%3AManyavar%2CDiwas+by+Manyavar&rows=50&o=5550&plaEnabled=false&xdEnabled=false&isFacet=true&p=112 | run_id=run_20260928_233050_590234_d5dad6 | brand=Manyavar | page=112 | route=https://www.myntra.com/manyavar?f=Brand%3AManyavar%2CDiwas%20by%20Manyavar | seen=5450 | expected=7415
2026-09-28 23:37:49 | INFO    | PDP       | Processed 50 target products for Manyavar in 3s (974.05 products/min). | run_id=run_20260928_233050_590234_d5dad6 | brand=Manyavar | saved=50 | elapsed_label=3s | products_per_minute=974.05
2026-09-28 23:37:49 | INFO    | LISTING   | Listing Manyavar route https://www.myntra.com/manyavar?f=Brand%3AManyavar%2CDiwas%20by%20Manyavar page 113 -> https://www.myntra.com/gateway/v4/search/manyavar?f=Brand%3AManyavar%2CDiwas+by+Manyavar&rows=50&o=5600&plaEnabled=false&xdEnabled=false&isFacet=true&p=113 | run_id=run_20260928_233050_590234_d5dad6 | brand=Manyavar | page=113 | route=https://www.myntra.com/manyavar?f=Brand%3AManyavar%2CDiwas%20by%20Manyavar | seen=5500 | expected=7415
2026-09-28 23:37:53 | INFO    | PDP       | Processed 50 target products for Manyavar in 3s (1030.96 products/min). | run_id=run_20260928_233050_590234_d5dad6 | brand=Manyavar | saved=50 | elapsed_label=3s | products_per_minute=1030.96
2026-09-28 23:37:53 | INFO    | LISTING   | Listing Manyavar route https://www.myntra.com/manyavar?f=Brand%3AManyavar%2CDiwas%20by%20Manyavar page 114 -> https://www.myntra.com/gateway/v4/search/manyavar?f=Brand%3AManyavar%2CDiwas+by+Manyavar&rows=50&o=5650&plaEnabled=false&xdEnabled=false&isFacet=true&p=114 | run_id=run_20260928_233050_590234_d5dad6 | brand=Manyavar | page=114 | route=https://www.myntra.com/manyavar?f=Brand%3AManyavar%2CDiwas%20by%20Manyavar | seen=5550 | expected=7415
2026-09-28 23:37:57 | INFO    | PDP       | Processed 50 target products for Manyavar in 3s (914.87 products/min). | run_id=run_20260928_233050_590234_d5dad6 | brand=Manyavar | saved=50 | elapsed_label=3s | products_per_minute=914.87
2026-09-28 23:37:57 | INFO    | LISTING   | Listing Manyavar route https://www.myntra.com/manyavar?f=Brand%3AManyavar%2CDiwas%20by%20Manyavar page 115 -> https://www.myntra.com/gateway/v4/search/manyavar?f=Brand%3AManyavar%2CDiwas+by+Manyavar&rows=50&o=5700&plaEnabled=false&xdEnabled=false&isFacet=true&p=115 | run_id=run_20260928_233050_590234_d5dad6 | brand=Manyavar | page=115 | route=https://www.myntra.com/manyavar?f=Brand%3AManyavar%2CDiwas%20by%20Manyavar | seen=5600 | expected=7415
2026-09-28 23:38:02 | INFO    | PDP       | Processed 50 target products for Manyavar in 4s (832.28 products/min). | run_id=run_20260928_233050_590234_d5dad6 | brand=Manyavar | saved=50 | elapsed_label=4s | products_per_minute=832.28
2026-09-28 23:38:02 | INFO    | LISTING   | Listing Manyavar route https://www.myntra.com/manyavar?f=Brand%3AManyavar%2CDiwas%20by%20Manyavar page 116 -> https://www.myntra.com/gateway/v4/search/manyavar?f=Brand%3AManyavar%2CDiwas+by+Manyavar&rows=50&o=5750&plaEnabled=false&xdEnabled=false&isFacet=true&p=116 | run_id=run_20260928_233050_590234_d5dad6 | brand=Manyavar | page=116 | route=https://www.myntra.com/manyavar?f=Brand%3AManyavar%2CDiwas%20by%20Manyavar | seen=5650 | expected=7415
2026-09-28 23:38:05 | INFO    | PDP       | Processed 48 target products for Manyavar in 3s (1036.23 products/min). | run_id=run_20260928_233050_590234_d5dad6 | brand=Manyavar | saved=48 | elapsed_label=3s | products_per_minute=1036.23
2026-09-28 23:38:05 | INFO    | LISTING   | Listing Manyavar route https://www.myntra.com/manyavar?f=Brand%3AManyavar%2CDiwas%20by%20Manyavar page 117 -> https://www.myntra.com/gateway/v4/search/manyavar?f=Brand%3AManyavar%2CDiwas+by+Manyavar&rows=50&o=5800&plaEnabled=false&xdEnabled=false&isFacet=true&p=117 | run_id=run_20260928_233050_590234_d5dad6 | brand=Manyavar | page=117 | route=https://www.myntra.com/manyavar?f=Brand%3AManyavar%2CDiwas%20by%20Manyavar | seen=5698 | expected=7415
2026-09-28 23:38:09 | INFO    | PDP       | Processed 49 target products for Manyavar in 3s (977.46 products/min). | run_id=run_20260928_233050_590234_d5dad6 | brand=Manyavar | saved=49 | elapsed_label=3s | products_per_minute=977.46
2026-09-28 23:38:09 | INFO    | LISTING   | Listing Manyavar route https://www.myntra.com/manyavar?f=Brand%3AManyavar%2CDiwas%20by%20Manyavar page 118 -> https://www.myntra.com/gateway/v4/search/manyavar?f=Brand%3AManyavar%2CDiwas+by+Manyavar&rows=50&o=5850&plaEnabled=false&xdEnabled=false&isFacet=true&p=118 | run_id=run_20260928_233050_590234_d5dad6 | brand=Manyavar | page=118 | route=https://www.myntra.com/manyavar?f=Brand%3AManyavar%2CDiwas%20by%20Manyavar | seen=5747 | expected=7415
2026-09-28 23:38:13 | INFO    | PDP       | Processed 50 target products for Manyavar in 3s (1007.99 products/min). | run_id=run_20260928_233050_590234_d5dad6 | brand=Manyavar | saved=50 | elapsed_label=3s | products_per_minute=1007.99
2026-09-28 23:38:13 | INFO    | LISTING   | Listing Manyavar route https://www.myntra.com/manyavar?f=Brand%3AManyavar%2CDiwas%20by%20Manyavar page 119 -> https://www.myntra.com/gateway/v4/search/manyavar?f=Brand%3AManyavar%2CDiwas+by+Manyavar&rows=50&o=5900&plaEnabled=false&xdEnabled=false&isFacet=true&p=119 | run_id=run_20260928_233050_590234_d5dad6 | brand=Manyavar | page=119 | route=https://www.myntra.com/manyavar?f=Brand%3AManyavar%2CDiwas%20by%20Manyavar | seen=5797 | expected=7415
2026-09-28 23:38:17 | INFO    | PDP       | Processed 48 target products for Manyavar in 3s (905.1 products/min). | run_id=run_20260928_233050_590234_d5dad6 | brand=Manyavar | saved=48 | elapsed_label=3s | products_per_minute=905.1
2026-09-28 23:38:17 | INFO    | LISTING   | Listing Manyavar route https://www.myntra.com/manyavar?f=Brand%3AManyavar%2CDiwas%20by%20Manyavar page 120 -> https://www.myntra.com/gateway/v4/search/manyavar?f=Brand%3AManyavar%2CDiwas+by+Manyavar&rows=50&o=5950&plaEnabled=false&xdEnabled=false&isFacet=true&p=120 | run_id=run_20260928_233050_590234_d5dad6 | brand=Manyavar | page=120 | route=https://www.myntra.com/manyavar?f=Brand%3AManyavar%2CDiwas%20by%20Manyavar | seen=5845 | expected=7415
2026-09-28 23:38:21 | INFO    | PDP       | Processed 50 target products for Manyavar in 3s (968.84 products/min). | run_id=run_20260928_233050_590234_d5dad6 | brand=Manyavar | saved=50 | elapsed_label=3s | products_per_minute=968.84
2026-09-28 23:38:21 | INFO    | LISTING   | Listing Manyavar route https://www.myntra.com/manyavar?f=Brand%3AManyavar%2CDiwas%20by%20Manyavar page 121 -> https://www.myntra.com/gateway/v4/search/manyavar?f=Brand%3AManyavar%2CDiwas+by+Manyavar&rows=50&o=6000&plaEnabled=false&xdEnabled=false&isFacet=true&p=121 | run_id=run_20260928_233050_590234_d5dad6 | brand=Manyavar | page=121 | route=https://www.myntra.com/manyavar?f=Brand%3AManyavar%2CDiwas%20by%20Manyavar | seen=5895 | expected=7415
2026-09-28 23:38:25 | INFO    | PDP       | Processed 50 target products for Manyavar in 3s (1070.21 products/min). | run_id=run_20260928_233050_590234_d5dad6 | brand=Manyavar | saved=50 | elapsed_label=3s | products_per_minute=1070.21
2026-09-28 23:38:25 | INFO    | LISTING   | Listing Manyavar route https://www.myntra.com/manyavar?f=Brand%3AManyavar%2CDiwas%20by%20Manyavar page 122 -> https://www.myntra.com/gateway/v4/search/manyavar?f=Brand%3AManyavar%2CDiwas+by+Manyavar&rows=50&o=6050&plaEnabled=false&xdEnabled=false&isFacet=true&p=122 | run_id=run_20260928_233050_590234_d5dad6 | brand=Manyavar | page=122 | route=https://www.myntra.com/manyavar?f=Brand%3AManyavar%2CDiwas%20by%20Manyavar | seen=5945 | expected=7415
2026-09-28 23:38:28 | INFO    | PDP       | Processed 43 target products for Manyavar in 2s (1148.89 products/min). | run_id=run_20260928_233050_590234_d5dad6 | brand=Manyavar | saved=43 | elapsed_label=2s | products_per_minute=1148.89
2026-09-28 23:38:28 | INFO    | LISTING   | Listing Manyavar route https://www.myntra.com/manyavar?f=Brand%3AManyavar%2CDiwas%20by%20Manyavar page 123 -> https://www.myntra.com/gateway/v4/search/manyavar?f=Brand%3AManyavar%2CDiwas+by+Manyavar&rows=50&o=6100&plaEnabled=false&xdEnabled=false&isFacet=true&p=123 | run_id=run_20260928_233050_590234_d5dad6 | brand=Manyavar | page=123 | route=https://www.myntra.com/manyavar?f=Brand%3AManyavar%2CDiwas%20by%20Manyavar | seen=5988 | expected=7415
2026-09-28 23:38:32 | INFO    | PDP       | Processed 49 target products for Manyavar in 3s (916.42 products/min). | run_id=run_20260928_233050_590234_d5dad6 | brand=Manyavar | saved=49 | elapsed_label=3s | products_per_minute=916.42
2026-09-28 23:38:32 | INFO    | LISTING   | Listing Manyavar route https://www.myntra.com/manyavar?f=Brand%3AManyavar%2CDiwas%20by%20Manyavar page 124 -> https://www.myntra.com/gateway/v4/search/manyavar?f=Brand%3AManyavar%2CDiwas+by+Manyavar&rows=50&o=6150&plaEnabled=false&xdEnabled=false&isFacet=true&p=124 | run_id=run_20260928_233050_590234_d5dad6 | brand=Manyavar | page=124 | route=https://www.myntra.com/manyavar?f=Brand%3AManyavar%2CDiwas%20by%20Manyavar | seen=6037 | expected=7415
2026-09-28 23:38:36 | INFO    | PDP       | Processed 49 target products for Manyavar in 3s (1059.21 products/min). | run_id=run_20260928_233050_590234_d5dad6 | brand=Manyavar | saved=49 | elapsed_label=3s | products_per_minute=1059.21
2026-09-28 23:38:36 | INFO    | LISTING   | Listing Manyavar route https://www.myntra.com/manyavar?f=Brand%3AManyavar%2CDiwas%20by%20Manyavar page 125 -> https://www.myntra.com/gateway/v4/search/manyavar?f=Brand%3AManyavar%2CDiwas+by+Manyavar&rows=50&o=6200&plaEnabled=false&xdEnabled=false&isFacet=true&p=125 | run_id=run_20260928_233050_590234_d5dad6 | brand=Manyavar | page=125 | route=https://www.myntra.com/manyavar?f=Brand%3AManyavar%2CDiwas%20by%20Manyavar | seen=6086 | expected=7415
2026-09-28 23:38:39 | INFO    | PDP       | Processed 50 target products for Manyavar in 3s (1128.51 products/min). | run_id=run_20260928_233050_590234_d5dad6 | brand=Manyavar | saved=50 | elapsed_label=3s | products_per_minute=1128.51
2026-09-28 23:38:39 | INFO    | LISTING   | Listing Manyavar route https://www.myntra.com/manyavar?f=Brand%3AManyavar%2CDiwas%20by%20Manyavar page 126 -> https://www.myntra.com/gateway/v4/search/manyavar?f=Brand%3AManyavar%2CDiwas+by+Manyavar&rows=50&o=6250&plaEnabled=false&xdEnabled=false&isFacet=true&p=126 | run_id=run_20260928_233050_590234_d5dad6 | brand=Manyavar | page=126 | route=https://www.myntra.com/manyavar?f=Brand%3AManyavar%2CDiwas%20by%20Manyavar | seen=6136 | expected=7415
2026-09-28 23:38:43 | INFO    | PDP       | Processed 49 target products for Manyavar in 3s (1060.32 products/min). | run_id=run_20260928_233050_590234_d5dad6 | brand=Manyavar | saved=49 | elapsed_label=3s | products_per_minute=1060.32
2026-09-28 23:38:43 | INFO    | LISTING   | Listing Manyavar route https://www.myntra.com/manyavar?f=Brand%3AManyavar%2CDiwas%20by%20Manyavar page 127 -> https://www.myntra.com/gateway/v4/search/manyavar?f=Brand%3AManyavar%2CDiwas+by+Manyavar&rows=50&o=6300&plaEnabled=false&xdEnabled=false&isFacet=true&p=127 | run_id=run_20260928_233050_590234_d5dad6 | brand=Manyavar | page=127 | route=https://www.myntra.com/manyavar?f=Brand%3AManyavar%2CDiwas%20by%20Manyavar | seen=6185 | expected=7415
2026-09-28 23:38:46 | INFO    | PDP       | Processed 50 target products for Manyavar in 3s (1111.59 products/min). | run_id=run_20260928_233050_590234_d5dad6 | brand=Manyavar | saved=50 | elapsed_label=3s | products_per_minute=1111.59
2026-09-28 23:38:46 | INFO    | LISTING   | Listing Manyavar route https://www.myntra.com/manyavar?f=Brand%3AManyavar%2CDiwas%20by%20Manyavar page 128 -> https://www.myntra.com/gateway/v4/search/manyavar?f=Brand%3AManyavar%2CDiwas+by+Manyavar&rows=50&o=6350&plaEnabled=false&xdEnabled=false&isFacet=true&p=128 | run_id=run_20260928_233050_590234_d5dad6 | brand=Manyavar | page=128 | route=https://www.myntra.com/manyavar?f=Brand%3AManyavar%2CDiwas%20by%20Manyavar | seen=6235 | expected=7415
2026-09-28 23:38:50 | INFO    | PDP       | Processed 50 target products for Manyavar in 3s (1185.09 products/min). | run_id=run_20260928_233050_590234_d5dad6 | brand=Manyavar | saved=50 | elapsed_label=3s | products_per_minute=1185.09
2026-09-28 23:38:50 | INFO    | LISTING   | Listing Manyavar route https://www.myntra.com/manyavar?f=Brand%3AManyavar%2CDiwas%20by%20Manyavar page 129 -> https://www.myntra.com/gateway/v4/search/manyavar?f=Brand%3AManyavar%2CDiwas+by+Manyavar&rows=50&o=6400&plaEnabled=false&xdEnabled=false&isFacet=true&p=129 | run_id=run_20260928_233050_590234_d5dad6 | brand=Manyavar | page=129 | route=https://www.myntra.com/manyavar?f=Brand%3AManyavar%2CDiwas%20by%20Manyavar | seen=6285 | expected=7415
2026-09-28 23:38:53 | INFO    | PDP       | Processed 50 target products for Manyavar in 3s (1053.18 products/min). | run_id=run_20260928_233050_590234_d5dad6 | brand=Manyavar | saved=50 | elapsed_label=3s | products_per_minute=1053.18
2026-09-28 23:38:54 | INFO    | LISTING   | Listing Manyavar route https://www.myntra.com/manyavar?f=Brand%3AManyavar%2CDiwas%20by%20Manyavar page 130 -> https://www.myntra.com/gateway/v4/search/manyavar?f=Brand%3AManyavar%2CDiwas+by+Manyavar&rows=50&o=6450&plaEnabled=false&xdEnabled=false&isFacet=true&p=130 | run_id=run_20260928_233050_590234_d5dad6 | brand=Manyavar | page=130 | route=https://www.myntra.com/manyavar?f=Brand%3AManyavar%2CDiwas%20by%20Manyavar | seen=6335 | expected=7415
2026-09-28 23:38:57 | INFO    | PDP       | Processed 50 target products for Manyavar in 3s (1000.79 products/min). | run_id=run_20260928_233050_590234_d5dad6 | brand=Manyavar | saved=50 | elapsed_label=3s | products_per_minute=1000.79
2026-09-28 23:38:58 | INFO    | LISTING   | Listing Manyavar route https://www.myntra.com/manyavar?f=Brand%3AManyavar%2CDiwas%20by%20Manyavar page 131 -> https://www.myntra.com/gateway/v4/search/manyavar?f=Brand%3AManyavar%2CDiwas+by+Manyavar&rows=50&o=6500&plaEnabled=false&xdEnabled=false&isFacet=true&p=131 | run_id=run_20260928_233050_590234_d5dad6 | brand=Manyavar | page=131 | route=https://www.myntra.com/manyavar?f=Brand%3AManyavar%2CDiwas%20by%20Manyavar | seen=6385 | expected=7415
2026-09-28 23:39:01 | INFO    | PDP       | Processed 50 target products for Manyavar in 3s (1122.13 products/min). | run_id=run_20260928_233050_590234_d5dad6 | brand=Manyavar | saved=50 | elapsed_label=3s | products_per_minute=1122.13
2026-09-28 23:39:01 | INFO    | LISTING   | Listing Manyavar route https://www.myntra.com/manyavar?f=Brand%3AManyavar%2CDiwas%20by%20Manyavar page 132 -> https://www.myntra.com/gateway/v4/search/manyavar?f=Brand%3AManyavar%2CDiwas+by+Manyavar&rows=50&o=6550&plaEnabled=false&xdEnabled=false&isFacet=true&p=132 | run_id=run_20260928_233050_590234_d5dad6 | brand=Manyavar | page=132 | route=https://www.myntra.com/manyavar?f=Brand%3AManyavar%2CDiwas%20by%20Manyavar | seen=6435 | expected=7415
2026-09-28 23:39:04 | INFO    | PDP       | Processed 50 target products for Manyavar in 3s (1125.78 products/min). | run_id=run_20260928_233050_590234_d5dad6 | brand=Manyavar | saved=50 | elapsed_label=3s | products_per_minute=1125.78
2026-09-28 23:39:05 | INFO    | LISTING   | Listing Manyavar route https://www.myntra.com/manyavar?f=Brand%3AManyavar%2CDiwas%20by%20Manyavar page 133 -> https://www.myntra.com/gateway/v4/search/manyavar?f=Brand%3AManyavar%2CDiwas+by+Manyavar&rows=50&o=6600&plaEnabled=false&xdEnabled=false&isFacet=true&p=133 | run_id=run_20260928_233050_590234_d5dad6 | brand=Manyavar | page=133 | route=https://www.myntra.com/manyavar?f=Brand%3AManyavar%2CDiwas%20by%20Manyavar | seen=6485 | expected=7415
2026-09-28 23:39:08 | INFO    | PDP       | Processed 50 target products for Manyavar in 3s (1132.93 products/min). | run_id=run_20260928_233050_590234_d5dad6 | brand=Manyavar | saved=50 | elapsed_label=3s | products_per_minute=1132.93
2026-09-28 23:39:08 | INFO    | LISTING   | Listing Manyavar route https://www.myntra.com/manyavar?f=Brand%3AManyavar%2CDiwas%20by%20Manyavar page 134 -> https://www.myntra.com/gateway/v4/search/manyavar?f=Brand%3AManyavar%2CDiwas+by+Manyavar&rows=50&o=6650&plaEnabled=false&xdEnabled=false&isFacet=true&p=134 | run_id=run_20260928_233050_590234_d5dad6 | brand=Manyavar | page=134 | route=https://www.myntra.com/manyavar?f=Brand%3AManyavar%2CDiwas%20by%20Manyavar | seen=6535 | expected=7415
2026-09-28 23:39:12 | INFO    | PDP       | Processed 49 target products for Manyavar in 3s (1057.03 products/min). | run_id=run_20260928_233050_590234_d5dad6 | brand=Manyavar | saved=49 | elapsed_label=3s | products_per_minute=1057.03
2026-09-28 23:39:12 | INFO    | LISTING   | Listing Manyavar route https://www.myntra.com/manyavar?f=Brand%3AManyavar%2CDiwas%20by%20Manyavar page 135 -> https://www.myntra.com/gateway/v4/search/manyavar?f=Brand%3AManyavar%2CDiwas+by+Manyavar&rows=50&o=6700&plaEnabled=false&xdEnabled=false&isFacet=true&p=135 | run_id=run_20260928_233050_590234_d5dad6 | brand=Manyavar | page=135 | route=https://www.myntra.com/manyavar?f=Brand%3AManyavar%2CDiwas%20by%20Manyavar | seen=6584 | expected=7415
2026-09-28 23:39:16 | INFO    | PDP       | Processed 50 target products for Manyavar in 3s (977.27 products/min). | run_id=run_20260928_233050_590234_d5dad6 | brand=Manyavar | saved=50 | elapsed_label=3s | products_per_minute=977.27
2026-09-28 23:39:16 | INFO    | LISTING   | Listing Manyavar route https://www.myntra.com/manyavar?f=Brand%3AManyavar%2CDiwas%20by%20Manyavar page 136 -> https://www.myntra.com/gateway/v4/search/manyavar?f=Brand%3AManyavar%2CDiwas+by+Manyavar&rows=50&o=6750&plaEnabled=false&xdEnabled=false&isFacet=true&p=136 | run_id=run_20260928_233050_590234_d5dad6 | brand=Manyavar | page=136 | route=https://www.myntra.com/manyavar?f=Brand%3AManyavar%2CDiwas%20by%20Manyavar | seen=6634 | expected=7415
2026-09-28 23:39:19 | INFO    | PDP       | Processed 49 target products for Manyavar in 2s (1207.01 products/min). | run_id=run_20260928_233050_590234_d5dad6 | brand=Manyavar | saved=49 | elapsed_label=2s | products_per_minute=1207.01
2026-09-28 23:39:19 | INFO    | LISTING   | Listing Manyavar route https://www.myntra.com/manyavar?f=Brand%3AManyavar%2CDiwas%20by%20Manyavar page 137 -> https://www.myntra.com/gateway/v4/search/manyavar?f=Brand%3AManyavar%2CDiwas+by+Manyavar&rows=50&o=6800&plaEnabled=false&xdEnabled=false&isFacet=true&p=137 | run_id=run_20260928_233050_590234_d5dad6 | brand=Manyavar | page=137 | route=https://www.myntra.com/manyavar?f=Brand%3AManyavar%2CDiwas%20by%20Manyavar | seen=6683 | expected=7415
2026-09-28 23:39:22 | INFO    | PDP       | Processed 49 target products for Manyavar in 3s (1135.69 products/min). | run_id=run_20260928_233050_590234_d5dad6 | brand=Manyavar | saved=49 | elapsed_label=3s | products_per_minute=1135.69
2026-09-28 23:39:23 | INFO    | LISTING   | Listing Manyavar route https://www.myntra.com/manyavar?f=Brand%3AManyavar%2CDiwas%20by%20Manyavar page 138 -> https://www.myntra.com/gateway/v4/search/manyavar?f=Brand%3AManyavar%2CDiwas+by+Manyavar&rows=50&o=6850&plaEnabled=false&xdEnabled=false&isFacet=true&p=138 | run_id=run_20260928_233050_590234_d5dad6 | brand=Manyavar | page=138 | route=https://www.myntra.com/manyavar?f=Brand%3AManyavar%2CDiwas%20by%20Manyavar | seen=6732 | expected=7415
2026-09-28 23:39:26 | INFO    | PDP       | Processed 48 target products for Manyavar in 3s (1076.66 products/min). | run_id=run_20260928_233050_590234_d5dad6 | brand=Manyavar | saved=48 | elapsed_label=3s | products_per_minute=1076.66
2026-09-28 23:39:26 | INFO    | LISTING   | Listing Manyavar route https://www.myntra.com/manyavar?f=Brand%3AManyavar%2CDiwas%20by%20Manyavar page 139 -> https://www.myntra.com/gateway/v4/search/manyavar?f=Brand%3AManyavar%2CDiwas+by+Manyavar&rows=50&o=6900&plaEnabled=false&xdEnabled=false&isFacet=true&p=139 | run_id=run_20260928_233050_590234_d5dad6 | brand=Manyavar | page=139 | route=https://www.myntra.com/manyavar?f=Brand%3AManyavar%2CDiwas%20by%20Manyavar | seen=6780 | expected=7415
2026-09-28 23:39:30 | INFO    | PDP       | Processed 50 target products for Manyavar in 3s (1007.68 products/min). | run_id=run_20260928_233050_590234_d5dad6 | brand=Manyavar | saved=50 | elapsed_label=3s | products_per_minute=1007.68
2026-09-28 23:39:30 | INFO    | LISTING   | Listing Manyavar route https://www.myntra.com/manyavar?f=Brand%3AManyavar%2CDiwas%20by%20Manyavar page 140 -> https://www.myntra.com/gateway/v4/search/manyavar?f=Brand%3AManyavar%2CDiwas+by+Manyavar&rows=50&o=6950&plaEnabled=false&xdEnabled=false&isFacet=true&p=140 | run_id=run_20260928_233050_590234_d5dad6 | brand=Manyavar | page=140 | route=https://www.myntra.com/manyavar?f=Brand%3AManyavar%2CDiwas%20by%20Manyavar | seen=6830 | expected=7415
2026-09-28 23:39:34 | INFO    | PDP       | Processed 48 target products for Manyavar in 3s (1000.34 products/min). | run_id=run_20260928_233050_590234_d5dad6 | brand=Manyavar | saved=48 | elapsed_label=3s | products_per_minute=1000.34
2026-09-28 23:39:34 | INFO    | LISTING   | Listing Manyavar route https://www.myntra.com/manyavar?f=Brand%3AManyavar%2CDiwas%20by%20Manyavar page 141 -> https://www.myntra.com/gateway/v4/search/manyavar?f=Brand%3AManyavar%2CDiwas+by+Manyavar&rows=50&o=7000&plaEnabled=false&xdEnabled=false&isFacet=true&p=141 | run_id=run_20260928_233050_590234_d5dad6 | brand=Manyavar | page=141 | route=https://www.myntra.com/manyavar?f=Brand%3AManyavar%2CDiwas%20by%20Manyavar | seen=6878 | expected=7415
2026-09-28 23:39:37 | INFO    | PDP       | Processed 49 target products for Manyavar in 3s (1102.56 products/min). | run_id=run_20260928_233050_590234_d5dad6 | brand=Manyavar | saved=49 | elapsed_label=3s | products_per_minute=1102.56
2026-09-28 23:39:37 | INFO    | LISTING   | Listing Manyavar route https://www.myntra.com/manyavar?f=Brand%3AManyavar%2CDiwas%20by%20Manyavar page 142 -> https://www.myntra.com/gateway/v4/search/manyavar?f=Brand%3AManyavar%2CDiwas+by+Manyavar&rows=50&o=7050&plaEnabled=false&xdEnabled=false&isFacet=true&p=142 | run_id=run_20260928_233050_590234_d5dad6 | brand=Manyavar | page=142 | route=https://www.myntra.com/manyavar?f=Brand%3AManyavar%2CDiwas%20by%20Manyavar | seen=6927 | expected=7415
2026-09-28 23:39:41 | INFO    | PDP       | Processed 42 target products for Manyavar in 2s (1033.17 products/min). | run_id=run_20260928_233050_590234_d5dad6 | brand=Manyavar | saved=42 | elapsed_label=2s | products_per_minute=1033.17
2026-09-28 23:39:41 | INFO    | LISTING   | Listing Manyavar route https://www.myntra.com/manyavar?f=Brand%3AManyavar%2CDiwas%20by%20Manyavar page 143 -> https://www.myntra.com/gateway/v4/search/manyavar?f=Brand%3AManyavar%2CDiwas+by+Manyavar&rows=50&o=7100&plaEnabled=false&xdEnabled=false&isFacet=true&p=143 | run_id=run_20260928_233050_590234_d5dad6 | brand=Manyavar | page=143 | route=https://www.myntra.com/manyavar?f=Brand%3AManyavar%2CDiwas%20by%20Manyavar | seen=6969 | expected=7415
2026-09-28 23:39:45 | INFO    | PDP       | Processed 44 target products for Manyavar in 4s (745.19 products/min). | run_id=run_20260928_233050_590234_d5dad6 | brand=Manyavar | saved=44 | elapsed_label=4s | products_per_minute=745.19
2026-09-28 23:39:45 | INFO    | LISTING   | Listing Manyavar route https://www.myntra.com/manyavar?f=Brand%3AManyavar%2CDiwas%20by%20Manyavar page 144 -> https://www.myntra.com/gateway/v4/search/manyavar?f=Brand%3AManyavar%2CDiwas+by+Manyavar&rows=50&o=7150&plaEnabled=false&xdEnabled=false&isFacet=true&p=144 | run_id=run_20260928_233050_590234_d5dad6 | brand=Manyavar | page=144 | route=https://www.myntra.com/manyavar?f=Brand%3AManyavar%2CDiwas%20by%20Manyavar | seen=7013 | expected=7415
2026-09-28 23:39:49 | INFO    | PDP       | Processed 50 target products for Manyavar in 3s (1013.8 products/min). | run_id=run_20260928_233050_590234_d5dad6 | brand=Manyavar | saved=50 | elapsed_label=3s | products_per_minute=1013.8
2026-09-28 23:39:49 | INFO    | LISTING   | Listing Manyavar route https://www.myntra.com/manyavar?f=Brand%3AManyavar%2CDiwas%20by%20Manyavar page 145 -> https://www.myntra.com/gateway/v4/search/manyavar?f=Brand%3AManyavar%2CDiwas+by+Manyavar&rows=50&o=7200&plaEnabled=false&xdEnabled=false&isFacet=true&p=145 | run_id=run_20260928_233050_590234_d5dad6 | brand=Manyavar | page=145 | route=https://www.myntra.com/manyavar?f=Brand%3AManyavar%2CDiwas%20by%20Manyavar | seen=7063 | expected=7415
2026-09-28 23:39:52 | INFO    | PDP       | Processed 50 target products for Manyavar in 2s (1210.66 products/min). | run_id=run_20260928_233050_590234_d5dad6 | brand=Manyavar | saved=50 | elapsed_label=2s | products_per_minute=1210.66
2026-09-28 23:39:52 | INFO    | LISTING   | Listing Manyavar route https://www.myntra.com/manyavar?f=Brand%3AManyavar%2CDiwas%20by%20Manyavar page 146 -> https://www.myntra.com/gateway/v4/search/manyavar?f=Brand%3AManyavar%2CDiwas+by+Manyavar&rows=50&o=7250&plaEnabled=false&xdEnabled=false&isFacet=true&p=146 | run_id=run_20260928_233050_590234_d5dad6 | brand=Manyavar | page=146 | route=https://www.myntra.com/manyavar?f=Brand%3AManyavar%2CDiwas%20by%20Manyavar | seen=7113 | expected=7415
2026-09-28 23:39:56 | INFO    | PDP       | Processed 50 target products for Manyavar in 3s (1144.8 products/min). | run_id=run_20260928_233050_590234_d5dad6 | brand=Manyavar | saved=50 | elapsed_label=3s | products_per_minute=1144.8
2026-09-28 23:39:56 | INFO    | LISTING   | Listing Manyavar route https://www.myntra.com/manyavar?f=Brand%3AManyavar%2CDiwas%20by%20Manyavar page 147 -> https://www.myntra.com/gateway/v4/search/manyavar?f=Brand%3AManyavar%2CDiwas+by+Manyavar&rows=50&o=7300&plaEnabled=false&xdEnabled=false&isFacet=true&p=147 | run_id=run_20260928_233050_590234_d5dad6 | brand=Manyavar | page=147 | route=https://www.myntra.com/manyavar?f=Brand%3AManyavar%2CDiwas%20by%20Manyavar | seen=7163 | expected=7415
2026-09-28 23:39:59 | INFO    | PDP       | Processed 50 target products for Manyavar in 3s (1088.66 products/min). | run_id=run_20260928_233050_590234_d5dad6 | brand=Manyavar | saved=50 | elapsed_label=3s | products_per_minute=1088.66
2026-09-28 23:40:00 | INFO    | LISTING   | Listing Manyavar route https://www.myntra.com/manyavar?f=Brand%3AManyavar%2CDiwas%20by%20Manyavar page 148 -> https://www.myntra.com/gateway/v4/search/manyavar?f=Brand%3AManyavar%2CDiwas+by+Manyavar&rows=50&o=7350&plaEnabled=false&xdEnabled=false&isFacet=true&p=148 | run_id=run_20260928_233050_590234_d5dad6 | brand=Manyavar | page=148 | route=https://www.myntra.com/manyavar?f=Brand%3AManyavar%2CDiwas%20by%20Manyavar | seen=7213 | expected=7415
2026-09-28 23:40:03 | INFO    | PDP       | Processed 50 target products for Manyavar in 3s (1011.99 products/min). | run_id=run_20260928_233050_590234_d5dad6 | brand=Manyavar | saved=50 | elapsed_label=3s | products_per_minute=1011.99
2026-09-28 23:40:03 | INFO    | LISTING   | Listing Manyavar route https://www.myntra.com/manyavar?f=Brand%3AManyavar%2CDiwas%20by%20Manyavar page 149 -> https://www.myntra.com/gateway/v4/search/manyavar?f=Brand%3AManyavar%2CDiwas+by+Manyavar&rows=50&o=7400&plaEnabled=false&xdEnabled=false&isFacet=true&p=149 | run_id=run_20260928_233050_590234_d5dad6 | brand=Manyavar | page=149 | route=https://www.myntra.com/manyavar?f=Brand%3AManyavar%2CDiwas%20by%20Manyavar | seen=7263 | expected=7415
2026-09-28 23:40:07 | INFO    | PDP       | Processed 49 target products for Manyavar in 3s (947.88 products/min). | run_id=run_20260928_233050_590234_d5dad6 | brand=Manyavar | saved=49 | elapsed_label=3s | products_per_minute=947.88
2026-09-28 23:40:07 | INFO    | LISTING   | Listing Manyavar route https://www.myntra.com/manyavar?f=Brand%3AManyavar%2CDiwas%20by%20Manyavar page 150 -> https://www.myntra.com/gateway/v4/search/manyavar?f=Brand%3AManyavar%2CDiwas+by+Manyavar&rows=50&o=7450&plaEnabled=false&xdEnabled=false&isFacet=true&p=150 | run_id=run_20260928_233050_590234_d5dad6 | brand=Manyavar | page=150 | route=https://www.myntra.com/manyavar?f=Brand%3AManyavar%2CDiwas%20by%20Manyavar | seen=7312 | expected=7415
2026-09-28 23:40:11 | INFO    | PDP       | Processed 50 target products for Manyavar in 3s (1049.06 products/min). | run_id=run_20260928_233050_590234_d5dad6 | brand=Manyavar | saved=50 | elapsed_label=3s | products_per_minute=1049.06
2026-09-28 23:40:11 | INFO    | LISTING   | Listing Manyavar route https://www.myntra.com/manyavar?f=Brand%3AManyavar%2CDiwas%20by%20Manyavar page 151 -> https://www.myntra.com/gateway/v4/search/manyavar?f=Brand%3AManyavar%2CDiwas+by+Manyavar&rows=50&o=7500&plaEnabled=false&xdEnabled=false&isFacet=true&p=151 | run_id=run_20260928_233050_590234_d5dad6 | brand=Manyavar | page=151 | route=https://www.myntra.com/manyavar?f=Brand%3AManyavar%2CDiwas%20by%20Manyavar | seen=7362 | expected=7415
2026-09-28 23:40:12 | INFO    | PDP       | Processed 2 target products for Manyavar in 1s (166.09 products/min). | run_id=run_20260928_233050_590234_d5dad6 | brand=Manyavar | saved=2 | elapsed_label=1s | products_per_minute=166.09
2026-09-28 23:40:12 | INFO    | LISTING   | Listing Manyavar route https://www.myntra.com/manyavar?f=Brand%3AManyavar%2CDiwas%20by%20Manyavar page 152 -> https://www.myntra.com/gateway/v4/search/manyavar?f=Brand%3AManyavar%2CDiwas+by+Manyavar&rows=50&o=7550&plaEnabled=false&xdEnabled=false&isFacet=true&p=152 | run_id=run_20260928_233050_590234_d5dad6 | brand=Manyavar | page=152 | route=https://www.myntra.com/manyavar?f=Brand%3AManyavar%2CDiwas%20by%20Manyavar | seen=7364 | expected=7415
2026-09-28 23:40:13 | WARNING | LISTING   | Empty listing page for Manyavar on page 152 before expected end; continuing. | run_id=run_20260928_233050_590234_d5dad6 | brand=Manyavar | page=152 | route=https://www.myntra.com/manyavar?f=Brand%3AManyavar%2CDiwas%20by%20Manyavar
2026-09-28 23:40:13 | INFO    | LISTING   | Listing Manyavar route https://www.myntra.com/manyavar?f=Brand%3AManyavar%2CDiwas%20by%20Manyavar page 153 -> https://www.myntra.com/gateway/v4/search/manyavar?f=Brand%3AManyavar%2CDiwas+by+Manyavar&rows=50&o=7600&plaEnabled=false&xdEnabled=false&isFacet=true&p=153 | run_id=run_20260928_233050_590234_d5dad6 | brand=Manyavar | page=153 | route=https://www.myntra.com/manyavar?f=Brand%3AManyavar%2CDiwas%20by%20Manyavar | seen=7364 | expected=7415
2026-09-28 23:40:14 | WARNING | NETWORK   | JSON request failed for https://www.myntra.com/gateway/v4/search/manyavar?f=Brand%3AManyavar%2CDiwas+by+Manyavar&rows=50&o=7600&plaEnabled=false&xdEnabled=false&isFacet=true&p=153 on attempt 1/3: HTTP Error 400:  | run_id=run_20260928_233050_590234_d5dad6 | route=https://www.myntra.com/gateway/v4/search/manyavar?f=Brand%3AManyavar%2CDiwas+by+Manyavar&rows=50&o=7600&plaEnabled=false&xdEnabled=false&isFacet=true&p=153 | attempt=1/3
2026-09-28 23:40:16 | WARNING | NETWORK   | JSON request failed for https://www.myntra.com/gateway/v4/search/manyavar?f=Brand%3AManyavar%2CDiwas+by+Manyavar&rows=50&o=7600&plaEnabled=false&xdEnabled=false&isFacet=true&p=153 on attempt 2/3: HTTP Error 400:  | run_id=run_20260928_233050_590234_d5dad6 | route=https://www.myntra.com/gateway/v4/search/manyavar?f=Brand%3AManyavar%2CDiwas+by+Manyavar&rows=50&o=7600&plaEnabled=false&xdEnabled=false&isFacet=true&p=153 | attempt=2/3
2026-09-28 23:40:19 | WARNING | NETWORK   | JSON request failed for https://www.myntra.com/gateway/v4/search/manyavar?f=Brand%3AManyavar%2CDiwas+by+Manyavar&rows=50&o=7600&plaEnabled=false&xdEnabled=false&isFacet=true&p=153 on attempt 3/3: HTTP Error 400:  | run_id=run_20260928_233050_590234_d5dad6 | route=https://www.myntra.com/gateway/v4/search/manyavar?f=Brand%3AManyavar%2CDiwas+by+Manyavar&rows=50&o=7600&plaEnabled=false&xdEnabled=false&isFacet=true&p=153 | attempt=3/3
2026-09-28 23:40:19 | WARNING | NETWORK   | JSON request failed for https://www.myntra.com/gateway/v4/search/manyavar?f=Brand%3AManyavar%2CDiwas+by+Manyavar&rows=50&o=7599&plaEnabled=false&xdEnabled=false&isFacet=true&p=153 on attempt 1/3: HTTP Error 400:  | run_id=run_20260928_233050_590234_d5dad6 | route=https://www.myntra.com/gateway/v4/search/manyavar?f=Brand%3AManyavar%2CDiwas+by+Manyavar&rows=50&o=7599&plaEnabled=false&xdEnabled=false&isFacet=true&p=153 | attempt=1/3
2026-09-28 23:40:21 | WARNING | NETWORK   | JSON request failed for https://www.myntra.com/gateway/v4/search/manyavar?f=Brand%3AManyavar%2CDiwas+by+Manyavar&rows=50&o=7599&plaEnabled=false&xdEnabled=false&isFacet=true&p=153 on attempt 2/3: HTTP Error 400:  | run_id=run_20260928_233050_590234_d5dad6 | route=https://www.myntra.com/gateway/v4/search/manyavar?f=Brand%3AManyavar%2CDiwas+by+Manyavar&rows=50&o=7599&plaEnabled=false&xdEnabled=false&isFacet=true&p=153 | attempt=2/3
2026-09-28 23:40:23 | WARNING | NETWORK   | JSON request failed for https://www.myntra.com/gateway/v4/search/manyavar?f=Brand%3AManyavar%2CDiwas+by+Manyavar&rows=50&o=7599&plaEnabled=false&xdEnabled=false&isFacet=true&p=153 on attempt 3/3: HTTP Error 400:  | run_id=run_20260928_233050_590234_d5dad6 | route=https://www.myntra.com/gateway/v4/search/manyavar?f=Brand%3AManyavar%2CDiwas+by+Manyavar&rows=50&o=7599&plaEnabled=false&xdEnabled=false&isFacet=true&p=153 | attempt=3/3
2026-09-28 23:40:24 | WARNING | LISTING   | Route fetch failed for https://www.myntra.com/manyavar?f=Brand%3AManyavar%2CDiwas%20by%20Manyavar page 153 (Failed to fetch JSON payload from https://www.myntra.com/gateway/v4/search/manyavar?f=Brand%3AManyavar%2CDiwas+by+Manyavar&rows=50&o=7599&plaEnabled=false&xdEnabled=false&isFacet=true&p=153: HTTP Error 400: ). Will retry with another pass or fallback route. | run_id=run_20260928_233050_590234_d5dad6 | brand=Manyavar | page=153 | route=https://www.myntra.com/manyavar?f=Brand%3AManyavar%2CDiwas%20by%20Manyavar
2026-09-28 23:40:24 | INFO    | BRAND     | Skipping redundant route https://www.myntra.com/manyavar for Manyavar (100% of first page already captured). | run_id=run_20260928_233050_590234_d5dad6 | brand=Manyavar | route=https://www.myntra.com/manyavar
2026-09-28 23:40:24 | WARNING | BRAND     | Brand Manyavar finished below expected count: saw 7364 unique shirts products vs expected 7415. | run_id=run_20260928_233050_590234_d5dad6 | brand=Manyavar | seen=7364 | expected=7415
2026-09-28 23:40:24 | INFO    | BRAND     | Brand scrape completed in 9m 33s (771.34 products/min). | run_id=run_20260928_233050_590234_d5dad6 | brand=Manyavar | status=COMPLETED | saved=7364 | seen=7364 | expected=7415 | elapsed_label=9m 33s | products_per_minute=771.34
2026-09-28 23:40:24 | INFO    | BRAND     | Resolving brand routes. | run_id=run_20260928_233050_590234_d5dad6 | brand=Tasva
2026-09-28 23:40:25 | INFO    | BRAND     | Resolved Tasva -> 2 routes (best brand total=1813): https://www.myntra.com/tasva?f=Brand%3ATasva, https://www.myntra.com/tasva | run_id=run_20260928_233050_590234_d5dad6 | brand=Tasva | expected=1813
2026-09-28 23:40:25 | INFO    | BRAND     | Starting brand scrape. | run_id=run_20260928_233050_590234_d5dad6 | brand=Tasva | expected=1813
2026-09-28 23:40:25 | INFO    | LISTING   | Listing Tasva route https://www.myntra.com/tasva?f=Brand%3ATasva page 1 -> https://www.myntra.com/gateway/v4/search/tasva?f=Brand%3ATasva&rows=50&o=0&plaEnabled=false&xdEnabled=false&isFacet=true&p=1 | run_id=run_20260928_233050_590234_d5dad6 | brand=Tasva | page=1 | route=https://www.myntra.com/tasva?f=Brand%3ATasva | seen=0 | expected=1813
2026-09-28 23:40:28 | INFO    | PDP       | Processed 50 target products for Tasva in 3s (1110.66 products/min). | run_id=run_20260928_233050_590234_d5dad6 | brand=Tasva | saved=50 | elapsed_label=3s | products_per_minute=1110.66
2026-09-28 23:40:29 | INFO    | LISTING   | Listing Tasva route https://www.myntra.com/tasva?f=Brand%3ATasva page 2 -> https://www.myntra.com/gateway/v4/search/tasva?f=Brand%3ATasva&rows=50&o=50&plaEnabled=false&xdEnabled=false&isFacet=true&p=2 | run_id=run_20260928_233050_590234_d5dad6 | brand=Tasva | page=2 | route=https://www.myntra.com/tasva?f=Brand%3ATasva | seen=50 | expected=1813
2026-09-28 23:40:32 | INFO    | PDP       | Processed 50 target products for Tasva in 3s (1153.79 products/min). | run_id=run_20260928_233050_590234_d5dad6 | brand=Tasva | saved=50 | elapsed_label=3s | products_per_minute=1153.79
2026-09-28 23:40:32 | INFO    | LISTING   | Listing Tasva route https://www.myntra.com/tasva?f=Brand%3ATasva page 3 -> https://www.myntra.com/gateway/v4/search/tasva?f=Brand%3ATasva&rows=50&o=100&plaEnabled=false&xdEnabled=false&isFacet=true&p=3 | run_id=run_20260928_233050_590234_d5dad6 | brand=Tasva | page=3 | route=https://www.myntra.com/tasva?f=Brand%3ATasva | seen=100 | expected=1813
2026-09-28 23:40:36 | INFO    | PDP       | Processed 49 target products for Tasva in 3s (987.92 products/min). | run_id=run_20260928_233050_590234_d5dad6 | brand=Tasva | saved=49 | elapsed_label=3s | products_per_minute=987.92
2026-09-28 23:40:36 | INFO    | LISTING   | Listing Tasva route https://www.myntra.com/tasva?f=Brand%3ATasva page 4 -> https://www.myntra.com/gateway/v4/search/tasva?f=Brand%3ATasva&rows=50&o=150&plaEnabled=false&xdEnabled=false&isFacet=true&p=4 | run_id=run_20260928_233050_590234_d5dad6 | brand=Tasva | page=4 | route=https://www.myntra.com/tasva?f=Brand%3ATasva | seen=149 | expected=1813
2026-09-28 23:40:39 | INFO    | PDP       | Processed 50 target products for Tasva in 3s (1048.47 products/min). | run_id=run_20260928_233050_590234_d5dad6 | brand=Tasva | saved=50 | elapsed_label=3s | products_per_minute=1048.47
2026-09-28 23:40:40 | INFO    | LISTING   | Listing Tasva route https://www.myntra.com/tasva?f=Brand%3ATasva page 5 -> https://www.myntra.com/gateway/v4/search/tasva?f=Brand%3ATasva&rows=50&o=200&plaEnabled=false&xdEnabled=false&isFacet=true&p=5 | run_id=run_20260928_233050_590234_d5dad6 | brand=Tasva | page=5 | route=https://www.myntra.com/tasva?f=Brand%3ATasva | seen=199 | expected=1813
2026-09-28 23:40:43 | INFO    | PDP       | Processed 50 target products for Tasva in 3s (1074.63 products/min). | run_id=run_20260928_233050_590234_d5dad6 | brand=Tasva | saved=50 | elapsed_label=3s | products_per_minute=1074.63
2026-09-28 23:40:43 | INFO    | LISTING   | Listing Tasva route https://www.myntra.com/tasva?f=Brand%3ATasva page 6 -> https://www.myntra.com/gateway/v4/search/tasva?f=Brand%3ATasva&rows=50&o=250&plaEnabled=false&xdEnabled=false&isFacet=true&p=6 | run_id=run_20260928_233050_590234_d5dad6 | brand=Tasva | page=6 | route=https://www.myntra.com/tasva?f=Brand%3ATasva | seen=249 | expected=1813
2026-09-28 23:40:47 | INFO    | PDP       | Processed 50 target products for Tasva in 3s (1021.08 products/min). | run_id=run_20260928_233050_590234_d5dad6 | brand=Tasva | saved=50 | elapsed_label=3s | products_per_minute=1021.08
2026-09-28 23:40:47 | INFO    | LISTING   | Listing Tasva route https://www.myntra.com/tasva?f=Brand%3ATasva page 7 -> https://www.myntra.com/gateway/v4/search/tasva?f=Brand%3ATasva&rows=50&o=300&plaEnabled=false&xdEnabled=false&isFacet=true&p=7 | run_id=run_20260928_233050_590234_d5dad6 | brand=Tasva | page=7 | route=https://www.myntra.com/tasva?f=Brand%3ATasva | seen=299 | expected=1813
    [0;31m✗[0m Scraper timed out after 10 minutes — skipping
  [0;36m→[0m Exporting local DB (ocassionwear_gtm)...
    [0;32m✓[0m Exported: 40613 sizes | 0 snapshots | units_sold=0 | revenue=₹0.0

[1m[0;36m[8/9] Women Ethnic[0m  [2m(WOMEN ETHNIC → women_ethnic_myntra_data :3015)[0m
  [0;36m→[0m Scraping...
2026-09-28 23:40:50 | INFO    | GENERAL   | Pre-loaded 0 existing products from DB into seen cache.
2026-09-28 23:40:51 | INFO    | BRAND     | Resolving brand routes. | run_id=run_20260928_234050_779529_796e7a | brand=Libas
2026-09-28 23:40:56 | INFO    | BRAND     | Resolved Libas -> 1 routes (best brand total=4738): https://www.myntra.com/kurta-sets?f=Brand%3ALibas | run_id=run_20260928_234050_779529_796e7a | brand=Libas | expected=4738
2026-09-28 23:40:56 | INFO    | BRAND     | Starting brand scrape. | run_id=run_20260928_234050_779529_796e7a | brand=Libas | expected=4738
2026-09-28 23:40:56 | INFO    | LISTING   | Listing Libas route https://www.myntra.com/kurta-sets?f=Brand%3ALibas page 1 -> https://www.myntra.com/gateway/v4/search/kurta-sets?f=Brand%3ALibas&rows=50&o=0&plaEnabled=false&xdEnabled=false&isFacet=true&p=1 | run_id=run_20260928_234050_779529_796e7a | brand=Libas | page=1 | route=https://www.myntra.com/kurta-sets?f=Brand%3ALibas | seen=0 | expected=4738
2026-09-28 23:41:01 | INFO    | PDP       | Processed 50 target products for Libas in 3s (1154.45 products/min). | run_id=run_20260928_234050_779529_796e7a | brand=Libas | saved=50 | elapsed_label=3s | products_per_minute=1154.45
2026-09-28 23:41:01 | INFO    | LISTING   | Listing Libas route https://www.myntra.com/kurta-sets?f=Brand%3ALibas page 2 -> https://www.myntra.com/gateway/v4/search/kurta-sets?f=Brand%3ALibas&rows=50&o=50&plaEnabled=false&xdEnabled=false&isFacet=true&p=2 | run_id=run_20260928_234050_779529_796e7a | brand=Libas | page=2 | route=https://www.myntra.com/kurta-sets?f=Brand%3ALibas | seen=50 | expected=4738
2026-09-28 23:41:05 | INFO    | PDP       | Processed 50 target products for Libas in 3s (981.24 products/min). | run_id=run_20260928_234050_779529_796e7a | brand=Libas | saved=50 | elapsed_label=3s | products_per_minute=981.24
2026-09-28 23:41:05 | INFO    | LISTING   | Listing Libas route https://www.myntra.com/kurta-sets?f=Brand%3ALibas page 3 -> https://www.myntra.com/gateway/v4/search/kurta-sets?f=Brand%3ALibas&rows=50&o=100&plaEnabled=false&xdEnabled=false&isFacet=true&p=3 | run_id=run_20260928_234050_779529_796e7a | brand=Libas | page=3 | route=https://www.myntra.com/kurta-sets?f=Brand%3ALibas | seen=100 | expected=4738
2026-09-28 23:41:09 | INFO    | PDP       | Processed 50 target products for Libas in 3s (1095.6 products/min). | run_id=run_20260928_234050_779529_796e7a | brand=Libas | saved=50 | elapsed_label=3s | products_per_minute=1095.6
2026-09-28 23:41:09 | INFO    | LISTING   | Listing Libas route https://www.myntra.com/kurta-sets?f=Brand%3ALibas page 4 -> https://www.myntra.com/gateway/v4/search/kurta-sets?f=Brand%3ALibas&rows=50&o=150&plaEnabled=false&xdEnabled=false&isFacet=true&p=4 | run_id=run_20260928_234050_779529_796e7a | brand=Libas | page=4 | route=https://www.myntra.com/kurta-sets?f=Brand%3ALibas | seen=150 | expected=4738
2026-09-28 23:41:12 | INFO    | PDP       | Processed 50 target products for Libas in 3s (1100.29 products/min). | run_id=run_20260928_234050_779529_796e7a | brand=Libas | saved=50 | elapsed_label=3s | products_per_minute=1100.29
2026-09-28 23:41:13 | INFO    | LISTING   | Listing Libas route https://www.myntra.com/kurta-sets?f=Brand%3ALibas page 5 -> https://www.myntra.com/gateway/v4/search/kurta-sets?f=Brand%3ALibas&rows=50&o=200&plaEnabled=false&xdEnabled=false&isFacet=true&p=5 | run_id=run_20260928_234050_779529_796e7a | brand=Libas | page=5 | route=https://www.myntra.com/kurta-sets?f=Brand%3ALibas | seen=200 | expected=4738
2026-09-28 23:41:17 | INFO    | PDP       | Processed 50 target products for Libas in 4s (837.12 products/min). | run_id=run_20260928_234050_779529_796e7a | brand=Libas | saved=50 | elapsed_label=4s | products_per_minute=837.12
2026-09-28 23:41:18 | INFO    | LISTING   | Listing Libas route https://www.myntra.com/kurta-sets?f=Brand%3ALibas page 6 -> https://www.myntra.com/gateway/v4/search/kurta-sets?f=Brand%3ALibas&rows=50&o=250&plaEnabled=false&xdEnabled=false&isFacet=true&p=6 | run_id=run_20260928_234050_779529_796e7a | brand=Libas | page=6 | route=https://www.myntra.com/kurta-sets?f=Brand%3ALibas | seen=250 | expected=4738
2026-09-28 23:41:21 | INFO    | PDP       | Processed 50 target products for Libas in 3s (1029.83 products/min). | run_id=run_20260928_234050_779529_796e7a | brand=Libas | saved=50 | elapsed_label=3s | products_per_minute=1029.83
2026-09-28 23:41:22 | INFO    | LISTING   | Listing Libas route https://www.myntra.com/kurta-sets?f=Brand%3ALibas page 7 -> https://www.myntra.com/gateway/v4/search/kurta-sets?f=Brand%3ALibas&rows=50&o=300&plaEnabled=false&xdEnabled=false&isFacet=true&p=7 | run_id=run_20260928_234050_779529_796e7a | brand=Libas | page=7 | route=https://www.myntra.com/kurta-sets?f=Brand%3ALibas | seen=300 | expected=4738
2026-09-28 23:41:25 | INFO    | PDP       | Processed 50 target products for Libas in 3s (1057.4 products/min). | run_id=run_20260928_234050_779529_796e7a | brand=Libas | saved=50 | elapsed_label=3s | products_per_minute=1057.4
2026-09-28 23:41:26 | INFO    | LISTING   | Listing Libas route https://www.myntra.com/kurta-sets?f=Brand%3ALibas page 8 -> https://www.myntra.com/gateway/v4/search/kurta-sets?f=Brand%3ALibas&rows=50&o=350&plaEnabled=false&xdEnabled=false&isFacet=true&p=8 | run_id=run_20260928_234050_779529_796e7a | brand=Libas | page=8 | route=https://www.myntra.com/kurta-sets?f=Brand%3ALibas | seen=350 | expected=4738
2026-09-28 23:41:29 | INFO    | PDP       | Processed 50 target products for Libas in 3s (1130.1 products/min). | run_id=run_20260928_234050_779529_796e7a | brand=Libas | saved=50 | elapsed_label=3s | products_per_minute=1130.1
2026-09-28 23:41:29 | INFO    | LISTING   | Listing Libas route https://www.myntra.com/kurta-sets?f=Brand%3ALibas page 9 -> https://www.myntra.com/gateway/v4/search/kurta-sets?f=Brand%3ALibas&rows=50&o=400&plaEnabled=false&xdEnabled=false&isFacet=true&p=9 | run_id=run_20260928_234050_779529_796e7a | brand=Libas | page=9 | route=https://www.myntra.com/kurta-sets?f=Brand%3ALibas | seen=400 | expected=4738
2026-09-28 23:41:33 | INFO    | PDP       | Processed 50 target products for Libas in 3s (1027.49 products/min). | run_id=run_20260928_234050_779529_796e7a | brand=Libas | saved=50 | elapsed_label=3s | products_per_minute=1027.49
2026-09-28 23:41:33 | INFO    | LISTING   | Listing Libas route https://www.myntra.com/kurta-sets?f=Brand%3ALibas page 10 -> https://www.myntra.com/gateway/v4/search/kurta-sets?f=Brand%3ALibas&rows=50&o=450&plaEnabled=false&xdEnabled=false&isFacet=true&p=10 | run_id=run_20260928_234050_779529_796e7a | brand=Libas | page=10 | route=https://www.myntra.com/kurta-sets?f=Brand%3ALibas | seen=450 | expected=4738
2026-09-28 23:41:37 | INFO    | PDP       | Processed 50 target products for Libas in 3s (1048.82 products/min). | run_id=run_20260928_234050_779529_796e7a | brand=Libas | saved=50 | elapsed_label=3s | products_per_minute=1048.82
2026-09-28 23:41:37 | INFO    | LISTING   | Listing Libas route https://www.myntra.com/kurta-sets?f=Brand%3ALibas page 11 -> https://www.myntra.com/gateway/v4/search/kurta-sets?f=Brand%3ALibas&rows=50&o=500&plaEnabled=false&xdEnabled=false&isFacet=true&p=11 | run_id=run_20260928_234050_779529_796e7a | brand=Libas | page=11 | route=https://www.myntra.com/kurta-sets?f=Brand%3ALibas | seen=500 | expected=4738
2026-09-28 23:41:41 | INFO    | PDP       | Processed 50 target products for Libas in 3s (1031.67 products/min). | run_id=run_20260928_234050_779529_796e7a | brand=Libas | saved=50 | elapsed_label=3s | products_per_minute=1031.67
2026-09-28 23:41:41 | INFO    | LISTING   | Listing Libas route https://www.myntra.com/kurta-sets?f=Brand%3ALibas page 12 -> https://www.myntra.com/gateway/v4/search/kurta-sets?f=Brand%3ALibas&rows=50&o=550&plaEnabled=false&xdEnabled=false&isFacet=true&p=12 | run_id=run_20260928_234050_779529_796e7a | brand=Libas | page=12 | route=https://www.myntra.com/kurta-sets?f=Brand%3ALibas | seen=550 | expected=4738
2026-09-28 23:41:44 | INFO    | PDP       | Processed 50 target products for Libas in 3s (1176.65 products/min). | run_id=run_20260928_234050_779529_796e7a | brand=Libas | saved=50 | elapsed_label=3s | products_per_minute=1176.65
2026-09-28 23:41:45 | INFO    | LISTING   | Listing Libas route https://www.myntra.com/kurta-sets?f=Brand%3ALibas page 13 -> https://www.myntra.com/gateway/v4/search/kurta-sets?f=Brand%3ALibas&rows=50&o=600&plaEnabled=false&xdEnabled=false&isFacet=true&p=13 | run_id=run_20260928_234050_779529_796e7a | brand=Libas | page=13 | route=https://www.myntra.com/kurta-sets?f=Brand%3ALibas | seen=600 | expected=4738
2026-09-28 23:41:48 | INFO    | PDP       | Processed 50 target products for Libas in 3s (1059.44 products/min). | run_id=run_20260928_234050_779529_796e7a | brand=Libas | saved=50 | elapsed_label=3s | products_per_minute=1059.44
2026-09-28 23:41:49 | INFO    | LISTING   | Listing Libas route https://www.myntra.com/kurta-sets?f=Brand%3ALibas page 14 -> https://www.myntra.com/gateway/v4/search/kurta-sets?f=Brand%3ALibas&rows=50&o=650&plaEnabled=false&xdEnabled=false&isFacet=true&p=14 | run_id=run_20260928_234050_779529_796e7a | brand=Libas | page=14 | route=https://www.myntra.com/kurta-sets?f=Brand%3ALibas | seen=650 | expected=4738
2026-09-28 23:41:52 | INFO    | PDP       | Processed 50 target products for Libas in 3s (1155.16 products/min). | run_id=run_20260928_234050_779529_796e7a | brand=Libas | saved=50 | elapsed_label=3s | products_per_minute=1155.16
2026-09-28 23:41:52 | INFO    | LISTING   | Listing Libas route https://www.myntra.com/kurta-sets?f=Brand%3ALibas page 15 -> https://www.myntra.com/gateway/v4/search/kurta-sets?f=Brand%3ALibas&rows=50&o=700&plaEnabled=false&xdEnabled=false&isFacet=true&p=15 | run_id=run_20260928_234050_779529_796e7a | brand=Libas | page=15 | route=https://www.myntra.com/kurta-sets?f=Brand%3ALibas | seen=700 | expected=4738
2026-09-28 23:41:56 | INFO    | PDP       | Processed 49 target products for Libas in 3s (1123.64 products/min). | run_id=run_20260928_234050_779529_796e7a | brand=Libas | saved=49 | elapsed_label=3s | products_per_minute=1123.64
2026-09-28 23:41:56 | INFO    | LISTING   | Listing Libas route https://www.myntra.com/kurta-sets?f=Brand%3ALibas page 16 -> https://www.myntra.com/gateway/v4/search/kurta-sets?f=Brand%3ALibas&rows=50&o=750&plaEnabled=false&xdEnabled=false&isFacet=true&p=16 | run_id=run_20260928_234050_779529_796e7a | brand=Libas | page=16 | route=https://www.myntra.com/kurta-sets?f=Brand%3ALibas | seen=749 | expected=4738
2026-09-28 23:41:59 | INFO    | PDP       | Processed 50 target products for Libas in 2s (1238.8 products/min). | run_id=run_20260928_234050_779529_796e7a | brand=Libas | saved=50 | elapsed_label=2s | products_per_minute=1238.8
2026-09-28 23:42:00 | INFO    | LISTING   | Listing Libas route https://www.myntra.com/kurta-sets?f=Brand%3ALibas page 17 -> https://www.myntra.com/gateway/v4/search/kurta-sets?f=Brand%3ALibas&rows=50&o=800&plaEnabled=false&xdEnabled=false&isFacet=true&p=17 | run_id=run_20260928_234050_779529_796e7a | brand=Libas | page=17 | route=https://www.myntra.com/kurta-sets?f=Brand%3ALibas | seen=799 | expected=4738
2026-09-28 23:42:03 | INFO    | PDP       | Processed 47 target products for Libas in 3s (1089.68 products/min). | run_id=run_20260928_234050_779529_796e7a | brand=Libas | saved=47 | elapsed_label=3s | products_per_minute=1089.68
2026-09-28 23:42:03 | INFO    | LISTING   | Listing Libas route https://www.myntra.com/kurta-sets?f=Brand%3ALibas page 18 -> https://www.myntra.com/gateway/v4/search/kurta-sets?f=Brand%3ALibas&rows=50&o=850&plaEnabled=false&xdEnabled=false&isFacet=true&p=18 | run_id=run_20260928_234050_779529_796e7a | brand=Libas | page=18 | route=https://www.myntra.com/kurta-sets?f=Brand%3ALibas | seen=846 | expected=4738
2026-09-28 23:42:06 | INFO    | PDP       | Processed 50 target products for Libas in 3s (1136.01 products/min). | run_id=run_20260928_234050_779529_796e7a | brand=Libas | saved=50 | elapsed_label=3s | products_per_minute=1136.01
2026-09-28 23:42:07 | INFO    | LISTING   | Listing Libas route https://www.myntra.com/kurta-sets?f=Brand%3ALibas page 19 -> https://www.myntra.com/gateway/v4/search/kurta-sets?f=Brand%3ALibas&rows=50&o=900&plaEnabled=false&xdEnabled=false&isFacet=true&p=19 | run_id=run_20260928_234050_779529_796e7a | brand=Libas | page=19 | route=https://www.myntra.com/kurta-sets?f=Brand%3ALibas | seen=896 | expected=4738
2026-09-28 23:42:10 | INFO    | PDP       | Processed 50 target products for Libas in 3s (1100.87 products/min). | run_id=run_20260928_234050_779529_796e7a | brand=Libas | saved=50 | elapsed_label=3s | products_per_minute=1100.87
2026-09-28 23:42:10 | INFO    | LISTING   | Listing Libas route https://www.myntra.com/kurta-sets?f=Brand%3ALibas page 20 -> https://www.myntra.com/gateway/v4/search/kurta-sets?f=Brand%3ALibas&rows=50&o=950&plaEnabled=false&xdEnabled=false&isFacet=true&p=20 | run_id=run_20260928_234050_779529_796e7a | brand=Libas | page=20 | route=https://www.myntra.com/kurta-sets?f=Brand%3ALibas | seen=946 | expected=4738
2026-09-28 23:42:14 | INFO    | PDP       | Processed 50 target products for Libas in 3s (1028.47 products/min). | run_id=run_20260928_234050_779529_796e7a | brand=Libas | saved=50 | elapsed_label=3s | products_per_minute=1028.47
2026-09-28 23:42:14 | INFO    | LISTING   | Listing Libas route https://www.myntra.com/kurta-sets?f=Brand%3ALibas page 21 -> https://www.myntra.com/gateway/v4/search/kurta-sets?f=Brand%3ALibas&rows=50&o=1000&plaEnabled=false&xdEnabled=false&isFacet=true&p=21 | run_id=run_20260928_234050_779529_796e7a | brand=Libas | page=21 | route=https://www.myntra.com/kurta-sets?f=Brand%3ALibas | seen=996 | expected=4738
2026-09-28 23:42:18 | INFO    | PDP       | Processed 49 target products for Libas in 3s (1017.87 products/min). | run_id=run_20260928_234050_779529_796e7a | brand=Libas | saved=49 | elapsed_label=3s | products_per_minute=1017.87
2026-09-28 23:42:19 | INFO    | LISTING   | Listing Libas route https://www.myntra.com/kurta-sets?f=Brand%3ALibas page 22 -> https://www.myntra.com/gateway/v4/search/kurta-sets?f=Brand%3ALibas&rows=50&o=1050&plaEnabled=false&xdEnabled=false&isFacet=true&p=22 | run_id=run_20260928_234050_779529_796e7a | brand=Libas | page=22 | route=https://www.myntra.com/kurta-sets?f=Brand%3ALibas | seen=1045 | expected=4738
2026-09-28 23:42:22 | INFO    | PDP       | Processed 50 target products for Libas in 3s (1089.6 products/min). | run_id=run_20260928_234050_779529_796e7a | brand=Libas | saved=50 | elapsed_label=3s | products_per_minute=1089.6
2026-09-28 23:42:23 | INFO    | LISTING   | Listing Libas route https://www.myntra.com/kurta-sets?f=Brand%3ALibas page 23 -> https://www.myntra.com/gateway/v4/search/kurta-sets?f=Brand%3ALibas&rows=50&o=1100&plaEnabled=false&xdEnabled=false&isFacet=true&p=23 | run_id=run_20260928_234050_779529_796e7a | brand=Libas | page=23 | route=https://www.myntra.com/kurta-sets?f=Brand%3ALibas | seen=1095 | expected=4738
2026-09-28 23:42:27 | INFO    | PDP       | Processed 50 target products for Libas in 3s (975.96 products/min). | run_id=run_20260928_234050_779529_796e7a | brand=Libas | saved=50 | elapsed_label=3s | products_per_minute=975.96
2026-09-28 23:42:27 | INFO    | LISTING   | Listing Libas route https://www.myntra.com/kurta-sets?f=Brand%3ALibas page 24 -> https://www.myntra.com/gateway/v4/search/kurta-sets?f=Brand%3ALibas&rows=50&o=1150&plaEnabled=false&xdEnabled=false&isFacet=true&p=24 | run_id=run_20260928_234050_779529_796e7a | brand=Libas | page=24 | route=https://www.myntra.com/kurta-sets?f=Brand%3ALibas | seen=1145 | expected=4738
2026-09-28 23:42:31 | INFO    | PDP       | Processed 50 target products for Libas in 3s (1138.31 products/min). | run_id=run_20260928_234050_779529_796e7a | brand=Libas | saved=50 | elapsed_label=3s | products_per_minute=1138.31
2026-09-28 23:42:31 | INFO    | LISTING   | Listing Libas route https://www.myntra.com/kurta-sets?f=Brand%3ALibas page 25 -> https://www.myntra.com/gateway/v4/search/kurta-sets?f=Brand%3ALibas&rows=50&o=1200&plaEnabled=false&xdEnabled=false&isFacet=true&p=25 | run_id=run_20260928_234050_779529_796e7a | brand=Libas | page=25 | route=https://www.myntra.com/kurta-sets?f=Brand%3ALibas | seen=1195 | expected=4738
2026-09-28 23:42:34 | INFO    | PDP       | Processed 47 target products for Libas in 3s (1106.14 products/min). | run_id=run_20260928_234050_779529_796e7a | brand=Libas | saved=47 | elapsed_label=3s | products_per_minute=1106.14
2026-09-28 23:42:34 | INFO    | LISTING   | Listing Libas route https://www.myntra.com/kurta-sets?f=Brand%3ALibas page 26 -> https://www.myntra.com/gateway/v4/search/kurta-sets?f=Brand%3ALibas&rows=50&o=1250&plaEnabled=false&xdEnabled=false&isFacet=true&p=26 | run_id=run_20260928_234050_779529_796e7a | brand=Libas | page=26 | route=https://www.myntra.com/kurta-sets?f=Brand%3ALibas | seen=1242 | expected=4738
2026-09-28 23:42:38 | INFO    | PDP       | Processed 50 target products for Libas in 3s (1005.34 products/min). | run_id=run_20260928_234050_779529_796e7a | brand=Libas | saved=50 | elapsed_label=3s | products_per_minute=1005.34
2026-09-28 23:42:38 | INFO    | LISTING   | Listing Libas route https://www.myntra.com/kurta-sets?f=Brand%3ALibas page 27 -> https://www.myntra.com/gateway/v4/search/kurta-sets?f=Brand%3ALibas&rows=50&o=1300&plaEnabled=false&xdEnabled=false&isFacet=true&p=27 | run_id=run_20260928_234050_779529_796e7a | brand=Libas | page=27 | route=https://www.myntra.com/kurta-sets?f=Brand%3ALibas | seen=1292 | expected=4738
2026-09-28 23:42:42 | INFO    | PDP       | Processed 50 target products for Libas in 3s (1057.67 products/min). | run_id=run_20260928_234050_779529_796e7a | brand=Libas | saved=50 | elapsed_label=3s | products_per_minute=1057.67
2026-09-28 23:42:42 | INFO    | LISTING   | Listing Libas route https://www.myntra.com/kurta-sets?f=Brand%3ALibas page 28 -> https://www.myntra.com/gateway/v4/search/kurta-sets?f=Brand%3ALibas&rows=50&o=1350&plaEnabled=false&xdEnabled=false&isFacet=true&p=28 | run_id=run_20260928_234050_779529_796e7a | brand=Libas | page=28 | route=https://www.myntra.com/kurta-sets?f=Brand%3ALibas | seen=1342 | expected=4738
2026-09-28 23:42:46 | INFO    | PDP       | Processed 50 target products for Libas in 3s (993.8 products/min). | run_id=run_20260928_234050_779529_796e7a | brand=Libas | saved=50 | elapsed_label=3s | products_per_minute=993.8
2026-09-28 23:42:47 | INFO    | LISTING   | Listing Libas route https://www.myntra.com/kurta-sets?f=Brand%3ALibas page 29 -> https://www.myntra.com/gateway/v4/search/kurta-sets?f=Brand%3ALibas&rows=50&o=1400&plaEnabled=false&xdEnabled=false&isFacet=true&p=29 | run_id=run_20260928_234050_779529_796e7a | brand=Libas | page=29 | route=https://www.myntra.com/kurta-sets?f=Brand%3ALibas | seen=1392 | expected=4738
2026-09-28 23:42:51 | INFO    | PDP       | Processed 50 target products for Libas in 3s (1038.5 products/min). | run_id=run_20260928_234050_779529_796e7a | brand=Libas | saved=50 | elapsed_label=3s | products_per_minute=1038.5
2026-09-28 23:42:51 | INFO    | LISTING   | Listing Libas route https://www.myntra.com/kurta-sets?f=Brand%3ALibas page 30 -> https://www.myntra.com/gateway/v4/search/kurta-sets?f=Brand%3ALibas&rows=50&o=1450&plaEnabled=false&xdEnabled=false&isFacet=true&p=30 | run_id=run_20260928_234050_779529_796e7a | brand=Libas | page=30 | route=https://www.myntra.com/kurta-sets?f=Brand%3ALibas | seen=1442 | expected=4738
2026-09-28 23:42:54 | INFO    | PDP       | Processed 50 target products for Libas in 3s (1042.72 products/min). | run_id=run_20260928_234050_779529_796e7a | brand=Libas | saved=50 | elapsed_label=3s | products_per_minute=1042.72
2026-09-28 23:42:55 | INFO    | LISTING   | Listing Libas route https://www.myntra.com/kurta-sets?f=Brand%3ALibas page 31 -> https://www.myntra.com/gateway/v4/search/kurta-sets?f=Brand%3ALibas&rows=50&o=1500&plaEnabled=false&xdEnabled=false&isFacet=true&p=31 | run_id=run_20260928_234050_779529_796e7a | brand=Libas | page=31 | route=https://www.myntra.com/kurta-sets?f=Brand%3ALibas | seen=1492 | expected=4738
2026-09-28 23:42:58 | INFO    | PDP       | Processed 50 target products for Libas in 3s (1112.43 products/min). | run_id=run_20260928_234050_779529_796e7a | brand=Libas | saved=50 | elapsed_label=3s | products_per_minute=1112.43
2026-09-28 23:42:58 | INFO    | LISTING   | Listing Libas route https://www.myntra.com/kurta-sets?f=Brand%3ALibas page 32 -> https://www.myntra.com/gateway/v4/search/kurta-sets?f=Brand%3ALibas&rows=50&o=1550&plaEnabled=false&xdEnabled=false&isFacet=true&p=32 | run_id=run_20260928_234050_779529_796e7a | brand=Libas | page=32 | route=https://www.myntra.com/kurta-sets?f=Brand%3ALibas | seen=1542 | expected=4738
2026-09-28 23:43:01 | INFO    | PDP       | Processed 50 target products for Libas in 3s (1139.95 products/min). | run_id=run_20260928_234050_779529_796e7a | brand=Libas | saved=50 | elapsed_label=3s | products_per_minute=1139.95
2026-09-28 23:43:02 | INFO    | LISTING   | Listing Libas route https://www.myntra.com/kurta-sets?f=Brand%3ALibas page 33 -> https://www.myntra.com/gateway/v4/search/kurta-sets?f=Brand%3ALibas&rows=50&o=1600&plaEnabled=false&xdEnabled=false&isFacet=true&p=33 | run_id=run_20260928_234050_779529_796e7a | brand=Libas | page=33 | route=https://www.myntra.com/kurta-sets?f=Brand%3ALibas | seen=1592 | expected=4738
2026-09-28 23:43:06 | INFO    | PDP       | Processed 49 target products for Libas in 3s (890.33 products/min). | run_id=run_20260928_234050_779529_796e7a | brand=Libas | saved=49 | elapsed_label=3s | products_per_minute=890.33
2026-09-28 23:43:06 | INFO    | LISTING   | Listing Libas route https://www.myntra.com/kurta-sets?f=Brand%3ALibas page 34 -> https://www.myntra.com/gateway/v4/search/kurta-sets?f=Brand%3ALibas&rows=50&o=1650&plaEnabled=false&xdEnabled=false&isFacet=true&p=34 | run_id=run_20260928_234050_779529_796e7a | brand=Libas | page=34 | route=https://www.myntra.com/kurta-sets?f=Brand%3ALibas | seen=1641 | expected=4738
2026-09-28 23:43:10 | INFO    | PDP       | Processed 50 target products for Libas in 3s (1090.08 products/min). | run_id=run_20260928_234050_779529_796e7a | brand=Libas | saved=50 | elapsed_label=3s | products_per_minute=1090.08
2026-09-28 23:43:10 | INFO    | LISTING   | Listing Libas route https://www.myntra.com/kurta-sets?f=Brand%3ALibas page 35 -> https://www.myntra.com/gateway/v4/search/kurta-sets?f=Brand%3ALibas&rows=50&o=1700&plaEnabled=false&xdEnabled=false&isFacet=true&p=35 | run_id=run_20260928_234050_779529_796e7a | brand=Libas | page=35 | route=https://www.myntra.com/kurta-sets?f=Brand%3ALibas | seen=1691 | expected=4738
2026-09-28 23:43:13 | INFO    | PDP       | Processed 50 target products for Libas in 2s (1223.72 products/min). | run_id=run_20260928_234050_779529_796e7a | brand=Libas | saved=50 | elapsed_label=2s | products_per_minute=1223.72
2026-09-28 23:43:13 | INFO    | LISTING   | Listing Libas route https://www.myntra.com/kurta-sets?f=Brand%3ALibas page 36 -> https://www.myntra.com/gateway/v4/search/kurta-sets?f=Brand%3ALibas&rows=50&o=1750&plaEnabled=false&xdEnabled=false&isFacet=true&p=36 | run_id=run_20260928_234050_779529_796e7a | brand=Libas | page=36 | route=https://www.myntra.com/kurta-sets?f=Brand%3ALibas | seen=1741 | expected=4738
2026-09-28 23:43:17 | INFO    | PDP       | Processed 48 target products for Libas in 2s (1272.96 products/min). | run_id=run_20260928_234050_779529_796e7a | brand=Libas | saved=48 | elapsed_label=2s | products_per_minute=1272.96
2026-09-28 23:43:17 | INFO    | LISTING   | Listing Libas route https://www.myntra.com/kurta-sets?f=Brand%3ALibas page 37 -> https://www.myntra.com/gateway/v4/search/kurta-sets?f=Brand%3ALibas&rows=50&o=1800&plaEnabled=false&xdEnabled=false&isFacet=true&p=37 | run_id=run_20260928_234050_779529_796e7a | brand=Libas | page=37 | route=https://www.myntra.com/kurta-sets?f=Brand%3ALibas | seen=1789 | expected=4738
2026-09-28 23:43:20 | INFO    | PDP       | Processed 50 target products for Libas in 3s (1161.93 products/min). | run_id=run_20260928_234050_779529_796e7a | brand=Libas | saved=50 | elapsed_label=3s | products_per_minute=1161.93
2026-09-28 23:43:20 | INFO    | LISTING   | Listing Libas route https://www.myntra.com/kurta-sets?f=Brand%3ALibas page 38 -> https://www.myntra.com/gateway/v4/search/kurta-sets?f=Brand%3ALibas&rows=50&o=1850&plaEnabled=false&xdEnabled=false&isFacet=true&p=38 | run_id=run_20260928_234050_779529_796e7a | brand=Libas | page=38 | route=https://www.myntra.com/kurta-sets?f=Brand%3ALibas | seen=1839 | expected=4738
2026-09-28 23:43:24 | INFO    | PDP       | Processed 50 target products for Libas in 3s (1037.33 products/min). | run_id=run_20260928_234050_779529_796e7a | brand=Libas | saved=50 | elapsed_label=3s | products_per_minute=1037.33
2026-09-28 23:43:24 | INFO    | LISTING   | Listing Libas route https://www.myntra.com/kurta-sets?f=Brand%3ALibas page 39 -> https://www.myntra.com/gateway/v4/search/kurta-sets?f=Brand%3ALibas&rows=50&o=1900&plaEnabled=false&xdEnabled=false&isFacet=true&p=39 | run_id=run_20260928_234050_779529_796e7a | brand=Libas | page=39 | route=https://www.myntra.com/kurta-sets?f=Brand%3ALibas | seen=1889 | expected=4738
2026-09-28 23:43:28 | INFO    | PDP       | Processed 50 target products for Libas in 3s (975.08 products/min). | run_id=run_20260928_234050_779529_796e7a | brand=Libas | saved=50 | elapsed_label=3s | products_per_minute=975.08
2026-09-28 23:43:29 | INFO    | LISTING   | Listing Libas route https://www.myntra.com/kurta-sets?f=Brand%3ALibas page 40 -> https://www.myntra.com/gateway/v4/search/kurta-sets?f=Brand%3ALibas&rows=50&o=1950&plaEnabled=false&xdEnabled=false&isFacet=true&p=40 | run_id=run_20260928_234050_779529_796e7a | brand=Libas | page=40 | route=https://www.myntra.com/kurta-sets?f=Brand%3ALibas | seen=1939 | expected=4738
2026-09-28 23:43:32 | INFO    | PDP       | Processed 50 target products for Libas in 3s (1055.32 products/min). | run_id=run_20260928_234050_779529_796e7a | brand=Libas | saved=50 | elapsed_label=3s | products_per_minute=1055.32
2026-09-28 23:43:32 | INFO    | LISTING   | Listing Libas route https://www.myntra.com/kurta-sets?f=Brand%3ALibas page 41 -> https://www.myntra.com/gateway/v4/search/kurta-sets?f=Brand%3ALibas&rows=50&o=2000&plaEnabled=false&xdEnabled=false&isFacet=true&p=41 | run_id=run_20260928_234050_779529_796e7a | brand=Libas | page=41 | route=https://www.myntra.com/kurta-sets?f=Brand%3ALibas | seen=1989 | expected=4738
2026-09-28 23:43:36 | INFO    | PDP       | Processed 50 target products for Libas in 3s (1001.95 products/min). | run_id=run_20260928_234050_779529_796e7a | brand=Libas | saved=50 | elapsed_label=3s | products_per_minute=1001.95
2026-09-28 23:43:36 | INFO    | LISTING   | Listing Libas route https://www.myntra.com/kurta-sets?f=Brand%3ALibas page 42 -> https://www.myntra.com/gateway/v4/search/kurta-sets?f=Brand%3ALibas&rows=50&o=2050&plaEnabled=false&xdEnabled=false&isFacet=true&p=42 | run_id=run_20260928_234050_779529_796e7a | brand=Libas | page=42 | route=https://www.myntra.com/kurta-sets?f=Brand%3ALibas | seen=2039 | expected=4738
2026-09-28 23:43:40 | INFO    | PDP       | Processed 50 target products for Libas in 3s (1018.5 products/min). | run_id=run_20260928_234050_779529_796e7a | brand=Libas | saved=50 | elapsed_label=3s | products_per_minute=1018.5
2026-09-28 23:43:41 | INFO    | LISTING   | Listing Libas route https://www.myntra.com/kurta-sets?f=Brand%3ALibas page 43 -> https://www.myntra.com/gateway/v4/search/kurta-sets?f=Brand%3ALibas&rows=50&o=2100&plaEnabled=false&xdEnabled=false&isFacet=true&p=43 | run_id=run_20260928_234050_779529_796e7a | brand=Libas | page=43 | route=https://www.myntra.com/kurta-sets?f=Brand%3ALibas | seen=2089 | expected=4738
2026-09-28 23:43:45 | INFO    | PDP       | Processed 50 target products for Libas in 3s (1033.77 products/min). | run_id=run_20260928_234050_779529_796e7a | brand=Libas | saved=50 | elapsed_label=3s | products_per_minute=1033.77
2026-09-28 23:43:45 | INFO    | LISTING   | Listing Libas route https://www.myntra.com/kurta-sets?f=Brand%3ALibas page 44 -> https://www.myntra.com/gateway/v4/search/kurta-sets?f=Brand%3ALibas&rows=50&o=2150&plaEnabled=false&xdEnabled=false&isFacet=true&p=44 | run_id=run_20260928_234050_779529_796e7a | brand=Libas | page=44 | route=https://www.myntra.com/kurta-sets?f=Brand%3ALibas | seen=2139 | expected=4738
2026-09-28 23:43:49 | INFO    | PDP       | Processed 50 target products for Libas in 3s (1046.51 products/min). | run_id=run_20260928_234050_779529_796e7a | brand=Libas | saved=50 | elapsed_label=3s | products_per_minute=1046.51
2026-09-28 23:43:49 | INFO    | LISTING   | Listing Libas route https://www.myntra.com/kurta-sets?f=Brand%3ALibas page 45 -> https://www.myntra.com/gateway/v4/search/kurta-sets?f=Brand%3ALibas&rows=50&o=2200&plaEnabled=false&xdEnabled=false&isFacet=true&p=45 | run_id=run_20260928_234050_779529_796e7a | brand=Libas | page=45 | route=https://www.myntra.com/kurta-sets?f=Brand%3ALibas | seen=2189 | expected=4738
2026-09-28 23:43:53 | INFO    | PDP       | Processed 50 target products for Libas in 3s (1085.46 products/min). | run_id=run_20260928_234050_779529_796e7a | brand=Libas | saved=50 | elapsed_label=3s | products_per_minute=1085.46
2026-09-28 23:43:53 | INFO    | LISTING   | Listing Libas route https://www.myntra.com/kurta-sets?f=Brand%3ALibas page 46 -> https://www.myntra.com/gateway/v4/search/kurta-sets?f=Brand%3ALibas&rows=50&o=2250&plaEnabled=false&xdEnabled=false&isFacet=true&p=46 | run_id=run_20260928_234050_779529_796e7a | brand=Libas | page=46 | route=https://www.myntra.com/kurta-sets?f=Brand%3ALibas | seen=2239 | expected=4738
2026-09-28 23:43:57 | INFO    | PDP       | Processed 50 target products for Libas in 3s (1120.56 products/min). | run_id=run_20260928_234050_779529_796e7a | brand=Libas | saved=50 | elapsed_label=3s | products_per_minute=1120.56
2026-09-28 23:43:57 | INFO    | LISTING   | Listing Libas route https://www.myntra.com/kurta-sets?f=Brand%3ALibas page 47 -> https://www.myntra.com/gateway/v4/search/kurta-sets?f=Brand%3ALibas&rows=50&o=2300&plaEnabled=false&xdEnabled=false&isFacet=true&p=47 | run_id=run_20260928_234050_779529_796e7a | brand=Libas | page=47 | route=https://www.myntra.com/kurta-sets?f=Brand%3ALibas | seen=2289 | expected=4738
2026-09-28 23:44:01 | INFO    | PDP       | Processed 48 target products for Libas in 3s (1076.09 products/min). | run_id=run_20260928_234050_779529_796e7a | brand=Libas | saved=48 | elapsed_label=3s | products_per_minute=1076.09
2026-09-28 23:44:01 | INFO    | LISTING   | Listing Libas route https://www.myntra.com/kurta-sets?f=Brand%3ALibas page 48 -> https://www.myntra.com/gateway/v4/search/kurta-sets?f=Brand%3ALibas&rows=50&o=2350&plaEnabled=false&xdEnabled=false&isFacet=true&p=48 | run_id=run_20260928_234050_779529_796e7a | brand=Libas | page=48 | route=https://www.myntra.com/kurta-sets?f=Brand%3ALibas | seen=2337 | expected=4738
2026-09-28 23:44:05 | INFO    | PDP       | Processed 50 target products for Libas in 3s (1116.72 products/min). | run_id=run_20260928_234050_779529_796e7a | brand=Libas | saved=50 | elapsed_label=3s | products_per_minute=1116.72
2026-09-28 23:44:05 | INFO    | LISTING   | Listing Libas route https://www.myntra.com/kurta-sets?f=Brand%3ALibas page 49 -> https://www.myntra.com/gateway/v4/search/kurta-sets?f=Brand%3ALibas&rows=50&o=2400&plaEnabled=false&xdEnabled=false&isFacet=true&p=49 | run_id=run_20260928_234050_779529_796e7a | brand=Libas | page=49 | route=https://www.myntra.com/kurta-sets?f=Brand%3ALibas | seen=2387 | expected=4738
2026-09-28 23:44:09 | INFO    | PDP       | Processed 50 target products for Libas in 3s (971.15 products/min). | run_id=run_20260928_234050_779529_796e7a | brand=Libas | saved=50 | elapsed_label=3s | products_per_minute=971.15
2026-09-28 23:44:09 | INFO    | LISTING   | Listing Libas route https://www.myntra.com/kurta-sets?f=Brand%3ALibas page 50 -> https://www.myntra.com/gateway/v4/search/kurta-sets?f=Brand%3ALibas&rows=50&o=2450&plaEnabled=false&xdEnabled=false&isFacet=true&p=50 | run_id=run_20260928_234050_779529_796e7a | brand=Libas | page=50 | route=https://www.myntra.com/kurta-sets?f=Brand%3ALibas | seen=2437 | expected=4738
2026-09-28 23:44:13 | INFO    | PDP       | Processed 50 target products for Libas in 3s (1074.33 products/min). | run_id=run_20260928_234050_779529_796e7a | brand=Libas | saved=50 | elapsed_label=3s | products_per_minute=1074.33
2026-09-28 23:44:13 | INFO    | LISTING   | Listing Libas route https://www.myntra.com/kurta-sets?f=Brand%3ALibas page 51 -> https://www.myntra.com/gateway/v4/search/kurta-sets?f=Brand%3ALibas&rows=50&o=2500&plaEnabled=false&xdEnabled=false&isFacet=true&p=51 | run_id=run_20260928_234050_779529_796e7a | brand=Libas | page=51 | route=https://www.myntra.com/kurta-sets?f=Brand%3ALibas | seen=2487 | expected=4738
2026-09-28 23:44:17 | INFO    | PDP       | Processed 50 target products for Libas in 3s (914.79 products/min). | run_id=run_20260928_234050_779529_796e7a | brand=Libas | saved=50 | elapsed_label=3s | products_per_minute=914.79
2026-09-28 23:44:18 | INFO    | LISTING   | Listing Libas route https://www.myntra.com/kurta-sets?f=Brand%3ALibas page 52 -> https://www.myntra.com/gateway/v4/search/kurta-sets?f=Brand%3ALibas&rows=50&o=2550&plaEnabled=false&xdEnabled=false&isFacet=true&p=52 | run_id=run_20260928_234050_779529_796e7a | brand=Libas | page=52 | route=https://www.myntra.com/kurta-sets?f=Brand%3ALibas | seen=2537 | expected=4738
2026-09-28 23:44:21 | INFO    | PDP       | Processed 50 target products for Libas in 3s (1120.73 products/min). | run_id=run_20260928_234050_779529_796e7a | brand=Libas | saved=50 | elapsed_label=3s | products_per_minute=1120.73
2026-09-28 23:44:21 | INFO    | LISTING   | Listing Libas route https://www.myntra.com/kurta-sets?f=Brand%3ALibas page 53 -> https://www.myntra.com/gateway/v4/search/kurta-sets?f=Brand%3ALibas&rows=50&o=2600&plaEnabled=false&xdEnabled=false&isFacet=true&p=53 | run_id=run_20260928_234050_779529_796e7a | brand=Libas | page=53 | route=https://www.myntra.com/kurta-sets?f=Brand%3ALibas | seen=2587 | expected=4738
2026-09-28 23:44:25 | INFO    | PDP       | Processed 50 target products for Libas in 3s (1086.46 products/min). | run_id=run_20260928_234050_779529_796e7a | brand=Libas | saved=50 | elapsed_label=3s | products_per_minute=1086.46
2026-09-28 23:44:25 | INFO    | LISTING   | Listing Libas route https://www.myntra.com/kurta-sets?f=Brand%3ALibas page 54 -> https://www.myntra.com/gateway/v4/search/kurta-sets?f=Brand%3ALibas&rows=50&o=2650&plaEnabled=false&xdEnabled=false&isFacet=true&p=54 | run_id=run_20260928_234050_779529_796e7a | brand=Libas | page=54 | route=https://www.myntra.com/kurta-sets?f=Brand%3ALibas | seen=2637 | expected=4738
2026-09-28 23:44:30 | INFO    | PDP       | Processed 50 target products for Libas in 3s (977.36 products/min). | run_id=run_20260928_234050_779529_796e7a | brand=Libas | saved=50 | elapsed_label=3s | products_per_minute=977.36
2026-09-28 23:44:30 | INFO    | LISTING   | Listing Libas route https://www.myntra.com/kurta-sets?f=Brand%3ALibas page 55 -> https://www.myntra.com/gateway/v4/search/kurta-sets?f=Brand%3ALibas&rows=50&o=2700&plaEnabled=false&xdEnabled=false&isFacet=true&p=55 | run_id=run_20260928_234050_779529_796e7a | brand=Libas | page=55 | route=https://www.myntra.com/kurta-sets?f=Brand%3ALibas | seen=2687 | expected=4738
2026-09-28 23:44:34 | INFO    | PDP       | Processed 50 target products for Libas in 3s (971.92 products/min). | run_id=run_20260928_234050_779529_796e7a | brand=Libas | saved=50 | elapsed_label=3s | products_per_minute=971.92
2026-09-28 23:44:34 | INFO    | LISTING   | Listing Libas route https://www.myntra.com/kurta-sets?f=Brand%3ALibas page 56 -> https://www.myntra.com/gateway/v4/search/kurta-sets?f=Brand%3ALibas&rows=50&o=2750&plaEnabled=false&xdEnabled=false&isFacet=true&p=56 | run_id=run_20260928_234050_779529_796e7a | brand=Libas | page=56 | route=https://www.myntra.com/kurta-sets?f=Brand%3ALibas | seen=2737 | expected=4738
2026-09-28 23:44:37 | INFO    | PDP       | Processed 50 target products for Libas in 3s (1111.63 products/min). | run_id=run_20260928_234050_779529_796e7a | brand=Libas | saved=50 | elapsed_label=3s | products_per_minute=1111.63
2026-09-28 23:44:38 | INFO    | LISTING   | Listing Libas route https://www.myntra.com/kurta-sets?f=Brand%3ALibas page 57 -> https://www.myntra.com/gateway/v4/search/kurta-sets?f=Brand%3ALibas&rows=50&o=2800&plaEnabled=false&xdEnabled=false&isFacet=true&p=57 | run_id=run_20260928_234050_779529_796e7a | brand=Libas | page=57 | route=https://www.myntra.com/kurta-sets?f=Brand%3ALibas | seen=2787 | expected=4738
2026-09-28 23:44:41 | INFO    | PDP       | Processed 50 target products for Libas in 3s (1041.0 products/min). | run_id=run_20260928_234050_779529_796e7a | brand=Libas | saved=50 | elapsed_label=3s | products_per_minute=1041.0
2026-09-28 23:44:42 | INFO    | LISTING   | Listing Libas route https://www.myntra.com/kurta-sets?f=Brand%3ALibas page 58 -> https://www.myntra.com/gateway/v4/search/kurta-sets?f=Brand%3ALibas&rows=50&o=2850&plaEnabled=false&xdEnabled=false&isFacet=true&p=58 | run_id=run_20260928_234050_779529_796e7a | brand=Libas | page=58 | route=https://www.myntra.com/kurta-sets?f=Brand%3ALibas | seen=2837 | expected=4738
2026-09-28 23:44:46 | INFO    | PDP       | Processed 50 target products for Libas in 3s (1157.6 products/min). | run_id=run_20260928_234050_779529_796e7a | brand=Libas | saved=50 | elapsed_label=3s | products_per_minute=1157.6
2026-09-28 23:44:46 | INFO    | LISTING   | Listing Libas route https://www.myntra.com/kurta-sets?f=Brand%3ALibas page 59 -> https://www.myntra.com/gateway/v4/search/kurta-sets?f=Brand%3ALibas&rows=50&o=2900&plaEnabled=false&xdEnabled=false&isFacet=true&p=59 | run_id=run_20260928_234050_779529_796e7a | brand=Libas | page=59 | route=https://www.myntra.com/kurta-sets?f=Brand%3ALibas | seen=2887 | expected=4738
2026-09-28 23:44:49 | INFO    | PDP       | Processed 50 target products for Libas in 3s (1111.76 products/min). | run_id=run_20260928_234050_779529_796e7a | brand=Libas | saved=50 | elapsed_label=3s | products_per_minute=1111.76
2026-09-28 23:44:50 | INFO    | LISTING   | Listing Libas route https://www.myntra.com/kurta-sets?f=Brand%3ALibas page 60 -> https://www.myntra.com/gateway/v4/search/kurta-sets?f=Brand%3ALibas&rows=50&o=2950&plaEnabled=false&xdEnabled=false&isFacet=true&p=60 | run_id=run_20260928_234050_779529_796e7a | brand=Libas | page=60 | route=https://www.myntra.com/kurta-sets?f=Brand%3ALibas | seen=2937 | expected=4738
2026-09-28 23:44:53 | INFO    | PDP       | Processed 50 target products for Libas in 3s (1004.09 products/min). | run_id=run_20260928_234050_779529_796e7a | brand=Libas | saved=50 | elapsed_label=3s | products_per_minute=1004.09
2026-09-28 23:44:54 | INFO    | LISTING   | Listing Libas route https://www.myntra.com/kurta-sets?f=Brand%3ALibas page 61 -> https://www.myntra.com/gateway/v4/search/kurta-sets?f=Brand%3ALibas&rows=50&o=3000&plaEnabled=false&xdEnabled=false&isFacet=true&p=61 | run_id=run_20260928_234050_779529_796e7a | brand=Libas | page=61 | route=https://www.myntra.com/kurta-sets?f=Brand%3ALibas | seen=2987 | expected=4738
2026-09-28 23:44:58 | INFO    | PDP       | Processed 50 target products for Libas in 3s (975.52 products/min). | run_id=run_20260928_234050_779529_796e7a | brand=Libas | saved=50 | elapsed_label=3s | products_per_minute=975.52
2026-09-28 23:44:58 | INFO    | LISTING   | Listing Libas route https://www.myntra.com/kurta-sets?f=Brand%3ALibas page 62 -> https://www.myntra.com/gateway/v4/search/kurta-sets?f=Brand%3ALibas&rows=50&o=3050&plaEnabled=false&xdEnabled=false&isFacet=true&p=62 | run_id=run_20260928_234050_779529_796e7a | brand=Libas | page=62 | route=https://www.myntra.com/kurta-sets?f=Brand%3ALibas | seen=3037 | expected=4738
2026-09-28 23:45:02 | INFO    | PDP       | Processed 50 target products for Libas in 3s (1005.73 products/min). | run_id=run_20260928_234050_779529_796e7a | brand=Libas | saved=50 | elapsed_label=3s | products_per_minute=1005.73
2026-09-28 23:45:02 | INFO    | LISTING   | Listing Libas route https://www.myntra.com/kurta-sets?f=Brand%3ALibas page 63 -> https://www.myntra.com/gateway/v4/search/kurta-sets?f=Brand%3ALibas&rows=50&o=3100&plaEnabled=false&xdEnabled=false&isFacet=true&p=63 | run_id=run_20260928_234050_779529_796e7a | brand=Libas | page=63 | route=https://www.myntra.com/kurta-sets?f=Brand%3ALibas | seen=3087 | expected=4738
2026-09-28 23:45:06 | INFO    | PDP       | Processed 50 target products for Libas in 3s (1075.9 products/min). | run_id=run_20260928_234050_779529_796e7a | brand=Libas | saved=50 | elapsed_label=3s | products_per_minute=1075.9
2026-09-28 23:45:06 | INFO    | LISTING   | Listing Libas route https://www.myntra.com/kurta-sets?f=Brand%3ALibas page 64 -> https://www.myntra.com/gateway/v4/search/kurta-sets?f=Brand%3ALibas&rows=50&o=3150&plaEnabled=false&xdEnabled=false&isFacet=true&p=64 | run_id=run_20260928_234050_779529_796e7a | brand=Libas | page=64 | route=https://www.myntra.com/kurta-sets?f=Brand%3ALibas | seen=3137 | expected=4738
2026-09-28 23:45:10 | INFO    | PDP       | Processed 50 target products for Libas in 3s (1059.5 products/min). | run_id=run_20260928_234050_779529_796e7a | brand=Libas | saved=50 | elapsed_label=3s | products_per_minute=1059.5
2026-09-28 23:45:11 | INFO    | LISTING   | Listing Libas route https://www.myntra.com/kurta-sets?f=Brand%3ALibas page 65 -> https://www.myntra.com/gateway/v4/search/kurta-sets?f=Brand%3ALibas&rows=50&o=3200&plaEnabled=false&xdEnabled=false&isFacet=true&p=65 | run_id=run_20260928_234050_779529_796e7a | brand=Libas | page=65 | route=https://www.myntra.com/kurta-sets?f=Brand%3ALibas | seen=3187 | expected=4738
2026-09-28 23:45:15 | INFO    | PDP       | Processed 50 target products for Libas in 3s (1044.82 products/min). | run_id=run_20260928_234050_779529_796e7a | brand=Libas | saved=50 | elapsed_label=3s | products_per_minute=1044.82
2026-09-28 23:45:15 | INFO    | LISTING   | Listing Libas route https://www.myntra.com/kurta-sets?f=Brand%3ALibas page 66 -> https://www.myntra.com/gateway/v4/search/kurta-sets?f=Brand%3ALibas&rows=50&o=3250&plaEnabled=false&xdEnabled=false&isFacet=true&p=66 | run_id=run_20260928_234050_779529_796e7a | brand=Libas | page=66 | route=https://www.myntra.com/kurta-sets?f=Brand%3ALibas | seen=3237 | expected=4738
2026-09-28 23:45:19 | INFO    | PDP       | Processed 50 target products for Libas in 3s (1009.44 products/min). | run_id=run_20260928_234050_779529_796e7a | brand=Libas | saved=50 | elapsed_label=3s | products_per_minute=1009.44
2026-09-28 23:45:19 | INFO    | LISTING   | Listing Libas route https://www.myntra.com/kurta-sets?f=Brand%3ALibas page 67 -> https://www.myntra.com/gateway/v4/search/kurta-sets?f=Brand%3ALibas&rows=50&o=3300&plaEnabled=false&xdEnabled=false&isFacet=true&p=67 | run_id=run_20260928_234050_779529_796e7a | brand=Libas | page=67 | route=https://www.myntra.com/kurta-sets?f=Brand%3ALibas | seen=3287 | expected=4738
2026-09-28 23:45:23 | INFO    | PDP       | Processed 50 target products for Libas in 3s (985.37 products/min). | run_id=run_20260928_234050_779529_796e7a | brand=Libas | saved=50 | elapsed_label=3s | products_per_minute=985.37
2026-09-28 23:45:23 | INFO    | LISTING   | Listing Libas route https://www.myntra.com/kurta-sets?f=Brand%3ALibas page 68 -> https://www.myntra.com/gateway/v4/search/kurta-sets?f=Brand%3ALibas&rows=50&o=3350&plaEnabled=false&xdEnabled=false&isFacet=true&p=68 | run_id=run_20260928_234050_779529_796e7a | brand=Libas | page=68 | route=https://www.myntra.com/kurta-sets?f=Brand%3ALibas | seen=3337 | expected=4738
2026-09-28 23:45:27 | INFO    | PDP       | Processed 50 target products for Libas in 3s (1001.7 products/min). | run_id=run_20260928_234050_779529_796e7a | brand=Libas | saved=50 | elapsed_label=3s | products_per_minute=1001.7
2026-09-28 23:45:27 | INFO    | LISTING   | Listing Libas route https://www.myntra.com/kurta-sets?f=Brand%3ALibas page 69 -> https://www.myntra.com/gateway/v4/search/kurta-sets?f=Brand%3ALibas&rows=50&o=3400&plaEnabled=false&xdEnabled=false&isFacet=true&p=69 | run_id=run_20260928_234050_779529_796e7a | brand=Libas | page=69 | route=https://www.myntra.com/kurta-sets?f=Brand%3ALibas | seen=3387 | expected=4738
2026-09-28 23:45:30 | INFO    | PDP       | Processed 50 target products for Libas in 3s (1162.4 products/min). | run_id=run_20260928_234050_779529_796e7a | brand=Libas | saved=50 | elapsed_label=3s | products_per_minute=1162.4
2026-09-28 23:45:31 | INFO    | LISTING   | Listing Libas route https://www.myntra.com/kurta-sets?f=Brand%3ALibas page 70 -> https://www.myntra.com/gateway/v4/search/kurta-sets?f=Brand%3ALibas&rows=50&o=3450&plaEnabled=false&xdEnabled=false&isFacet=true&p=70 | run_id=run_20260928_234050_779529_796e7a | brand=Libas | page=70 | route=https://www.myntra.com/kurta-sets?f=Brand%3ALibas | seen=3437 | expected=4738
2026-09-28 23:45:35 | INFO    | PDP       | Processed 50 target products for Libas in 3s (1076.75 products/min). | run_id=run_20260928_234050_779529_796e7a | brand=Libas | saved=50 | elapsed_label=3s | products_per_minute=1076.75
2026-09-28 23:45:35 | INFO    | LISTING   | Listing Libas route https://www.myntra.com/kurta-sets?f=Brand%3ALibas page 71 -> https://www.myntra.com/gateway/v4/search/kurta-sets?f=Brand%3ALibas&rows=50&o=3500&plaEnabled=false&xdEnabled=false&isFacet=true&p=71 | run_id=run_20260928_234050_779529_796e7a | brand=Libas | page=71 | route=https://www.myntra.com/kurta-sets?f=Brand%3ALibas | seen=3487 | expected=4738
2026-09-28 23:45:38 | INFO    | PDP       | Processed 50 target products for Libas in 3s (1134.13 products/min). | run_id=run_20260928_234050_779529_796e7a | brand=Libas | saved=50 | elapsed_label=3s | products_per_minute=1134.13
2026-09-28 23:45:38 | INFO    | LISTING   | Listing Libas route https://www.myntra.com/kurta-sets?f=Brand%3ALibas page 72 -> https://www.myntra.com/gateway/v4/search/kurta-sets?f=Brand%3ALibas&rows=50&o=3550&plaEnabled=false&xdEnabled=false&isFacet=true&p=72 | run_id=run_20260928_234050_779529_796e7a | brand=Libas | page=72 | route=https://www.myntra.com/kurta-sets?f=Brand%3ALibas | seen=3537 | expected=4738
2026-09-28 23:45:42 | INFO    | PDP       | Processed 50 target products for Libas in 3s (971.33 products/min). | run_id=run_20260928_234050_779529_796e7a | brand=Libas | saved=50 | elapsed_label=3s | products_per_minute=971.33
2026-09-28 23:45:43 | INFO    | LISTING   | Listing Libas route https://www.myntra.com/kurta-sets?f=Brand%3ALibas page 73 -> https://www.myntra.com/gateway/v4/search/kurta-sets?f=Brand%3ALibas&rows=50&o=3600&plaEnabled=false&xdEnabled=false&isFacet=true&p=73 | run_id=run_20260928_234050_779529_796e7a | brand=Libas | page=73 | route=https://www.myntra.com/kurta-sets?f=Brand%3ALibas | seen=3587 | expected=4738
2026-09-28 23:45:46 | INFO    | PDP       | Processed 50 target products for Libas in 3s (1082.35 products/min). | run_id=run_20260928_234050_779529_796e7a | brand=Libas | saved=50 | elapsed_label=3s | products_per_minute=1082.35
2026-09-28 23:45:46 | INFO    | LISTING   | Listing Libas route https://www.myntra.com/kurta-sets?f=Brand%3ALibas page 74 -> https://www.myntra.com/gateway/v4/search/kurta-sets?f=Brand%3ALibas&rows=50&o=3650&plaEnabled=false&xdEnabled=false&isFacet=true&p=74 | run_id=run_20260928_234050_779529_796e7a | brand=Libas | page=74 | route=https://www.myntra.com/kurta-sets?f=Brand%3ALibas | seen=3637 | expected=4738
2026-09-28 23:45:50 | INFO    | PDP       | Processed 50 target products for Libas in 3s (1110.36 products/min). | run_id=run_20260928_234050_779529_796e7a | brand=Libas | saved=50 | elapsed_label=3s | products_per_minute=1110.36
2026-09-28 23:45:50 | INFO    | LISTING   | Listing Libas route https://www.myntra.com/kurta-sets?f=Brand%3ALibas page 75 -> https://www.myntra.com/gateway/v4/search/kurta-sets?f=Brand%3ALibas&rows=50&o=3700&plaEnabled=false&xdEnabled=false&isFacet=true&p=75 | run_id=run_20260928_234050_779529_796e7a | brand=Libas | page=75 | route=https://www.myntra.com/kurta-sets?f=Brand%3ALibas | seen=3687 | expected=4738
2026-09-28 23:45:54 | INFO    | PDP       | Processed 50 target products for Libas in 3s (1081.71 products/min). | run_id=run_20260928_234050_779529_796e7a | brand=Libas | saved=50 | elapsed_label=3s | products_per_minute=1081.71
2026-09-28 23:45:54 | INFO    | LISTING   | Listing Libas route https://www.myntra.com/kurta-sets?f=Brand%3ALibas page 76 -> https://www.myntra.com/gateway/v4/search/kurta-sets?f=Brand%3ALibas&rows=50&o=3750&plaEnabled=false&xdEnabled=false&isFacet=true&p=76 | run_id=run_20260928_234050_779529_796e7a | brand=Libas | page=76 | route=https://www.myntra.com/kurta-sets?f=Brand%3ALibas | seen=3737 | expected=4738
2026-09-28 23:45:58 | INFO    | PDP       | Processed 50 target products for Libas in 3s (1037.94 products/min). | run_id=run_20260928_234050_779529_796e7a | brand=Libas | saved=50 | elapsed_label=3s | products_per_minute=1037.94
2026-09-28 23:45:58 | INFO    | LISTING   | Listing Libas route https://www.myntra.com/kurta-sets?f=Brand%3ALibas page 77 -> https://www.myntra.com/gateway/v4/search/kurta-sets?f=Brand%3ALibas&rows=50&o=3800&plaEnabled=false&xdEnabled=false&isFacet=true&p=77 | run_id=run_20260928_234050_779529_796e7a | brand=Libas | page=77 | route=https://www.myntra.com/kurta-sets?f=Brand%3ALibas | seen=3787 | expected=4738
2026-09-28 23:46:02 | INFO    | PDP       | Processed 50 target products for Libas in 3s (1075.24 products/min). | run_id=run_20260928_234050_779529_796e7a | brand=Libas | saved=50 | elapsed_label=3s | products_per_minute=1075.24
2026-09-28 23:46:02 | INFO    | LISTING   | Listing Libas route https://www.myntra.com/kurta-sets?f=Brand%3ALibas page 78 -> https://www.myntra.com/gateway/v4/search/kurta-sets?f=Brand%3ALibas&rows=50&o=3850&plaEnabled=false&xdEnabled=false&isFacet=true&p=78 | run_id=run_20260928_234050_779529_796e7a | brand=Libas | page=78 | route=https://www.myntra.com/kurta-sets?f=Brand%3ALibas | seen=3837 | expected=4738
2026-09-28 23:46:06 | INFO    | PDP       | Processed 50 target products for Libas in 3s (998.99 products/min). | run_id=run_20260928_234050_779529_796e7a | brand=Libas | saved=50 | elapsed_label=3s | products_per_minute=998.99
2026-09-28 23:46:06 | INFO    | LISTING   | Listing Libas route https://www.myntra.com/kurta-sets?f=Brand%3ALibas page 79 -> https://www.myntra.com/gateway/v4/search/kurta-sets?f=Brand%3ALibas&rows=50&o=3900&plaEnabled=false&xdEnabled=false&isFacet=true&p=79 | run_id=run_20260928_234050_779529_796e7a | brand=Libas | page=79 | route=https://www.myntra.com/kurta-sets?f=Brand%3ALibas | seen=3887 | expected=4738
2026-09-28 23:46:10 | INFO    | PDP       | Processed 50 target products for Libas in 3s (1084.84 products/min). | run_id=run_20260928_234050_779529_796e7a | brand=Libas | saved=50 | elapsed_label=3s | products_per_minute=1084.84
2026-09-28 23:46:11 | INFO    | LISTING   | Listing Libas route https://www.myntra.com/kurta-sets?f=Brand%3ALibas page 80 -> https://www.myntra.com/gateway/v4/search/kurta-sets?f=Brand%3ALibas&rows=50&o=3950&plaEnabled=false&xdEnabled=false&isFacet=true&p=80 | run_id=run_20260928_234050_779529_796e7a | brand=Libas | page=80 | route=https://www.myntra.com/kurta-sets?f=Brand%3ALibas | seen=3937 | expected=4738
2026-09-28 23:46:15 | INFO    | PDP       | Processed 50 target products for Libas in 3s (1052.83 products/min). | run_id=run_20260928_234050_779529_796e7a | brand=Libas | saved=50 | elapsed_label=3s | products_per_minute=1052.83
2026-09-28 23:46:15 | INFO    | LISTING   | Listing Libas route https://www.myntra.com/kurta-sets?f=Brand%3ALibas page 81 -> https://www.myntra.com/gateway/v4/search/kurta-sets?f=Brand%3ALibas&rows=50&o=4000&plaEnabled=false&xdEnabled=false&isFacet=true&p=81 | run_id=run_20260928_234050_779529_796e7a | brand=Libas | page=81 | route=https://www.myntra.com/kurta-sets?f=Brand%3ALibas | seen=3987 | expected=4738
2026-09-28 23:46:19 | INFO    | PDP       | Processed 50 target products for Libas in 3s (1015.09 products/min). | run_id=run_20260928_234050_779529_796e7a | brand=Libas | saved=50 | elapsed_label=3s | products_per_minute=1015.09
2026-09-28 23:46:19 | INFO    | LISTING   | Listing Libas route https://www.myntra.com/kurta-sets?f=Brand%3ALibas page 82 -> https://www.myntra.com/gateway/v4/search/kurta-sets?f=Brand%3ALibas&rows=50&o=4050&plaEnabled=false&xdEnabled=false&isFacet=true&p=82 | run_id=run_20260928_234050_779529_796e7a | brand=Libas | page=82 | route=https://www.myntra.com/kurta-sets?f=Brand%3ALibas | seen=4037 | expected=4738
2026-09-28 23:46:23 | INFO    | PDP       | Processed 50 target products for Libas in 3s (1046.9 products/min). | run_id=run_20260928_234050_779529_796e7a | brand=Libas | saved=50 | elapsed_label=3s | products_per_minute=1046.9
2026-09-28 23:46:23 | INFO    | LISTING   | Listing Libas route https://www.myntra.com/kurta-sets?f=Brand%3ALibas page 83 -> https://www.myntra.com/gateway/v4/search/kurta-sets?f=Brand%3ALibas&rows=50&o=4100&plaEnabled=false&xdEnabled=false&isFacet=true&p=83 | run_id=run_20260928_234050_779529_796e7a | brand=Libas | page=83 | route=https://www.myntra.com/kurta-sets?f=Brand%3ALibas | seen=4087 | expected=4738
2026-09-28 23:46:27 | INFO    | PDP       | Processed 50 target products for Libas in 3s (1007.42 products/min). | run_id=run_20260928_234050_779529_796e7a | brand=Libas | saved=50 | elapsed_label=3s | products_per_minute=1007.42
2026-09-28 23:46:28 | INFO    | LISTING   | Listing Libas route https://www.myntra.com/kurta-sets?f=Brand%3ALibas page 84 -> https://www.myntra.com/gateway/v4/search/kurta-sets?f=Brand%3ALibas&rows=50&o=4150&plaEnabled=false&xdEnabled=false&isFacet=true&p=84 | run_id=run_20260928_234050_779529_796e7a | brand=Libas | page=84 | route=https://www.myntra.com/kurta-sets?f=Brand%3ALibas | seen=4137 | expected=4738
2026-09-28 23:46:32 | INFO    | PDP       | Processed 50 target products for Libas in 3s (1080.92 products/min). | run_id=run_20260928_234050_779529_796e7a | brand=Libas | saved=50 | elapsed_label=3s | products_per_minute=1080.92
2026-09-28 23:46:32 | INFO    | LISTING   | Listing Libas route https://www.myntra.com/kurta-sets?f=Brand%3ALibas page 85 -> https://www.myntra.com/gateway/v4/search/kurta-sets?f=Brand%3ALibas&rows=50&o=4200&plaEnabled=false&xdEnabled=false&isFacet=true&p=85 | run_id=run_20260928_234050_779529_796e7a | brand=Libas | page=85 | route=https://www.myntra.com/kurta-sets?f=Brand%3ALibas | seen=4187 | expected=4738
2026-09-28 23:46:36 | INFO    | PDP       | Processed 50 target products for Libas in 3s (1087.13 products/min). | run_id=run_20260928_234050_779529_796e7a | brand=Libas | saved=50 | elapsed_label=3s | products_per_minute=1087.13
2026-09-28 23:46:36 | INFO    | LISTING   | Listing Libas route https://www.myntra.com/kurta-sets?f=Brand%3ALibas page 86 -> https://www.myntra.com/gateway/v4/search/kurta-sets?f=Brand%3ALibas&rows=50&o=4250&plaEnabled=false&xdEnabled=false&isFacet=true&p=86 | run_id=run_20260928_234050_779529_796e7a | brand=Libas | page=86 | route=https://www.myntra.com/kurta-sets?f=Brand%3ALibas | seen=4237 | expected=4738
2026-09-28 23:46:39 | INFO    | PDP       | Processed 50 target products for Libas in 3s (1076.99 products/min). | run_id=run_20260928_234050_779529_796e7a | brand=Libas | saved=50 | elapsed_label=3s | products_per_minute=1076.99
2026-09-28 23:46:40 | INFO    | LISTING   | Listing Libas route https://www.myntra.com/kurta-sets?f=Brand%3ALibas page 87 -> https://www.myntra.com/gateway/v4/search/kurta-sets?f=Brand%3ALibas&rows=50&o=4300&plaEnabled=false&xdEnabled=false&isFacet=true&p=87 | run_id=run_20260928_234050_779529_796e7a | brand=Libas | page=87 | route=https://www.myntra.com/kurta-sets?f=Brand%3ALibas | seen=4287 | expected=4738
2026-09-28 23:46:43 | INFO    | PDP       | Processed 50 target products for Libas in 3s (1173.12 products/min). | run_id=run_20260928_234050_779529_796e7a | brand=Libas | saved=50 | elapsed_label=3s | products_per_minute=1173.12
2026-09-28 23:46:43 | INFO    | LISTING   | Listing Libas route https://www.myntra.com/kurta-sets?f=Brand%3ALibas page 88 -> https://www.myntra.com/gateway/v4/search/kurta-sets?f=Brand%3ALibas&rows=50&o=4350&plaEnabled=false&xdEnabled=false&isFacet=true&p=88 | run_id=run_20260928_234050_779529_796e7a | brand=Libas | page=88 | route=https://www.myntra.com/kurta-sets?f=Brand%3ALibas | seen=4337 | expected=4738
2026-09-28 23:46:46 | INFO    | PDP       | Processed 50 target products for Libas in 3s (1132.03 products/min). | run_id=run_20260928_234050_779529_796e7a | brand=Libas | saved=50 | elapsed_label=3s | products_per_minute=1132.03
2026-09-28 23:46:47 | INFO    | LISTING   | Listing Libas route https://www.myntra.com/kurta-sets?f=Brand%3ALibas page 89 -> https://www.myntra.com/gateway/v4/search/kurta-sets?f=Brand%3ALibas&rows=50&o=4400&plaEnabled=false&xdEnabled=false&isFacet=true&p=89 | run_id=run_20260928_234050_779529_796e7a | brand=Libas | page=89 | route=https://www.myntra.com/kurta-sets?f=Brand%3ALibas | seen=4387 | expected=4738
2026-09-28 23:46:50 | INFO    | PDP       | Processed 50 target products for Libas in 2s (1284.08 products/min). | run_id=run_20260928_234050_779529_796e7a | brand=Libas | saved=50 | elapsed_label=2s | products_per_minute=1284.08
2026-09-28 23:46:50 | INFO    | LISTING   | Listing Libas route https://www.myntra.com/kurta-sets?f=Brand%3ALibas page 90 -> https://www.myntra.com/gateway/v4/search/kurta-sets?f=Brand%3ALibas&rows=50&o=4450&plaEnabled=false&xdEnabled=false&isFacet=true&p=90 | run_id=run_20260928_234050_779529_796e7a | brand=Libas | page=90 | route=https://www.myntra.com/kurta-sets?f=Brand%3ALibas | seen=4437 | expected=4738
2026-09-28 23:46:54 | INFO    | PDP       | Processed 50 target products for Libas in 3s (1009.48 products/min). | run_id=run_20260928_234050_779529_796e7a | brand=Libas | saved=50 | elapsed_label=3s | products_per_minute=1009.48
2026-09-28 23:46:55 | INFO    | LISTING   | Listing Libas route https://www.myntra.com/kurta-sets?f=Brand%3ALibas page 91 -> https://www.myntra.com/gateway/v4/search/kurta-sets?f=Brand%3ALibas&rows=50&o=4500&plaEnabled=false&xdEnabled=false&isFacet=true&p=91 | run_id=run_20260928_234050_779529_796e7a | brand=Libas | page=91 | route=https://www.myntra.com/kurta-sets?f=Brand%3ALibas | seen=4487 | expected=4738
2026-09-28 23:46:58 | INFO    | PDP       | Processed 50 target products for Libas in 3s (954.94 products/min). | run_id=run_20260928_234050_779529_796e7a | brand=Libas | saved=50 | elapsed_label=3s | products_per_minute=954.94
2026-09-28 23:46:59 | INFO    | LISTING   | Listing Libas route https://www.myntra.com/kurta-sets?f=Brand%3ALibas page 92 -> https://www.myntra.com/gateway/v4/search/kurta-sets?f=Brand%3ALibas&rows=50&o=4550&plaEnabled=false&xdEnabled=false&isFacet=true&p=92 | run_id=run_20260928_234050_779529_796e7a | brand=Libas | page=92 | route=https://www.myntra.com/kurta-sets?f=Brand%3ALibas | seen=4537 | expected=4738
2026-09-28 23:47:02 | INFO    | PDP       | Processed 50 target products for Libas in 3s (1075.84 products/min). | run_id=run_20260928_234050_779529_796e7a | brand=Libas | saved=50 | elapsed_label=3s | products_per_minute=1075.84
2026-09-28 23:47:03 | INFO    | LISTING   | Listing Libas route https://www.myntra.com/kurta-sets?f=Brand%3ALibas page 93 -> https://www.myntra.com/gateway/v4/search/kurta-sets?f=Brand%3ALibas&rows=50&o=4600&plaEnabled=false&xdEnabled=false&isFacet=true&p=93 | run_id=run_20260928_234050_779529_796e7a | brand=Libas | page=93 | route=https://www.myntra.com/kurta-sets?f=Brand%3ALibas | seen=4587 | expected=4738
2026-09-28 23:47:06 | INFO    | PDP       | Processed 50 target products for Libas in 3s (1031.16 products/min). | run_id=run_20260928_234050_779529_796e7a | brand=Libas | saved=50 | elapsed_label=3s | products_per_minute=1031.16
2026-09-28 23:47:07 | INFO    | LISTING   | Listing Libas route https://www.myntra.com/kurta-sets?f=Brand%3ALibas page 94 -> https://www.myntra.com/gateway/v4/search/kurta-sets?f=Brand%3ALibas&rows=50&o=4650&plaEnabled=false&xdEnabled=false&isFacet=true&p=94 | run_id=run_20260928_234050_779529_796e7a | brand=Libas | page=94 | route=https://www.myntra.com/kurta-sets?f=Brand%3ALibas | seen=4637 | expected=4738
2026-09-28 23:47:11 | INFO    | PDP       | Processed 50 target products for Libas in 3s (1028.26 products/min). | run_id=run_20260928_234050_779529_796e7a | brand=Libas | saved=50 | elapsed_label=3s | products_per_minute=1028.26
2026-09-28 23:47:11 | INFO    | LISTING   | Listing Libas route https://www.myntra.com/kurta-sets?f=Brand%3ALibas page 95 -> https://www.myntra.com/gateway/v4/search/kurta-sets?f=Brand%3ALibas&rows=50&o=4700&plaEnabled=false&xdEnabled=false&isFacet=true&p=95 | run_id=run_20260928_234050_779529_796e7a | brand=Libas | page=95 | route=https://www.myntra.com/kurta-sets?f=Brand%3ALibas | seen=4687 | expected=4738
2026-09-28 23:47:15 | INFO    | PDP       | Processed 50 target products for Libas in 3s (1019.84 products/min). | run_id=run_20260928_234050_779529_796e7a | brand=Libas | saved=50 | elapsed_label=3s | products_per_minute=1019.84
2026-09-28 23:47:15 | INFO    | LISTING   | Listing Libas route https://www.myntra.com/kurta-sets?f=Brand%3ALibas page 96 -> https://www.myntra.com/gateway/v4/search/kurta-sets?f=Brand%3ALibas&rows=50&o=4750&plaEnabled=false&xdEnabled=false&isFacet=true&p=96 | run_id=run_20260928_234050_779529_796e7a | brand=Libas | page=96 | route=https://www.myntra.com/kurta-sets?f=Brand%3ALibas | seen=4737 | expected=4738
2026-09-28 23:47:17 | INFO    | PDP       | Processed 1 target products for Libas in 1s (66.44 products/min). | run_id=run_20260928_234050_779529_796e7a | brand=Libas | saved=1 | elapsed_label=1s | products_per_minute=66.44
2026-09-28 23:47:17 | INFO    | LISTING   | Listing Libas route https://www.myntra.com/kurta-sets?f=Brand%3ALibas page 97 -> https://www.myntra.com/gateway/v4/search/kurta-sets?f=Brand%3ALibas&rows=50&o=4800&plaEnabled=false&xdEnabled=false&isFacet=true&p=97 | run_id=run_20260928_234050_779529_796e7a | brand=Libas | page=97 | route=https://www.myntra.com/kurta-sets?f=Brand%3ALibas | seen=4738 | expected=4738
2026-09-28 23:47:18 | WARNING | LISTING   | Empty listing page for Libas on page 97 before expected end; continuing. | run_id=run_20260928_234050_779529_796e7a | brand=Libas | page=97 | route=https://www.myntra.com/kurta-sets?f=Brand%3ALibas
2026-09-28 23:47:18 | INFO    | LISTING   | Listing Libas route https://www.myntra.com/kurta-sets?f=Brand%3ALibas page 98 -> https://www.myntra.com/gateway/v4/search/kurta-sets?f=Brand%3ALibas&rows=50&o=4850&plaEnabled=false&xdEnabled=false&isFacet=true&p=98 | run_id=run_20260928_234050_779529_796e7a | brand=Libas | page=98 | route=https://www.myntra.com/kurta-sets?f=Brand%3ALibas | seen=4738 | expected=4738
2026-09-28 23:47:18 | WARNING | NETWORK   | JSON request failed for https://www.myntra.com/gateway/v4/search/kurta-sets?f=Brand%3ALibas&rows=50&o=4850&plaEnabled=false&xdEnabled=false&isFacet=true&p=98 on attempt 1/3: HTTP Error 400:  | run_id=run_20260928_234050_779529_796e7a | route=https://www.myntra.com/gateway/v4/search/kurta-sets?f=Brand%3ALibas&rows=50&o=4850&plaEnabled=false&xdEnabled=false&isFacet=true&p=98 | attempt=1/3
2026-09-28 23:47:20 | WARNING | NETWORK   | JSON request failed for https://www.myntra.com/gateway/v4/search/kurta-sets?f=Brand%3ALibas&rows=50&o=4850&plaEnabled=false&xdEnabled=false&isFacet=true&p=98 on attempt 2/3: HTTP Error 400:  | run_id=run_20260928_234050_779529_796e7a | route=https://www.myntra.com/gateway/v4/search/kurta-sets?f=Brand%3ALibas&rows=50&o=4850&plaEnabled=false&xdEnabled=false&isFacet=true&p=98 | attempt=2/3
2026-09-28 23:47:23 | WARNING | NETWORK   | JSON request failed for https://www.myntra.com/gateway/v4/search/kurta-sets?f=Brand%3ALibas&rows=50&o=4850&plaEnabled=false&xdEnabled=false&isFacet=true&p=98 on attempt 3/3: HTTP Error 400:  | run_id=run_20260928_234050_779529_796e7a | route=https://www.myntra.com/gateway/v4/search/kurta-sets?f=Brand%3ALibas&rows=50&o=4850&plaEnabled=false&xdEnabled=false&isFacet=true&p=98 | attempt=3/3
2026-09-28 23:47:23 | WARNING | NETWORK   | JSON request failed for https://www.myntra.com/gateway/v4/search/kurta-sets?f=Brand%3ALibas&rows=50&o=4849&plaEnabled=false&xdEnabled=false&isFacet=true&p=98 on attempt 1/3: HTTP Error 400:  | run_id=run_20260928_234050_779529_796e7a | route=https://www.myntra.com/gateway/v4/search/kurta-sets?f=Brand%3ALibas&rows=50&o=4849&plaEnabled=false&xdEnabled=false&isFacet=true&p=98 | attempt=1/3
2026-09-28 23:47:25 | WARNING | NETWORK   | JSON request failed for https://www.myntra.com/gateway/v4/search/kurta-sets?f=Brand%3ALibas&rows=50&o=4849&plaEnabled=false&xdEnabled=false&isFacet=true&p=98 on attempt 2/3: HTTP Error 400:  | run_id=run_20260928_234050_779529_796e7a | route=https://www.myntra.com/gateway/v4/search/kurta-sets?f=Brand%3ALibas&rows=50&o=4849&plaEnabled=false&xdEnabled=false&isFacet=true&p=98 | attempt=2/3
2026-09-28 23:47:27 | WARNING | NETWORK   | JSON request failed for https://www.myntra.com/gateway/v4/search/kurta-sets?f=Brand%3ALibas&rows=50&o=4849&plaEnabled=false&xdEnabled=false&isFacet=true&p=98 on attempt 3/3: HTTP Error 400:  | run_id=run_20260928_234050_779529_796e7a | route=https://www.myntra.com/gateway/v4/search/kurta-sets?f=Brand%3ALibas&rows=50&o=4849&plaEnabled=false&xdEnabled=false&isFacet=true&p=98 | attempt=3/3
2026-09-28 23:47:28 | WARNING | LISTING   | Route fetch failed for https://www.myntra.com/kurta-sets?f=Brand%3ALibas page 98 (Failed to fetch JSON payload from https://www.myntra.com/gateway/v4/search/kurta-sets?f=Brand%3ALibas&rows=50&o=4849&plaEnabled=false&xdEnabled=false&isFacet=true&p=98: HTTP Error 400: ). Will retry with another pass or fallback route. | run_id=run_20260928_234050_779529_796e7a | brand=Libas | page=98 | route=https://www.myntra.com/kurta-sets?f=Brand%3ALibas
2026-09-28 23:47:28 | INFO    | BRAND     | Brand scrape completed in 6m 36s (717.32 products/min). | run_id=run_20260928_234050_779529_796e7a | brand=Libas | status=COMPLETED | saved=4738 | seen=4738 | expected=4738 | elapsed_label=6m 36s | products_per_minute=717.32
2026-09-28 23:47:28 | INFO    | BRAND     | Resolving brand routes. | run_id=run_20260928_234050_779529_796e7a | brand=Jaypore
2026-09-28 23:47:31 | INFO    | BRAND     | Resolved Jaypore -> 4 routes (best brand total=6697): https://www.myntra.com/sarees?f=Brand%3AJAYPORE, https://www.myntra.com/women-ethnic-wear?f=Brand%3AJAYPORE, https://www.myntra.com/kurtas?f=Brand%3AJAYPORE, https://www.myntra.com/jaypore | run_id=run_20260928_234050_779529_796e7a | brand=Jaypore | expected=6697
2026-09-28 23:47:31 | INFO    | BRAND     | Starting brand scrape. | run_id=run_20260928_234050_779529_796e7a | brand=Jaypore | expected=9507
2026-09-28 23:47:31 | INFO    | LISTING   | Listing Jaypore route https://www.myntra.com/sarees?f=Brand%3AJAYPORE page 1 -> https://www.myntra.com/gateway/v4/search/sarees?f=Brand%3AJAYPORE&rows=50&o=0&plaEnabled=false&xdEnabled=false&isFacet=true&p=1 | run_id=run_20260928_234050_779529_796e7a | brand=Jaypore | page=1 | route=https://www.myntra.com/sarees?f=Brand%3AJAYPORE | seen=0 | expected=636
2026-09-28 23:47:35 | INFO    | PDP       | Processed 50 target products for Jaypore in 3s (1125.54 products/min). | run_id=run_20260928_234050_779529_796e7a | brand=Jaypore | saved=50 | elapsed_label=3s | products_per_minute=1125.54
2026-09-28 23:47:35 | INFO    | LISTING   | Listing Jaypore route https://www.myntra.com/sarees?f=Brand%3AJAYPORE page 2 -> https://www.myntra.com/gateway/v4/search/sarees?f=Brand%3AJAYPORE&rows=50&o=50&plaEnabled=false&xdEnabled=false&isFacet=true&p=2 | run_id=run_20260928_234050_779529_796e7a | brand=Jaypore | page=2 | route=https://www.myntra.com/sarees?f=Brand%3AJAYPORE | seen=50 | expected=636
2026-09-28 23:47:38 | INFO    | PDP       | Processed 47 target products for Jaypore in 2s (1180.57 products/min). | run_id=run_20260928_234050_779529_796e7a | brand=Jaypore | saved=47 | elapsed_label=2s | products_per_minute=1180.57
2026-09-28 23:47:38 | INFO    | LISTING   | Listing Jaypore route https://www.myntra.com/sarees?f=Brand%3AJAYPORE page 3 -> https://www.myntra.com/gateway/v4/search/sarees?f=Brand%3AJAYPORE&rows=50&o=100&plaEnabled=false&xdEnabled=false&isFacet=true&p=3 | run_id=run_20260928_234050_779529_796e7a | brand=Jaypore | page=3 | route=https://www.myntra.com/sarees?f=Brand%3AJAYPORE | seen=97 | expected=636
2026-09-28 23:47:41 | INFO    | PDP       | Processed 49 target products for Jaypore in 3s (1060.39 products/min). | run_id=run_20260928_234050_779529_796e7a | brand=Jaypore | saved=49 | elapsed_label=3s | products_per_minute=1060.39
2026-09-28 23:47:42 | INFO    | LISTING   | Listing Jaypore route https://www.myntra.com/sarees?f=Brand%3AJAYPORE page 4 -> https://www.myntra.com/gateway/v4/search/sarees?f=Brand%3AJAYPORE&rows=50&o=150&plaEnabled=false&xdEnabled=false&isFacet=true&p=4 | run_id=run_20260928_234050_779529_796e7a | brand=Jaypore | page=4 | route=https://www.myntra.com/sarees?f=Brand%3AJAYPORE | seen=146 | expected=636
2026-09-28 23:47:45 | INFO    | PDP       | Processed 44 target products for Jaypore in 2s (1112.6 products/min). | run_id=run_20260928_234050_779529_796e7a | brand=Jaypore | saved=44 | elapsed_label=2s | products_per_minute=1112.6
2026-09-28 23:47:45 | INFO    | LISTING   | Listing Jaypore route https://www.myntra.com/sarees?f=Brand%3AJAYPORE page 5 -> https://www.myntra.com/gateway/v4/search/sarees?f=Brand%3AJAYPORE&rows=50&o=200&plaEnabled=false&xdEnabled=false&isFacet=true&p=5 | run_id=run_20260928_234050_779529_796e7a | brand=Jaypore | page=5 | route=https://www.myntra.com/sarees?f=Brand%3AJAYPORE | seen=190 | expected=636
2026-09-28 23:47:48 | INFO    | PDP       | Processed 50 target products for Jaypore in 3s (1023.18 products/min). | run_id=run_20260928_234050_779529_796e7a | brand=Jaypore | saved=50 | elapsed_label=3s | products_per_minute=1023.18
2026-09-28 23:47:49 | INFO    | LISTING   | Listing Jaypore route https://www.myntra.com/sarees?f=Brand%3AJAYPORE page 6 -> https://www.myntra.com/gateway/v4/search/sarees?f=Brand%3AJAYPORE&rows=50&o=250&plaEnabled=false&xdEnabled=false&isFacet=true&p=6 | run_id=run_20260928_234050_779529_796e7a | brand=Jaypore | page=6 | route=https://www.myntra.com/sarees?f=Brand%3AJAYPORE | seen=240 | expected=636
2026-09-28 23:47:52 | INFO    | PDP       | Processed 48 target products for Jaypore in 3s (1009.7 products/min). | run_id=run_20260928_234050_779529_796e7a | brand=Jaypore | saved=48 | elapsed_label=3s | products_per_minute=1009.7
2026-09-28 23:47:53 | INFO    | LISTING   | Listing Jaypore route https://www.myntra.com/sarees?f=Brand%3AJAYPORE page 7 -> https://www.myntra.com/gateway/v4/search/sarees?f=Brand%3AJAYPORE&rows=50&o=300&plaEnabled=false&xdEnabled=false&isFacet=true&p=7 | run_id=run_20260928_234050_779529_796e7a | brand=Jaypore | page=7 | route=https://www.myntra.com/sarees?f=Brand%3AJAYPORE | seen=288 | expected=636
2026-09-28 23:47:56 | INFO    | PDP       | Processed 50 target products for Jaypore in 3s (1172.1 products/min). | run_id=run_20260928_234050_779529_796e7a | brand=Jaypore | saved=50 | elapsed_label=3s | products_per_minute=1172.1
2026-09-28 23:47:56 | INFO    | LISTING   | Listing Jaypore route https://www.myntra.com/sarees?f=Brand%3AJAYPORE page 8 -> https://www.myntra.com/gateway/v4/search/sarees?f=Brand%3AJAYPORE&rows=50&o=350&plaEnabled=false&xdEnabled=false&isFacet=true&p=8 | run_id=run_20260928_234050_779529_796e7a | brand=Jaypore | page=8 | route=https://www.myntra.com/sarees?f=Brand%3AJAYPORE | seen=338 | expected=636
2026-09-28 23:47:59 | INFO    | PDP       | Processed 50 target products for Jaypore in 3s (1084.39 products/min). | run_id=run_20260928_234050_779529_796e7a | brand=Jaypore | saved=50 | elapsed_label=3s | products_per_minute=1084.39
2026-09-28 23:47:59 | INFO    | LISTING   | Listing Jaypore route https://www.myntra.com/sarees?f=Brand%3AJAYPORE page 9 -> https://www.myntra.com/gateway/v4/search/sarees?f=Brand%3AJAYPORE&rows=50&o=400&plaEnabled=false&xdEnabled=false&isFacet=true&p=9 | run_id=run_20260928_234050_779529_796e7a | brand=Jaypore | page=9 | route=https://www.myntra.com/sarees?f=Brand%3AJAYPORE | seen=388 | expected=636
2026-09-28 23:48:03 | INFO    | PDP       | Processed 48 target products for Jaypore in 3s (1048.87 products/min). | run_id=run_20260928_234050_779529_796e7a | brand=Jaypore | saved=48 | elapsed_label=3s | products_per_minute=1048.87
2026-09-28 23:48:03 | INFO    | LISTING   | Listing Jaypore route https://www.myntra.com/sarees?f=Brand%3AJAYPORE page 10 -> https://www.myntra.com/gateway/v4/search/sarees?f=Brand%3AJAYPORE&rows=50&o=450&plaEnabled=false&xdEnabled=false&isFacet=true&p=10 | run_id=run_20260928_234050_779529_796e7a | brand=Jaypore | page=10 | route=https://www.myntra.com/sarees?f=Brand%3AJAYPORE | seen=436 | expected=636
2026-09-28 23:48:07 | INFO    | PDP       | Processed 49 target products for Jaypore in 3s (972.64 products/min). | run_id=run_20260928_234050_779529_796e7a | brand=Jaypore | saved=49 | elapsed_label=3s | products_per_minute=972.64
2026-09-28 23:48:07 | INFO    | LISTING   | Listing Jaypore route https://www.myntra.com/sarees?f=Brand%3AJAYPORE page 11 -> https://www.myntra.com/gateway/v4/search/sarees?f=Brand%3AJAYPORE&rows=50&o=500&plaEnabled=false&xdEnabled=false&isFacet=true&p=11 | run_id=run_20260928_234050_779529_796e7a | brand=Jaypore | page=11 | route=https://www.myntra.com/sarees?f=Brand%3AJAYPORE | seen=485 | expected=636
2026-09-28 23:48:10 | INFO    | PDP       | Processed 49 target products for Jaypore in 3s (988.78 products/min). | run_id=run_20260928_234050_779529_796e7a | brand=Jaypore | saved=49 | elapsed_label=3s | products_per_minute=988.78
2026-09-28 23:48:11 | INFO    | LISTING   | Listing Jaypore route https://www.myntra.com/sarees?f=Brand%3AJAYPORE page 12 -> https://www.myntra.com/gateway/v4/search/sarees?f=Brand%3AJAYPORE&rows=50&o=550&plaEnabled=false&xdEnabled=false&isFacet=true&p=12 | run_id=run_20260928_234050_779529_796e7a | brand=Jaypore | page=12 | route=https://www.myntra.com/sarees?f=Brand%3AJAYPORE | seen=534 | expected=636
2026-09-28 23:48:14 | INFO    | PDP       | Processed 50 target products for Jaypore in 3s (1084.94 products/min). | run_id=run_20260928_234050_779529_796e7a | brand=Jaypore | saved=50 | elapsed_label=3s | products_per_minute=1084.94
2026-09-28 23:48:14 | INFO    | LISTING   | Listing Jaypore route https://www.myntra.com/sarees?f=Brand%3AJAYPORE page 13 -> https://www.myntra.com/gateway/v4/search/sarees?f=Brand%3AJAYPORE&rows=50&o=600&plaEnabled=false&xdEnabled=false&isFacet=true&p=13 | run_id=run_20260928_234050_779529_796e7a | brand=Jaypore | page=13 | route=https://www.myntra.com/sarees?f=Brand%3AJAYPORE | seen=584 | expected=636
2026-09-28 23:48:18 | INFO    | PDP       | Processed 50 target products for Jaypore in 3s (1164.74 products/min). | run_id=run_20260928_234050_779529_796e7a | brand=Jaypore | saved=50 | elapsed_label=3s | products_per_minute=1164.74
2026-09-28 23:48:18 | INFO    | LISTING   | Listing Jaypore route https://www.myntra.com/sarees?f=Brand%3AJAYPORE page 14 -> https://www.myntra.com/gateway/v4/search/sarees?f=Brand%3AJAYPORE&rows=50&o=650&plaEnabled=false&xdEnabled=false&isFacet=true&p=14 | run_id=run_20260928_234050_779529_796e7a | brand=Jaypore | page=14 | route=https://www.myntra.com/sarees?f=Brand%3AJAYPORE | seen=634 | expected=636
2026-09-28 23:48:19 | INFO    | PDP       | Processed 2 target products for Jaypore in 1s (148.05 products/min). | run_id=run_20260928_234050_779529_796e7a | brand=Jaypore | saved=2 | elapsed_label=1s | products_per_minute=148.05
2026-09-28 23:48:19 | INFO    | LISTING   | Listing Jaypore route https://www.myntra.com/sarees?f=Brand%3AJAYPORE page 15 -> https://www.myntra.com/gateway/v4/search/sarees?f=Brand%3AJAYPORE&rows=50&o=700&plaEnabled=false&xdEnabled=false&isFacet=true&p=15 | run_id=run_20260928_234050_779529_796e7a | brand=Jaypore | page=15 | route=https://www.myntra.com/sarees?f=Brand%3AJAYPORE | seen=636 | expected=636
2026-09-28 23:48:20 | WARNING | LISTING   | Empty listing page for Jaypore on page 15 before expected end; continuing. | run_id=run_20260928_234050_779529_796e7a | brand=Jaypore | page=15 | route=https://www.myntra.com/sarees?f=Brand%3AJAYPORE
2026-09-28 23:48:20 | INFO    | LISTING   | Listing Jaypore route https://www.myntra.com/sarees?f=Brand%3AJAYPORE page 16 -> https://www.myntra.com/gateway/v4/search/sarees?f=Brand%3AJAYPORE&rows=50&o=750&plaEnabled=false&xdEnabled=false&isFacet=true&p=16 | run_id=run_20260928_234050_779529_796e7a | brand=Jaypore | page=16 | route=https://www.myntra.com/sarees?f=Brand%3AJAYPORE | seen=636 | expected=636
2026-09-28 23:48:20 | WARNING | NETWORK   | JSON request failed for https://www.myntra.com/gateway/v4/search/sarees?f=Brand%3AJAYPORE&rows=50&o=750&plaEnabled=false&xdEnabled=false&isFacet=true&p=16 on attempt 1/3: HTTP Error 400:  | run_id=run_20260928_234050_779529_796e7a | route=https://www.myntra.com/gateway/v4/search/sarees?f=Brand%3AJAYPORE&rows=50&o=750&plaEnabled=false&xdEnabled=false&isFacet=true&p=16 | attempt=1/3
2026-09-28 23:48:22 | WARNING | NETWORK   | JSON request failed for https://www.myntra.com/gateway/v4/search/sarees?f=Brand%3AJAYPORE&rows=50&o=750&plaEnabled=false&xdEnabled=false&isFacet=true&p=16 on attempt 2/3: HTTP Error 400:  | run_id=run_20260928_234050_779529_796e7a | route=https://www.myntra.com/gateway/v4/search/sarees?f=Brand%3AJAYPORE&rows=50&o=750&plaEnabled=false&xdEnabled=false&isFacet=true&p=16 | attempt=2/3
2026-09-28 23:48:25 | WARNING | NETWORK   | JSON request failed for https://www.myntra.com/gateway/v4/search/sarees?f=Brand%3AJAYPORE&rows=50&o=750&plaEnabled=false&xdEnabled=false&isFacet=true&p=16 on attempt 3/3: HTTP Error 400:  | run_id=run_20260928_234050_779529_796e7a | route=https://www.myntra.com/gateway/v4/search/sarees?f=Brand%3AJAYPORE&rows=50&o=750&plaEnabled=false&xdEnabled=false&isFacet=true&p=16 | attempt=3/3
2026-09-28 23:48:25 | WARNING | NETWORK   | JSON request failed for https://www.myntra.com/gateway/v4/search/sarees?f=Brand%3AJAYPORE&rows=50&o=749&plaEnabled=false&xdEnabled=false&isFacet=true&p=16 on attempt 1/3: HTTP Error 400:  | run_id=run_20260928_234050_779529_796e7a | route=https://www.myntra.com/gateway/v4/search/sarees?f=Brand%3AJAYPORE&rows=50&o=749&plaEnabled=false&xdEnabled=false&isFacet=true&p=16 | attempt=1/3
2026-09-28 23:48:26 | WARNING | NETWORK   | JSON request failed for https://www.myntra.com/gateway/v4/search/sarees?f=Brand%3AJAYPORE&rows=50&o=749&plaEnabled=false&xdEnabled=false&isFacet=true&p=16 on attempt 2/3: HTTP Error 400:  | run_id=run_20260928_234050_779529_796e7a | route=https://www.myntra.com/gateway/v4/search/sarees?f=Brand%3AJAYPORE&rows=50&o=749&plaEnabled=false&xdEnabled=false&isFacet=true&p=16 | attempt=2/3
2026-09-28 23:48:29 | WARNING | NETWORK   | JSON request failed for https://www.myntra.com/gateway/v4/search/sarees?f=Brand%3AJAYPORE&rows=50&o=749&plaEnabled=false&xdEnabled=false&isFacet=true&p=16 on attempt 3/3: HTTP Error 400:  | run_id=run_20260928_234050_779529_796e7a | route=https://www.myntra.com/gateway/v4/search/sarees?f=Brand%3AJAYPORE&rows=50&o=749&plaEnabled=false&xdEnabled=false&isFacet=true&p=16 | attempt=3/3
2026-09-28 23:48:29 | WARNING | LISTING   | Route fetch failed for https://www.myntra.com/sarees?f=Brand%3AJAYPORE page 16 (Failed to fetch JSON payload from https://www.myntra.com/gateway/v4/search/sarees?f=Brand%3AJAYPORE&rows=50&o=749&plaEnabled=false&xdEnabled=false&isFacet=true&p=16: HTTP Error 400: ). Will retry with another pass or fallback route. | run_id=run_20260928_234050_779529_796e7a | brand=Jaypore | page=16 | route=https://www.myntra.com/sarees?f=Brand%3AJAYPORE
2026-09-28 23:48:29 | INFO    | LISTING   | Listing Jaypore route https://www.myntra.com/women-ethnic-wear?f=Brand%3AJAYPORE page 1 -> https://www.myntra.com/gateway/v4/search/women-ethnic-wear?f=Brand%3AJAYPORE&rows=50&o=0&plaEnabled=false&xdEnabled=false&isFacet=true&p=1 | run_id=run_20260928_234050_779529_796e7a | brand=Jaypore | page=1 | route=https://www.myntra.com/women-ethnic-wear?f=Brand%3AJAYPORE | seen=0 | expected=1430
2026-09-28 23:48:33 | INFO    | PDP       | Processed 43 target products for Jaypore in 2s (1218.12 products/min). | run_id=run_20260928_234050_779529_796e7a | brand=Jaypore | saved=43 | elapsed_label=2s | products_per_minute=1218.12
2026-09-28 23:48:33 | INFO    | LISTING   | Listing Jaypore route https://www.myntra.com/women-ethnic-wear?f=Brand%3AJAYPORE page 2 -> https://www.myntra.com/gateway/v4/search/women-ethnic-wear?f=Brand%3AJAYPORE&rows=50&o=50&plaEnabled=false&xdEnabled=false&isFacet=true&p=2 | run_id=run_20260928_234050_779529_796e7a | brand=Jaypore | page=2 | route=https://www.myntra.com/women-ethnic-wear?f=Brand%3AJAYPORE | seen=50 | expected=1430
2026-09-28 23:48:36 | INFO    | PDP       | Processed 40 target products for Jaypore in 2s (1062.35 products/min). | run_id=run_20260928_234050_779529_796e7a | brand=Jaypore | saved=40 | elapsed_label=2s | products_per_minute=1062.35
2026-09-28 23:48:37 | INFO    | LISTING   | Listing Jaypore route https://www.myntra.com/women-ethnic-wear?f=Brand%3AJAYPORE page 3 -> https://www.myntra.com/gateway/v4/search/women-ethnic-wear?f=Brand%3AJAYPORE&rows=50&o=100&plaEnabled=false&xdEnabled=false&isFacet=true&p=3 | run_id=run_20260928_234050_779529_796e7a | brand=Jaypore | page=3 | route=https://www.myntra.com/women-ethnic-wear?f=Brand%3AJAYPORE | seen=100 | expected=1430
2026-09-28 23:48:40 | INFO    | PDP       | Processed 32 target products for Jaypore in 2s (1040.54 products/min). | run_id=run_20260928_234050_779529_796e7a | brand=Jaypore | saved=32 | elapsed_label=2s | products_per_minute=1040.54
2026-09-28 23:48:40 | INFO    | LISTING   | Listing Jaypore route https://www.myntra.com/women-ethnic-wear?f=Brand%3AJAYPORE page 4 -> https://www.myntra.com/gateway/v4/search/women-ethnic-wear?f=Brand%3AJAYPORE&rows=50&o=150&plaEnabled=false&xdEnabled=false&isFacet=true&p=4 | run_id=run_20260928_234050_779529_796e7a | brand=Jaypore | page=4 | route=https://www.myntra.com/women-ethnic-wear?f=Brand%3AJAYPORE | seen=150 | expected=1430
2026-09-28 23:48:43 | INFO    | PDP       | Processed 48 target products for Jaypore in 3s (1124.88 products/min). | run_id=run_20260928_234050_779529_796e7a | brand=Jaypore | saved=48 | elapsed_label=3s | products_per_minute=1124.88
2026-09-28 23:48:44 | INFO    | LISTING   | Listing Jaypore route https://www.myntra.com/women-ethnic-wear?f=Brand%3AJAYPORE page 5 -> https://www.myntra.com/gateway/v4/search/women-ethnic-wear?f=Brand%3AJAYPORE&rows=50&o=200&plaEnabled=false&xdEnabled=false&isFacet=true&p=5 | run_id=run_20260928_234050_779529_796e7a | brand=Jaypore | page=5 | route=https://www.myntra.com/women-ethnic-wear?f=Brand%3AJAYPORE | seen=200 | expected=1430
2026-09-28 23:48:46 | INFO    | PDP       | Processed 23 target products for Jaypore in 2s (838.03 products/min). | run_id=run_20260928_234050_779529_796e7a | brand=Jaypore | saved=23 | elapsed_label=2s | products_per_minute=838.03
2026-09-28 23:48:46 | INFO    | LISTING   | Listing Jaypore route https://www.myntra.com/women-ethnic-wear?f=Brand%3AJAYPORE page 6 -> https://www.myntra.com/gateway/v4/search/women-ethnic-wear?f=Brand%3AJAYPORE&rows=50&o=250&plaEnabled=false&xdEnabled=false&isFacet=true&p=6 | run_id=run_20260928_234050_779529_796e7a | brand=Jaypore | page=6 | route=https://www.myntra.com/women-ethnic-wear?f=Brand%3AJAYPORE | seen=250 | expected=1430
2026-09-28 23:48:49 | INFO    | PDP       | Processed 29 target products for Jaypore in 2s (1014.02 products/min). | run_id=run_20260928_234050_779529_796e7a | brand=Jaypore | saved=29 | elapsed_label=2s | products_per_minute=1014.02
2026-09-28 23:48:49 | INFO    | LISTING   | Listing Jaypore route https://www.myntra.com/women-ethnic-wear?f=Brand%3AJAYPORE page 7 -> https://www.myntra.com/gateway/v4/search/women-ethnic-wear?f=Brand%3AJAYPORE&rows=50&o=300&plaEnabled=false&xdEnabled=false&isFacet=true&p=7 | run_id=run_20260928_234050_779529_796e7a | brand=Jaypore | page=7 | route=https://www.myntra.com/women-ethnic-wear?f=Brand%3AJAYPORE | seen=300 | expected=1430
2026-09-28 23:48:51 | INFO    | PDP       | Processed 38 target products for Jaypore in 2s (1061.48 products/min). | run_id=run_20260928_234050_779529_796e7a | brand=Jaypore | saved=38 | elapsed_label=2s | products_per_minute=1061.48
2026-09-28 23:48:52 | INFO    | LISTING   | Listing Jaypore route https://www.myntra.com/women-ethnic-wear?f=Brand%3AJAYPORE page 8 -> https://www.myntra.com/gateway/v4/search/women-ethnic-wear?f=Brand%3AJAYPORE&rows=50&o=350&plaEnabled=false&xdEnabled=false&isFacet=true&p=8 | run_id=run_20260928_234050_779529_796e7a | brand=Jaypore | page=8 | route=https://www.myntra.com/women-ethnic-wear?f=Brand%3AJAYPORE | seen=350 | expected=1430
2026-09-28 23:48:54 | INFO    | PDP       | Processed 37 target products for Jaypore in 2s (1134.54 products/min). | run_id=run_20260928_234050_779529_796e7a | brand=Jaypore | saved=37 | elapsed_label=2s | products_per_minute=1134.54
2026-09-28 23:48:54 | INFO    | LISTING   | Listing Jaypore route https://www.myntra.com/women-ethnic-wear?f=Brand%3AJAYPORE page 9 -> https://www.myntra.com/gateway/v4/search/women-ethnic-wear?f=Brand%3AJAYPORE&rows=50&o=400&plaEnabled=false&xdEnabled=false&isFacet=true&p=9 | run_id=run_20260928_234050_779529_796e7a | brand=Jaypore | page=9 | route=https://www.myntra.com/women-ethnic-wear?f=Brand%3AJAYPORE | seen=399 | expected=1430
2026-09-28 23:48:58 | INFO    | PDP       | Processed 48 target products for Jaypore in 3s (1124.99 products/min). | run_id=run_20260928_234050_779529_796e7a | brand=Jaypore | saved=48 | elapsed_label=3s | products_per_minute=1124.99
2026-09-28 23:48:58 | INFO    | LISTING   | Listing Jaypore route https://www.myntra.com/women-ethnic-wear?f=Brand%3AJAYPORE page 10 -> https://www.myntra.com/gateway/v4/search/women-ethnic-wear?f=Brand%3AJAYPORE&rows=50&o=450&plaEnabled=false&xdEnabled=false&isFacet=true&p=10 | run_id=run_20260928_234050_779529_796e7a | brand=Jaypore | page=10 | route=https://www.myntra.com/women-ethnic-wear?f=Brand%3AJAYPORE | seen=449 | expected=1430
2026-09-28 23:49:01 | INFO    | PDP       | Processed 28 target products for Jaypore in 2s (865.43 products/min). | run_id=run_20260928_234050_779529_796e7a | brand=Jaypore | saved=28 | elapsed_label=2s | products_per_minute=865.43
2026-09-28 23:49:01 | INFO    | LISTING   | Listing Jaypore route https://www.myntra.com/women-ethnic-wear?f=Brand%3AJAYPORE page 11 -> https://www.myntra.com/gateway/v4/search/women-ethnic-wear?f=Brand%3AJAYPORE&rows=50&o=500&plaEnabled=false&xdEnabled=false&isFacet=true&p=11 | run_id=run_20260928_234050_779529_796e7a | brand=Jaypore | page=11 | route=https://www.myntra.com/women-ethnic-wear?f=Brand%3AJAYPORE | seen=498 | expected=1430
2026-09-28 23:49:04 | INFO    | PDP       | Processed 37 target products for Jaypore in 2s (1170.18 products/min). | run_id=run_20260928_234050_779529_796e7a | brand=Jaypore | saved=37 | elapsed_label=2s | products_per_minute=1170.18
2026-09-28 23:49:04 | INFO    | LISTING   | Listing Jaypore route https://www.myntra.com/women-ethnic-wear?f=Brand%3AJAYPORE page 12 -> https://www.myntra.com/gateway/v4/search/women-ethnic-wear?f=Brand%3AJAYPORE&rows=50&o=550&plaEnabled=false&xdEnabled=false&isFacet=true&p=12 | run_id=run_20260928_234050_779529_796e7a | brand=Jaypore | page=12 | route=https://www.myntra.com/women-ethnic-wear?f=Brand%3AJAYPORE | seen=548 | expected=1430
2026-09-28 23:49:07 | INFO    | PDP       | Processed 35 target products for Jaypore in 2s (1085.72 products/min). | run_id=run_20260928_234050_779529_796e7a | brand=Jaypore | saved=35 | elapsed_label=2s | products_per_minute=1085.72
2026-09-28 23:49:07 | INFO    | LISTING   | Listing Jaypore route https://www.myntra.com/women-ethnic-wear?f=Brand%3AJAYPORE page 13 -> https://www.myntra.com/gateway/v4/search/women-ethnic-wear?f=Brand%3AJAYPORE&rows=50&o=600&plaEnabled=false&xdEnabled=false&isFacet=true&p=13 | run_id=run_20260928_234050_779529_796e7a | brand=Jaypore | page=13 | route=https://www.myntra.com/women-ethnic-wear?f=Brand%3AJAYPORE | seen=597 | expected=1430
2026-09-28 23:49:09 | INFO    | PDP       | Processed 1 target products for Jaypore in 1s (95.51 products/min). | run_id=run_20260928_234050_779529_796e7a | brand=Jaypore | saved=1 | elapsed_label=1s | products_per_minute=95.51
2026-09-28 23:49:09 | INFO    | LISTING   | Listing Jaypore route https://www.myntra.com/women-ethnic-wear?f=Brand%3AJAYPORE page 14 -> https://www.myntra.com/gateway/v4/search/women-ethnic-wear?f=Brand%3AJAYPORE&rows=50&o=650&plaEnabled=false&xdEnabled=false&isFacet=true&p=14 | run_id=run_20260928_234050_779529_796e7a | brand=Jaypore | page=14 | route=https://www.myntra.com/women-ethnic-wear?f=Brand%3AJAYPORE | seen=647 | expected=1430
2026-09-28 23:49:12 | INFO    | PDP       | Processed 39 target products for Jaypore in 2s (966.68 products/min). | run_id=run_20260928_234050_779529_796e7a | brand=Jaypore | saved=39 | elapsed_label=2s | products_per_minute=966.68
2026-09-28 23:49:12 | INFO    | LISTING   | Listing Jaypore route https://www.myntra.com/women-ethnic-wear?f=Brand%3AJAYPORE page 15 -> https://www.myntra.com/gateway/v4/search/women-ethnic-wear?f=Brand%3AJAYPORE&rows=50&o=700&plaEnabled=false&xdEnabled=false&isFacet=true&p=15 | run_id=run_20260928_234050_779529_796e7a | brand=Jaypore | page=15 | route=https://www.myntra.com/women-ethnic-wear?f=Brand%3AJAYPORE | seen=697 | expected=1430
2026-09-28 23:49:15 | INFO    | PDP       | Processed 47 target products for Jaypore in 3s (1102.66 products/min). | run_id=run_20260928_234050_779529_796e7a | brand=Jaypore | saved=47 | elapsed_label=3s | products_per_minute=1102.66
2026-09-28 23:49:16 | INFO    | LISTING   | Listing Jaypore route https://www.myntra.com/women-ethnic-wear?f=Brand%3AJAYPORE page 16 -> https://www.myntra.com/gateway/v4/search/women-ethnic-wear?f=Brand%3AJAYPORE&rows=50&o=750&plaEnabled=false&xdEnabled=false&isFacet=true&p=16 | run_id=run_20260928_234050_779529_796e7a | brand=Jaypore | page=16 | route=https://www.myntra.com/women-ethnic-wear?f=Brand%3AJAYPORE | seen=747 | expected=1430
2026-09-28 23:49:19 | INFO    | PDP       | Processed 35 target products for Jaypore in 2s (944.18 products/min). | run_id=run_20260928_234050_779529_796e7a | brand=Jaypore | saved=35 | elapsed_label=2s | products_per_minute=944.18
2026-09-28 23:49:19 | INFO    | LISTING   | Listing Jaypore route https://www.myntra.com/women-ethnic-wear?f=Brand%3AJAYPORE page 17 -> https://www.myntra.com/gateway/v4/search/women-ethnic-wear?f=Brand%3AJAYPORE&rows=50&o=800&plaEnabled=false&xdEnabled=false&isFacet=true&p=17 | run_id=run_20260928_234050_779529_796e7a | brand=Jaypore | page=17 | route=https://www.myntra.com/women-ethnic-wear?f=Brand%3AJAYPORE | seen=797 | expected=1430
2026-09-28 23:49:22 | INFO    | PDP       | Processed 32 target products for Jaypore in 2s (1126.6 products/min). | run_id=run_20260928_234050_779529_796e7a | brand=Jaypore | saved=32 | elapsed_label=2s | products_per_minute=1126.6
2026-09-28 23:49:22 | INFO    | LISTING   | Listing Jaypore route https://www.myntra.com/women-ethnic-wear?f=Brand%3AJAYPORE page 18 -> https://www.myntra.com/gateway/v4/search/women-ethnic-wear?f=Brand%3AJAYPORE&rows=50&o=850&plaEnabled=false&xdEnabled=false&isFacet=true&p=18 | run_id=run_20260928_234050_779529_796e7a | brand=Jaypore | page=18 | route=https://www.myntra.com/women-ethnic-wear?f=Brand%3AJAYPORE | seen=846 | expected=1430
2026-09-28 23:49:24 | INFO    | PDP       | Processed 22 target products for Jaypore in 1s (976.0 products/min). | run_id=run_20260928_234050_779529_796e7a | brand=Jaypore | saved=22 | elapsed_label=1s | products_per_minute=976.0
2026-09-28 23:49:24 | INFO    | LISTING   | Listing Jaypore route https://www.myntra.com/women-ethnic-wear?f=Brand%3AJAYPORE page 19 -> https://www.myntra.com/gateway/v4/search/women-ethnic-wear?f=Brand%3AJAYPORE&rows=50&o=900&plaEnabled=false&xdEnabled=false&isFacet=true&p=19 | run_id=run_20260928_234050_779529_796e7a | brand=Jaypore | page=19 | route=https://www.myntra.com/women-ethnic-wear?f=Brand%3AJAYPORE | seen=896 | expected=1430
2026-09-28 23:49:27 | INFO    | PDP       | Processed 26 target products for Jaypore in 1s (1060.04 products/min). | run_id=run_20260928_234050_779529_796e7a | brand=Jaypore | saved=26 | elapsed_label=1s | products_per_minute=1060.04
2026-09-28 23:49:27 | INFO    | LISTING   | Listing Jaypore route https://www.myntra.com/women-ethnic-wear?f=Brand%3AJAYPORE page 20 -> https://www.myntra.com/gateway/v4/search/women-ethnic-wear?f=Brand%3AJAYPORE&rows=50&o=950&plaEnabled=false&xdEnabled=false&isFacet=true&p=20 | run_id=run_20260928_234050_779529_796e7a | brand=Jaypore | page=20 | route=https://www.myntra.com/women-ethnic-wear?f=Brand%3AJAYPORE | seen=946 | expected=1430
2026-09-28 23:49:28 | INFO    | PDP       | Processed 8 target products for Jaypore in 0s (986.83 products/min). | run_id=run_20260928_234050_779529_796e7a | brand=Jaypore | saved=8 | elapsed_label=0s | products_per_minute=986.83
2026-09-28 23:49:28 | INFO    | LISTING   | Listing Jaypore route https://www.myntra.com/women-ethnic-wear?f=Brand%3AJAYPORE page 21 -> https://www.myntra.com/gateway/v4/search/women-ethnic-wear?f=Brand%3AJAYPORE&rows=50&o=1000&plaEnabled=false&xdEnabled=false&isFacet=true&p=21 | run_id=run_20260928_234050_779529_796e7a | brand=Jaypore | page=21 | route=https://www.myntra.com/women-ethnic-wear?f=Brand%3AJAYPORE | seen=994 | expected=1430
2026-09-28 23:49:30 | INFO    | PDP       | Processed 11 target products for Jaypore in 1s (687.39 products/min). | run_id=run_20260928_234050_779529_796e7a | brand=Jaypore | saved=11 | elapsed_label=1s | products_per_minute=687.39
2026-09-28 23:49:30 | INFO    | LISTING   | Listing Jaypore route https://www.myntra.com/women-ethnic-wear?f=Brand%3AJAYPORE page 22 -> https://www.myntra.com/gateway/v4/search/women-ethnic-wear?f=Brand%3AJAYPORE&rows=50&o=1050&plaEnabled=false&xdEnabled=false&isFacet=true&p=22 | run_id=run_20260928_234050_779529_796e7a | brand=Jaypore | page=22 | route=https://www.myntra.com/women-ethnic-wear?f=Brand%3AJAYPORE | seen=1043 | expected=1430
2026-09-28 23:49:32 | INFO    | PDP       | Processed 24 target products for Jaypore in 1s (1170.05 products/min). | run_id=run_20260928_234050_779529_796e7a | brand=Jaypore | saved=24 | elapsed_label=1s | products_per_minute=1170.05
2026-09-28 23:49:32 | INFO    | LISTING   | Listing Jaypore route https://www.myntra.com/women-ethnic-wear?f=Brand%3AJAYPORE page 23 -> https://www.myntra.com/gateway/v4/search/women-ethnic-wear?f=Brand%3AJAYPORE&rows=50&o=1100&plaEnabled=false&xdEnabled=false&isFacet=true&p=23 | run_id=run_20260928_234050_779529_796e7a | brand=Jaypore | page=23 | route=https://www.myntra.com/women-ethnic-wear?f=Brand%3AJAYPORE | seen=1092 | expected=1430
2026-09-28 23:49:34 | INFO    | PDP       | Processed 4 target products for Jaypore in 1s (432.79 products/min). | run_id=run_20260928_234050_779529_796e7a | brand=Jaypore | saved=4 | elapsed_label=1s | products_per_minute=432.79
2026-09-28 23:49:34 | INFO    | LISTING   | Listing Jaypore route https://www.myntra.com/women-ethnic-wear?f=Brand%3AJAYPORE page 24 -> https://www.myntra.com/gateway/v4/search/women-ethnic-wear?f=Brand%3AJAYPORE&rows=50&o=1150&plaEnabled=false&xdEnabled=false&isFacet=true&p=24 | run_id=run_20260928_234050_779529_796e7a | brand=Jaypore | page=24 | route=https://www.myntra.com/women-ethnic-wear?f=Brand%3AJAYPORE | seen=1142 | expected=1430
2026-09-28 23:49:37 | INFO    | PDP       | Processed 43 target products for Jaypore in 2s (1048.28 products/min). | run_id=run_20260928_234050_779529_796e7a | brand=Jaypore | saved=43 | elapsed_label=2s | products_per_minute=1048.28
2026-09-28 23:49:38 | INFO    | LISTING   | Listing Jaypore route https://www.myntra.com/women-ethnic-wear?f=Brand%3AJAYPORE page 25 -> https://www.myntra.com/gateway/v4/search/women-ethnic-wear?f=Brand%3AJAYPORE&rows=50&o=1200&plaEnabled=false&xdEnabled=false&isFacet=true&p=25 | run_id=run_20260928_234050_779529_796e7a | brand=Jaypore | page=25 | route=https://www.myntra.com/women-ethnic-wear?f=Brand%3AJAYPORE | seen=1192 | expected=1430
2026-09-28 23:49:41 | INFO    | PDP       | Processed 49 target products for Jaypore in 3s (1075.68 products/min). | run_id=run_20260928_234050_779529_796e7a | brand=Jaypore | saved=49 | elapsed_label=3s | products_per_minute=1075.68
2026-09-28 23:49:41 | INFO    | LISTING   | Listing Jaypore route https://www.myntra.com/women-ethnic-wear?f=Brand%3AJAYPORE page 26 -> https://www.myntra.com/gateway/v4/search/women-ethnic-wear?f=Brand%3AJAYPORE&rows=50&o=1250&plaEnabled=false&xdEnabled=false&isFacet=true&p=26 | run_id=run_20260928_234050_779529_796e7a | brand=Jaypore | page=26 | route=https://www.myntra.com/women-ethnic-wear?f=Brand%3AJAYPORE | seen=1241 | expected=1430
2026-09-28 23:49:45 | INFO    | PDP       | Processed 50 target products for Jaypore in 3s (1018.0 products/min). | run_id=run_20260928_234050_779529_796e7a | brand=Jaypore | saved=50 | elapsed_label=3s | products_per_minute=1018.0
2026-09-28 23:49:45 | INFO    | LISTING   | Listing Jaypore route https://www.myntra.com/women-ethnic-wear?f=Brand%3AJAYPORE page 27 -> https://www.myntra.com/gateway/v4/search/women-ethnic-wear?f=Brand%3AJAYPORE&rows=50&o=1300&plaEnabled=false&xdEnabled=false&isFacet=true&p=27 | run_id=run_20260928_234050_779529_796e7a | brand=Jaypore | page=27 | route=https://www.myntra.com/women-ethnic-wear?f=Brand%3AJAYPORE | seen=1291 | expected=1430
2026-09-28 23:49:49 | INFO    | PDP       | Processed 50 target products for Jaypore in 3s (1172.24 products/min). | run_id=run_20260928_234050_779529_796e7a | brand=Jaypore | saved=50 | elapsed_label=3s | products_per_minute=1172.24
2026-09-28 23:49:49 | INFO    | LISTING   | Listing Jaypore route https://www.myntra.com/women-ethnic-wear?f=Brand%3AJAYPORE page 28 -> https://www.myntra.com/gateway/v4/search/women-ethnic-wear?f=Brand%3AJAYPORE&rows=50&o=1350&plaEnabled=false&xdEnabled=false&isFacet=true&p=28 | run_id=run_20260928_234050_779529_796e7a | brand=Jaypore | page=28 | route=https://www.myntra.com/women-ethnic-wear?f=Brand%3AJAYPORE | seen=1341 | expected=1430
2026-09-28 23:49:53 | INFO    | PDP       | Processed 49 target products for Jaypore in 3s (1025.76 products/min). | run_id=run_20260928_234050_779529_796e7a | brand=Jaypore | saved=49 | elapsed_label=3s | products_per_minute=1025.76
2026-09-28 23:49:53 | INFO    | LISTING   | Listing Jaypore route https://www.myntra.com/women-ethnic-wear?f=Brand%3AJAYPORE page 29 -> https://www.myntra.com/gateway/v4/search/women-ethnic-wear?f=Brand%3AJAYPORE&rows=50&o=1400&plaEnabled=false&xdEnabled=false&isFacet=true&p=29 | run_id=run_20260928_234050_779529_796e7a | brand=Jaypore | page=29 | route=https://www.myntra.com/women-ethnic-wear?f=Brand%3AJAYPORE | seen=1390 | expected=1430
2026-09-28 23:49:56 | INFO    | PDP       | Processed 37 target products for Jaypore in 2s (978.64 products/min). | run_id=run_20260928_234050_779529_796e7a | brand=Jaypore | saved=37 | elapsed_label=2s | products_per_minute=978.64
2026-09-28 23:49:56 | INFO    | LISTING   | Listing Jaypore route https://www.myntra.com/women-ethnic-wear?f=Brand%3AJAYPORE page 30 -> https://www.myntra.com/gateway/v4/search/women-ethnic-wear?f=Brand%3AJAYPORE&rows=50&o=1450&plaEnabled=false&xdEnabled=false&isFacet=true&p=30 | run_id=run_20260928_234050_779529_796e7a | brand=Jaypore | page=30 | route=https://www.myntra.com/women-ethnic-wear?f=Brand%3AJAYPORE | seen=1427 | expected=1430
2026-09-28 23:49:57 | WARNING | LISTING   | Empty listing page for Jaypore on page 30 before expected end; continuing. | run_id=run_20260928_234050_779529_796e7a | brand=Jaypore | page=30 | route=https://www.myntra.com/women-ethnic-wear?f=Brand%3AJAYPORE
2026-09-28 23:49:57 | INFO    | LISTING   | Listing Jaypore route https://www.myntra.com/women-ethnic-wear?f=Brand%3AJAYPORE page 31 -> https://www.myntra.com/gateway/v4/search/women-ethnic-wear?f=Brand%3AJAYPORE&rows=50&o=1500&plaEnabled=false&xdEnabled=false&isFacet=true&p=31 | run_id=run_20260928_234050_779529_796e7a | brand=Jaypore | page=31 | route=https://www.myntra.com/women-ethnic-wear?f=Brand%3AJAYPORE | seen=1427 | expected=1430
2026-09-28 23:49:58 | WARNING | NETWORK   | JSON request failed for https://www.myntra.com/gateway/v4/search/women-ethnic-wear?f=Brand%3AJAYPORE&rows=50&o=1500&plaEnabled=false&xdEnabled=false&isFacet=true&p=31 on attempt 1/3: HTTP Error 400:  | run_id=run_20260928_234050_779529_796e7a | route=https://www.myntra.com/gateway/v4/search/women-ethnic-wear?f=Brand%3AJAYPORE&rows=50&o=1500&plaEnabled=false&xdEnabled=false&isFacet=true&p=31 | attempt=1/3
2026-09-28 23:49:59 | WARNING | NETWORK   | JSON request failed for https://www.myntra.com/gateway/v4/search/women-ethnic-wear?f=Brand%3AJAYPORE&rows=50&o=1500&plaEnabled=false&xdEnabled=false&isFacet=true&p=31 on attempt 2/3: HTTP Error 400:  | run_id=run_20260928_234050_779529_796e7a | route=https://www.myntra.com/gateway/v4/search/women-ethnic-wear?f=Brand%3AJAYPORE&rows=50&o=1500&plaEnabled=false&xdEnabled=false&isFacet=true&p=31 | attempt=2/3
2026-09-28 23:50:02 | WARNING | NETWORK   | JSON request failed for https://www.myntra.com/gateway/v4/search/women-ethnic-wear?f=Brand%3AJAYPORE&rows=50&o=1500&plaEnabled=false&xdEnabled=false&isFacet=true&p=31 on attempt 3/3: HTTP Error 400:  | run_id=run_20260928_234050_779529_796e7a | route=https://www.myntra.com/gateway/v4/search/women-ethnic-wear?f=Brand%3AJAYPORE&rows=50&o=1500&plaEnabled=false&xdEnabled=false&isFacet=true&p=31 | attempt=3/3
2026-09-28 23:50:03 | WARNING | NETWORK   | JSON request failed for https://www.myntra.com/gateway/v4/search/women-ethnic-wear?f=Brand%3AJAYPORE&rows=50&o=1499&plaEnabled=false&xdEnabled=false&isFacet=true&p=31 on attempt 1/3: HTTP Error 400:  | run_id=run_20260928_234050_779529_796e7a | route=https://www.myntra.com/gateway/v4/search/women-ethnic-wear?f=Brand%3AJAYPORE&rows=50&o=1499&plaEnabled=false&xdEnabled=false&isFacet=true&p=31 | attempt=1/3
2026-09-28 23:50:04 | WARNING | NETWORK   | JSON request failed for https://www.myntra.com/gateway/v4/search/women-ethnic-wear?f=Brand%3AJAYPORE&rows=50&o=1499&plaEnabled=false&xdEnabled=false&isFacet=true&p=31 on attempt 2/3: HTTP Error 400:  | run_id=run_20260928_234050_779529_796e7a | route=https://www.myntra.com/gateway/v4/search/women-ethnic-wear?f=Brand%3AJAYPORE&rows=50&o=1499&plaEnabled=false&xdEnabled=false&isFacet=true&p=31 | attempt=2/3
2026-09-28 23:50:07 | WARNING | NETWORK   | JSON request failed for https://www.myntra.com/gateway/v4/search/women-ethnic-wear?f=Brand%3AJAYPORE&rows=50&o=1499&plaEnabled=false&xdEnabled=false&isFacet=true&p=31 on attempt 3/3: HTTP Error 400:  | run_id=run_20260928_234050_779529_796e7a | route=https://www.myntra.com/gateway/v4/search/women-ethnic-wear?f=Brand%3AJAYPORE&rows=50&o=1499&plaEnabled=false&xdEnabled=false&isFacet=true&p=31 | attempt=3/3
2026-09-28 23:50:07 | WARNING | LISTING   | Route fetch failed for https://www.myntra.com/women-ethnic-wear?f=Brand%3AJAYPORE page 31 (Failed to fetch JSON payload from https://www.myntra.com/gateway/v4/search/women-ethnic-wear?f=Brand%3AJAYPORE&rows=50&o=1499&plaEnabled=false&xdEnabled=false&isFacet=true&p=31: HTTP Error 400: ). Will retry with another pass or fallback route. | run_id=run_20260928_234050_779529_796e7a | brand=Jaypore | page=31 | route=https://www.myntra.com/women-ethnic-wear?f=Brand%3AJAYPORE
2026-09-28 23:50:07 | INFO    | LISTING   | Listing Jaypore route https://www.myntra.com/kurtas?f=Brand%3AJAYPORE page 1 -> https://www.myntra.com/gateway/v4/search/kurtas?f=Brand%3AJAYPORE&rows=50&o=0&plaEnabled=false&xdEnabled=false&isFacet=true&p=1 | run_id=run_20260928_234050_779529_796e7a | brand=Jaypore | page=1 | route=https://www.myntra.com/kurtas?f=Brand%3AJAYPORE | seen=0 | expected=744
2026-09-28 23:50:11 | INFO    | PDP       | Processed 46 target products for Jaypore in 2s (1158.59 products/min). | run_id=run_20260928_234050_779529_796e7a | brand=Jaypore | saved=46 | elapsed_label=2s | products_per_minute=1158.59
2026-09-28 23:50:12 | INFO    | LISTING   | Listing Jaypore route https://www.myntra.com/kurtas?f=Brand%3AJAYPORE page 2 -> https://www.myntra.com/gateway/v4/search/kurtas?f=Brand%3AJAYPORE&rows=50&o=50&plaEnabled=false&xdEnabled=false&isFacet=true&p=2 | run_id=run_20260928_234050_779529_796e7a | brand=Jaypore | page=2 | route=https://www.myntra.com/kurtas?f=Brand%3AJAYPORE | seen=50 | expected=744
2026-09-28 23:50:14 | INFO    | PDP       | Processed 41 target products for Jaypore in 2s (1172.43 products/min). | run_id=run_20260928_234050_779529_796e7a | brand=Jaypore | saved=41 | elapsed_label=2s | products_per_minute=1172.43
2026-09-28 23:50:15 | INFO    | LISTING   | Listing Jaypore route https://www.myntra.com/kurtas?f=Brand%3AJAYPORE page 3 -> https://www.myntra.com/gateway/v4/search/kurtas?f=Brand%3AJAYPORE&rows=50&o=100&plaEnabled=false&xdEnabled=false&isFacet=true&p=3 | run_id=run_20260928_234050_779529_796e7a | brand=Jaypore | page=3 | route=https://www.myntra.com/kurtas?f=Brand%3AJAYPORE | seen=100 | expected=744
2026-09-28 23:50:17 | INFO    | PDP       | Processed 29 target products for Jaypore in 2s (1146.44 products/min). | run_id=run_20260928_234050_779529_796e7a | brand=Jaypore | saved=29 | elapsed_label=2s | products_per_minute=1146.44
2026-09-28 23:50:17 | INFO    | LISTING   | Listing Jaypore route https://www.myntra.com/kurtas?f=Brand%3AJAYPORE page 4 -> https://www.myntra.com/gateway/v4/search/kurtas?f=Brand%3AJAYPORE&rows=50&o=150&plaEnabled=false&xdEnabled=false&isFacet=true&p=4 | run_id=run_20260928_234050_779529_796e7a | brand=Jaypore | page=4 | route=https://www.myntra.com/kurtas?f=Brand%3AJAYPORE | seen=150 | expected=744
2026-09-28 23:50:19 | INFO    | PDP       | Processed 31 target products for Jaypore in 2s (1130.33 products/min). | run_id=run_20260928_234050_779529_796e7a | brand=Jaypore | saved=31 | elapsed_label=2s | products_per_minute=1130.33
2026-09-28 23:50:19 | INFO    | LISTING   | Listing Jaypore route https://www.myntra.com/kurtas?f=Brand%3AJAYPORE page 5 -> https://www.myntra.com/gateway/v4/search/kurtas?f=Brand%3AJAYPORE&rows=50&o=200&plaEnabled=false&xdEnabled=false&isFacet=true&p=5 | run_id=run_20260928_234050_779529_796e7a | brand=Jaypore | page=5 | route=https://www.myntra.com/kurtas?f=Brand%3AJAYPORE | seen=200 | expected=744
2026-09-28 23:50:22 | INFO    | PDP       | Processed 26 target products for Jaypore in 2s (1014.32 products/min). | run_id=run_20260928_234050_779529_796e7a | brand=Jaypore | saved=26 | elapsed_label=2s | products_per_minute=1014.32
2026-09-28 23:50:22 | INFO    | LISTING   | Listing Jaypore route https://www.myntra.com/kurtas?f=Brand%3AJAYPORE page 6 -> https://www.myntra.com/gateway/v4/search/kurtas?f=Brand%3AJAYPORE&rows=50&o=250&plaEnabled=false&xdEnabled=false&isFacet=true&p=6 | run_id=run_20260928_234050_779529_796e7a | brand=Jaypore | page=6 | route=https://www.myntra.com/kurtas?f=Brand%3AJAYPORE | seen=250 | expected=744
2026-09-28 23:50:24 | INFO    | PDP       | Processed 39 target products for Jaypore in 2s (1131.37 products/min). | run_id=run_20260928_234050_779529_796e7a | brand=Jaypore | saved=39 | elapsed_label=2s | products_per_minute=1131.37
2026-09-28 23:50:24 | INFO    | LISTING   | Listing Jaypore route https://www.myntra.com/kurtas?f=Brand%3AJAYPORE page 7 -> https://www.myntra.com/gateway/v4/search/kurtas?f=Brand%3AJAYPORE&rows=50&o=300&plaEnabled=false&xdEnabled=false&isFacet=true&p=7 | run_id=run_20260928_234050_779529_796e7a | brand=Jaypore | page=7 | route=https://www.myntra.com/kurtas?f=Brand%3AJAYPORE | seen=300 | expected=744
2026-09-28 23:50:27 | INFO    | PDP       | Processed 41 target products for Jaypore in 2s (1264.77 products/min). | run_id=run_20260928_234050_779529_796e7a | brand=Jaypore | saved=41 | elapsed_label=2s | products_per_minute=1264.77
2026-09-28 23:50:27 | INFO    | LISTING   | Listing Jaypore route https://www.myntra.com/kurtas?f=Brand%3AJAYPORE page 8 -> https://www.myntra.com/gateway/v4/search/kurtas?f=Brand%3AJAYPORE&rows=50&o=350&plaEnabled=false&xdEnabled=false&isFacet=true&p=8 | run_id=run_20260928_234050_779529_796e7a | brand=Jaypore | page=8 | route=https://www.myntra.com/kurtas?f=Brand%3AJAYPORE | seen=348 | expected=744
2026-09-28 23:50:30 | INFO    | PDP       | Processed 46 target products for Jaypore in 2s (1148.17 products/min). | run_id=run_20260928_234050_779529_796e7a | brand=Jaypore | saved=46 | elapsed_label=2s | products_per_minute=1148.17
2026-09-28 23:50:31 | INFO    | LISTING   | Listing Jaypore route https://www.myntra.com/kurtas?f=Brand%3AJAYPORE page 9 -> https://www.myntra.com/gateway/v4/search/kurtas?f=Brand%3AJAYPORE&rows=50&o=400&plaEnabled=false&xdEnabled=false&isFacet=true&p=9 | run_id=run_20260928_234050_779529_796e7a | brand=Jaypore | page=9 | route=https://www.myntra.com/kurtas?f=Brand%3AJAYPORE | seen=398 | expected=744
2026-09-28 23:50:33 | INFO    | PDP       | Processed 40 target products for Jaypore in 2s (1283.02 products/min). | run_id=run_20260928_234050_779529_796e7a | brand=Jaypore | saved=40 | elapsed_label=2s | products_per_minute=1283.02
2026-09-28 23:50:33 | INFO    | LISTING   | Listing Jaypore route https://www.myntra.com/kurtas?f=Brand%3AJAYPORE page 10 -> https://www.myntra.com/gateway/v4/search/kurtas?f=Brand%3AJAYPORE&rows=50&o=450&plaEnabled=false&xdEnabled=false&isFacet=true&p=10 | run_id=run_20260928_234050_779529_796e7a | brand=Jaypore | page=10 | route=https://www.myntra.com/kurtas?f=Brand%3AJAYPORE | seen=448 | expected=744
2026-09-28 23:50:36 | INFO    | PDP       | Processed 41 target products for Jaypore in 2s (1196.61 products/min). | run_id=run_20260928_234050_779529_796e7a | brand=Jaypore | saved=41 | elapsed_label=2s | products_per_minute=1196.61
2026-09-28 23:50:36 | INFO    | LISTING   | Listing Jaypore route https://www.myntra.com/kurtas?f=Brand%3AJAYPORE page 11 -> https://www.myntra.com/gateway/v4/search/kurtas?f=Brand%3AJAYPORE&rows=50&o=500&plaEnabled=false&xdEnabled=false&isFacet=true&p=11 | run_id=run_20260928_234050_779529_796e7a | brand=Jaypore | page=11 | route=https://www.myntra.com/kurtas?f=Brand%3AJAYPORE | seen=498 | expected=744
2026-09-28 23:50:38 | INFO    | PDP       | Processed 28 target products for Jaypore in 2s (1114.29 products/min). | run_id=run_20260928_234050_779529_796e7a | brand=Jaypore | saved=28 | elapsed_label=2s | products_per_minute=1114.29
2026-09-28 23:50:38 | INFO    | LISTING   | Listing Jaypore route https://www.myntra.com/kurtas?f=Brand%3AJAYPORE page 12 -> https://www.myntra.com/gateway/v4/search/kurtas?f=Brand%3AJAYPORE&rows=50&o=550&plaEnabled=false&xdEnabled=false&isFacet=true&p=12 | run_id=run_20260928_234050_779529_796e7a | brand=Jaypore | page=12 | route=https://www.myntra.com/kurtas?f=Brand%3AJAYPORE | seen=548 | expected=744
2026-09-28 23:50:41 | INFO    | PDP       | Processed 33 target products for Jaypore in 2s (943.82 products/min). | run_id=run_20260928_234050_779529_796e7a | brand=Jaypore | saved=33 | elapsed_label=2s | products_per_minute=943.82
2026-09-28 23:50:41 | INFO    | LISTING   | Listing Jaypore route https://www.myntra.com/kurtas?f=Brand%3AJAYPORE page 13 -> https://www.myntra.com/gateway/v4/search/kurtas?f=Brand%3AJAYPORE&rows=50&o=600&plaEnabled=false&xdEnabled=false&isFacet=true&p=13 | run_id=run_20260928_234050_779529_796e7a | brand=Jaypore | page=13 | route=https://www.myntra.com/kurtas?f=Brand%3AJAYPORE | seen=598 | expected=744
2026-09-28 23:50:44 | INFO    | PDP       | Processed 32 target products for Jaypore in 2s (1020.64 products/min). | run_id=run_20260928_234050_779529_796e7a | brand=Jaypore | saved=32 | elapsed_label=2s | products_per_minute=1020.64
2026-09-28 23:50:44 | INFO    | LISTING   | Listing Jaypore route https://www.myntra.com/kurtas?f=Brand%3AJAYPORE page 14 -> https://www.myntra.com/gateway/v4/search/kurtas?f=Brand%3AJAYPORE&rows=50&o=650&plaEnabled=false&xdEnabled=false&isFacet=true&p=14 | run_id=run_20260928_234050_779529_796e7a | brand=Jaypore | page=14 | route=https://www.myntra.com/kurtas?f=Brand%3AJAYPORE | seen=648 | expected=744
2026-09-28 23:50:46 | INFO    | PDP       | Processed 20 target products for Jaypore in 1s (832.26 products/min). | run_id=run_20260928_234050_779529_796e7a | brand=Jaypore | saved=20 | elapsed_label=1s | products_per_minute=832.26
2026-09-28 23:50:46 | INFO    | LISTING   | Listing Jaypore route https://www.myntra.com/kurtas?f=Brand%3AJAYPORE page 15 -> https://www.myntra.com/gateway/v4/search/kurtas?f=Brand%3AJAYPORE&rows=50&o=700&plaEnabled=false&xdEnabled=false&isFacet=true&p=15 | run_id=run_20260928_234050_779529_796e7a | brand=Jaypore | page=15 | route=https://www.myntra.com/kurtas?f=Brand%3AJAYPORE | seen=698 | expected=744
2026-09-28 23:50:47 | INFO    | PDP       | Processed 2 target products for Jaypore in 1s (186.06 products/min). | run_id=run_20260928_234050_779529_796e7a | brand=Jaypore | saved=2 | elapsed_label=1s | products_per_minute=186.06
2026-09-28 23:50:47 | INFO    | LISTING   | Listing Jaypore route https://www.myntra.com/kurtas?f=Brand%3AJAYPORE page 16 -> https://www.myntra.com/gateway/v4/search/kurtas?f=Brand%3AJAYPORE&rows=50&o=750&plaEnabled=false&xdEnabled=false&isFacet=true&p=16 | run_id=run_20260928_234050_779529_796e7a | brand=Jaypore | page=16 | route=https://www.myntra.com/kurtas?f=Brand%3AJAYPORE | seen=744 | expected=744
2026-09-28 23:50:48 | WARNING | LISTING   | Empty listing page for Jaypore on page 16 before expected end; continuing. | run_id=run_20260928_234050_779529_796e7a | brand=Jaypore | page=16 | route=https://www.myntra.com/kurtas?f=Brand%3AJAYPORE
2026-09-28 23:50:48 | INFO    | LISTING   | Listing Jaypore route https://www.myntra.com/kurtas?f=Brand%3AJAYPORE page 17 -> https://www.myntra.com/gateway/v4/search/kurtas?f=Brand%3AJAYPORE&rows=50&o=800&plaEnabled=false&xdEnabled=false&isFacet=true&p=17 | run_id=run_20260928_234050_779529_796e7a | brand=Jaypore | page=17 | route=https://www.myntra.com/kurtas?f=Brand%3AJAYPORE | seen=744 | expected=744
2026-09-28 23:50:48 | WARNING | NETWORK   | JSON request failed for https://www.myntra.com/gateway/v4/search/kurtas?f=Brand%3AJAYPORE&rows=50&o=800&plaEnabled=false&xdEnabled=false&isFacet=true&p=17 on attempt 1/3: HTTP Error 400:  | run_id=run_20260928_234050_779529_796e7a | route=https://www.myntra.com/gateway/v4/search/kurtas?f=Brand%3AJAYPORE&rows=50&o=800&plaEnabled=false&xdEnabled=false&isFacet=true&p=17 | attempt=1/3
2026-09-28 23:50:50 | WARNING | NETWORK   | JSON request failed for https://www.myntra.com/gateway/v4/search/kurtas?f=Brand%3AJAYPORE&rows=50&o=800&plaEnabled=false&xdEnabled=false&isFacet=true&p=17 on attempt 2/3: HTTP Error 400:  | run_id=run_20260928_234050_779529_796e7a | route=https://www.myntra.com/gateway/v4/search/kurtas?f=Brand%3AJAYPORE&rows=50&o=800&plaEnabled=false&xdEnabled=false&isFacet=true&p=17 | attempt=2/3
    [0;31m✗[0m Scraper timed out after 10 minutes — skipping
  [0;36m→[0m Exporting local DB (women_ethnic_myntra_data)...
    [0;32m✓[0m Exported: 32341 sizes | 0 snapshots | units_sold=0 | revenue=₹0.0

[1m[0;36m[9/9] Ghan Special[0m  [2m(SPECIAL → ghanshaym_special :3019)[0m
  [0;36m→[0m Scraping...
2026-09-28 23:50:51 | INFO    | GENERAL   | Pre-loaded 17 existing products from DB into seen cache.
2026-09-28 23:50:51 | INFO    | PDP       | [1/17] Fetching product 42195469... | run_id=run_20260928_235051_012115_d6b4ee | route=https://www.myntra.com/42195469
2026-09-28 23:50:51 | INFO    | PDP       | [✓] Scraped product 42195469: Arrow Sport - Arrow Sport Men Slim Fit Striped Casual Shirt | run_id=run_20260928_235051_012115_d6b4ee
2026-09-28 23:50:51 | INFO    | PDP       | [2/17] Fetching product 42195470... | run_id=run_20260928_235051_012115_d6b4ee | route=https://www.myntra.com/42195470
2026-09-28 23:50:52 | INFO    | PDP       | [✓] Scraped product 42195470: Arrow Sport - Arrow Sport Men Slim Fit Striped Casual Shirt | run_id=run_20260928_235051_012115_d6b4ee
2026-09-28 23:50:52 | INFO    | PDP       | [3/17] Fetching product 42195471... | run_id=run_20260928_235051_012115_d6b4ee | route=https://www.myntra.com/42195471
2026-09-28 23:50:52 | INFO    | PDP       | [✓] Scraped product 42195471: Arrow Sport - Arrow Sport Men Slim Fit Checked Casual Shirt | run_id=run_20260928_235051_012115_d6b4ee
2026-09-28 23:50:52 | INFO    | PDP       | [4/17] Fetching product 42195472... | run_id=run_20260928_235051_012115_d6b4ee | route=https://www.myntra.com/42195472
2026-09-28 23:50:52 | INFO    | PDP       | [✓] Scraped product 42195472: Arrow Sport - Arrow Sport Men Slim Fit Striped Casual Shirt | run_id=run_20260928_235051_012115_d6b4ee
2026-09-28 23:50:52 | INFO    | PDP       | [5/17] Fetching product 42195473... | run_id=run_20260928_235051_012115_d6b4ee | route=https://www.myntra.com/42195473
2026-09-28 23:50:52 | INFO    | PDP       | [✓] Scraped product 42195473: Arrow Sport - Arrow Sport Men Slim Fit Striped Casual Cotton Shirt | run_id=run_20260928_235051_012115_d6b4ee
2026-09-28 23:50:52 | INFO    | PDP       | [6/17] Fetching product 42195474... | run_id=run_20260928_235051_012115_d6b4ee | route=https://www.myntra.com/42195474
2026-09-28 23:50:53 | INFO    | PDP       | [✓] Scraped product 42195474: Arrow Sport - Arrow Sport Men Slim Fit Gingham Checks Checked Casual Shirt | run_id=run_20260928_235051_012115_d6b4ee
2026-09-28 23:50:53 | INFO    | PDP       | [7/17] Fetching product 42195475... | run_id=run_20260928_235051_012115_d6b4ee | route=https://www.myntra.com/42195475
2026-09-28 23:50:54 | INFO    | PDP       | [✓] Scraped product 42195475: Arrow Sport - Arrow Sport Men Slim Fit Striped Casual Shirt | run_id=run_20260928_235051_012115_d6b4ee
2026-09-28 23:50:54 | INFO    | PDP       | [8/17] Fetching product 42195476... | run_id=run_20260928_235051_012115_d6b4ee | route=https://www.myntra.com/42195476
2026-09-28 23:50:54 | INFO    | PDP       | [✓] Scraped product 42195476: Arrow Sport - Arrow Sport Men Slim Fit Striped Casual Shirt | run_id=run_20260928_235051_012115_d6b4ee
2026-09-28 23:50:54 | INFO    | PDP       | [9/17] Fetching product 42195477... | run_id=run_20260928_235051_012115_d6b4ee | route=https://www.myntra.com/42195477
2026-09-28 23:50:54 | INFO    | PDP       | [✓] Scraped product 42195477: Arrow Sport - Arrow Sport Men Slim Fit Striped Casual Shirt | run_id=run_20260928_235051_012115_d6b4ee
2026-09-28 23:50:54 | INFO    | PDP       | [10/17] Fetching product 42195484... | run_id=run_20260928_235051_012115_d6b4ee | route=https://www.myntra.com/42195484
2026-09-28 23:50:54 | INFO    | PDP       | [✓] Scraped product 42195484: Arrow Sport - Arrow Sport Men Slim Fit Checked Casual Shirt | run_id=run_20260928_235051_012115_d6b4ee
2026-09-28 23:50:54 | INFO    | PDP       | [11/17] Fetching product 42423680... | run_id=run_20260928_235051_012115_d6b4ee | route=https://www.myntra.com/42423680
2026-09-28 23:50:55 | INFO    | PDP       | [✓] Scraped product 42423680: U.S. Polo Assn. - U.S. Polo Assn. Men Tailored Fit Tartan Checks Checked Casual Shirt | run_id=run_20260928_235051_012115_d6b4ee
2026-09-28 23:50:55 | INFO    | PDP       | [12/17] Fetching product 42423681... | run_id=run_20260928_235051_012115_d6b4ee | route=https://www.myntra.com/42423681
2026-09-28 23:50:55 | INFO    | PDP       | [✓] Scraped product 42423681: U.S. Polo Assn. - U.S. Polo Assn. Men Tailored Fit Tartan Checks Checked Casual Shirt | run_id=run_20260928_235051_012115_d6b4ee
2026-09-28 23:50:55 | INFO    | PDP       | [13/17] Fetching product 42423682... | run_id=run_20260928_235051_012115_d6b4ee | route=https://www.myntra.com/42423682
2026-09-28 23:50:55 | INFO    | PDP       | [✓] Scraped product 42423682: U.S. Polo Assn. - U.S. Polo Assn. Men Tailored Fit Checked Casual Shirt | run_id=run_20260928_235051_012115_d6b4ee
2026-09-28 23:50:55 | INFO    | PDP       | [14/17] Fetching product 42423683... | run_id=run_20260928_235051_012115_d6b4ee | route=https://www.myntra.com/42423683
2026-09-28 23:50:56 | INFO    | PDP       | [✓] Scraped product 42423683: U.S. Polo Assn. - U.S. Polo Assn. Men Tailored Fit Casual Shirt | run_id=run_20260928_235051_012115_d6b4ee
2026-09-28 23:50:56 | INFO    | PDP       | [15/17] Fetching product 42423684... | run_id=run_20260928_235051_012115_d6b4ee | route=https://www.myntra.com/42423684
2026-09-28 23:50:56 | INFO    | PDP       | [✓] Scraped product 42423684: U.S. Polo Assn. - U.S. Polo Assn. Men Tailored Fit Casual Shirt | run_id=run_20260928_235051_012115_d6b4ee
2026-09-28 23:50:56 | INFO    | PDP       | [16/17] Fetching product 42423685... | run_id=run_20260928_235051_012115_d6b4ee | route=https://www.myntra.com/42423685
2026-09-28 23:50:56 | INFO    | PDP       | [✓] Scraped product 42423685: U.S. Polo Assn. - U.S. Polo Assn. Men Tailored Fit Printed Casual Shirt | run_id=run_20260928_235051_012115_d6b4ee
2026-09-28 23:50:56 | INFO    | PDP       | [17/17] Fetching product 42826877... | run_id=run_20260928_235051_012115_d6b4ee | route=https://www.myntra.com/42826877
2026-09-28 23:50:57 | INFO    | PDP       | [✓] Scraped product 42826877: U.S. Polo Assn. - U.S. Polo Assn. Men Tailored Fit Tartan Checks Checked Casual Shirt | run_id=run_20260928_235051_012115_d6b4ee
{
  "run_id": "run_20260928_235051_012115_d6b4ee",
  "run_status": "COMPLETED",
  "total_requested": 17,
  "successful_count": 17,
  "failed_count": 0,
  "duration_seconds": 6.22,
  "saved_products": [
    {
      "product_id": 42195469,
      "brand": "Arrow Sport",
      "title": "Arrow Sport Men Slim Fit Striped Casual Shirt",
      "category": "Shirts",
      "sub_category": "Casual Shirts",
      "selling_price": 1754.0,
      "mrp": 2699.0,
      "discount_percentage": 35,
      "in_stock": true,
      "size_count": 6
    },
    {
      "product_id": 42195470,
      "brand": "Arrow Sport",
      "title": "Arrow Sport Men Slim Fit Striped Casual Shirt",
      "category": "Shirts",
      "sub_category": "Casual Shirts",
      "selling_price": 1754.0,
      "mrp": 2699.0,
      "discount_percentage": 35,
      "in_stock": true,
      "size_count": 6
    },
    {
      "product_id": 42195471,
      "brand": "Arrow Sport",
      "title": "Arrow Sport Men Slim Fit Checked Casual Shirt",
      "category": "Shirts",
      "sub_category": "Casual Shirts",
      "selling_price": 1754.0,
      "mrp": 2699.0,
      "discount_percentage": 35,
      "in_stock": true,
      "size_count": 6
    },
    {
      "product_id": 42195472,
      "brand": "Arrow Sport",
      "title": "Arrow Sport Men Slim Fit Striped Casual Shirt",
      "category": "Shirts",
      "sub_category": "Casual Shirts",
      "selling_price": 1754.0,
      "mrp": 2699.0,
      "discount_percentage": 35,
      "in_stock": true,
      "size_count": 6
    },
    {
      "product_id": 42195473,
      "brand": "Arrow Sport",
      "title": "Arrow Sport Men Slim Fit Striped Casual Cotton Shirt",
      "category": "Shirts",
      "sub_category": "Casual Shirts",
      "selling_price": 1754.0,
      "mrp": 2699.0,
      "discount_percentage": 35,
      "in_stock": true,
      "size_count": 6
    },
    {
      "product_id": 42195474,
      "brand": "Arrow Sport",
      "title": "Arrow Sport Men Slim Fit Gingham Checks Checked Casual Shirt",
      "category": "Shirts",
      "sub_category": "Casual Shirts",
      "selling_price": 1754.0,
      "mrp": 2699.0,
      "discount_percentage": 35,
      "in_stock": true,
      "size_count": 6
    },
    {
      "product_id": 42195475,
      "brand": "Arrow Sport",
      "title": "Arrow Sport Men Slim Fit Striped Casual Shirt",
      "category": "Shirts",
      "sub_category": "Casual Shirts",
      "selling_price": 1754.0,
      "mrp": 2699.0,
      "discount_percentage": 35,
      "in_stock": true,
      "size_count": 6
    },
    {
      "product_id": 42195476,
      "brand": "Arrow Sport",
      "title": "Arrow Sport Men Slim Fit Striped Casual Shirt",
      "category": "Shirts",
      "sub_category": "Casual Shirts",
      "selling_price": 1754.0,
      "mrp": 2699.0,
      "discount_percentage": 35,
      "in_stock": true,
      "size_count": 6
    },
    {
      "product_id": 42195477,
      "brand": "Arrow Sport",
      "title": "Arrow Sport Men Slim Fit Striped Casual Shirt",
      "category": "Shirts",
      "sub_category": "Casual Shirts",
      "selling_price": 1754.0,
      "mrp": 2699.0,
      "discount_percentage": 35,
      "in_stock": true,
      "size_count": 6
    },
    {
      "product_id": 42195484,
      "brand": "Arrow Sport",
      "title": "Arrow Sport Men Slim Fit Checked Casual Shirt",
      "category": "Shirts",
      "sub_category": "Casual Shirts",
      "selling_price": 1754.0,
      "mrp": 2699.0,
      "discount_percentage": 35,
      "in_stock": true,
      "size_count": 6
    },
    {
      "product_id": 42423680,
      "brand": "U.S. Polo Assn.",
      "title": "U.S. Polo Assn. Men Tailored Fit Tartan Checks Checked Casual Shirt",
      "category": "Shirts",
      "sub_category": "Casual Shirts",
      "selling_price": 1970.0,
      "mrp": 2699.0,
      "discount_percentage": 27,
      "in_stock": true,
      "size_count": 5
    },
    {
      "product_id": 42423681,
      "brand": "U.S. Polo Assn.",
      "title": "U.S. Polo Assn. Men Tailored Fit Tartan Checks Checked Casual Shirt",
      "category": "Shirts",
      "sub_category": "Casual Shirts",
      "selling_price": 1970.0,
      "mrp": 2699.0,
      "discount_percentage": 27,
      "in_stock": true,
      "size_count": 5
    },
    {
      "product_id": 42423682,
      "brand": "U.S. Polo Assn.",
      "title": "U.S. Polo Assn. Men Tailored Fit Checked Casual Shirt",
      "category": "Shirts",
      "sub_category": "Casual Shirts",
      "selling_price": 1970.0,
      "mrp": 2699.0,
      "discount_percentage": 27,
      "in_stock": true,
      "size_count": 5
    },
    {
      "product_id": 42423683,
      "brand": "U.S. Polo Assn.",
      "title": "U.S. Polo Assn. Men Tailored Fit Casual Shirt",
      "category": "Shirts",
      "sub_category": "Casual Shirts",
      "selling_price": 1924.0,
      "mrp": 2499.0,
      "discount_percentage": 23,
      "in_stock": true,
      "size_count": 5
    },
    {
      "product_id": 42423684,
      "brand": "U.S. Polo Assn.",
      "title": "U.S. Polo Assn. Men Tailored Fit Casual Shirt",
      "category": "Shirts",
      "sub_category": "Casual Shirts",
      "selling_price": 1874.0,
      "mrp": 2499.0,
      "discount_percentage": 25,
      "in_stock": true,
      "size_count": 5
    },
    {
      "product_id": 42423685,
      "brand": "U.S. Polo Assn.",
      "title": "U.S. Polo Assn. Men Tailored Fit Printed Casual Shirt",
      "category": "Shirts",
      "sub_category": "Casual Shirts",
      "selling_price": 1824.0,
      "mrp": 2499.0,
      "discount_percentage": 27,
      "in_stock": true,
      "size_count": 5
    },
    {
      "product_id": 42826877,
      "brand": "U.S. Polo Assn.",
      "title": "U.S. Polo Assn. Men Tailored Fit Tartan Checks Checked Casual Shirt",
      "category": "Shirts",
      "sub_category": "Casual Shirts",
      "selling_price": 2078.0,
      "mrp": 2699.0,
      "discount_percentage": 23,
      "in_stock": true,
      "size_count": 5
    }
  ],
  "failed_products": []
}
    [0;32m✓[0m Scraped 17 products (0 failed)
  [0;36m→[0m Exporting local DB (ghanshaym_special)...
    [0;32m✓[0m Exported: 95 sizes | 85 snapshots | units_sold=13 | revenue=₹24424.0

[1m[0;36m╔══════════════════════════════════════════════════════╗[0m
[1m[0;36m║               PIPELINE SUMMARY                       ║[0m
[1m[0;36m╚══════════════════════════════════════════════════════╝[0m

  CATEGORY             STATUS     UNITS      REVENUE          TIME    
  ─────────────────────────────────────────────────────────────────
  Activewear           [0;31mTIMEOUT[0m         0       ₹0.0          600s
  Polo                 [0;31mTIMEOUT[0m         0       ₹0.0          600s
  Kidswear             [0;31mTIMEOUT[0m         0       ₹0.0          600s
  Shirts               [0;31mTIMEOUT[0m         0       ₹0.0          600s
  Westernwear          [0;31mTIMEOUT[0m         0       ₹0.0          601s
  Innerwear            [0;31mTIMEOUT[0m         0       ₹0.0          600s
  Occasionwear         [0;31mTIMEOUT[0m         0       ₹0.0          600s
  Women Ethnic         [0;31mTIMEOUT[0m         0       ₹0.0          600s
  Ghan Special         [0;32mOK[0m         13       ₹24424.0          7s

  [1mTOTAL UNITS SOLD  : 13[0m
  [1mTOTAL REVENUE     : ₹24424.0[0m
  [2mPipeline duration : 80m 8s[0m
  [2mLog saved to      : /Users/turbom/Desktop/MYNTRA GTM BRANDS/.pipeline_logs/pipeline_20260928_223049.log[0m

[1;33m  ⚠️  Some categories had issues. Check log: /Users/turbom/Desktop/MYNTRA GTM BRANDS/.pipeline_logs/pipeline_20260928_223049.log[0m

