
[0;36m╔══════════════════════════════════════════════════════╗[0m
[0;36m║  LAL10 Fashion Intelligence — Daily Pipeline         ║[0m
[0;36m║  Tue 29 Sep 2026, 11:07 AM                          ║[0m
[0;36m╚══════════════════════════════════════════════════════╝[0m
  [1;33mDRY RUN — EC2 sync skipped[0m

[1m[0;36m[1/9] Activewear[0m  [2m(ACTIVEWEAR → activewear_myntra_data :3008)[0m
  [0;36m→[0m Scraping...
2026-09-29 11:07:25 | INFO    | GENERAL   | Pre-loaded 0 existing products from DB into seen cache.
2026-09-29 11:07:27 | INFO    | BRAND     | Resolving brand routes. | run_id=run_20260929_110725_467584_2daea7 | brand=FUAARK
2026-09-29 11:07:32 | INFO    | BRAND     | Resolved FUAARK -> 6 routes (best brand total=1282): https://www.myntra.com/fuaark, https://www.myntra.com/fuaark-gym-wear, https://www.myntra.com/fuaark-men, https://www.myntra.com/sports-wear?f=Brand%3AFUAARK, https://www.myntra.com/activewear?f=Brand%3AFUAARK, https://www.myntra.com/fuaark-activewear | run_id=run_20260929_110725_467584_2daea7 | brand=FUAARK | expected=1282
2026-09-29 11:07:32 | INFO    | BRAND     | Starting brand scrape. | run_id=run_20260929_110725_467584_2daea7 | brand=FUAARK | expected=2218
2026-09-29 11:07:32 | INFO    | LISTING   | Listing FUAARK route https://www.myntra.com/fuaark page 1 -> https://www.myntra.com/gateway/v4/search/fuaark?rows=50&o=0&plaEnabled=false&xdEnabled=false&isFacet=true&p=1 | run_id=run_20260929_110725_467584_2daea7 | brand=FUAARK | page=1 | route=https://www.myntra.com/fuaark | seen=0 | expected=1282
2026-09-29 11:07:36 | INFO    | PDP       | Processed 50 target products for FUAARK in 4s (827.82 products/min). | run_id=run_20260929_110725_467584_2daea7 | brand=FUAARK | saved=50 | elapsed_label=4s | products_per_minute=827.82
2026-09-29 11:07:37 | INFO    | LISTING   | Listing FUAARK route https://www.myntra.com/fuaark page 2 -> https://www.myntra.com/gateway/v4/search/fuaark?rows=50&o=50&plaEnabled=false&xdEnabled=false&isFacet=true&p=2 | run_id=run_20260929_110725_467584_2daea7 | brand=FUAARK | page=2 | route=https://www.myntra.com/fuaark | seen=50 | expected=1282
2026-09-29 11:07:41 | INFO    | PDP       | Processed 50 target products for FUAARK in 4s (722.64 products/min). | run_id=run_20260929_110725_467584_2daea7 | brand=FUAARK | saved=50 | elapsed_label=4s | products_per_minute=722.64
2026-09-29 11:07:41 | INFO    | LISTING   | Listing FUAARK route https://www.myntra.com/fuaark page 3 -> https://www.myntra.com/gateway/v4/search/fuaark?rows=50&o=100&plaEnabled=false&xdEnabled=false&isFacet=true&p=3 | run_id=run_20260929_110725_467584_2daea7 | brand=FUAARK | page=3 | route=https://www.myntra.com/fuaark | seen=100 | expected=1282
2026-09-29 11:07:47 | INFO    | PDP       | Processed 50 target products for FUAARK in 5s (634.19 products/min). | run_id=run_20260929_110725_467584_2daea7 | brand=FUAARK | saved=50 | elapsed_label=5s | products_per_minute=634.19
2026-09-29 11:07:47 | INFO    | LISTING   | Listing FUAARK route https://www.myntra.com/fuaark page 4 -> https://www.myntra.com/gateway/v4/search/fuaark?rows=50&o=150&plaEnabled=false&xdEnabled=false&isFacet=true&p=4 | run_id=run_20260929_110725_467584_2daea7 | brand=FUAARK | page=4 | route=https://www.myntra.com/fuaark | seen=150 | expected=1282
2026-09-29 11:07:52 | INFO    | PDP       | Processed 50 target products for FUAARK in 4s (808.46 products/min). | run_id=run_20260929_110725_467584_2daea7 | brand=FUAARK | saved=50 | elapsed_label=4s | products_per_minute=808.46
2026-09-29 11:07:52 | INFO    | LISTING   | Listing FUAARK route https://www.myntra.com/fuaark page 5 -> https://www.myntra.com/gateway/v4/search/fuaark?rows=50&o=200&plaEnabled=false&xdEnabled=false&isFacet=true&p=5 | run_id=run_20260929_110725_467584_2daea7 | brand=FUAARK | page=5 | route=https://www.myntra.com/fuaark | seen=200 | expected=1282
2026-09-29 11:07:55 | INFO    | PDP       | Processed 48 target products for FUAARK in 2s (1214.26 products/min). | run_id=run_20260929_110725_467584_2daea7 | brand=FUAARK | saved=48 | elapsed_label=2s | products_per_minute=1214.26
2026-09-29 11:07:55 | INFO    | LISTING   | Listing FUAARK route https://www.myntra.com/fuaark page 6 -> https://www.myntra.com/gateway/v4/search/fuaark?rows=50&o=250&plaEnabled=false&xdEnabled=false&isFacet=true&p=6 | run_id=run_20260929_110725_467584_2daea7 | brand=FUAARK | page=6 | route=https://www.myntra.com/fuaark | seen=248 | expected=1282
2026-09-29 11:08:00 | INFO    | PDP       | Processed 50 target products for FUAARK in 4s (678.53 products/min). | run_id=run_20260929_110725_467584_2daea7 | brand=FUAARK | saved=50 | elapsed_label=4s | products_per_minute=678.53
2026-09-29 11:08:01 | INFO    | LISTING   | Listing FUAARK route https://www.myntra.com/fuaark page 7 -> https://www.myntra.com/gateway/v4/search/fuaark?rows=50&o=300&plaEnabled=false&xdEnabled=false&isFacet=true&p=7 | run_id=run_20260929_110725_467584_2daea7 | brand=FUAARK | page=7 | route=https://www.myntra.com/fuaark | seen=298 | expected=1282
2026-09-29 11:08:05 | INFO    | PDP       | Processed 50 target products for FUAARK in 3s (936.26 products/min). | run_id=run_20260929_110725_467584_2daea7 | brand=FUAARK | saved=50 | elapsed_label=3s | products_per_minute=936.26
2026-09-29 11:08:05 | INFO    | LISTING   | Listing FUAARK route https://www.myntra.com/fuaark page 8 -> https://www.myntra.com/gateway/v4/search/fuaark?rows=50&o=350&plaEnabled=false&xdEnabled=false&isFacet=true&p=8 | run_id=run_20260929_110725_467584_2daea7 | brand=FUAARK | page=8 | route=https://www.myntra.com/fuaark | seen=348 | expected=1282
2026-09-29 11:08:10 | INFO    | PDP       | Processed 50 target products for FUAARK in 4s (831.42 products/min). | run_id=run_20260929_110725_467584_2daea7 | brand=FUAARK | saved=50 | elapsed_label=4s | products_per_minute=831.42
2026-09-29 11:08:10 | INFO    | LISTING   | Listing FUAARK route https://www.myntra.com/fuaark page 9 -> https://www.myntra.com/gateway/v4/search/fuaark?rows=50&o=400&plaEnabled=false&xdEnabled=false&isFacet=true&p=9 | run_id=run_20260929_110725_467584_2daea7 | brand=FUAARK | page=9 | route=https://www.myntra.com/fuaark | seen=398 | expected=1282
2026-09-29 11:08:14 | INFO    | PDP       | Processed 45 target products for FUAARK in 4s (758.55 products/min). | run_id=run_20260929_110725_467584_2daea7 | brand=FUAARK | saved=45 | elapsed_label=4s | products_per_minute=758.55
2026-09-29 11:08:14 | INFO    | LISTING   | Listing FUAARK route https://www.myntra.com/fuaark page 10 -> https://www.myntra.com/gateway/v4/search/fuaark?rows=50&o=450&plaEnabled=false&xdEnabled=false&isFacet=true&p=10 | run_id=run_20260929_110725_467584_2daea7 | brand=FUAARK | page=10 | route=https://www.myntra.com/fuaark | seen=443 | expected=1282
2026-09-29 11:08:19 | INFO    | PDP       | Processed 50 target products for FUAARK in 4s (843.41 products/min). | run_id=run_20260929_110725_467584_2daea7 | brand=FUAARK | saved=50 | elapsed_label=4s | products_per_minute=843.41
2026-09-29 11:08:19 | INFO    | LISTING   | Listing FUAARK route https://www.myntra.com/fuaark page 11 -> https://www.myntra.com/gateway/v4/search/fuaark?rows=50&o=500&plaEnabled=false&xdEnabled=false&isFacet=true&p=11 | run_id=run_20260929_110725_467584_2daea7 | brand=FUAARK | page=11 | route=https://www.myntra.com/fuaark | seen=493 | expected=1282
2026-09-29 11:08:23 | INFO    | PDP       | Processed 50 target products for FUAARK in 4s (824.0 products/min). | run_id=run_20260929_110725_467584_2daea7 | brand=FUAARK | saved=50 | elapsed_label=4s | products_per_minute=824.0
2026-09-29 11:08:23 | INFO    | LISTING   | Listing FUAARK route https://www.myntra.com/fuaark page 12 -> https://www.myntra.com/gateway/v4/search/fuaark?rows=50&o=550&plaEnabled=false&xdEnabled=false&isFacet=true&p=12 | run_id=run_20260929_110725_467584_2daea7 | brand=FUAARK | page=12 | route=https://www.myntra.com/fuaark | seen=543 | expected=1282
2026-09-29 11:08:26 | INFO    | PDP       | Processed 50 target products for FUAARK in 3s (1199.31 products/min). | run_id=run_20260929_110725_467584_2daea7 | brand=FUAARK | saved=50 | elapsed_label=3s | products_per_minute=1199.31
2026-09-29 11:08:27 | INFO    | LISTING   | Listing FUAARK route https://www.myntra.com/fuaark page 13 -> https://www.myntra.com/gateway/v4/search/fuaark?rows=50&o=600&plaEnabled=false&xdEnabled=false&isFacet=true&p=13 | run_id=run_20260929_110725_467584_2daea7 | brand=FUAARK | page=13 | route=https://www.myntra.com/fuaark | seen=593 | expected=1282
2026-09-29 11:08:30 | INFO    | PDP       | Processed 50 target products for FUAARK in 3s (1198.85 products/min). | run_id=run_20260929_110725_467584_2daea7 | brand=FUAARK | saved=50 | elapsed_label=3s | products_per_minute=1198.85
2026-09-29 11:08:30 | INFO    | LISTING   | Listing FUAARK route https://www.myntra.com/fuaark page 14 -> https://www.myntra.com/gateway/v4/search/fuaark?rows=50&o=650&plaEnabled=false&xdEnabled=false&isFacet=true&p=14 | run_id=run_20260929_110725_467584_2daea7 | brand=FUAARK | page=14 | route=https://www.myntra.com/fuaark | seen=643 | expected=1282
2026-09-29 11:08:34 | INFO    | PDP       | Processed 50 target products for FUAARK in 2s (1210.53 products/min). | run_id=run_20260929_110725_467584_2daea7 | brand=FUAARK | saved=50 | elapsed_label=2s | products_per_minute=1210.53
2026-09-29 11:08:34 | INFO    | LISTING   | Listing FUAARK route https://www.myntra.com/fuaark page 15 -> https://www.myntra.com/gateway/v4/search/fuaark?rows=50&o=700&plaEnabled=false&xdEnabled=false&isFacet=true&p=15 | run_id=run_20260929_110725_467584_2daea7 | brand=FUAARK | page=15 | route=https://www.myntra.com/fuaark | seen=693 | expected=1282
2026-09-29 11:08:37 | INFO    | PDP       | Processed 50 target products for FUAARK in 2s (1237.61 products/min). | run_id=run_20260929_110725_467584_2daea7 | brand=FUAARK | saved=50 | elapsed_label=2s | products_per_minute=1237.61
2026-09-29 11:08:37 | INFO    | LISTING   | Listing FUAARK route https://www.myntra.com/fuaark page 16 -> https://www.myntra.com/gateway/v4/search/fuaark?rows=50&o=750&plaEnabled=false&xdEnabled=false&isFacet=true&p=16 | run_id=run_20260929_110725_467584_2daea7 | brand=FUAARK | page=16 | route=https://www.myntra.com/fuaark | seen=743 | expected=1282
2026-09-29 11:08:42 | INFO    | PDP       | Processed 50 target products for FUAARK in 2s (1220.11 products/min). | run_id=run_20260929_110725_467584_2daea7 | brand=FUAARK | saved=50 | elapsed_label=2s | products_per_minute=1220.11
2026-09-29 11:08:42 | INFO    | LISTING   | Listing FUAARK route https://www.myntra.com/fuaark page 17 -> https://www.myntra.com/gateway/v4/search/fuaark?rows=50&o=800&plaEnabled=false&xdEnabled=false&isFacet=true&p=17 | run_id=run_20260929_110725_467584_2daea7 | brand=FUAARK | page=17 | route=https://www.myntra.com/fuaark | seen=793 | expected=1282
2026-09-29 11:08:45 | INFO    | PDP       | Processed 50 target products for FUAARK in 3s (1194.78 products/min). | run_id=run_20260929_110725_467584_2daea7 | brand=FUAARK | saved=50 | elapsed_label=3s | products_per_minute=1194.78
2026-09-29 11:08:45 | INFO    | LISTING   | Listing FUAARK route https://www.myntra.com/fuaark page 18 -> https://www.myntra.com/gateway/v4/search/fuaark?rows=50&o=850&plaEnabled=false&xdEnabled=false&isFacet=true&p=18 | run_id=run_20260929_110725_467584_2daea7 | brand=FUAARK | page=18 | route=https://www.myntra.com/fuaark | seen=843 | expected=1282
2026-09-29 11:08:49 | INFO    | PDP       | Processed 49 target products for FUAARK in 2s (1199.49 products/min). | run_id=run_20260929_110725_467584_2daea7 | brand=FUAARK | saved=49 | elapsed_label=2s | products_per_minute=1199.49
2026-09-29 11:08:49 | INFO    | LISTING   | Listing FUAARK route https://www.myntra.com/fuaark page 19 -> https://www.myntra.com/gateway/v4/search/fuaark?rows=50&o=900&plaEnabled=false&xdEnabled=false&isFacet=true&p=19 | run_id=run_20260929_110725_467584_2daea7 | brand=FUAARK | page=19 | route=https://www.myntra.com/fuaark | seen=892 | expected=1282
2026-09-29 11:08:52 | INFO    | PDP       | Processed 50 target products for FUAARK in 2s (1255.3 products/min). | run_id=run_20260929_110725_467584_2daea7 | brand=FUAARK | saved=50 | elapsed_label=2s | products_per_minute=1255.3
2026-09-29 11:08:52 | INFO    | LISTING   | Listing FUAARK route https://www.myntra.com/fuaark page 20 -> https://www.myntra.com/gateway/v4/search/fuaark?rows=50&o=950&plaEnabled=false&xdEnabled=false&isFacet=true&p=20 | run_id=run_20260929_110725_467584_2daea7 | brand=FUAARK | page=20 | route=https://www.myntra.com/fuaark | seen=942 | expected=1282
2026-09-29 11:08:55 | INFO    | PDP       | Processed 50 target products for FUAARK in 2s (1247.77 products/min). | run_id=run_20260929_110725_467584_2daea7 | brand=FUAARK | saved=50 | elapsed_label=2s | products_per_minute=1247.77
2026-09-29 11:08:56 | INFO    | LISTING   | Listing FUAARK route https://www.myntra.com/fuaark page 21 -> https://www.myntra.com/gateway/v4/search/fuaark?rows=50&o=1000&plaEnabled=false&xdEnabled=false&isFacet=true&p=21 | run_id=run_20260929_110725_467584_2daea7 | brand=FUAARK | page=21 | route=https://www.myntra.com/fuaark | seen=992 | expected=1282
2026-09-29 11:08:59 | INFO    | PDP       | Processed 50 target products for FUAARK in 2s (1214.66 products/min). | run_id=run_20260929_110725_467584_2daea7 | brand=FUAARK | saved=50 | elapsed_label=2s | products_per_minute=1214.66
2026-09-29 11:08:59 | INFO    | LISTING   | Listing FUAARK route https://www.myntra.com/fuaark page 22 -> https://www.myntra.com/gateway/v4/search/fuaark?rows=50&o=1050&plaEnabled=false&xdEnabled=false&isFacet=true&p=22 | run_id=run_20260929_110725_467584_2daea7 | brand=FUAARK | page=22 | route=https://www.myntra.com/fuaark | seen=1042 | expected=1282
2026-09-29 11:09:02 | INFO    | PDP       | Processed 50 target products for FUAARK in 3s (1148.57 products/min). | run_id=run_20260929_110725_467584_2daea7 | brand=FUAARK | saved=50 | elapsed_label=3s | products_per_minute=1148.57
2026-09-29 11:09:02 | INFO    | LISTING   | Listing FUAARK route https://www.myntra.com/fuaark page 23 -> https://www.myntra.com/gateway/v4/search/fuaark?rows=50&o=1100&plaEnabled=false&xdEnabled=false&isFacet=true&p=23 | run_id=run_20260929_110725_467584_2daea7 | brand=FUAARK | page=23 | route=https://www.myntra.com/fuaark | seen=1092 | expected=1282
2026-09-29 11:09:06 | INFO    | PDP       | Processed 50 target products for FUAARK in 3s (1158.32 products/min). | run_id=run_20260929_110725_467584_2daea7 | brand=FUAARK | saved=50 | elapsed_label=3s | products_per_minute=1158.32
2026-09-29 11:09:06 | INFO    | LISTING   | Listing FUAARK route https://www.myntra.com/fuaark page 24 -> https://www.myntra.com/gateway/v4/search/fuaark?rows=50&o=1150&plaEnabled=false&xdEnabled=false&isFacet=true&p=24 | run_id=run_20260929_110725_467584_2daea7 | brand=FUAARK | page=24 | route=https://www.myntra.com/fuaark | seen=1142 | expected=1282
2026-09-29 11:09:09 | INFO    | PDP       | Processed 50 target products for FUAARK in 2s (1261.58 products/min). | run_id=run_20260929_110725_467584_2daea7 | brand=FUAARK | saved=50 | elapsed_label=2s | products_per_minute=1261.58
2026-09-29 11:09:09 | INFO    | LISTING   | Listing FUAARK route https://www.myntra.com/fuaark page 25 -> https://www.myntra.com/gateway/v4/search/fuaark?rows=50&o=1200&plaEnabled=false&xdEnabled=false&isFacet=true&p=25 | run_id=run_20260929_110725_467584_2daea7 | brand=FUAARK | page=25 | route=https://www.myntra.com/fuaark | seen=1192 | expected=1282
2026-09-29 11:09:12 | INFO    | PDP       | Processed 50 target products for FUAARK in 3s (1186.91 products/min). | run_id=run_20260929_110725_467584_2daea7 | brand=FUAARK | saved=50 | elapsed_label=3s | products_per_minute=1186.91
2026-09-29 11:09:12 | INFO    | LISTING   | Listing FUAARK route https://www.myntra.com/fuaark page 26 -> https://www.myntra.com/gateway/v4/search/fuaark?rows=50&o=1250&plaEnabled=false&xdEnabled=false&isFacet=true&p=26 | run_id=run_20260929_110725_467584_2daea7 | brand=FUAARK | page=26 | route=https://www.myntra.com/fuaark | seen=1242 | expected=1282
2026-09-29 11:09:15 | INFO    | PDP       | Processed 40 target products for FUAARK in 2s (1115.34 products/min). | run_id=run_20260929_110725_467584_2daea7 | brand=FUAARK | saved=40 | elapsed_label=2s | products_per_minute=1115.34
2026-09-29 11:09:15 | INFO    | LISTING   | Listing FUAARK route https://www.myntra.com/fuaark page 27 -> https://www.myntra.com/gateway/v4/search/fuaark?rows=50&o=1300&plaEnabled=false&xdEnabled=false&isFacet=true&p=27 | run_id=run_20260929_110725_467584_2daea7 | brand=FUAARK | page=27 | route=https://www.myntra.com/fuaark | seen=1282 | expected=1282
2026-09-29 11:09:16 | WARNING | LISTING   | Empty listing page for FUAARK on page 27 before expected end; continuing. | run_id=run_20260929_110725_467584_2daea7 | brand=FUAARK | page=27 | route=https://www.myntra.com/fuaark
2026-09-29 11:09:16 | INFO    | LISTING   | Listing FUAARK route https://www.myntra.com/fuaark page 28 -> https://www.myntra.com/gateway/v4/search/fuaark?rows=50&o=1350&plaEnabled=false&xdEnabled=false&isFacet=true&p=28 | run_id=run_20260929_110725_467584_2daea7 | brand=FUAARK | page=28 | route=https://www.myntra.com/fuaark | seen=1282 | expected=1282
2026-09-29 11:09:16 | WARNING | NETWORK   | JSON request failed for https://www.myntra.com/gateway/v4/search/fuaark?rows=50&o=1350&plaEnabled=false&xdEnabled=false&isFacet=true&p=28 on attempt 1/3: HTTP Error 400:  | run_id=run_20260929_110725_467584_2daea7 | route=https://www.myntra.com/gateway/v4/search/fuaark?rows=50&o=1350&plaEnabled=false&xdEnabled=false&isFacet=true&p=28 | attempt=1/3
2026-09-29 11:09:18 | WARNING | NETWORK   | JSON request failed for https://www.myntra.com/gateway/v4/search/fuaark?rows=50&o=1350&plaEnabled=false&xdEnabled=false&isFacet=true&p=28 on attempt 2/3: HTTP Error 400:  | run_id=run_20260929_110725_467584_2daea7 | route=https://www.myntra.com/gateway/v4/search/fuaark?rows=50&o=1350&plaEnabled=false&xdEnabled=false&isFacet=true&p=28 | attempt=2/3
2026-09-29 11:09:21 | WARNING | NETWORK   | JSON request failed for https://www.myntra.com/gateway/v4/search/fuaark?rows=50&o=1350&plaEnabled=false&xdEnabled=false&isFacet=true&p=28 on attempt 3/3: HTTP Error 400:  | run_id=run_20260929_110725_467584_2daea7 | route=https://www.myntra.com/gateway/v4/search/fuaark?rows=50&o=1350&plaEnabled=false&xdEnabled=false&isFacet=true&p=28 | attempt=3/3
2026-09-29 11:09:21 | WARNING | NETWORK   | JSON request failed for https://www.myntra.com/gateway/v4/search/fuaark?rows=50&o=1349&plaEnabled=false&xdEnabled=false&isFacet=true&p=28 on attempt 1/3: HTTP Error 400:  | run_id=run_20260929_110725_467584_2daea7 | route=https://www.myntra.com/gateway/v4/search/fuaark?rows=50&o=1349&plaEnabled=false&xdEnabled=false&isFacet=true&p=28 | attempt=1/3
2026-09-29 11:09:23 | WARNING | NETWORK   | JSON request failed for https://www.myntra.com/gateway/v4/search/fuaark?rows=50&o=1349&plaEnabled=false&xdEnabled=false&isFacet=true&p=28 on attempt 2/3: HTTP Error 400:  | run_id=run_20260929_110725_467584_2daea7 | route=https://www.myntra.com/gateway/v4/search/fuaark?rows=50&o=1349&plaEnabled=false&xdEnabled=false&isFacet=true&p=28 | attempt=2/3
2026-09-29 11:09:26 | WARNING | NETWORK   | JSON request failed for https://www.myntra.com/gateway/v4/search/fuaark?rows=50&o=1349&plaEnabled=false&xdEnabled=false&isFacet=true&p=28 on attempt 3/3: HTTP Error 400:  | run_id=run_20260929_110725_467584_2daea7 | route=https://www.myntra.com/gateway/v4/search/fuaark?rows=50&o=1349&plaEnabled=false&xdEnabled=false&isFacet=true&p=28 | attempt=3/3
2026-09-29 11:09:27 | WARNING | LISTING   | Route fetch failed for https://www.myntra.com/fuaark page 28 (Failed to fetch JSON payload from https://www.myntra.com/gateway/v4/search/fuaark?rows=50&o=1349&plaEnabled=false&xdEnabled=false&isFacet=true&p=28: HTTP Error 400: ). Will retry with another pass or fallback route. | run_id=run_20260929_110725_467584_2daea7 | brand=FUAARK | page=28 | route=https://www.myntra.com/fuaark
2026-09-29 11:09:27 | INFO    | BRAND     | Skipping redundant route https://www.myntra.com/fuaark-gym-wear for FUAARK (100% of first page already captured). | run_id=run_20260929_110725_467584_2daea7 | brand=FUAARK | route=https://www.myntra.com/fuaark-gym-wear
2026-09-29 11:09:27 | INFO    | BRAND     | Skipping redundant route https://www.myntra.com/fuaark-men for FUAARK (100% of first page already captured). | run_id=run_20260929_110725_467584_2daea7 | brand=FUAARK | route=https://www.myntra.com/fuaark-men
2026-09-29 11:09:27 | INFO    | BRAND     | Skipping redundant route https://www.myntra.com/sports-wear?f=Brand%3AFUAARK for FUAARK (100% of first page already captured). | run_id=run_20260929_110725_467584_2daea7 | brand=FUAARK | route=https://www.myntra.com/sports-wear?f=Brand%3AFUAARK
2026-09-29 11:09:27 | INFO    | BRAND     | Skipping redundant route https://www.myntra.com/activewear?f=Brand%3AFUAARK for FUAARK (100% of first page already captured). | run_id=run_20260929_110725_467584_2daea7 | brand=FUAARK | route=https://www.myntra.com/activewear?f=Brand%3AFUAARK
2026-09-29 11:09:27 | INFO    | BRAND     | Skipping redundant route https://www.myntra.com/fuaark-activewear for FUAARK (100% of first page already captured). | run_id=run_20260929_110725_467584_2daea7 | brand=FUAARK | route=https://www.myntra.com/fuaark-activewear
2026-09-29 11:09:27 | WARNING | BRAND     | Brand FUAARK finished below expected count: saw 1282 unique activewear products vs expected 2218. | run_id=run_20260929_110725_467584_2daea7 | brand=FUAARK | seen=1282 | expected=2218
2026-09-29 11:09:27 | INFO    | BRAND     | Brand scrape completed in 2m 0s (641.63 products/min). | run_id=run_20260929_110725_467584_2daea7 | brand=FUAARK | status=COMPLETED | saved=1282 | seen=1282 | expected=2218 | elapsed_label=2m 0s | products_per_minute=641.63
2026-09-29 11:09:27 | INFO    | SNAPSHOT  | Periodic snapshot created after FUAARK. | run_id=run_20260929_110725_467584_2daea7 | brand=FUAARK
2026-09-29 11:09:27 | INFO    | BRAND     | Resolving brand routes. | run_id=run_20260929_110725_467584_2daea7 | brand=BlissClub
2026-09-29 11:09:31 | INFO    | BRAND     | Resolved BlissClub -> 5 routes (best brand total=1016): https://www.myntra.com/blissclub-gym-wear, https://www.myntra.com/blissclub, https://www.myntra.com/blissclub-women, https://www.myntra.com/blissclub-sportswear, https://www.myntra.com/blissclub-activewear | run_id=run_20260929_110725_467584_2daea7 | brand=BlissClub | expected=1016
2026-09-29 11:09:32 | INFO    | BRAND     | Starting brand scrape. | run_id=run_20260929_110725_467584_2daea7 | brand=BlissClub | expected=1135
2026-09-29 11:09:32 | INFO    | LISTING   | Listing BlissClub route https://www.myntra.com/blissclub-gym-wear page 1 -> https://www.myntra.com/gateway/v4/search/blissclub-gym-wear?rows=50&o=0&plaEnabled=false&xdEnabled=false&isFacet=true&p=1 | run_id=run_20260929_110725_467584_2daea7 | brand=BlissClub | page=1 | route=https://www.myntra.com/blissclub-gym-wear | seen=0 | expected=1016
2026-09-29 11:09:37 | INFO    | PDP       | Processed 50 target products for BlissClub in 4s (823.84 products/min). | run_id=run_20260929_110725_467584_2daea7 | brand=BlissClub | saved=50 | elapsed_label=4s | products_per_minute=823.84
2026-09-29 11:09:37 | INFO    | LISTING   | Listing BlissClub route https://www.myntra.com/blissclub-gym-wear page 2 -> https://www.myntra.com/gateway/v4/search/blissclub-gym-wear?rows=50&o=50&plaEnabled=false&xdEnabled=false&isFacet=true&p=2 | run_id=run_20260929_110725_467584_2daea7 | brand=BlissClub | page=2 | route=https://www.myntra.com/blissclub-gym-wear | seen=50 | expected=1016
2026-09-29 11:09:41 | INFO    | PDP       | Processed 50 target products for BlissClub in 4s (816.94 products/min). | run_id=run_20260929_110725_467584_2daea7 | brand=BlissClub | saved=50 | elapsed_label=4s | products_per_minute=816.94
2026-09-29 11:09:41 | INFO    | LISTING   | Listing BlissClub route https://www.myntra.com/blissclub-gym-wear page 3 -> https://www.myntra.com/gateway/v4/search/blissclub-gym-wear?rows=50&o=100&plaEnabled=false&xdEnabled=false&isFacet=true&p=3 | run_id=run_20260929_110725_467584_2daea7 | brand=BlissClub | page=3 | route=https://www.myntra.com/blissclub-gym-wear | seen=100 | expected=1016
2026-09-29 11:09:46 | INFO    | PDP       | Processed 50 target products for BlissClub in 4s (690.76 products/min). | run_id=run_20260929_110725_467584_2daea7 | brand=BlissClub | saved=50 | elapsed_label=4s | products_per_minute=690.76
2026-09-29 11:09:46 | INFO    | LISTING   | Listing BlissClub route https://www.myntra.com/blissclub-gym-wear page 4 -> https://www.myntra.com/gateway/v4/search/blissclub-gym-wear?rows=50&o=150&plaEnabled=false&xdEnabled=false&isFacet=true&p=4 | run_id=run_20260929_110725_467584_2daea7 | brand=BlissClub | page=4 | route=https://www.myntra.com/blissclub-gym-wear | seen=150 | expected=1016
2026-09-29 11:09:50 | INFO    | PDP       | Processed 50 target products for BlissClub in 4s (854.1 products/min). | run_id=run_20260929_110725_467584_2daea7 | brand=BlissClub | saved=50 | elapsed_label=4s | products_per_minute=854.1
2026-09-29 11:09:51 | INFO    | LISTING   | Listing BlissClub route https://www.myntra.com/blissclub-gym-wear page 5 -> https://www.myntra.com/gateway/v4/search/blissclub-gym-wear?rows=50&o=200&plaEnabled=false&xdEnabled=false&isFacet=true&p=5 | run_id=run_20260929_110725_467584_2daea7 | brand=BlissClub | page=5 | route=https://www.myntra.com/blissclub-gym-wear | seen=200 | expected=1016
2026-09-29 11:09:54 | INFO    | PDP       | Processed 30 target products for BlissClub in 3s (686.48 products/min). | run_id=run_20260929_110725_467584_2daea7 | brand=BlissClub | saved=30 | elapsed_label=3s | products_per_minute=686.48
2026-09-29 11:09:54 | INFO    | LISTING   | Listing BlissClub route https://www.myntra.com/blissclub-gym-wear page 6 -> https://www.myntra.com/gateway/v4/search/blissclub-gym-wear?rows=50&o=250&plaEnabled=false&xdEnabled=false&isFacet=true&p=6 | run_id=run_20260929_110725_467584_2daea7 | brand=BlissClub | page=6 | route=https://www.myntra.com/blissclub-gym-wear | seen=230 | expected=1016
2026-09-29 11:09:54 | WARNING | LISTING   | Empty listing page for BlissClub on page 6 before expected end; continuing. | run_id=run_20260929_110725_467584_2daea7 | brand=BlissClub | page=6 | route=https://www.myntra.com/blissclub-gym-wear
2026-09-29 11:09:54 | INFO    | LISTING   | Listing BlissClub route https://www.myntra.com/blissclub-gym-wear page 7 -> https://www.myntra.com/gateway/v4/search/blissclub-gym-wear?rows=50&o=300&plaEnabled=false&xdEnabled=false&isFacet=true&p=7 | run_id=run_20260929_110725_467584_2daea7 | brand=BlissClub | page=7 | route=https://www.myntra.com/blissclub-gym-wear | seen=230 | expected=1016
2026-09-29 11:09:55 | WARNING | LISTING   | Empty listing page for BlissClub on page 7 before expected end; continuing. | run_id=run_20260929_110725_467584_2daea7 | brand=BlissClub | page=7 | route=https://www.myntra.com/blissclub-gym-wear
2026-09-29 11:09:55 | INFO    | LISTING   | Listing BlissClub route https://www.myntra.com/blissclub-gym-wear page 8 -> https://www.myntra.com/gateway/v4/search/blissclub-gym-wear?rows=50&o=350&plaEnabled=false&xdEnabled=false&isFacet=true&p=8 | run_id=run_20260929_110725_467584_2daea7 | brand=BlissClub | page=8 | route=https://www.myntra.com/blissclub-gym-wear | seen=230 | expected=1016
2026-09-29 11:09:55 | WARNING | LISTING   | Empty listing page for BlissClub on page 8 before expected end; continuing. | run_id=run_20260929_110725_467584_2daea7 | brand=BlissClub | page=8 | route=https://www.myntra.com/blissclub-gym-wear
2026-09-29 11:09:55 | INFO    | LISTING   | Listing BlissClub route https://www.myntra.com/blissclub-gym-wear page 9 -> https://www.myntra.com/gateway/v4/search/blissclub-gym-wear?rows=50&o=400&plaEnabled=false&xdEnabled=false&isFacet=true&p=9 | run_id=run_20260929_110725_467584_2daea7 | brand=BlissClub | page=9 | route=https://www.myntra.com/blissclub-gym-wear | seen=230 | expected=1016
2026-09-29 11:09:56 | WARNING | LISTING   | Empty listing page for BlissClub on page 9 before expected end; continuing. | run_id=run_20260929_110725_467584_2daea7 | brand=BlissClub | page=9 | route=https://www.myntra.com/blissclub-gym-wear
2026-09-29 11:09:56 | INFO    | LISTING   | Listing BlissClub route https://www.myntra.com/blissclub-gym-wear page 10 -> https://www.myntra.com/gateway/v4/search/blissclub-gym-wear?rows=50&o=450&plaEnabled=false&xdEnabled=false&isFacet=true&p=10 | run_id=run_20260929_110725_467584_2daea7 | brand=BlissClub | page=10 | route=https://www.myntra.com/blissclub-gym-wear | seen=230 | expected=1016
2026-09-29 11:09:56 | WARNING | LISTING   | Empty listing page for BlissClub on page 10 before expected end; continuing. | run_id=run_20260929_110725_467584_2daea7 | brand=BlissClub | page=10 | route=https://www.myntra.com/blissclub-gym-wear
2026-09-29 11:09:56 | INFO    | LISTING   | Listing BlissClub route https://www.myntra.com/blissclub-gym-wear page 11 -> https://www.myntra.com/gateway/v4/search/blissclub-gym-wear?rows=50&o=500&plaEnabled=false&xdEnabled=false&isFacet=true&p=11 | run_id=run_20260929_110725_467584_2daea7 | brand=BlissClub | page=11 | route=https://www.myntra.com/blissclub-gym-wear | seen=230 | expected=1016
2026-09-29 11:09:57 | WARNING | NETWORK   | JSON request failed for https://www.myntra.com/gateway/v4/search/blissclub-gym-wear?rows=50&o=500&plaEnabled=false&xdEnabled=false&isFacet=true&p=11 on attempt 1/3: HTTP Error 400:  | run_id=run_20260929_110725_467584_2daea7 | route=https://www.myntra.com/gateway/v4/search/blissclub-gym-wear?rows=50&o=500&plaEnabled=false&xdEnabled=false&isFacet=true&p=11 | attempt=1/3
2026-09-29 11:09:58 | WARNING | NETWORK   | JSON request failed for https://www.myntra.com/gateway/v4/search/blissclub-gym-wear?rows=50&o=500&plaEnabled=false&xdEnabled=false&isFacet=true&p=11 on attempt 2/3: HTTP Error 400:  | run_id=run_20260929_110725_467584_2daea7 | route=https://www.myntra.com/gateway/v4/search/blissclub-gym-wear?rows=50&o=500&plaEnabled=false&xdEnabled=false&isFacet=true&p=11 | attempt=2/3
2026-09-29 11:10:01 | WARNING | NETWORK   | JSON request failed for https://www.myntra.com/gateway/v4/search/blissclub-gym-wear?rows=50&o=500&plaEnabled=false&xdEnabled=false&isFacet=true&p=11 on attempt 3/3: HTTP Error 400:  | run_id=run_20260929_110725_467584_2daea7 | route=https://www.myntra.com/gateway/v4/search/blissclub-gym-wear?rows=50&o=500&plaEnabled=false&xdEnabled=false&isFacet=true&p=11 | attempt=3/3
2026-09-29 11:10:02 | WARNING | LISTING   | Empty listing page for BlissClub on page 11 before expected end; continuing. | run_id=run_20260929_110725_467584_2daea7 | brand=BlissClub | page=11 | route=https://www.myntra.com/blissclub-gym-wear
2026-09-29 11:10:02 | INFO    | LISTING   | Listing BlissClub route https://www.myntra.com/blissclub-gym-wear page 12 -> https://www.myntra.com/gateway/v4/search/blissclub-gym-wear?rows=50&o=550&plaEnabled=false&xdEnabled=false&isFacet=true&p=12 | run_id=run_20260929_110725_467584_2daea7 | brand=BlissClub | page=12 | route=https://www.myntra.com/blissclub-gym-wear | seen=230 | expected=1016
2026-09-29 11:10:02 | WARNING | NETWORK   | JSON request failed for https://www.myntra.com/gateway/v4/search/blissclub-gym-wear?rows=50&o=550&plaEnabled=false&xdEnabled=false&isFacet=true&p=12 on attempt 1/3: HTTP Error 400:  | run_id=run_20260929_110725_467584_2daea7 | route=https://www.myntra.com/gateway/v4/search/blissclub-gym-wear?rows=50&o=550&plaEnabled=false&xdEnabled=false&isFacet=true&p=12 | attempt=1/3
2026-09-29 11:10:04 | WARNING | NETWORK   | JSON request failed for https://www.myntra.com/gateway/v4/search/blissclub-gym-wear?rows=50&o=550&plaEnabled=false&xdEnabled=false&isFacet=true&p=12 on attempt 2/3: HTTP Error 400:  | run_id=run_20260929_110725_467584_2daea7 | route=https://www.myntra.com/gateway/v4/search/blissclub-gym-wear?rows=50&o=550&plaEnabled=false&xdEnabled=false&isFacet=true&p=12 | attempt=2/3
2026-09-29 11:10:06 | WARNING | NETWORK   | JSON request failed for https://www.myntra.com/gateway/v4/search/blissclub-gym-wear?rows=50&o=550&plaEnabled=false&xdEnabled=false&isFacet=true&p=12 on attempt 3/3: HTTP Error 400:  | run_id=run_20260929_110725_467584_2daea7 | route=https://www.myntra.com/gateway/v4/search/blissclub-gym-wear?rows=50&o=550&plaEnabled=false&xdEnabled=false&isFacet=true&p=12 | attempt=3/3
2026-09-29 11:10:07 | WARNING | NETWORK   | JSON request failed for https://www.myntra.com/gateway/v4/search/blissclub-gym-wear?rows=50&o=549&plaEnabled=false&xdEnabled=false&isFacet=true&p=12 on attempt 1/3: HTTP Error 400:  | run_id=run_20260929_110725_467584_2daea7 | route=https://www.myntra.com/gateway/v4/search/blissclub-gym-wear?rows=50&o=549&plaEnabled=false&xdEnabled=false&isFacet=true&p=12 | attempt=1/3
2026-09-29 11:10:09 | WARNING | NETWORK   | JSON request failed for https://www.myntra.com/gateway/v4/search/blissclub-gym-wear?rows=50&o=549&plaEnabled=false&xdEnabled=false&isFacet=true&p=12 on attempt 2/3: HTTP Error 400:  | run_id=run_20260929_110725_467584_2daea7 | route=https://www.myntra.com/gateway/v4/search/blissclub-gym-wear?rows=50&o=549&plaEnabled=false&xdEnabled=false&isFacet=true&p=12 | attempt=2/3
2026-09-29 11:10:12 | WARNING | NETWORK   | JSON request failed for https://www.myntra.com/gateway/v4/search/blissclub-gym-wear?rows=50&o=549&plaEnabled=false&xdEnabled=false&isFacet=true&p=12 on attempt 3/3: HTTP Error 400:  | run_id=run_20260929_110725_467584_2daea7 | route=https://www.myntra.com/gateway/v4/search/blissclub-gym-wear?rows=50&o=549&plaEnabled=false&xdEnabled=false&isFacet=true&p=12 | attempt=3/3
2026-09-29 11:10:12 | WARNING | LISTING   | Route fetch failed for https://www.myntra.com/blissclub-gym-wear page 12 (Failed to fetch JSON payload from https://www.myntra.com/gateway/v4/search/blissclub-gym-wear?rows=50&o=549&plaEnabled=false&xdEnabled=false&isFacet=true&p=12: HTTP Error 400: ). Will retry with another pass or fallback route. | run_id=run_20260929_110725_467584_2daea7 | brand=BlissClub | page=12 | route=https://www.myntra.com/blissclub-gym-wear
2026-09-29 11:10:12 | WARNING | LISTING   | Retrying route https://www.myntra.com/blissclub-gym-wear for BlissClub (pass 1/2) after incomplete coverage: 230/1016 unique products seen. | run_id=run_20260929_110725_467584_2daea7 | brand=BlissClub | route=https://www.myntra.com/blissclub-gym-wear | seen=230 | expected=1016 | attempt=1/2
2026-09-29 11:10:12 | INFO    | LISTING   | Listing BlissClub route https://www.myntra.com/blissclub-gym-wear page 1 -> https://www.myntra.com/gateway/v4/search/blissclub-gym-wear?rows=50&o=0&plaEnabled=false&xdEnabled=false&isFacet=true&p=1 | run_id=run_20260929_110725_467584_2daea7 | brand=BlissClub | page=1 | route=https://www.myntra.com/blissclub-gym-wear | seen=230 | expected=1016
2026-09-29 11:10:14 | INFO    | PDP       | Processed 26 target products for BlissClub in 1s (1190.91 products/min). | run_id=run_20260929_110725_467584_2daea7 | brand=BlissClub | saved=26 | elapsed_label=1s | products_per_minute=1190.91
2026-09-29 11:10:14 | INFO    | LISTING   | Listing BlissClub route https://www.myntra.com/blissclub-gym-wear page 2 -> https://www.myntra.com/gateway/v4/search/blissclub-gym-wear?rows=50&o=50&plaEnabled=false&xdEnabled=false&isFacet=true&p=2 | run_id=run_20260929_110725_467584_2daea7 | brand=BlissClub | page=2 | route=https://www.myntra.com/blissclub-gym-wear | seen=256 | expected=1016
2026-09-29 11:10:15 | INFO    | LISTING   | Listing BlissClub route https://www.myntra.com/blissclub-gym-wear page 3 -> https://www.myntra.com/gateway/v4/search/blissclub-gym-wear?rows=50&o=100&plaEnabled=false&xdEnabled=false&isFacet=true&p=3 | run_id=run_20260929_110725_467584_2daea7 | brand=BlissClub | page=3 | route=https://www.myntra.com/blissclub-gym-wear | seen=256 | expected=1016
2026-09-29 11:10:16 | INFO    | LISTING   | Listing BlissClub route https://www.myntra.com/blissclub-gym-wear page 4 -> https://www.myntra.com/gateway/v4/search/blissclub-gym-wear?rows=50&o=150&plaEnabled=false&xdEnabled=false&isFacet=true&p=4 | run_id=run_20260929_110725_467584_2daea7 | brand=BlissClub | page=4 | route=https://www.myntra.com/blissclub-gym-wear | seen=256 | expected=1016
2026-09-29 11:10:16 | WARNING | LISTING   | Route https://www.myntra.com/blissclub-gym-wear for BlissClub stalled for 3 consecutive pages before reaching expected total; restarting route pass. | run_id=run_20260929_110725_467584_2daea7 | brand=BlissClub | page=4 | route=https://www.myntra.com/blissclub-gym-wear | seen=256 | expected=1016
2026-09-29 11:10:16 | WARNING | LISTING   | Retrying route https://www.myntra.com/blissclub-gym-wear for BlissClub (pass 2/2) after incomplete coverage: 256/1016 unique products seen. | run_id=run_20260929_110725_467584_2daea7 | brand=BlissClub | route=https://www.myntra.com/blissclub-gym-wear | seen=256 | expected=1016 | attempt=2/2
2026-09-29 11:10:16 | INFO    | LISTING   | Listing BlissClub route https://www.myntra.com/blissclub-gym-wear page 1 -> https://www.myntra.com/gateway/v4/search/blissclub-gym-wear?rows=50&o=0&plaEnabled=false&xdEnabled=false&isFacet=true&p=1 | run_id=run_20260929_110725_467584_2daea7 | brand=BlissClub | page=1 | route=https://www.myntra.com/blissclub-gym-wear | seen=256 | expected=1016
2026-09-29 11:10:17 | INFO    | LISTING   | Listing BlissClub route https://www.myntra.com/blissclub-gym-wear page 2 -> https://www.myntra.com/gateway/v4/search/blissclub-gym-wear?rows=50&o=50&plaEnabled=false&xdEnabled=false&isFacet=true&p=2 | run_id=run_20260929_110725_467584_2daea7 | brand=BlissClub | page=2 | route=https://www.myntra.com/blissclub-gym-wear | seen=256 | expected=1016
2026-09-29 11:10:18 | INFO    | LISTING   | Listing BlissClub route https://www.myntra.com/blissclub-gym-wear page 3 -> https://www.myntra.com/gateway/v4/search/blissclub-gym-wear?rows=50&o=100&plaEnabled=false&xdEnabled=false&isFacet=true&p=3 | run_id=run_20260929_110725_467584_2daea7 | brand=BlissClub | page=3 | route=https://www.myntra.com/blissclub-gym-wear | seen=256 | expected=1016
2026-09-29 11:10:18 | WARNING | LISTING   | Route https://www.myntra.com/blissclub-gym-wear for BlissClub stalled for 3 consecutive pages before reaching expected total; restarting route pass. | run_id=run_20260929_110725_467584_2daea7 | brand=BlissClub | page=3 | route=https://www.myntra.com/blissclub-gym-wear | seen=256 | expected=1016
2026-09-29 11:10:18 | INFO    | BRAND     | Skipping redundant route https://www.myntra.com/blissclub for BlissClub (100% of first page already captured). | run_id=run_20260929_110725_467584_2daea7 | brand=BlissClub | route=https://www.myntra.com/blissclub
2026-09-29 11:10:18 | INFO    | BRAND     | Skipping redundant route https://www.myntra.com/blissclub-women for BlissClub (100% of first page already captured). | run_id=run_20260929_110725_467584_2daea7 | brand=BlissClub | route=https://www.myntra.com/blissclub-women
2026-09-29 11:10:18 | INFO    | LISTING   | Listing BlissClub route https://www.myntra.com/blissclub-sportswear page 1 -> https://www.myntra.com/gateway/v4/search/blissclub-sportswear?rows=50&o=0&plaEnabled=false&xdEnabled=false&isFacet=true&p=1 | run_id=run_20260929_110725_467584_2daea7 | brand=BlissClub | page=1 | route=https://www.myntra.com/blissclub-sportswear | seen=0 | expected=119
2026-09-29 11:10:21 | INFO    | PDP       | Processed 17 target products for BlissClub in 1s (739.91 products/min). | run_id=run_20260929_110725_467584_2daea7 | brand=BlissClub | saved=17 | elapsed_label=1s | products_per_minute=739.91
2026-09-29 11:10:21 | INFO    | LISTING   | Listing BlissClub route https://www.myntra.com/blissclub-sportswear page 2 -> https://www.myntra.com/gateway/v4/search/blissclub-sportswear?rows=50&o=50&plaEnabled=false&xdEnabled=false&isFacet=true&p=2 | run_id=run_20260929_110725_467584_2daea7 | brand=BlissClub | page=2 | route=https://www.myntra.com/blissclub-sportswear | seen=50 | expected=119
2026-09-29 11:10:22 | INFO    | PDP       | Processed 15 target products for BlissClub in 1s (1044.66 products/min). | run_id=run_20260929_110725_467584_2daea7 | brand=BlissClub | saved=15 | elapsed_label=1s | products_per_minute=1044.66
2026-09-29 11:10:22 | INFO    | LISTING   | Listing BlissClub route https://www.myntra.com/blissclub-sportswear page 3 -> https://www.myntra.com/gateway/v4/search/blissclub-sportswear?rows=50&o=100&plaEnabled=false&xdEnabled=false&isFacet=true&p=3 | run_id=run_20260929_110725_467584_2daea7 | brand=BlissClub | page=3 | route=https://www.myntra.com/blissclub-sportswear | seen=100 | expected=119
2026-09-29 11:10:23 | INFO    | PDP       | Processed 7 target products for BlissClub in 1s (730.47 products/min). | run_id=run_20260929_110725_467584_2daea7 | brand=BlissClub | saved=7 | elapsed_label=1s | products_per_minute=730.47
2026-09-29 11:10:24 | INFO    | LISTING   | Listing BlissClub route https://www.myntra.com/blissclub-sportswear page 4 -> https://www.myntra.com/gateway/v4/search/blissclub-sportswear?rows=50&o=150&plaEnabled=false&xdEnabled=false&isFacet=true&p=4 | run_id=run_20260929_110725_467584_2daea7 | brand=BlissClub | page=4 | route=https://www.myntra.com/blissclub-sportswear | seen=119 | expected=119
2026-09-29 11:10:24 | INFO    | LISTING   | Listing BlissClub route https://www.myntra.com/blissclub-activewear page 1 -> https://www.myntra.com/gateway/v4/search/blissclub-activewear?rows=50&o=0&plaEnabled=false&xdEnabled=false&isFacet=true&p=1 | run_id=run_20260929_110725_467584_2daea7 | brand=BlissClub | page=1 | route=https://www.myntra.com/blissclub-activewear | seen=0 | expected=78
2026-09-29 11:10:26 | INFO    | PDP       | Processed 15 target products for BlissClub in 1s (934.82 products/min). | run_id=run_20260929_110725_467584_2daea7 | brand=BlissClub | saved=15 | elapsed_label=1s | products_per_minute=934.82
2026-09-29 11:10:26 | INFO    | LISTING   | Listing BlissClub route https://www.myntra.com/blissclub-activewear page 2 -> https://www.myntra.com/gateway/v4/search/blissclub-activewear?rows=50&o=50&plaEnabled=false&xdEnabled=false&isFacet=true&p=2 | run_id=run_20260929_110725_467584_2daea7 | brand=BlissClub | page=2 | route=https://www.myntra.com/blissclub-activewear | seen=50 | expected=78
2026-09-29 11:10:27 | INFO    | PDP       | Processed 16 target products for BlissClub in 1s (1086.61 products/min). | run_id=run_20260929_110725_467584_2daea7 | brand=BlissClub | saved=16 | elapsed_label=1s | products_per_minute=1086.61
2026-09-29 11:10:28 | INFO    | LISTING   | Listing BlissClub route https://www.myntra.com/blissclub-activewear page 3 -> https://www.myntra.com/gateway/v4/search/blissclub-activewear?rows=50&o=100&plaEnabled=false&xdEnabled=false&isFacet=true&p=3 | run_id=run_20260929_110725_467584_2daea7 | brand=BlissClub | page=3 | route=https://www.myntra.com/blissclub-activewear | seen=78 | expected=78
2026-09-29 11:10:28 | WARNING | BRAND     | Brand BlissClub finished below expected count: saw 326 unique activewear products vs expected 1135. | run_id=run_20260929_110725_467584_2daea7 | brand=BlissClub | seen=326 | expected=1135
2026-09-29 11:10:28 | INFO    | BRAND     | Brand scrape completed in 1m 1s (320.99 products/min). | run_id=run_20260929_110725_467584_2daea7 | brand=BlissClub | status=COMPLETED | saved=326 | seen=326 | expected=1135 | elapsed_label=1m 1s | products_per_minute=320.99
2026-09-29 11:10:28 | INFO    | SNAPSHOT  | Periodic snapshot created after BlissClub. | run_id=run_20260929_110725_467584_2daea7 | brand=BlissClub
2026-09-29 11:10:28 | INFO    | BRAND     | Resolving brand routes. | run_id=run_20260929_110725_467584_2daea7 | brand=Cava
2026-09-29 11:10:32 | INFO    | BRAND     | Resolved Cava -> 6 routes (best brand total=408): https://www.myntra.com/cava, https://www.myntra.com/cava-athleisure, https://www.myntra.com/cava-women, https://www.myntra.com/cava-gym-wear, https://www.myntra.com/cava-activewear, https://www.myntra.com/cava-sportswear | run_id=run_20260929_110725_467584_2daea7 | brand=Cava | expected=408
2026-09-29 11:10:32 | INFO    | BRAND     | Starting brand scrape. | run_id=run_20260929_110725_467584_2daea7 | brand=Cava | expected=511
2026-09-29 11:10:32 | INFO    | LISTING   | Listing Cava route https://www.myntra.com/cava page 1 -> https://www.myntra.com/gateway/v4/search/cava?rows=50&o=0&plaEnabled=false&xdEnabled=false&isFacet=true&p=1 | run_id=run_20260929_110725_467584_2daea7 | brand=Cava | page=1 | route=https://www.myntra.com/cava | seen=0 | expected=408
2026-09-29 11:10:35 | INFO    | PDP       | Processed 50 target products for Cava in 2s (1370.1 products/min). | run_id=run_20260929_110725_467584_2daea7 | brand=Cava | saved=50 | elapsed_label=2s | products_per_minute=1370.1
2026-09-29 11:10:35 | INFO    | LISTING   | Listing Cava route https://www.myntra.com/cava page 2 -> https://www.myntra.com/gateway/v4/search/cava?rows=50&o=50&plaEnabled=false&xdEnabled=false&isFacet=true&p=2 | run_id=run_20260929_110725_467584_2daea7 | brand=Cava | page=2 | route=https://www.myntra.com/cava | seen=50 | expected=408
2026-09-29 11:10:38 | INFO    | PDP       | Processed 50 target products for Cava in 2s (1335.67 products/min). | run_id=run_20260929_110725_467584_2daea7 | brand=Cava | saved=50 | elapsed_label=2s | products_per_minute=1335.67
2026-09-29 11:10:38 | INFO    | LISTING   | Listing Cava route https://www.myntra.com/cava page 3 -> https://www.myntra.com/gateway/v4/search/cava?rows=50&o=100&plaEnabled=false&xdEnabled=false&isFacet=true&p=3 | run_id=run_20260929_110725_467584_2daea7 | brand=Cava | page=3 | route=https://www.myntra.com/cava | seen=100 | expected=408
2026-09-29 11:10:41 | INFO    | PDP       | Processed 50 target products for Cava in 2s (1349.81 products/min). | run_id=run_20260929_110725_467584_2daea7 | brand=Cava | saved=50 | elapsed_label=2s | products_per_minute=1349.81
2026-09-29 11:10:41 | INFO    | LISTING   | Listing Cava route https://www.myntra.com/cava page 4 -> https://www.myntra.com/gateway/v4/search/cava?rows=50&o=150&plaEnabled=false&xdEnabled=false&isFacet=true&p=4 | run_id=run_20260929_110725_467584_2daea7 | brand=Cava | page=4 | route=https://www.myntra.com/cava | seen=150 | expected=408
2026-09-29 11:10:44 | INFO    | PDP       | Processed 50 target products for Cava in 2s (1252.55 products/min). | run_id=run_20260929_110725_467584_2daea7 | brand=Cava | saved=50 | elapsed_label=2s | products_per_minute=1252.55
2026-09-29 11:10:44 | INFO    | LISTING   | Listing Cava route https://www.myntra.com/cava page 5 -> https://www.myntra.com/gateway/v4/search/cava?rows=50&o=200&plaEnabled=false&xdEnabled=false&isFacet=true&p=5 | run_id=run_20260929_110725_467584_2daea7 | brand=Cava | page=5 | route=https://www.myntra.com/cava | seen=200 | expected=408
2026-09-29 11:10:47 | INFO    | PDP       | Processed 50 target products for Cava in 2s (1321.86 products/min). | run_id=run_20260929_110725_467584_2daea7 | brand=Cava | saved=50 | elapsed_label=2s | products_per_minute=1321.86
2026-09-29 11:10:47 | INFO    | LISTING   | Listing Cava route https://www.myntra.com/cava page 6 -> https://www.myntra.com/gateway/v4/search/cava?rows=50&o=250&plaEnabled=false&xdEnabled=false&isFacet=true&p=6 | run_id=run_20260929_110725_467584_2daea7 | brand=Cava | page=6 | route=https://www.myntra.com/cava | seen=250 | expected=408
2026-09-29 11:10:50 | INFO    | PDP       | Processed 50 target products for Cava in 2s (1374.72 products/min). | run_id=run_20260929_110725_467584_2daea7 | brand=Cava | saved=50 | elapsed_label=2s | products_per_minute=1374.72
2026-09-29 11:10:50 | INFO    | LISTING   | Listing Cava route https://www.myntra.com/cava page 7 -> https://www.myntra.com/gateway/v4/search/cava?rows=50&o=300&plaEnabled=false&xdEnabled=false&isFacet=true&p=7 | run_id=run_20260929_110725_467584_2daea7 | brand=Cava | page=7 | route=https://www.myntra.com/cava | seen=300 | expected=408
2026-09-29 11:10:53 | INFO    | PDP       | Processed 50 target products for Cava in 2s (1307.36 products/min). | run_id=run_20260929_110725_467584_2daea7 | brand=Cava | saved=50 | elapsed_label=2s | products_per_minute=1307.36
2026-09-29 11:10:53 | INFO    | LISTING   | Listing Cava route https://www.myntra.com/cava page 8 -> https://www.myntra.com/gateway/v4/search/cava?rows=50&o=350&plaEnabled=false&xdEnabled=false&isFacet=true&p=8 | run_id=run_20260929_110725_467584_2daea7 | brand=Cava | page=8 | route=https://www.myntra.com/cava | seen=350 | expected=408
2026-09-29 11:10:56 | INFO    | PDP       | Processed 50 target products for Cava in 2s (1385.27 products/min). | run_id=run_20260929_110725_467584_2daea7 | brand=Cava | saved=50 | elapsed_label=2s | products_per_minute=1385.27
2026-09-29 11:10:56 | INFO    | LISTING   | Listing Cava route https://www.myntra.com/cava page 9 -> https://www.myntra.com/gateway/v4/search/cava?rows=50&o=400&plaEnabled=false&xdEnabled=false&isFacet=true&p=9 | run_id=run_20260929_110725_467584_2daea7 | brand=Cava | page=9 | route=https://www.myntra.com/cava | seen=400 | expected=408
2026-09-29 11:10:57 | INFO    | PDP       | Processed 8 target products for Cava in 1s (850.38 products/min). | run_id=run_20260929_110725_467584_2daea7 | brand=Cava | saved=8 | elapsed_label=1s | products_per_minute=850.38
2026-09-29 11:10:57 | INFO    | LISTING   | Listing Cava route https://www.myntra.com/cava page 10 -> https://www.myntra.com/gateway/v4/search/cava?rows=50&o=450&plaEnabled=false&xdEnabled=false&isFacet=true&p=10 | run_id=run_20260929_110725_467584_2daea7 | brand=Cava | page=10 | route=https://www.myntra.com/cava | seen=408 | expected=408
2026-09-29 11:10:58 | WARNING | LISTING   | Empty listing page for Cava on page 10 before expected end; continuing. | run_id=run_20260929_110725_467584_2daea7 | brand=Cava | page=10 | route=https://www.myntra.com/cava
2026-09-29 11:10:58 | INFO    | LISTING   | Listing Cava route https://www.myntra.com/cava page 11 -> https://www.myntra.com/gateway/v4/search/cava?rows=50&o=500&plaEnabled=false&xdEnabled=false&isFacet=true&p=11 | run_id=run_20260929_110725_467584_2daea7 | brand=Cava | page=11 | route=https://www.myntra.com/cava | seen=408 | expected=408
2026-09-29 11:10:59 | WARNING | NETWORK   | JSON request failed for https://www.myntra.com/gateway/v4/search/cava?rows=50&o=500&plaEnabled=false&xdEnabled=false&isFacet=true&p=11 on attempt 1/3: HTTP Error 400:  | run_id=run_20260929_110725_467584_2daea7 | route=https://www.myntra.com/gateway/v4/search/cava?rows=50&o=500&plaEnabled=false&xdEnabled=false&isFacet=true&p=11 | attempt=1/3
2026-09-29 11:11:00 | WARNING | NETWORK   | JSON request failed for https://www.myntra.com/gateway/v4/search/cava?rows=50&o=500&plaEnabled=false&xdEnabled=false&isFacet=true&p=11 on attempt 2/3: HTTP Error 400:  | run_id=run_20260929_110725_467584_2daea7 | route=https://www.myntra.com/gateway/v4/search/cava?rows=50&o=500&plaEnabled=false&xdEnabled=false&isFacet=true&p=11 | attempt=2/3
2026-09-29 11:11:03 | WARNING | NETWORK   | JSON request failed for https://www.myntra.com/gateway/v4/search/cava?rows=50&o=500&plaEnabled=false&xdEnabled=false&isFacet=true&p=11 on attempt 3/3: HTTP Error 400:  | run_id=run_20260929_110725_467584_2daea7 | route=https://www.myntra.com/gateway/v4/search/cava?rows=50&o=500&plaEnabled=false&xdEnabled=false&isFacet=true&p=11 | attempt=3/3
2026-09-29 11:11:04 | WARNING | LISTING   | Empty listing page for Cava on page 11 before expected end; continuing. | run_id=run_20260929_110725_467584_2daea7 | brand=Cava | page=11 | route=https://www.myntra.com/cava
2026-09-29 11:11:04 | INFO    | LISTING   | Listing Cava route https://www.myntra.com/cava page 12 -> https://www.myntra.com/gateway/v4/search/cava?rows=50&o=550&plaEnabled=false&xdEnabled=false&isFacet=true&p=12 | run_id=run_20260929_110725_467584_2daea7 | brand=Cava | page=12 | route=https://www.myntra.com/cava | seen=408 | expected=408
2026-09-29 11:11:04 | WARNING | NETWORK   | JSON request failed for https://www.myntra.com/gateway/v4/search/cava?rows=50&o=550&plaEnabled=false&xdEnabled=false&isFacet=true&p=12 on attempt 1/3: HTTP Error 400:  | run_id=run_20260929_110725_467584_2daea7 | route=https://www.myntra.com/gateway/v4/search/cava?rows=50&o=550&plaEnabled=false&xdEnabled=false&isFacet=true&p=12 | attempt=1/3
2026-09-29 11:11:05 | WARNING | NETWORK   | JSON request failed for https://www.myntra.com/gateway/v4/search/cava?rows=50&o=550&plaEnabled=false&xdEnabled=false&isFacet=true&p=12 on attempt 2/3: HTTP Error 400:  | run_id=run_20260929_110725_467584_2daea7 | route=https://www.myntra.com/gateway/v4/search/cava?rows=50&o=550&plaEnabled=false&xdEnabled=false&isFacet=true&p=12 | attempt=2/3
2026-09-29 11:11:08 | WARNING | NETWORK   | JSON request failed for https://www.myntra.com/gateway/v4/search/cava?rows=50&o=550&plaEnabled=false&xdEnabled=false&isFacet=true&p=12 on attempt 3/3: HTTP Error 400:  | run_id=run_20260929_110725_467584_2daea7 | route=https://www.myntra.com/gateway/v4/search/cava?rows=50&o=550&plaEnabled=false&xdEnabled=false&isFacet=true&p=12 | attempt=3/3
2026-09-29 11:11:08 | WARNING | NETWORK   | JSON request failed for https://www.myntra.com/gateway/v4/search/cava?rows=50&o=549&plaEnabled=false&xdEnabled=false&isFacet=true&p=12 on attempt 1/3: HTTP Error 400:  | run_id=run_20260929_110725_467584_2daea7 | route=https://www.myntra.com/gateway/v4/search/cava?rows=50&o=549&plaEnabled=false&xdEnabled=false&isFacet=true&p=12 | attempt=1/3
2026-09-29 11:11:10 | WARNING | NETWORK   | JSON request failed for https://www.myntra.com/gateway/v4/search/cava?rows=50&o=549&plaEnabled=false&xdEnabled=false&isFacet=true&p=12 on attempt 2/3: HTTP Error 400:  | run_id=run_20260929_110725_467584_2daea7 | route=https://www.myntra.com/gateway/v4/search/cava?rows=50&o=549&plaEnabled=false&xdEnabled=false&isFacet=true&p=12 | attempt=2/3
2026-09-29 11:11:13 | WARNING | NETWORK   | JSON request failed for https://www.myntra.com/gateway/v4/search/cava?rows=50&o=549&plaEnabled=false&xdEnabled=false&isFacet=true&p=12 on attempt 3/3: HTTP Error 400:  | run_id=run_20260929_110725_467584_2daea7 | route=https://www.myntra.com/gateway/v4/search/cava?rows=50&o=549&plaEnabled=false&xdEnabled=false&isFacet=true&p=12 | attempt=3/3
2026-09-29 11:11:13 | WARNING | LISTING   | Route fetch failed for https://www.myntra.com/cava page 12 (Failed to fetch JSON payload from https://www.myntra.com/gateway/v4/search/cava?rows=50&o=549&plaEnabled=false&xdEnabled=false&isFacet=true&p=12: HTTP Error 400: ). Will retry with another pass or fallback route. | run_id=run_20260929_110725_467584_2daea7 | brand=Cava | page=12 | route=https://www.myntra.com/cava
2026-09-29 11:11:13 | INFO    | BRAND     | Skipping redundant route https://www.myntra.com/cava-athleisure for Cava (100% of first page already captured). | run_id=run_20260929_110725_467584_2daea7 | brand=Cava | route=https://www.myntra.com/cava-athleisure
2026-09-29 11:11:13 | INFO    | BRAND     | Skipping redundant route https://www.myntra.com/cava-women for Cava (100% of first page already captured). | run_id=run_20260929_110725_467584_2daea7 | brand=Cava | route=https://www.myntra.com/cava-women
2026-09-29 11:11:13 | INFO    | BRAND     | Skipping redundant route https://www.myntra.com/cava-gym-wear for Cava (100% of first page already captured). | run_id=run_20260929_110725_467584_2daea7 | brand=Cava | route=https://www.myntra.com/cava-gym-wear
2026-09-29 11:11:13 | INFO    | BRAND     | Skipping redundant route https://www.myntra.com/cava-activewear for Cava (100% of first page already captured). | run_id=run_20260929_110725_467584_2daea7 | brand=Cava | route=https://www.myntra.com/cava-activewear
2026-09-29 11:11:13 | INFO    | BRAND     | Skipping redundant route https://www.myntra.com/cava-sportswear for Cava (100% of first page already captured). | run_id=run_20260929_110725_467584_2daea7 | brand=Cava | route=https://www.myntra.com/cava-sportswear
2026-09-29 11:11:13 | WARNING | BRAND     | Brand Cava finished below expected count: saw 408 unique activewear products vs expected 511. | run_id=run_20260929_110725_467584_2daea7 | brand=Cava | seen=408 | expected=511
2026-09-29 11:11:13 | INFO    | BRAND     | Brand scrape completed in 44s (550.96 products/min). | run_id=run_20260929_110725_467584_2daea7 | brand=Cava | status=COMPLETED | saved=408 | seen=408 | expected=511 | elapsed_label=44s | products_per_minute=550.96
2026-09-29 11:11:13 | INFO    | SNAPSHOT  | Periodic snapshot created after Cava. | run_id=run_20260929_110725_467584_2daea7 | brand=Cava
2026-09-29 11:11:13 | INFO    | BRAND     | Resolving brand routes. | run_id=run_20260929_110725_467584_2daea7 | brand=Dollar (Forcenxt)
2026-09-29 11:11:29 | INFO    | BRAND     | Resolved Dollar (Forcenxt) -> 17 routes (best brand total=2923): https://www.myntra.com/force-nxt, https://www.myntra.com/dollar-missy, https://www.myntra.com/dollar-bigboss, https://www.myntra.com/tshirts?f=Brand%3ADollar, https://www.myntra.com/leggings?f=Brand%3ADollar%20Missy, https://www.myntra.com/dollar?f=Brand%3ADollar%3A%3AGender%3Aboys, https://www.myntra.com/dollar?f=Brand%3ADollar%3A%3AGender%3Awomen, https://www.myntra.com/dollar-socks, https://www.myntra.com/bra?f=Brand%3ADollar%20Missy, https://www.myntra.com/camisoles?f=Brand%3ADollar%20Missy, https://www.myntra.com/trousers?f=Brand%3ADollar%20Missy, https://www.myntra.com/trunk?f=Brand%3ADollar, https://www.myntra.com/shorts?f=Brand%3ADollar, https://www.myntra.com/track-pants?f=Brand%3ADollar, https://www.myntra.com/briefs?f=Brand%3ADollar, https://www.myntra.com/thermal?f=Brand%3ADollar, https://www.myntra.com/dollar-ultra | run_id=run_20260929_110725_467584_2daea7 | brand=Dollar (Forcenxt) | expected=2923
2026-09-29 11:11:29 | INFO    | BRAND     | Starting brand scrape. | run_id=run_20260929_110725_467584_2daea7 | brand=Dollar (Forcenxt) | expected=11614
2026-09-29 11:11:29 | INFO    | LISTING   | Listing Dollar (Forcenxt) route https://www.myntra.com/force-nxt page 1 -> https://www.myntra.com/gateway/v4/search/force-nxt?rows=50&o=0&plaEnabled=false&xdEnabled=false&isFacet=true&p=1 | run_id=run_20260929_110725_467584_2daea7 | brand=Dollar (Forcenxt) | page=1 | route=https://www.myntra.com/force-nxt | seen=0 | expected=2923
2026-09-29 11:11:34 | INFO    | PDP       | Processed 50 target products for Dollar (Forcenxt) in 4s (766.33 products/min). | run_id=run_20260929_110725_467584_2daea7 | brand=Dollar (Forcenxt) | saved=50 | elapsed_label=4s | products_per_minute=766.33
2026-09-29 11:11:35 | INFO    | LISTING   | Listing Dollar (Forcenxt) route https://www.myntra.com/force-nxt page 2 -> https://www.myntra.com/gateway/v4/search/force-nxt?rows=50&o=50&plaEnabled=false&xdEnabled=false&isFacet=true&p=2 | run_id=run_20260929_110725_467584_2daea7 | brand=Dollar (Forcenxt) | page=2 | route=https://www.myntra.com/force-nxt | seen=50 | expected=2923
2026-09-29 11:11:41 | INFO    | PDP       | Processed 42 target products for Dollar (Forcenxt) in 5s (464.51 products/min). | run_id=run_20260929_110725_467584_2daea7 | brand=Dollar (Forcenxt) | saved=42 | elapsed_label=5s | products_per_minute=464.51
2026-09-29 11:11:41 | INFO    | LISTING   | Listing Dollar (Forcenxt) route https://www.myntra.com/force-nxt page 3 -> https://www.myntra.com/gateway/v4/search/force-nxt?rows=50&o=100&plaEnabled=false&xdEnabled=false&isFacet=true&p=3 | run_id=run_20260929_110725_467584_2daea7 | brand=Dollar (Forcenxt) | page=3 | route=https://www.myntra.com/force-nxt | seen=92 | expected=2923
2026-09-29 11:11:46 | INFO    | PDP       | Processed 41 target products for Dollar (Forcenxt) in 4s (600.45 products/min). | run_id=run_20260929_110725_467584_2daea7 | brand=Dollar (Forcenxt) | saved=41 | elapsed_label=4s | products_per_minute=600.45
2026-09-29 11:11:46 | INFO    | LISTING   | Listing Dollar (Forcenxt) route https://www.myntra.com/force-nxt page 4 -> https://www.myntra.com/gateway/v4/search/force-nxt?rows=50&o=150&plaEnabled=false&xdEnabled=false&isFacet=true&p=4 | run_id=run_20260929_110725_467584_2daea7 | brand=Dollar (Forcenxt) | page=4 | route=https://www.myntra.com/force-nxt | seen=133 | expected=2923
2026-09-29 11:11:51 | INFO    | PDP       | Processed 44 target products for Dollar (Forcenxt) in 3s (799.05 products/min). | run_id=run_20260929_110725_467584_2daea7 | brand=Dollar (Forcenxt) | saved=44 | elapsed_label=3s | products_per_minute=799.05
2026-09-29 11:11:51 | INFO    | LISTING   | Listing Dollar (Forcenxt) route https://www.myntra.com/force-nxt page 5 -> https://www.myntra.com/gateway/v4/search/force-nxt?rows=50&o=200&plaEnabled=false&xdEnabled=false&isFacet=true&p=5 | run_id=run_20260929_110725_467584_2daea7 | brand=Dollar (Forcenxt) | page=5 | route=https://www.myntra.com/force-nxt | seen=177 | expected=2923
2026-09-29 11:11:55 | INFO    | PDP       | Processed 44 target products for Dollar (Forcenxt) in 3s (797.4 products/min). | run_id=run_20260929_110725_467584_2daea7 | brand=Dollar (Forcenxt) | saved=44 | elapsed_label=3s | products_per_minute=797.4
2026-09-29 11:11:55 | INFO    | LISTING   | Listing Dollar (Forcenxt) route https://www.myntra.com/force-nxt page 6 -> https://www.myntra.com/gateway/v4/search/force-nxt?rows=50&o=250&plaEnabled=false&xdEnabled=false&isFacet=true&p=6 | run_id=run_20260929_110725_467584_2daea7 | brand=Dollar (Forcenxt) | page=6 | route=https://www.myntra.com/force-nxt | seen=221 | expected=2923
2026-09-29 11:12:00 | INFO    | PDP       | Processed 40 target products for Dollar (Forcenxt) in 4s (629.18 products/min). | run_id=run_20260929_110725_467584_2daea7 | brand=Dollar (Forcenxt) | saved=40 | elapsed_label=4s | products_per_minute=629.18
2026-09-29 11:12:00 | INFO    | LISTING   | Listing Dollar (Forcenxt) route https://www.myntra.com/force-nxt page 7 -> https://www.myntra.com/gateway/v4/search/force-nxt?rows=50&o=300&plaEnabled=false&xdEnabled=false&isFacet=true&p=7 | run_id=run_20260929_110725_467584_2daea7 | brand=Dollar (Forcenxt) | page=7 | route=https://www.myntra.com/force-nxt | seen=261 | expected=2923
2026-09-29 11:12:05 | INFO    | PDP       | Processed 48 target products for Dollar (Forcenxt) in 4s (648.28 products/min). | run_id=run_20260929_110725_467584_2daea7 | brand=Dollar (Forcenxt) | saved=48 | elapsed_label=4s | products_per_minute=648.28
2026-09-29 11:12:05 | INFO    | LISTING   | Listing Dollar (Forcenxt) route https://www.myntra.com/force-nxt page 8 -> https://www.myntra.com/gateway/v4/search/force-nxt?rows=50&o=350&plaEnabled=false&xdEnabled=false&isFacet=true&p=8 | run_id=run_20260929_110725_467584_2daea7 | brand=Dollar (Forcenxt) | page=8 | route=https://www.myntra.com/force-nxt | seen=309 | expected=2923
2026-09-29 11:12:12 | INFO    | PDP       | Processed 49 target products for Dollar (Forcenxt) in 5s (564.22 products/min). | run_id=run_20260929_110725_467584_2daea7 | brand=Dollar (Forcenxt) | saved=49 | elapsed_label=5s | products_per_minute=564.22
2026-09-29 11:12:12 | INFO    | LISTING   | Listing Dollar (Forcenxt) route https://www.myntra.com/force-nxt page 9 -> https://www.myntra.com/gateway/v4/search/force-nxt?rows=50&o=400&plaEnabled=false&xdEnabled=false&isFacet=true&p=9 | run_id=run_20260929_110725_467584_2daea7 | brand=Dollar (Forcenxt) | page=9 | route=https://www.myntra.com/force-nxt | seen=358 | expected=2923
2026-09-29 11:12:16 | INFO    | PDP       | Processed 49 target products for Dollar (Forcenxt) in 3s (1073.13 products/min). | run_id=run_20260929_110725_467584_2daea7 | brand=Dollar (Forcenxt) | saved=49 | elapsed_label=3s | products_per_minute=1073.13
2026-09-29 11:12:16 | INFO    | LISTING   | Listing Dollar (Forcenxt) route https://www.myntra.com/force-nxt page 10 -> https://www.myntra.com/gateway/v4/search/force-nxt?rows=50&o=450&plaEnabled=false&xdEnabled=false&isFacet=true&p=10 | run_id=run_20260929_110725_467584_2daea7 | brand=Dollar (Forcenxt) | page=10 | route=https://www.myntra.com/force-nxt | seen=407 | expected=2923
2026-09-29 11:12:21 | INFO    | PDP       | Processed 50 target products for Dollar (Forcenxt) in 4s (688.77 products/min). | run_id=run_20260929_110725_467584_2daea7 | brand=Dollar (Forcenxt) | saved=50 | elapsed_label=4s | products_per_minute=688.77
2026-09-29 11:12:22 | INFO    | LISTING   | Listing Dollar (Forcenxt) route https://www.myntra.com/force-nxt page 11 -> https://www.myntra.com/gateway/v4/search/force-nxt?rows=50&o=500&plaEnabled=false&xdEnabled=false&isFacet=true&p=11 | run_id=run_20260929_110725_467584_2daea7 | brand=Dollar (Forcenxt) | page=11 | route=https://www.myntra.com/force-nxt | seen=457 | expected=2923
2026-09-29 11:12:26 | INFO    | PDP       | Processed 48 target products for Dollar (Forcenxt) in 4s (699.71 products/min). | run_id=run_20260929_110725_467584_2daea7 | brand=Dollar (Forcenxt) | saved=48 | elapsed_label=4s | products_per_minute=699.71
2026-09-29 11:12:27 | INFO    | LISTING   | Listing Dollar (Forcenxt) route https://www.myntra.com/force-nxt page 12 -> https://www.myntra.com/gateway/v4/search/force-nxt?rows=50&o=550&plaEnabled=false&xdEnabled=false&isFacet=true&p=12 | run_id=run_20260929_110725_467584_2daea7 | brand=Dollar (Forcenxt) | page=12 | route=https://www.myntra.com/force-nxt | seen=505 | expected=2923
2026-09-29 11:12:32 | INFO    | PDP       | Processed 50 target products for Dollar (Forcenxt) in 5s (637.88 products/min). | run_id=run_20260929_110725_467584_2daea7 | brand=Dollar (Forcenxt) | saved=50 | elapsed_label=5s | products_per_minute=637.88
2026-09-29 11:12:32 | INFO    | LISTING   | Listing Dollar (Forcenxt) route https://www.myntra.com/force-nxt page 13 -> https://www.myntra.com/gateway/v4/search/force-nxt?rows=50&o=600&plaEnabled=false&xdEnabled=false&isFacet=true&p=13 | run_id=run_20260929_110725_467584_2daea7 | brand=Dollar (Forcenxt) | page=13 | route=https://www.myntra.com/force-nxt | seen=555 | expected=2923
2026-09-29 11:12:38 | INFO    | PDP       | Processed 50 target products for Dollar (Forcenxt) in 5s (631.9 products/min). | run_id=run_20260929_110725_467584_2daea7 | brand=Dollar (Forcenxt) | saved=50 | elapsed_label=5s | products_per_minute=631.9
2026-09-29 11:12:38 | INFO    | LISTING   | Listing Dollar (Forcenxt) route https://www.myntra.com/force-nxt page 14 -> https://www.myntra.com/gateway/v4/search/force-nxt?rows=50&o=650&plaEnabled=false&xdEnabled=false&isFacet=true&p=14 | run_id=run_20260929_110725_467584_2daea7 | brand=Dollar (Forcenxt) | page=14 | route=https://www.myntra.com/force-nxt | seen=605 | expected=2923
2026-09-29 11:12:44 | INFO    | PDP       | Processed 49 target products for Dollar (Forcenxt) in 5s (561.53 products/min). | run_id=run_20260929_110725_467584_2daea7 | brand=Dollar (Forcenxt) | saved=49 | elapsed_label=5s | products_per_minute=561.53
2026-09-29 11:12:45 | INFO    | LISTING   | Listing Dollar (Forcenxt) route https://www.myntra.com/force-nxt page 15 -> https://www.myntra.com/gateway/v4/search/force-nxt?rows=50&o=700&plaEnabled=false&xdEnabled=false&isFacet=true&p=15 | run_id=run_20260929_110725_467584_2daea7 | brand=Dollar (Forcenxt) | page=15 | route=https://www.myntra.com/force-nxt | seen=654 | expected=2923
2026-09-29 11:12:50 | INFO    | PDP       | Processed 50 target products for Dollar (Forcenxt) in 4s (693.71 products/min). | run_id=run_20260929_110725_467584_2daea7 | brand=Dollar (Forcenxt) | saved=50 | elapsed_label=4s | products_per_minute=693.71
2026-09-29 11:12:50 | INFO    | LISTING   | Listing Dollar (Forcenxt) route https://www.myntra.com/force-nxt page 16 -> https://www.myntra.com/gateway/v4/search/force-nxt?rows=50&o=750&plaEnabled=false&xdEnabled=false&isFacet=true&p=16 | run_id=run_20260929_110725_467584_2daea7 | brand=Dollar (Forcenxt) | page=16 | route=https://www.myntra.com/force-nxt | seen=704 | expected=2923
2026-09-29 11:12:55 | INFO    | PDP       | Processed 50 target products for Dollar (Forcenxt) in 5s (654.12 products/min). | run_id=run_20260929_110725_467584_2daea7 | brand=Dollar (Forcenxt) | saved=50 | elapsed_label=5s | products_per_minute=654.12
2026-09-29 11:12:55 | INFO    | LISTING   | Listing Dollar (Forcenxt) route https://www.myntra.com/force-nxt page 17 -> https://www.myntra.com/gateway/v4/search/force-nxt?rows=50&o=800&plaEnabled=false&xdEnabled=false&isFacet=true&p=17 | run_id=run_20260929_110725_467584_2daea7 | brand=Dollar (Forcenxt) | page=17 | route=https://www.myntra.com/force-nxt | seen=754 | expected=2923
2026-09-29 11:13:00 | INFO    | PDP       | Processed 50 target products for Dollar (Forcenxt) in 4s (776.25 products/min). | run_id=run_20260929_110725_467584_2daea7 | brand=Dollar (Forcenxt) | saved=50 | elapsed_label=4s | products_per_minute=776.25
2026-09-29 11:13:00 | INFO    | LISTING   | Listing Dollar (Forcenxt) route https://www.myntra.com/force-nxt page 18 -> https://www.myntra.com/gateway/v4/search/force-nxt?rows=50&o=850&plaEnabled=false&xdEnabled=false&isFacet=true&p=18 | run_id=run_20260929_110725_467584_2daea7 | brand=Dollar (Forcenxt) | page=18 | route=https://www.myntra.com/force-nxt | seen=804 | expected=2923
2026-09-29 11:13:05 | INFO    | PDP       | Processed 47 target products for Dollar (Forcenxt) in 4s (752.36 products/min). | run_id=run_20260929_110725_467584_2daea7 | brand=Dollar (Forcenxt) | saved=47 | elapsed_label=4s | products_per_minute=752.36
2026-09-29 11:13:05 | INFO    | LISTING   | Listing Dollar (Forcenxt) route https://www.myntra.com/force-nxt page 19 -> https://www.myntra.com/gateway/v4/search/force-nxt?rows=50&o=900&plaEnabled=false&xdEnabled=false&isFacet=true&p=19 | run_id=run_20260929_110725_467584_2daea7 | brand=Dollar (Forcenxt) | page=19 | route=https://www.myntra.com/force-nxt | seen=851 | expected=2923
2026-09-29 11:13:14 | INFO    | PDP       | Processed 50 target products for Dollar (Forcenxt) in 8s (398.94 products/min). | run_id=run_20260929_110725_467584_2daea7 | brand=Dollar (Forcenxt) | saved=50 | elapsed_label=8s | products_per_minute=398.94
2026-09-29 11:13:14 | INFO    | LISTING   | Listing Dollar (Forcenxt) route https://www.myntra.com/force-nxt page 20 -> https://www.myntra.com/gateway/v4/search/force-nxt?rows=50&o=950&plaEnabled=false&xdEnabled=false&isFacet=true&p=20 | run_id=run_20260929_110725_467584_2daea7 | brand=Dollar (Forcenxt) | page=20 | route=https://www.myntra.com/force-nxt | seen=901 | expected=2923
2026-09-29 11:13:20 | INFO    | PDP       | Processed 50 target products for Dollar (Forcenxt) in 5s (556.3 products/min). | run_id=run_20260929_110725_467584_2daea7 | brand=Dollar (Forcenxt) | saved=50 | elapsed_label=5s | products_per_minute=556.3
2026-09-29 11:13:20 | INFO    | LISTING   | Listing Dollar (Forcenxt) route https://www.myntra.com/force-nxt page 21 -> https://www.myntra.com/gateway/v4/search/force-nxt?rows=50&o=1000&plaEnabled=false&xdEnabled=false&isFacet=true&p=21 | run_id=run_20260929_110725_467584_2daea7 | brand=Dollar (Forcenxt) | page=21 | route=https://www.myntra.com/force-nxt | seen=951 | expected=2923
2026-09-29 11:13:27 | INFO    | PDP       | Processed 50 target products for Dollar (Forcenxt) in 6s (509.08 products/min). | run_id=run_20260929_110725_467584_2daea7 | brand=Dollar (Forcenxt) | saved=50 | elapsed_label=6s | products_per_minute=509.08
2026-09-29 11:13:27 | INFO    | LISTING   | Listing Dollar (Forcenxt) route https://www.myntra.com/force-nxt page 22 -> https://www.myntra.com/gateway/v4/search/force-nxt?rows=50&o=1050&plaEnabled=false&xdEnabled=false&isFacet=true&p=22 | run_id=run_20260929_110725_467584_2daea7 | brand=Dollar (Forcenxt) | page=22 | route=https://www.myntra.com/force-nxt | seen=1001 | expected=2923
2026-09-29 11:13:36 | INFO    | PDP       | Processed 50 target products for Dollar (Forcenxt) in 9s (324.43 products/min). | run_id=run_20260929_110725_467584_2daea7 | brand=Dollar (Forcenxt) | saved=50 | elapsed_label=9s | products_per_minute=324.43
2026-09-29 11:13:37 | INFO    | LISTING   | Listing Dollar (Forcenxt) route https://www.myntra.com/force-nxt page 23 -> https://www.myntra.com/gateway/v4/search/force-nxt?rows=50&o=1100&plaEnabled=false&xdEnabled=false&isFacet=true&p=23 | run_id=run_20260929_110725_467584_2daea7 | brand=Dollar (Forcenxt) | page=23 | route=https://www.myntra.com/force-nxt | seen=1051 | expected=2923
2026-09-29 11:13:42 | INFO    | PDP       | Processed 50 target products for Dollar (Forcenxt) in 5s (595.3 products/min). | run_id=run_20260929_110725_467584_2daea7 | brand=Dollar (Forcenxt) | saved=50 | elapsed_label=5s | products_per_minute=595.3
2026-09-29 11:13:43 | INFO    | LISTING   | Listing Dollar (Forcenxt) route https://www.myntra.com/force-nxt page 24 -> https://www.myntra.com/gateway/v4/search/force-nxt?rows=50&o=1150&plaEnabled=false&xdEnabled=false&isFacet=true&p=24 | run_id=run_20260929_110725_467584_2daea7 | brand=Dollar (Forcenxt) | page=24 | route=https://www.myntra.com/force-nxt | seen=1101 | expected=2923
2026-09-29 11:13:47 | INFO    | PDP       | Processed 50 target products for Dollar (Forcenxt) in 4s (728.48 products/min). | run_id=run_20260929_110725_467584_2daea7 | brand=Dollar (Forcenxt) | saved=50 | elapsed_label=4s | products_per_minute=728.48
2026-09-29 11:13:48 | INFO    | LISTING   | Listing Dollar (Forcenxt) route https://www.myntra.com/force-nxt page 25 -> https://www.myntra.com/gateway/v4/search/force-nxt?rows=50&o=1200&plaEnabled=false&xdEnabled=false&isFacet=true&p=25 | run_id=run_20260929_110725_467584_2daea7 | brand=Dollar (Forcenxt) | page=25 | route=https://www.myntra.com/force-nxt | seen=1151 | expected=2923
2026-09-29 11:13:51 | INFO    | PDP       | Processed 46 target products for Dollar (Forcenxt) in 2s (1217.89 products/min). | run_id=run_20260929_110725_467584_2daea7 | brand=Dollar (Forcenxt) | saved=46 | elapsed_label=2s | products_per_minute=1217.89
2026-09-29 11:13:51 | INFO    | LISTING   | Listing Dollar (Forcenxt) route https://www.myntra.com/force-nxt page 26 -> https://www.myntra.com/gateway/v4/search/force-nxt?rows=50&o=1250&plaEnabled=false&xdEnabled=false&isFacet=true&p=26 | run_id=run_20260929_110725_467584_2daea7 | brand=Dollar (Forcenxt) | page=26 | route=https://www.myntra.com/force-nxt | seen=1197 | expected=2923
2026-09-29 11:13:54 | INFO    | PDP       | Processed 50 target products for Dollar (Forcenxt) in 2s (1251.82 products/min). | run_id=run_20260929_110725_467584_2daea7 | brand=Dollar (Forcenxt) | saved=50 | elapsed_label=2s | products_per_minute=1251.82
2026-09-29 11:13:55 | INFO    | LISTING   | Listing Dollar (Forcenxt) route https://www.myntra.com/force-nxt page 27 -> https://www.myntra.com/gateway/v4/search/force-nxt?rows=50&o=1300&plaEnabled=false&xdEnabled=false&isFacet=true&p=27 | run_id=run_20260929_110725_467584_2daea7 | brand=Dollar (Forcenxt) | page=27 | route=https://www.myntra.com/force-nxt | seen=1247 | expected=2923
2026-09-29 11:14:00 | INFO    | PDP       | Processed 50 target products for Dollar (Forcenxt) in 4s (731.6 products/min). | run_id=run_20260929_110725_467584_2daea7 | brand=Dollar (Forcenxt) | saved=50 | elapsed_label=4s | products_per_minute=731.6
2026-09-29 11:14:00 | INFO    | LISTING   | Listing Dollar (Forcenxt) route https://www.myntra.com/force-nxt page 28 -> https://www.myntra.com/gateway/v4/search/force-nxt?rows=50&o=1350&plaEnabled=false&xdEnabled=false&isFacet=true&p=28 | run_id=run_20260929_110725_467584_2daea7 | brand=Dollar (Forcenxt) | page=28 | route=https://www.myntra.com/force-nxt | seen=1297 | expected=2923
2026-09-29 11:14:05 | INFO    | PDP       | Processed 50 target products for Dollar (Forcenxt) in 4s (757.44 products/min). | run_id=run_20260929_110725_467584_2daea7 | brand=Dollar (Forcenxt) | saved=50 | elapsed_label=4s | products_per_minute=757.44
2026-09-29 11:14:05 | INFO    | LISTING   | Listing Dollar (Forcenxt) route https://www.myntra.com/force-nxt page 29 -> https://www.myntra.com/gateway/v4/search/force-nxt?rows=50&o=1400&plaEnabled=false&xdEnabled=false&isFacet=true&p=29 | run_id=run_20260929_110725_467584_2daea7 | brand=Dollar (Forcenxt) | page=29 | route=https://www.myntra.com/force-nxt | seen=1347 | expected=2923
2026-09-29 11:14:05 | INFO    | LISTING   | Listing Dollar (Forcenxt) route https://www.myntra.com/force-nxt page 30 -> https://www.myntra.com/gateway/v4/search/force-nxt?rows=50&o=1450&plaEnabled=false&xdEnabled=false&isFacet=true&p=30 | run_id=run_20260929_110725_467584_2daea7 | brand=Dollar (Forcenxt) | page=30 | route=https://www.myntra.com/force-nxt | seen=1347 | expected=2923
2026-09-29 11:14:06 | INFO    | LISTING   | Listing Dollar (Forcenxt) route https://www.myntra.com/force-nxt page 31 -> https://www.myntra.com/gateway/v4/search/force-nxt?rows=50&o=1500&plaEnabled=false&xdEnabled=false&isFacet=true&p=31 | run_id=run_20260929_110725_467584_2daea7 | brand=Dollar (Forcenxt) | page=31 | route=https://www.myntra.com/force-nxt | seen=1347 | expected=2923
2026-09-29 11:14:07 | WARNING | LISTING   | Route https://www.myntra.com/force-nxt for Dollar (Forcenxt) stalled for 3 consecutive pages before reaching expected total; restarting route pass. | run_id=run_20260929_110725_467584_2daea7 | brand=Dollar (Forcenxt) | page=31 | route=https://www.myntra.com/force-nxt | seen=1347 | expected=2923
2026-09-29 11:14:07 | WARNING | LISTING   | Retrying route https://www.myntra.com/force-nxt for Dollar (Forcenxt) (pass 1/2) after incomplete coverage: 1347/2923 unique products seen. | run_id=run_20260929_110725_467584_2daea7 | brand=Dollar (Forcenxt) | route=https://www.myntra.com/force-nxt | seen=1347 | expected=2923 | attempt=1/2
2026-09-29 11:14:07 | INFO    | LISTING   | Listing Dollar (Forcenxt) route https://www.myntra.com/force-nxt page 1 -> https://www.myntra.com/gateway/v4/search/force-nxt?rows=50&o=0&plaEnabled=false&xdEnabled=false&isFacet=true&p=1 | run_id=run_20260929_110725_467584_2daea7 | brand=Dollar (Forcenxt) | page=1 | route=https://www.myntra.com/force-nxt | seen=1347 | expected=2923
2026-09-29 11:14:10 | INFO    | PDP       | Processed 2 target products for Dollar (Forcenxt) in 1s (121.89 products/min). | run_id=run_20260929_110725_467584_2daea7 | brand=Dollar (Forcenxt) | saved=2 | elapsed_label=1s | products_per_minute=121.89
2026-09-29 11:14:10 | INFO    | LISTING   | Listing Dollar (Forcenxt) route https://www.myntra.com/force-nxt page 2 -> https://www.myntra.com/gateway/v4/search/force-nxt?rows=50&o=50&plaEnabled=false&xdEnabled=false&isFacet=true&p=2 | run_id=run_20260929_110725_467584_2daea7 | brand=Dollar (Forcenxt) | page=2 | route=https://www.myntra.com/force-nxt | seen=1349 | expected=2923
2026-09-29 11:14:10 | INFO    | LISTING   | Listing Dollar (Forcenxt) route https://www.myntra.com/force-nxt page 3 -> https://www.myntra.com/gateway/v4/search/force-nxt?rows=50&o=100&plaEnabled=false&xdEnabled=false&isFacet=true&p=3 | run_id=run_20260929_110725_467584_2daea7 | brand=Dollar (Forcenxt) | page=3 | route=https://www.myntra.com/force-nxt | seen=1349 | expected=2923
2026-09-29 11:14:11 | INFO    | LISTING   | Listing Dollar (Forcenxt) route https://www.myntra.com/force-nxt page 4 -> https://www.myntra.com/gateway/v4/search/force-nxt?rows=50&o=150&plaEnabled=false&xdEnabled=false&isFacet=true&p=4 | run_id=run_20260929_110725_467584_2daea7 | brand=Dollar (Forcenxt) | page=4 | route=https://www.myntra.com/force-nxt | seen=1349 | expected=2923
2026-09-29 11:14:12 | WARNING | LISTING   | Route https://www.myntra.com/force-nxt for Dollar (Forcenxt) stalled for 3 consecutive pages before reaching expected total; restarting route pass. | run_id=run_20260929_110725_467584_2daea7 | brand=Dollar (Forcenxt) | page=4 | route=https://www.myntra.com/force-nxt | seen=1349 | expected=2923
2026-09-29 11:14:12 | WARNING | LISTING   | Retrying route https://www.myntra.com/force-nxt for Dollar (Forcenxt) (pass 2/2) after incomplete coverage: 1349/2923 unique products seen. | run_id=run_20260929_110725_467584_2daea7 | brand=Dollar (Forcenxt) | route=https://www.myntra.com/force-nxt | seen=1349 | expected=2923 | attempt=2/2
2026-09-29 11:14:12 | INFO    | LISTING   | Listing Dollar (Forcenxt) route https://www.myntra.com/force-nxt page 1 -> https://www.myntra.com/gateway/v4/search/force-nxt?rows=50&o=0&plaEnabled=false&xdEnabled=false&isFacet=true&p=1 | run_id=run_20260929_110725_467584_2daea7 | brand=Dollar (Forcenxt) | page=1 | route=https://www.myntra.com/force-nxt | seen=1349 | expected=2923
2026-09-29 11:14:13 | INFO    | LISTING   | Listing Dollar (Forcenxt) route https://www.myntra.com/force-nxt page 2 -> https://www.myntra.com/gateway/v4/search/force-nxt?rows=50&o=50&plaEnabled=false&xdEnabled=false&isFacet=true&p=2 | run_id=run_20260929_110725_467584_2daea7 | brand=Dollar (Forcenxt) | page=2 | route=https://www.myntra.com/force-nxt | seen=1349 | expected=2923
2026-09-29 11:14:14 | INFO    | LISTING   | Listing Dollar (Forcenxt) route https://www.myntra.com/force-nxt page 3 -> https://www.myntra.com/gateway/v4/search/force-nxt?rows=50&o=100&plaEnabled=false&xdEnabled=false&isFacet=true&p=3 | run_id=run_20260929_110725_467584_2daea7 | brand=Dollar (Forcenxt) | page=3 | route=https://www.myntra.com/force-nxt | seen=1349 | expected=2923
2026-09-29 11:14:15 | WARNING | LISTING   | Route https://www.myntra.com/force-nxt for Dollar (Forcenxt) stalled for 3 consecutive pages before reaching expected total; restarting route pass. | run_id=run_20260929_110725_467584_2daea7 | brand=Dollar (Forcenxt) | page=3 | route=https://www.myntra.com/force-nxt | seen=1349 | expected=2923
2026-09-29 11:14:15 | INFO    | LISTING   | Listing Dollar (Forcenxt) route https://www.myntra.com/dollar-missy page 1 -> https://www.myntra.com/gateway/v4/search/dollar-missy?rows=50&o=0&plaEnabled=false&xdEnabled=false&isFacet=true&p=1 | run_id=run_20260929_110725_467584_2daea7 | brand=Dollar (Forcenxt) | page=1 | route=https://www.myntra.com/dollar-missy | seen=0 | expected=2173
2026-09-29 11:14:18 | INFO    | PDP       | Processed 22 target products for Dollar (Forcenxt) in 1s (983.09 products/min). | run_id=run_20260929_110725_467584_2daea7 | brand=Dollar (Forcenxt) | saved=22 | elapsed_label=1s | products_per_minute=983.09
2026-09-29 11:14:18 | INFO    | LISTING   | Listing Dollar (Forcenxt) route https://www.myntra.com/dollar-missy page 2 -> https://www.myntra.com/gateway/v4/search/dollar-missy?rows=50&o=50&plaEnabled=false&xdEnabled=false&isFacet=true&p=2 | run_id=run_20260929_110725_467584_2daea7 | brand=Dollar (Forcenxt) | page=2 | route=https://www.myntra.com/dollar-missy | seen=22 | expected=2173
2026-09-29 11:14:20 | INFO    | PDP       | Processed 29 target products for Dollar (Forcenxt) in 1s (1200.09 products/min). | run_id=run_20260929_110725_467584_2daea7 | brand=Dollar (Forcenxt) | saved=29 | elapsed_label=1s | products_per_minute=1200.09
2026-09-29 11:14:20 | INFO    | LISTING   | Listing Dollar (Forcenxt) route https://www.myntra.com/dollar-missy page 3 -> https://www.myntra.com/gateway/v4/search/dollar-missy?rows=50&o=100&plaEnabled=false&xdEnabled=false&isFacet=true&p=3 | run_id=run_20260929_110725_467584_2daea7 | brand=Dollar (Forcenxt) | page=3 | route=https://www.myntra.com/dollar-missy | seen=51 | expected=2173
2026-09-29 11:14:21 | INFO    | PDP       | Processed 11 target products for Dollar (Forcenxt) in 1s (788.8 products/min). | run_id=run_20260929_110725_467584_2daea7 | brand=Dollar (Forcenxt) | saved=11 | elapsed_label=1s | products_per_minute=788.8
2026-09-29 11:14:21 | INFO    | LISTING   | Listing Dollar (Forcenxt) route https://www.myntra.com/dollar-missy page 4 -> https://www.myntra.com/gateway/v4/search/dollar-missy?rows=50&o=150&plaEnabled=false&xdEnabled=false&isFacet=true&p=4 | run_id=run_20260929_110725_467584_2daea7 | brand=Dollar (Forcenxt) | page=4 | route=https://www.myntra.com/dollar-missy | seen=62 | expected=2173
2026-09-29 11:14:24 | INFO    | PDP       | Processed 48 target products for Dollar (Forcenxt) in 2s (1282.24 products/min). | run_id=run_20260929_110725_467584_2daea7 | brand=Dollar (Forcenxt) | saved=48 | elapsed_label=2s | products_per_minute=1282.24
2026-09-29 11:14:25 | INFO    | LISTING   | Listing Dollar (Forcenxt) route https://www.myntra.com/dollar-missy page 5 -> https://www.myntra.com/gateway/v4/search/dollar-missy?rows=50&o=200&plaEnabled=false&xdEnabled=false&isFacet=true&p=5 | run_id=run_20260929_110725_467584_2daea7 | brand=Dollar (Forcenxt) | page=5 | route=https://www.myntra.com/dollar-missy | seen=110 | expected=2173
2026-09-29 11:14:27 | INFO    | PDP       | Processed 39 target products for Dollar (Forcenxt) in 2s (1316.91 products/min). | run_id=run_20260929_110725_467584_2daea7 | brand=Dollar (Forcenxt) | saved=39 | elapsed_label=2s | products_per_minute=1316.91
2026-09-29 11:14:28 | INFO    | LISTING   | Listing Dollar (Forcenxt) route https://www.myntra.com/dollar-missy page 6 -> https://www.myntra.com/gateway/v4/search/dollar-missy?rows=50&o=250&plaEnabled=false&xdEnabled=false&isFacet=true&p=6 | run_id=run_20260929_110725_467584_2daea7 | brand=Dollar (Forcenxt) | page=6 | route=https://www.myntra.com/dollar-missy | seen=149 | expected=2173
2026-09-29 11:14:31 | INFO    | PDP       | Processed 36 target products for Dollar (Forcenxt) in 2s (1285.56 products/min). | run_id=run_20260929_110725_467584_2daea7 | brand=Dollar (Forcenxt) | saved=36 | elapsed_label=2s | products_per_minute=1285.56
2026-09-29 11:14:31 | INFO    | LISTING   | Listing Dollar (Forcenxt) route https://www.myntra.com/dollar-missy page 7 -> https://www.myntra.com/gateway/v4/search/dollar-missy?rows=50&o=300&plaEnabled=false&xdEnabled=false&isFacet=true&p=7 | run_id=run_20260929_110725_467584_2daea7 | brand=Dollar (Forcenxt) | page=7 | route=https://www.myntra.com/dollar-missy | seen=185 | expected=2173
2026-09-29 11:14:34 | INFO    | PDP       | Processed 47 target products for Dollar (Forcenxt) in 2s (1341.83 products/min). | run_id=run_20260929_110725_467584_2daea7 | brand=Dollar (Forcenxt) | saved=47 | elapsed_label=2s | products_per_minute=1341.83
2026-09-29 11:14:34 | INFO    | LISTING   | Listing Dollar (Forcenxt) route https://www.myntra.com/dollar-missy page 8 -> https://www.myntra.com/gateway/v4/search/dollar-missy?rows=50&o=350&plaEnabled=false&xdEnabled=false&isFacet=true&p=8 | run_id=run_20260929_110725_467584_2daea7 | brand=Dollar (Forcenxt) | page=8 | route=https://www.myntra.com/dollar-missy | seen=232 | expected=2173
2026-09-29 11:14:36 | INFO    | PDP       | Processed 30 target products for Dollar (Forcenxt) in 1s (1310.12 products/min). | run_id=run_20260929_110725_467584_2daea7 | brand=Dollar (Forcenxt) | saved=30 | elapsed_label=1s | products_per_minute=1310.12
2026-09-29 11:14:36 | INFO    | LISTING   | Listing Dollar (Forcenxt) route https://www.myntra.com/dollar-missy page 9 -> https://www.myntra.com/gateway/v4/search/dollar-missy?rows=50&o=400&plaEnabled=false&xdEnabled=false&isFacet=true&p=9 | run_id=run_20260929_110725_467584_2daea7 | brand=Dollar (Forcenxt) | page=9 | route=https://www.myntra.com/dollar-missy | seen=262 | expected=2173
2026-09-29 11:14:38 | INFO    | PDP       | Processed 32 target products for Dollar (Forcenxt) in 2s (1175.42 products/min). | run_id=run_20260929_110725_467584_2daea7 | brand=Dollar (Forcenxt) | saved=32 | elapsed_label=2s | products_per_minute=1175.42
2026-09-29 11:14:39 | INFO    | LISTING   | Listing Dollar (Forcenxt) route https://www.myntra.com/dollar-missy page 10 -> https://www.myntra.com/gateway/v4/search/dollar-missy?rows=50&o=450&plaEnabled=false&xdEnabled=false&isFacet=true&p=10 | run_id=run_20260929_110725_467584_2daea7 | brand=Dollar (Forcenxt) | page=10 | route=https://www.myntra.com/dollar-missy | seen=294 | expected=2173
2026-09-29 11:14:41 | INFO    | PDP       | Processed 35 target products for Dollar (Forcenxt) in 2s (1243.41 products/min). | run_id=run_20260929_110725_467584_2daea7 | brand=Dollar (Forcenxt) | saved=35 | elapsed_label=2s | products_per_minute=1243.41
2026-09-29 11:14:41 | INFO    | LISTING   | Listing Dollar (Forcenxt) route https://www.myntra.com/dollar-missy page 11 -> https://www.myntra.com/gateway/v4/search/dollar-missy?rows=50&o=500&plaEnabled=false&xdEnabled=false&isFacet=true&p=11 | run_id=run_20260929_110725_467584_2daea7 | brand=Dollar (Forcenxt) | page=11 | route=https://www.myntra.com/dollar-missy | seen=329 | expected=2173
2026-09-29 11:14:44 | INFO    | PDP       | Processed 41 target products for Dollar (Forcenxt) in 2s (1223.4 products/min). | run_id=run_20260929_110725_467584_2daea7 | brand=Dollar (Forcenxt) | saved=41 | elapsed_label=2s | products_per_minute=1223.4
2026-09-29 11:14:44 | INFO    | LISTING   | Listing Dollar (Forcenxt) route https://www.myntra.com/dollar-missy page 12 -> https://www.myntra.com/gateway/v4/search/dollar-missy?rows=50&o=550&plaEnabled=false&xdEnabled=false&isFacet=true&p=12 | run_id=run_20260929_110725_467584_2daea7 | brand=Dollar (Forcenxt) | page=12 | route=https://www.myntra.com/dollar-missy | seen=370 | expected=2173
2026-09-29 11:14:46 | INFO    | PDP       | Processed 25 target products for Dollar (Forcenxt) in 1s (1128.92 products/min). | run_id=run_20260929_110725_467584_2daea7 | brand=Dollar (Forcenxt) | saved=25 | elapsed_label=1s | products_per_minute=1128.92
2026-09-29 11:14:46 | INFO    | LISTING   | Listing Dollar (Forcenxt) route https://www.myntra.com/dollar-missy page 13 -> https://www.myntra.com/gateway/v4/search/dollar-missy?rows=50&o=600&plaEnabled=false&xdEnabled=false&isFacet=true&p=13 | run_id=run_20260929_110725_467584_2daea7 | brand=Dollar (Forcenxt) | page=13 | route=https://www.myntra.com/dollar-missy | seen=395 | expected=2173
2026-09-29 11:14:49 | INFO    | PDP       | Processed 42 target products for Dollar (Forcenxt) in 2s (1355.6 products/min). | run_id=run_20260929_110725_467584_2daea7 | brand=Dollar (Forcenxt) | saved=42 | elapsed_label=2s | products_per_minute=1355.6
2026-09-29 11:14:49 | INFO    | LISTING   | Listing Dollar (Forcenxt) route https://www.myntra.com/dollar-missy page 14 -> https://www.myntra.com/gateway/v4/search/dollar-missy?rows=50&o=650&plaEnabled=false&xdEnabled=false&isFacet=true&p=14 | run_id=run_20260929_110725_467584_2daea7 | brand=Dollar (Forcenxt) | page=14 | route=https://www.myntra.com/dollar-missy | seen=437 | expected=2173
2026-09-29 11:14:50 | INFO    | PDP       | Processed 5 target products for Dollar (Forcenxt) in 0s (624.45 products/min). | run_id=run_20260929_110725_467584_2daea7 | brand=Dollar (Forcenxt) | saved=5 | elapsed_label=0s | products_per_minute=624.45
2026-09-29 11:14:50 | INFO    | LISTING   | Listing Dollar (Forcenxt) route https://www.myntra.com/dollar-missy page 15 -> https://www.myntra.com/gateway/v4/search/dollar-missy?rows=50&o=700&plaEnabled=false&xdEnabled=false&isFacet=true&p=15 | run_id=run_20260929_110725_467584_2daea7 | brand=Dollar (Forcenxt) | page=15 | route=https://www.myntra.com/dollar-missy | seen=442 | expected=2173
2026-09-29 11:14:52 | INFO    | PDP       | Processed 23 target products for Dollar (Forcenxt) in 1s (1069.96 products/min). | run_id=run_20260929_110725_467584_2daea7 | brand=Dollar (Forcenxt) | saved=23 | elapsed_label=1s | products_per_minute=1069.96
2026-09-29 11:14:52 | INFO    | LISTING   | Listing Dollar (Forcenxt) route https://www.myntra.com/dollar-missy page 16 -> https://www.myntra.com/gateway/v4/search/dollar-missy?rows=50&o=750&plaEnabled=false&xdEnabled=false&isFacet=true&p=16 | run_id=run_20260929_110725_467584_2daea7 | brand=Dollar (Forcenxt) | page=16 | route=https://www.myntra.com/dollar-missy | seen=465 | expected=2173
2026-09-29 11:14:54 | INFO    | PDP       | Processed 14 target products for Dollar (Forcenxt) in 1s (965.82 products/min). | run_id=run_20260929_110725_467584_2daea7 | brand=Dollar (Forcenxt) | saved=14 | elapsed_label=1s | products_per_minute=965.82
2026-09-29 11:14:54 | INFO    | LISTING   | Listing Dollar (Forcenxt) route https://www.myntra.com/dollar-missy page 17 -> https://www.myntra.com/gateway/v4/search/dollar-missy?rows=50&o=800&plaEnabled=false&xdEnabled=false&isFacet=true&p=17 | run_id=run_20260929_110725_467584_2daea7 | brand=Dollar (Forcenxt) | page=17 | route=https://www.myntra.com/dollar-missy | seen=479 | expected=2173
2026-09-29 11:14:57 | INFO    | PDP       | Processed 40 target products for Dollar (Forcenxt) in 2s (1113.08 products/min). | run_id=run_20260929_110725_467584_2daea7 | brand=Dollar (Forcenxt) | saved=40 | elapsed_label=2s | products_per_minute=1113.08
2026-09-29 11:14:57 | INFO    | LISTING   | Listing Dollar (Forcenxt) route https://www.myntra.com/dollar-missy page 18 -> https://www.myntra.com/gateway/v4/search/dollar-missy?rows=50&o=850&plaEnabled=false&xdEnabled=false&isFacet=true&p=18 | run_id=run_20260929_110725_467584_2daea7 | brand=Dollar (Forcenxt) | page=18 | route=https://www.myntra.com/dollar-missy | seen=519 | expected=2173
2026-09-29 11:14:59 | INFO    | PDP       | Processed 38 target products for Dollar (Forcenxt) in 2s (1310.43 products/min). | run_id=run_20260929_110725_467584_2daea7 | brand=Dollar (Forcenxt) | saved=38 | elapsed_label=2s | products_per_minute=1310.43
2026-09-29 11:15:00 | INFO    | LISTING   | Listing Dollar (Forcenxt) route https://www.myntra.com/dollar-missy page 19 -> https://www.myntra.com/gateway/v4/search/dollar-missy?rows=50&o=900&plaEnabled=false&xdEnabled=false&isFacet=true&p=19 | run_id=run_20260929_110725_467584_2daea7 | brand=Dollar (Forcenxt) | page=19 | route=https://www.myntra.com/dollar-missy | seen=557 | expected=2173
2026-09-29 11:15:02 | INFO    | PDP       | Processed 42 target products for Dollar (Forcenxt) in 2s (1227.12 products/min). | run_id=run_20260929_110725_467584_2daea7 | brand=Dollar (Forcenxt) | saved=42 | elapsed_label=2s | products_per_minute=1227.12
2026-09-29 11:15:03 | INFO    | LISTING   | Listing Dollar (Forcenxt) route https://www.myntra.com/dollar-missy page 20 -> https://www.myntra.com/gateway/v4/search/dollar-missy?rows=50&o=950&plaEnabled=false&xdEnabled=false&isFacet=true&p=20 | run_id=run_20260929_110725_467584_2daea7 | brand=Dollar (Forcenxt) | page=20 | route=https://www.myntra.com/dollar-missy | seen=599 | expected=2173
2026-09-29 11:15:07 | INFO    | PDP       | Processed 49 target products for Dollar (Forcenxt) in 3s (857.35 products/min). | run_id=run_20260929_110725_467584_2daea7 | brand=Dollar (Forcenxt) | saved=49 | elapsed_label=3s | products_per_minute=857.35
2026-09-29 11:15:07 | INFO    | LISTING   | Listing Dollar (Forcenxt) route https://www.myntra.com/dollar-missy page 21 -> https://www.myntra.com/gateway/v4/search/dollar-missy?rows=50&o=1000&plaEnabled=false&xdEnabled=false&isFacet=true&p=21 | run_id=run_20260929_110725_467584_2daea7 | brand=Dollar (Forcenxt) | page=21 | route=https://www.myntra.com/dollar-missy | seen=648 | expected=2173
2026-09-29 11:15:11 | INFO    | PDP       | Processed 43 target products for Dollar (Forcenxt) in 3s (906.56 products/min). | run_id=run_20260929_110725_467584_2daea7 | brand=Dollar (Forcenxt) | saved=43 | elapsed_label=3s | products_per_minute=906.56
2026-09-29 11:15:11 | INFO    | LISTING   | Listing Dollar (Forcenxt) route https://www.myntra.com/dollar-missy page 22 -> https://www.myntra.com/gateway/v4/search/dollar-missy?rows=50&o=1050&plaEnabled=false&xdEnabled=false&isFacet=true&p=22 | run_id=run_20260929_110725_467584_2daea7 | brand=Dollar (Forcenxt) | page=22 | route=https://www.myntra.com/dollar-missy | seen=691 | expected=2173
2026-09-29 11:15:15 | INFO    | PDP       | Processed 43 target products for Dollar (Forcenxt) in 3s (908.98 products/min). | run_id=run_20260929_110725_467584_2daea7 | brand=Dollar (Forcenxt) | saved=43 | elapsed_label=3s | products_per_minute=908.98
2026-09-29 11:15:15 | INFO    | LISTING   | Listing Dollar (Forcenxt) route https://www.myntra.com/dollar-missy page 23 -> https://www.myntra.com/gateway/v4/search/dollar-missy?rows=50&o=1100&plaEnabled=false&xdEnabled=false&isFacet=true&p=23 | run_id=run_20260929_110725_467584_2daea7 | brand=Dollar (Forcenxt) | page=23 | route=https://www.myntra.com/dollar-missy | seen=734 | expected=2173
2026-09-29 11:15:17 | INFO    | PDP       | Processed 14 target products for Dollar (Forcenxt) in 2s (493.88 products/min). | run_id=run_20260929_110725_467584_2daea7 | brand=Dollar (Forcenxt) | saved=14 | elapsed_label=2s | products_per_minute=493.88
2026-09-29 11:15:17 | INFO    | LISTING   | Listing Dollar (Forcenxt) route https://www.myntra.com/dollar-missy page 24 -> https://www.myntra.com/gateway/v4/search/dollar-missy?rows=50&o=1150&plaEnabled=false&xdEnabled=false&isFacet=true&p=24 | run_id=run_20260929_110725_467584_2daea7 | brand=Dollar (Forcenxt) | page=24 | route=https://www.myntra.com/dollar-missy | seen=748 | expected=2173
2026-09-29 11:15:19 | INFO    | PDP       | Processed 10 target products for Dollar (Forcenxt) in 1s (408.6 products/min). | run_id=run_20260929_110725_467584_2daea7 | brand=Dollar (Forcenxt) | saved=10 | elapsed_label=1s | products_per_minute=408.6
2026-09-29 11:15:19 | INFO    | LISTING   | Listing Dollar (Forcenxt) route https://www.myntra.com/dollar-missy page 25 -> https://www.myntra.com/gateway/v4/search/dollar-missy?rows=50&o=1200&plaEnabled=false&xdEnabled=false&isFacet=true&p=25 | run_id=run_20260929_110725_467584_2daea7 | brand=Dollar (Forcenxt) | page=25 | route=https://www.myntra.com/dollar-missy | seen=758 | expected=2173
2026-09-29 11:15:22 | INFO    | PDP       | Processed 21 target products for Dollar (Forcenxt) in 2s (700.48 products/min). | run_id=run_20260929_110725_467584_2daea7 | brand=Dollar (Forcenxt) | saved=21 | elapsed_label=2s | products_per_minute=700.48
2026-09-29 11:15:22 | INFO    | LISTING   | Listing Dollar (Forcenxt) route https://www.myntra.com/dollar-missy page 26 -> https://www.myntra.com/gateway/v4/search/dollar-missy?rows=50&o=1250&plaEnabled=false&xdEnabled=false&isFacet=true&p=26 | run_id=run_20260929_110725_467584_2daea7 | brand=Dollar (Forcenxt) | page=26 | route=https://www.myntra.com/dollar-missy | seen=779 | expected=2173
2026-09-29 11:15:24 | INFO    | PDP       | Processed 21 target products for Dollar (Forcenxt) in 1s (1131.29 products/min). | run_id=run_20260929_110725_467584_2daea7 | brand=Dollar (Forcenxt) | saved=21 | elapsed_label=1s | products_per_minute=1131.29
2026-09-29 11:15:24 | INFO    | LISTING   | Listing Dollar (Forcenxt) route https://www.myntra.com/dollar-missy page 27 -> https://www.myntra.com/gateway/v4/search/dollar-missy?rows=50&o=1300&plaEnabled=false&xdEnabled=false&isFacet=true&p=27 | run_id=run_20260929_110725_467584_2daea7 | brand=Dollar (Forcenxt) | page=27 | route=https://www.myntra.com/dollar-missy | seen=800 | expected=2173
2026-09-29 11:15:25 | INFO    | PDP       | Processed 11 target products for Dollar (Forcenxt) in 1s (871.05 products/min). | run_id=run_20260929_110725_467584_2daea7 | brand=Dollar (Forcenxt) | saved=11 | elapsed_label=1s | products_per_minute=871.05
2026-09-29 11:15:25 | INFO    | LISTING   | Listing Dollar (Forcenxt) route https://www.myntra.com/dollar-missy page 28 -> https://www.myntra.com/gateway/v4/search/dollar-missy?rows=50&o=1350&plaEnabled=false&xdEnabled=false&isFacet=true&p=28 | run_id=run_20260929_110725_467584_2daea7 | brand=Dollar (Forcenxt) | page=28 | route=https://www.myntra.com/dollar-missy | seen=811 | expected=2173
2026-09-29 11:15:28 | INFO    | PDP       | Processed 50 target products for Dollar (Forcenxt) in 2s (1316.27 products/min). | run_id=run_20260929_110725_467584_2daea7 | brand=Dollar (Forcenxt) | saved=50 | elapsed_label=2s | products_per_minute=1316.27
2026-09-29 11:15:29 | INFO    | LISTING   | Listing Dollar (Forcenxt) route https://www.myntra.com/dollar-missy page 29 -> https://www.myntra.com/gateway/v4/search/dollar-missy?rows=50&o=1400&plaEnabled=false&xdEnabled=false&isFacet=true&p=29 | run_id=run_20260929_110725_467584_2daea7 | brand=Dollar (Forcenxt) | page=29 | route=https://www.myntra.com/dollar-missy | seen=861 | expected=2173
2026-09-29 11:15:32 | INFO    | PDP       | Processed 46 target products for Dollar (Forcenxt) in 2s (1182.67 products/min). | run_id=run_20260929_110725_467584_2daea7 | brand=Dollar (Forcenxt) | saved=46 | elapsed_label=2s | products_per_minute=1182.67
2026-09-29 11:15:32 | INFO    | LISTING   | Listing Dollar (Forcenxt) route https://www.myntra.com/dollar-missy page 30 -> https://www.myntra.com/gateway/v4/search/dollar-missy?rows=50&o=1450&plaEnabled=false&xdEnabled=false&isFacet=true&p=30 | run_id=run_20260929_110725_467584_2daea7 | brand=Dollar (Forcenxt) | page=30 | route=https://www.myntra.com/dollar-missy | seen=907 | expected=2173
2026-09-29 11:15:35 | INFO    | PDP       | Processed 50 target products for Dollar (Forcenxt) in 2s (1286.07 products/min). | run_id=run_20260929_110725_467584_2daea7 | brand=Dollar (Forcenxt) | saved=50 | elapsed_label=2s | products_per_minute=1286.07
2026-09-29 11:15:35 | INFO    | LISTING   | Listing Dollar (Forcenxt) route https://www.myntra.com/dollar-missy page 31 -> https://www.myntra.com/gateway/v4/search/dollar-missy?rows=50&o=1500&plaEnabled=false&xdEnabled=false&isFacet=true&p=31 | run_id=run_20260929_110725_467584_2daea7 | brand=Dollar (Forcenxt) | page=31 | route=https://www.myntra.com/dollar-missy | seen=957 | expected=2173
2026-09-29 11:15:38 | INFO    | PDP       | Processed 50 target products for Dollar (Forcenxt) in 2s (1282.53 products/min). | run_id=run_20260929_110725_467584_2daea7 | brand=Dollar (Forcenxt) | saved=50 | elapsed_label=2s | products_per_minute=1282.53
2026-09-29 11:15:38 | INFO    | LISTING   | Listing Dollar (Forcenxt) route https://www.myntra.com/dollar-missy page 32 -> https://www.myntra.com/gateway/v4/search/dollar-missy?rows=50&o=1550&plaEnabled=false&xdEnabled=false&isFacet=true&p=32 | run_id=run_20260929_110725_467584_2daea7 | brand=Dollar (Forcenxt) | page=32 | route=https://www.myntra.com/dollar-missy | seen=1007 | expected=2173
2026-09-29 11:15:41 | INFO    | PDP       | Processed 46 target products for Dollar (Forcenxt) in 2s (1225.59 products/min). | run_id=run_20260929_110725_467584_2daea7 | brand=Dollar (Forcenxt) | saved=46 | elapsed_label=2s | products_per_minute=1225.59
2026-09-29 11:15:41 | INFO    | LISTING   | Listing Dollar (Forcenxt) route https://www.myntra.com/dollar-missy page 33 -> https://www.myntra.com/gateway/v4/search/dollar-missy?rows=50&o=1600&plaEnabled=false&xdEnabled=false&isFacet=true&p=33 | run_id=run_20260929_110725_467584_2daea7 | brand=Dollar (Forcenxt) | page=33 | route=https://www.myntra.com/dollar-missy | seen=1053 | expected=2173
2026-09-29 11:15:44 | INFO    | PDP       | Processed 49 target products for Dollar (Forcenxt) in 2s (1317.76 products/min). | run_id=run_20260929_110725_467584_2daea7 | brand=Dollar (Forcenxt) | saved=49 | elapsed_label=2s | products_per_minute=1317.76
2026-09-29 11:15:44 | INFO    | LISTING   | Listing Dollar (Forcenxt) route https://www.myntra.com/dollar-missy page 34 -> https://www.myntra.com/gateway/v4/search/dollar-missy?rows=50&o=1650&plaEnabled=false&xdEnabled=false&isFacet=true&p=34 | run_id=run_20260929_110725_467584_2daea7 | brand=Dollar (Forcenxt) | page=34 | route=https://www.myntra.com/dollar-missy | seen=1102 | expected=2173
2026-09-29 11:15:48 | INFO    | PDP       | Processed 50 target products for Dollar (Forcenxt) in 3s (996.15 products/min). | run_id=run_20260929_110725_467584_2daea7 | brand=Dollar (Forcenxt) | saved=50 | elapsed_label=3s | products_per_minute=996.15
2026-09-29 11:15:48 | INFO    | LISTING   | Listing Dollar (Forcenxt) route https://www.myntra.com/dollar-missy page 35 -> https://www.myntra.com/gateway/v4/search/dollar-missy?rows=50&o=1700&plaEnabled=false&xdEnabled=false&isFacet=true&p=35 | run_id=run_20260929_110725_467584_2daea7 | brand=Dollar (Forcenxt) | page=35 | route=https://www.myntra.com/dollar-missy | seen=1152 | expected=2173
2026-09-29 11:15:54 | INFO    | PDP       | Processed 48 target products for Dollar (Forcenxt) in 4s (756.76 products/min). | run_id=run_20260929_110725_467584_2daea7 | brand=Dollar (Forcenxt) | saved=48 | elapsed_label=4s | products_per_minute=756.76
2026-09-29 11:15:54 | INFO    | LISTING   | Listing Dollar (Forcenxt) route https://www.myntra.com/dollar-missy page 36 -> https://www.myntra.com/gateway/v4/search/dollar-missy?rows=50&o=1750&plaEnabled=false&xdEnabled=false&isFacet=true&p=36 | run_id=run_20260929_110725_467584_2daea7 | brand=Dollar (Forcenxt) | page=36 | route=https://www.myntra.com/dollar-missy | seen=1200 | expected=2173
2026-09-29 11:15:58 | INFO    | PDP       | Processed 48 target products for Dollar (Forcenxt) in 3s (911.05 products/min). | run_id=run_20260929_110725_467584_2daea7 | brand=Dollar (Forcenxt) | saved=48 | elapsed_label=3s | products_per_minute=911.05
2026-09-29 11:15:58 | INFO    | LISTING   | Listing Dollar (Forcenxt) route https://www.myntra.com/dollar-missy page 37 -> https://www.myntra.com/gateway/v4/search/dollar-missy?rows=50&o=1800&plaEnabled=false&xdEnabled=false&isFacet=true&p=37 | run_id=run_20260929_110725_467584_2daea7 | brand=Dollar (Forcenxt) | page=37 | route=https://www.myntra.com/dollar-missy | seen=1248 | expected=2173
2026-09-29 11:16:02 | INFO    | PDP       | Processed 41 target products for Dollar (Forcenxt) in 3s (811.98 products/min). | run_id=run_20260929_110725_467584_2daea7 | brand=Dollar (Forcenxt) | saved=41 | elapsed_label=3s | products_per_minute=811.98
2026-09-29 11:16:02 | INFO    | LISTING   | Listing Dollar (Forcenxt) route https://www.myntra.com/dollar-missy page 38 -> https://www.myntra.com/gateway/v4/search/dollar-missy?rows=50&o=1850&plaEnabled=false&xdEnabled=false&isFacet=true&p=38 | run_id=run_20260929_110725_467584_2daea7 | brand=Dollar (Forcenxt) | page=38 | route=https://www.myntra.com/dollar-missy | seen=1289 | expected=2173
2026-09-29 11:16:06 | INFO    | PDP       | Processed 47 target products for Dollar (Forcenxt) in 3s (922.61 products/min). | run_id=run_20260929_110725_467584_2daea7 | brand=Dollar (Forcenxt) | saved=47 | elapsed_label=3s | products_per_minute=922.61
2026-09-29 11:16:06 | INFO    | LISTING   | Listing Dollar (Forcenxt) route https://www.myntra.com/dollar-missy page 39 -> https://www.myntra.com/gateway/v4/search/dollar-missy?rows=50&o=1900&plaEnabled=false&xdEnabled=false&isFacet=true&p=39 | run_id=run_20260929_110725_467584_2daea7 | brand=Dollar (Forcenxt) | page=39 | route=https://www.myntra.com/dollar-missy | seen=1336 | expected=2173
2026-09-29 11:16:10 | INFO    | PDP       | Processed 39 target products for Dollar (Forcenxt) in 3s (777.65 products/min). | run_id=run_20260929_110725_467584_2daea7 | brand=Dollar (Forcenxt) | saved=39 | elapsed_label=3s | products_per_minute=777.65
2026-09-29 11:16:10 | INFO    | LISTING   | Listing Dollar (Forcenxt) route https://www.myntra.com/dollar-missy page 40 -> https://www.myntra.com/gateway/v4/search/dollar-missy?rows=50&o=1950&plaEnabled=false&xdEnabled=false&isFacet=true&p=40 | run_id=run_20260929_110725_467584_2daea7 | brand=Dollar (Forcenxt) | page=40 | route=https://www.myntra.com/dollar-missy | seen=1375 | expected=2173
2026-09-29 11:16:14 | INFO    | PDP       | Processed 40 target products for Dollar (Forcenxt) in 3s (871.51 products/min). | run_id=run_20260929_110725_467584_2daea7 | brand=Dollar (Forcenxt) | saved=40 | elapsed_label=3s | products_per_minute=871.51
2026-09-29 11:16:14 | INFO    | LISTING   | Listing Dollar (Forcenxt) route https://www.myntra.com/dollar-missy page 41 -> https://www.myntra.com/gateway/v4/search/dollar-missy?rows=50&o=2000&plaEnabled=false&xdEnabled=false&isFacet=true&p=41 | run_id=run_20260929_110725_467584_2daea7 | brand=Dollar (Forcenxt) | page=41 | route=https://www.myntra.com/dollar-missy | seen=1415 | expected=2173
2026-09-29 11:16:18 | INFO    | PDP       | Processed 38 target products for Dollar (Forcenxt) in 3s (781.47 products/min). | run_id=run_20260929_110725_467584_2daea7 | brand=Dollar (Forcenxt) | saved=38 | elapsed_label=3s | products_per_minute=781.47
2026-09-29 11:16:18 | INFO    | LISTING   | Listing Dollar (Forcenxt) route https://www.myntra.com/dollar-missy page 42 -> https://www.myntra.com/gateway/v4/search/dollar-missy?rows=50&o=2050&plaEnabled=false&xdEnabled=false&isFacet=true&p=42 | run_id=run_20260929_110725_467584_2daea7 | brand=Dollar (Forcenxt) | page=42 | route=https://www.myntra.com/dollar-missy | seen=1453 | expected=2173
2026-09-29 11:16:22 | INFO    | PDP       | Processed 38 target products for Dollar (Forcenxt) in 3s (835.7 products/min). | run_id=run_20260929_110725_467584_2daea7 | brand=Dollar (Forcenxt) | saved=38 | elapsed_label=3s | products_per_minute=835.7
2026-09-29 11:16:22 | INFO    | LISTING   | Listing Dollar (Forcenxt) route https://www.myntra.com/dollar-missy page 43 -> https://www.myntra.com/gateway/v4/search/dollar-missy?rows=50&o=2100&plaEnabled=false&xdEnabled=false&isFacet=true&p=43 | run_id=run_20260929_110725_467584_2daea7 | brand=Dollar (Forcenxt) | page=43 | route=https://www.myntra.com/dollar-missy | seen=1491 | expected=2173
2026-09-29 11:16:25 | INFO    | PDP       | Processed 45 target products for Dollar (Forcenxt) in 3s (939.76 products/min). | run_id=run_20260929_110725_467584_2daea7 | brand=Dollar (Forcenxt) | saved=45 | elapsed_label=3s | products_per_minute=939.76
2026-09-29 11:16:26 | INFO    | LISTING   | Listing Dollar (Forcenxt) route https://www.myntra.com/dollar-missy page 44 -> https://www.myntra.com/gateway/v4/search/dollar-missy?rows=50&o=2150&plaEnabled=false&xdEnabled=false&isFacet=true&p=44 | run_id=run_20260929_110725_467584_2daea7 | brand=Dollar (Forcenxt) | page=44 | route=https://www.myntra.com/dollar-missy | seen=1536 | expected=2173
2026-09-29 11:16:28 | INFO    | PDP       | Processed 19 target products for Dollar (Forcenxt) in 2s (591.68 products/min). | run_id=run_20260929_110725_467584_2daea7 | brand=Dollar (Forcenxt) | saved=19 | elapsed_label=2s | products_per_minute=591.68
2026-09-29 11:16:28 | INFO    | LISTING   | Listing Dollar (Forcenxt) route https://www.myntra.com/dollar-missy page 45 -> https://www.myntra.com/gateway/v4/search/dollar-missy?rows=50&o=2200&plaEnabled=false&xdEnabled=false&isFacet=true&p=45 | run_id=run_20260929_110725_467584_2daea7 | brand=Dollar (Forcenxt) | page=45 | route=https://www.myntra.com/dollar-missy | seen=1555 | expected=2173
2026-09-29 11:16:29 | WARNING | LISTING   | Empty listing page for Dollar (Forcenxt) on page 45 before expected end; continuing. | run_id=run_20260929_110725_467584_2daea7 | brand=Dollar (Forcenxt) | page=45 | route=https://www.myntra.com/dollar-missy
2026-09-29 11:16:29 | INFO    | LISTING   | Listing Dollar (Forcenxt) route https://www.myntra.com/dollar-missy page 46 -> https://www.myntra.com/gateway/v4/search/dollar-missy?rows=50&o=2250&plaEnabled=false&xdEnabled=false&isFacet=true&p=46 | run_id=run_20260929_110725_467584_2daea7 | brand=Dollar (Forcenxt) | page=46 | route=https://www.myntra.com/dollar-missy | seen=1555 | expected=2173
2026-09-29 11:16:29 | WARNING | NETWORK   | JSON request failed for https://www.myntra.com/gateway/v4/search/dollar-missy?rows=50&o=2250&plaEnabled=false&xdEnabled=false&isFacet=true&p=46 on attempt 1/3: HTTP Error 400:  | run_id=run_20260929_110725_467584_2daea7 | route=https://www.myntra.com/gateway/v4/search/dollar-missy?rows=50&o=2250&plaEnabled=false&xdEnabled=false&isFacet=true&p=46 | attempt=1/3
2026-09-29 11:16:31 | WARNING | NETWORK   | JSON request failed for https://www.myntra.com/gateway/v4/search/dollar-missy?rows=50&o=2250&plaEnabled=false&xdEnabled=false&isFacet=true&p=46 on attempt 2/3: HTTP Error 400:  | run_id=run_20260929_110725_467584_2daea7 | route=https://www.myntra.com/gateway/v4/search/dollar-missy?rows=50&o=2250&plaEnabled=false&xdEnabled=false&isFacet=true&p=46 | attempt=2/3
2026-09-29 11:16:34 | WARNING | NETWORK   | JSON request failed for https://www.myntra.com/gateway/v4/search/dollar-missy?rows=50&o=2250&plaEnabled=false&xdEnabled=false&isFacet=true&p=46 on attempt 3/3: HTTP Error 400:  | run_id=run_20260929_110725_467584_2daea7 | route=https://www.myntra.com/gateway/v4/search/dollar-missy?rows=50&o=2250&plaEnabled=false&xdEnabled=false&isFacet=true&p=46 | attempt=3/3
2026-09-29 11:16:35 | WARNING | NETWORK   | JSON request failed for https://www.myntra.com/gateway/v4/search/dollar-missy?rows=50&o=2249&plaEnabled=false&xdEnabled=false&isFacet=true&p=46 on attempt 1/3: HTTP Error 400:  | run_id=run_20260929_110725_467584_2daea7 | route=https://www.myntra.com/gateway/v4/search/dollar-missy?rows=50&o=2249&plaEnabled=false&xdEnabled=false&isFacet=true&p=46 | attempt=1/3
2026-09-29 11:16:37 | WARNING | NETWORK   | JSON request failed for https://www.myntra.com/gateway/v4/search/dollar-missy?rows=50&o=2249&plaEnabled=false&xdEnabled=false&isFacet=true&p=46 on attempt 2/3: HTTP Error 400:  | run_id=run_20260929_110725_467584_2daea7 | route=https://www.myntra.com/gateway/v4/search/dollar-missy?rows=50&o=2249&plaEnabled=false&xdEnabled=false&isFacet=true&p=46 | attempt=2/3
2026-09-29 11:16:39 | WARNING | NETWORK   | JSON request failed for https://www.myntra.com/gateway/v4/search/dollar-missy?rows=50&o=2249&plaEnabled=false&xdEnabled=false&isFacet=true&p=46 on attempt 3/3: HTTP Error 400:  | run_id=run_20260929_110725_467584_2daea7 | route=https://www.myntra.com/gateway/v4/search/dollar-missy?rows=50&o=2249&plaEnabled=false&xdEnabled=false&isFacet=true&p=46 | attempt=3/3
2026-09-29 11:16:39 | WARNING | LISTING   | Route fetch failed for https://www.myntra.com/dollar-missy page 46 (Failed to fetch JSON payload from https://www.myntra.com/gateway/v4/search/dollar-missy?rows=50&o=2249&plaEnabled=false&xdEnabled=false&isFacet=true&p=46: HTTP Error 400: ). Will retry with another pass or fallback route. | run_id=run_20260929_110725_467584_2daea7 | brand=Dollar (Forcenxt) | page=46 | route=https://www.myntra.com/dollar-missy
2026-09-29 11:16:39 | WARNING | LISTING   | Retrying route https://www.myntra.com/dollar-missy for Dollar (Forcenxt) (pass 1/2) after incomplete coverage: 1555/2173 unique products seen. | run_id=run_20260929_110725_467584_2daea7 | brand=Dollar (Forcenxt) | route=https://www.myntra.com/dollar-missy | seen=1555 | expected=2173 | attempt=1/2
2026-09-29 11:16:39 | INFO    | LISTING   | Listing Dollar (Forcenxt) route https://www.myntra.com/dollar-missy page 1 -> https://www.myntra.com/gateway/v4/search/dollar-missy?rows=50&o=0&plaEnabled=false&xdEnabled=false&isFacet=true&p=1 | run_id=run_20260929_110725_467584_2daea7 | brand=Dollar (Forcenxt) | page=1 | route=https://www.myntra.com/dollar-missy | seen=1555 | expected=2173
2026-09-29 11:16:42 | INFO    | LISTING   | Listing Dollar (Forcenxt) route https://www.myntra.com/dollar-missy page 2 -> https://www.myntra.com/gateway/v4/search/dollar-missy?rows=50&o=50&plaEnabled=false&xdEnabled=false&isFacet=true&p=2 | run_id=run_20260929_110725_467584_2daea7 | brand=Dollar (Forcenxt) | page=2 | route=https://www.myntra.com/dollar-missy | seen=1555 | expected=2173
2026-09-29 11:16:43 | INFO    | LISTING   | Listing Dollar (Forcenxt) route https://www.myntra.com/dollar-missy page 3 -> https://www.myntra.com/gateway/v4/search/dollar-missy?rows=50&o=100&plaEnabled=false&xdEnabled=false&isFacet=true&p=3 | run_id=run_20260929_110725_467584_2daea7 | brand=Dollar (Forcenxt) | page=3 | route=https://www.myntra.com/dollar-missy | seen=1555 | expected=2173
2026-09-29 11:16:44 | WARNING | LISTING   | Route https://www.myntra.com/dollar-missy for Dollar (Forcenxt) stalled for 3 consecutive pages before reaching expected total; restarting route pass. | run_id=run_20260929_110725_467584_2daea7 | brand=Dollar (Forcenxt) | page=3 | route=https://www.myntra.com/dollar-missy | seen=1555 | expected=2173
2026-09-29 11:16:44 | WARNING | LISTING   | Retrying route https://www.myntra.com/dollar-missy for Dollar (Forcenxt) (pass 2/2) after incomplete coverage: 1555/2173 unique products seen. | run_id=run_20260929_110725_467584_2daea7 | brand=Dollar (Forcenxt) | route=https://www.myntra.com/dollar-missy | seen=1555 | expected=2173 | attempt=2/2
2026-09-29 11:16:44 | INFO    | LISTING   | Listing Dollar (Forcenxt) route https://www.myntra.com/dollar-missy page 1 -> https://www.myntra.com/gateway/v4/search/dollar-missy?rows=50&o=0&plaEnabled=false&xdEnabled=false&isFacet=true&p=1 | run_id=run_20260929_110725_467584_2daea7 | brand=Dollar (Forcenxt) | page=1 | route=https://www.myntra.com/dollar-missy | seen=1555 | expected=2173
2026-09-29 11:16:45 | INFO    | LISTING   | Listing Dollar (Forcenxt) route https://www.myntra.com/dollar-missy page 2 -> https://www.myntra.com/gateway/v4/search/dollar-missy?rows=50&o=50&plaEnabled=false&xdEnabled=false&isFacet=true&p=2 | run_id=run_20260929_110725_467584_2daea7 | brand=Dollar (Forcenxt) | page=2 | route=https://www.myntra.com/dollar-missy | seen=1555 | expected=2173
2026-09-29 11:16:45 | INFO    | LISTING   | Listing Dollar (Forcenxt) route https://www.myntra.com/dollar-missy page 3 -> https://www.myntra.com/gateway/v4/search/dollar-missy?rows=50&o=100&plaEnabled=false&xdEnabled=false&isFacet=true&p=3 | run_id=run_20260929_110725_467584_2daea7 | brand=Dollar (Forcenxt) | page=3 | route=https://www.myntra.com/dollar-missy | seen=1555 | expected=2173
2026-09-29 11:16:46 | WARNING | LISTING   | Route https://www.myntra.com/dollar-missy for Dollar (Forcenxt) stalled for 3 consecutive pages before reaching expected total; restarting route pass. | run_id=run_20260929_110725_467584_2daea7 | brand=Dollar (Forcenxt) | page=3 | route=https://www.myntra.com/dollar-missy | seen=1555 | expected=2173
2026-09-29 11:16:46 | INFO    | LISTING   | Listing Dollar (Forcenxt) route https://www.myntra.com/dollar-bigboss page 1 -> https://www.myntra.com/gateway/v4/search/dollar-bigboss?rows=50&o=0&plaEnabled=false&xdEnabled=false&isFacet=true&p=1 | run_id=run_20260929_110725_467584_2daea7 | brand=Dollar (Forcenxt) | page=1 | route=https://www.myntra.com/dollar-bigboss | seen=0 | expected=1288
2026-09-29 11:16:49 | INFO    | PDP       | Processed 50 target products for Dollar (Forcenxt) in 2s (1326.56 products/min). | run_id=run_20260929_110725_467584_2daea7 | brand=Dollar (Forcenxt) | saved=50 | elapsed_label=2s | products_per_minute=1326.56
2026-09-29 11:16:50 | INFO    | LISTING   | Listing Dollar (Forcenxt) route https://www.myntra.com/dollar-bigboss page 2 -> https://www.myntra.com/gateway/v4/search/dollar-bigboss?rows=50&o=50&plaEnabled=false&xdEnabled=false&isFacet=true&p=2 | run_id=run_20260929_110725_467584_2daea7 | brand=Dollar (Forcenxt) | page=2 | route=https://www.myntra.com/dollar-bigboss | seen=50 | expected=1288
2026-09-29 11:16:53 | INFO    | PDP       | Processed 49 target products for Dollar (Forcenxt) in 2s (1276.1 products/min). | run_id=run_20260929_110725_467584_2daea7 | brand=Dollar (Forcenxt) | saved=49 | elapsed_label=2s | products_per_minute=1276.1
2026-09-29 11:16:53 | INFO    | LISTING   | Listing Dollar (Forcenxt) route https://www.myntra.com/dollar-bigboss page 3 -> https://www.myntra.com/gateway/v4/search/dollar-bigboss?rows=50&o=100&plaEnabled=false&xdEnabled=false&isFacet=true&p=3 | run_id=run_20260929_110725_467584_2daea7 | brand=Dollar (Forcenxt) | page=3 | route=https://www.myntra.com/dollar-bigboss | seen=99 | expected=1288
2026-09-29 11:16:56 | INFO    | PDP       | Processed 50 target products for Dollar (Forcenxt) in 3s (1197.56 products/min). | run_id=run_20260929_110725_467584_2daea7 | brand=Dollar (Forcenxt) | saved=50 | elapsed_label=3s | products_per_minute=1197.56
2026-09-29 11:16:56 | INFO    | LISTING   | Listing Dollar (Forcenxt) route https://www.myntra.com/dollar-bigboss page 4 -> https://www.myntra.com/gateway/v4/search/dollar-bigboss?rows=50&o=150&plaEnabled=false&xdEnabled=false&isFacet=true&p=4 | run_id=run_20260929_110725_467584_2daea7 | brand=Dollar (Forcenxt) | page=4 | route=https://www.myntra.com/dollar-bigboss | seen=149 | expected=1288
2026-09-29 11:16:59 | INFO    | PDP       | Processed 49 target products for Dollar (Forcenxt) in 2s (1287.14 products/min). | run_id=run_20260929_110725_467584_2daea7 | brand=Dollar (Forcenxt) | saved=49 | elapsed_label=2s | products_per_minute=1287.14
2026-09-29 11:16:59 | INFO    | LISTING   | Listing Dollar (Forcenxt) route https://www.myntra.com/dollar-bigboss page 5 -> https://www.myntra.com/gateway/v4/search/dollar-bigboss?rows=50&o=200&plaEnabled=false&xdEnabled=false&isFacet=true&p=5 | run_id=run_20260929_110725_467584_2daea7 | brand=Dollar (Forcenxt) | page=5 | route=https://www.myntra.com/dollar-bigboss | seen=198 | expected=1288
2026-09-29 11:17:02 | INFO    | PDP       | Processed 50 target products for Dollar (Forcenxt) in 2s (1298.13 products/min). | run_id=run_20260929_110725_467584_2daea7 | brand=Dollar (Forcenxt) | saved=50 | elapsed_label=2s | products_per_minute=1298.13
2026-09-29 11:17:03 | INFO    | LISTING   | Listing Dollar (Forcenxt) route https://www.myntra.com/dollar-bigboss page 6 -> https://www.myntra.com/gateway/v4/search/dollar-bigboss?rows=50&o=250&plaEnabled=false&xdEnabled=false&isFacet=true&p=6 | run_id=run_20260929_110725_467584_2daea7 | brand=Dollar (Forcenxt) | page=6 | route=https://www.myntra.com/dollar-bigboss | seen=248 | expected=1288
2026-09-29 11:17:06 | INFO    | PDP       | Processed 49 target products for Dollar (Forcenxt) in 3s (1155.01 products/min). | run_id=run_20260929_110725_467584_2daea7 | brand=Dollar (Forcenxt) | saved=49 | elapsed_label=3s | products_per_minute=1155.01
2026-09-29 11:17:06 | INFO    | LISTING   | Listing Dollar (Forcenxt) route https://www.myntra.com/dollar-bigboss page 7 -> https://www.myntra.com/gateway/v4/search/dollar-bigboss?rows=50&o=300&plaEnabled=false&xdEnabled=false&isFacet=true&p=7 | run_id=run_20260929_110725_467584_2daea7 | brand=Dollar (Forcenxt) | page=7 | route=https://www.myntra.com/dollar-bigboss | seen=297 | expected=1288
2026-09-29 11:17:09 | INFO    | PDP       | Processed 50 target products for Dollar (Forcenxt) in 2s (1370.27 products/min). | run_id=run_20260929_110725_467584_2daea7 | brand=Dollar (Forcenxt) | saved=50 | elapsed_label=2s | products_per_minute=1370.27
2026-09-29 11:17:09 | INFO    | LISTING   | Listing Dollar (Forcenxt) route https://www.myntra.com/dollar-bigboss page 8 -> https://www.myntra.com/gateway/v4/search/dollar-bigboss?rows=50&o=350&plaEnabled=false&xdEnabled=false&isFacet=true&p=8 | run_id=run_20260929_110725_467584_2daea7 | brand=Dollar (Forcenxt) | page=8 | route=https://www.myntra.com/dollar-bigboss | seen=347 | expected=1288
2026-09-29 11:17:12 | INFO    | PDP       | Processed 50 target products for Dollar (Forcenxt) in 2s (1349.92 products/min). | run_id=run_20260929_110725_467584_2daea7 | brand=Dollar (Forcenxt) | saved=50 | elapsed_label=2s | products_per_minute=1349.92
2026-09-29 11:17:12 | INFO    | LISTING   | Listing Dollar (Forcenxt) route https://www.myntra.com/dollar-bigboss page 9 -> https://www.myntra.com/gateway/v4/search/dollar-bigboss?rows=50&o=400&plaEnabled=false&xdEnabled=false&isFacet=true&p=9 | run_id=run_20260929_110725_467584_2daea7 | brand=Dollar (Forcenxt) | page=9 | route=https://www.myntra.com/dollar-bigboss | seen=397 | expected=1288
2026-09-29 11:17:15 | INFO    | PDP       | Processed 50 target products for Dollar (Forcenxt) in 2s (1301.62 products/min). | run_id=run_20260929_110725_467584_2daea7 | brand=Dollar (Forcenxt) | saved=50 | elapsed_label=2s | products_per_minute=1301.62
2026-09-29 11:17:15 | INFO    | LISTING   | Listing Dollar (Forcenxt) route https://www.myntra.com/dollar-bigboss page 10 -> https://www.myntra.com/gateway/v4/search/dollar-bigboss?rows=50&o=450&plaEnabled=false&xdEnabled=false&isFacet=true&p=10 | run_id=run_20260929_110725_467584_2daea7 | brand=Dollar (Forcenxt) | page=10 | route=https://www.myntra.com/dollar-bigboss | seen=447 | expected=1288
2026-09-29 11:17:18 | INFO    | PDP       | Processed 49 target products for Dollar (Forcenxt) in 2s (1391.34 products/min). | run_id=run_20260929_110725_467584_2daea7 | brand=Dollar (Forcenxt) | saved=49 | elapsed_label=2s | products_per_minute=1391.34
2026-09-29 11:17:18 | INFO    | LISTING   | Listing Dollar (Forcenxt) route https://www.myntra.com/dollar-bigboss page 11 -> https://www.myntra.com/gateway/v4/search/dollar-bigboss?rows=50&o=500&plaEnabled=false&xdEnabled=false&isFacet=true&p=11 | run_id=run_20260929_110725_467584_2daea7 | brand=Dollar (Forcenxt) | page=11 | route=https://www.myntra.com/dollar-bigboss | seen=496 | expected=1288
2026-09-29 11:17:21 | INFO    | PDP       | Processed 50 target products for Dollar (Forcenxt) in 2s (1392.2 products/min). | run_id=run_20260929_110725_467584_2daea7 | brand=Dollar (Forcenxt) | saved=50 | elapsed_label=2s | products_per_minute=1392.2
2026-09-29 11:17:21 | INFO    | LISTING   | Listing Dollar (Forcenxt) route https://www.myntra.com/dollar-bigboss page 12 -> https://www.myntra.com/gateway/v4/search/dollar-bigboss?rows=50&o=550&plaEnabled=false&xdEnabled=false&isFacet=true&p=12 | run_id=run_20260929_110725_467584_2daea7 | brand=Dollar (Forcenxt) | page=12 | route=https://www.myntra.com/dollar-bigboss | seen=546 | expected=1288
2026-09-29 11:17:24 | INFO    | PDP       | Processed 50 target products for Dollar (Forcenxt) in 2s (1380.9 products/min). | run_id=run_20260929_110725_467584_2daea7 | brand=Dollar (Forcenxt) | saved=50 | elapsed_label=2s | products_per_minute=1380.9
2026-09-29 11:17:24 | INFO    | LISTING   | Listing Dollar (Forcenxt) route https://www.myntra.com/dollar-bigboss page 13 -> https://www.myntra.com/gateway/v4/search/dollar-bigboss?rows=50&o=600&plaEnabled=false&xdEnabled=false&isFacet=true&p=13 | run_id=run_20260929_110725_467584_2daea7 | brand=Dollar (Forcenxt) | page=13 | route=https://www.myntra.com/dollar-bigboss | seen=596 | expected=1288
2026-09-29 11:17:27 | INFO    | PDP       | Processed 50 target products for Dollar (Forcenxt) in 2s (1276.1 products/min). | run_id=run_20260929_110725_467584_2daea7 | brand=Dollar (Forcenxt) | saved=50 | elapsed_label=2s | products_per_minute=1276.1
2026-09-29 11:17:27 | INFO    | LISTING   | Listing Dollar (Forcenxt) route https://www.myntra.com/dollar-bigboss page 14 -> https://www.myntra.com/gateway/v4/search/dollar-bigboss?rows=50&o=650&plaEnabled=false&xdEnabled=false&isFacet=true&p=14 | run_id=run_20260929_110725_467584_2daea7 | brand=Dollar (Forcenxt) | page=14 | route=https://www.myntra.com/dollar-bigboss | seen=646 | expected=1288
2026-09-29 11:17:30 | INFO    | PDP       | Processed 50 target products for Dollar (Forcenxt) in 2s (1318.34 products/min). | run_id=run_20260929_110725_467584_2daea7 | brand=Dollar (Forcenxt) | saved=50 | elapsed_label=2s | products_per_minute=1318.34
2026-09-29 11:17:30 | INFO    | LISTING   | Listing Dollar (Forcenxt) route https://www.myntra.com/dollar-bigboss page 15 -> https://www.myntra.com/gateway/v4/search/dollar-bigboss?rows=50&o=700&plaEnabled=false&xdEnabled=false&isFacet=true&p=15 | run_id=run_20260929_110725_467584_2daea7 | brand=Dollar (Forcenxt) | page=15 | route=https://www.myntra.com/dollar-bigboss | seen=696 | expected=1288
2026-09-29 11:17:33 | INFO    | PDP       | Processed 50 target products for Dollar (Forcenxt) in 2s (1308.66 products/min). | run_id=run_20260929_110725_467584_2daea7 | brand=Dollar (Forcenxt) | saved=50 | elapsed_label=2s | products_per_minute=1308.66
2026-09-29 11:17:33 | INFO    | LISTING   | Listing Dollar (Forcenxt) route https://www.myntra.com/dollar-bigboss page 16 -> https://www.myntra.com/gateway/v4/search/dollar-bigboss?rows=50&o=750&plaEnabled=false&xdEnabled=false&isFacet=true&p=16 | run_id=run_20260929_110725_467584_2daea7 | brand=Dollar (Forcenxt) | page=16 | route=https://www.myntra.com/dollar-bigboss | seen=746 | expected=1288
2026-09-29 11:17:37 | INFO    | PDP       | Processed 50 target products for Dollar (Forcenxt) in 3s (1073.89 products/min). | run_id=run_20260929_110725_467584_2daea7 | brand=Dollar (Forcenxt) | saved=50 | elapsed_label=3s | products_per_minute=1073.89
2026-09-29 11:17:37 | INFO    | LISTING   | Listing Dollar (Forcenxt) route https://www.myntra.com/dollar-bigboss page 17 -> https://www.myntra.com/gateway/v4/search/dollar-bigboss?rows=50&o=800&plaEnabled=false&xdEnabled=false&isFacet=true&p=17 | run_id=run_20260929_110725_467584_2daea7 | brand=Dollar (Forcenxt) | page=17 | route=https://www.myntra.com/dollar-bigboss | seen=796 | expected=1288
2026-09-29 11:17:46 | INFO    | PDP       | Processed 50 target products for Dollar (Forcenxt) in 8s (362.36 products/min). | run_id=run_20260929_110725_467584_2daea7 | brand=Dollar (Forcenxt) | saved=50 | elapsed_label=8s | products_per_minute=362.36
2026-09-29 11:17:46 | INFO    | LISTING   | Listing Dollar (Forcenxt) route https://www.myntra.com/dollar-bigboss page 18 -> https://www.myntra.com/gateway/v4/search/dollar-bigboss?rows=50&o=850&plaEnabled=false&xdEnabled=false&isFacet=true&p=18 | run_id=run_20260929_110725_467584_2daea7 | brand=Dollar (Forcenxt) | page=18 | route=https://www.myntra.com/dollar-bigboss | seen=846 | expected=1288
2026-09-29 11:17:50 | INFO    | PDP       | Processed 50 target products for Dollar (Forcenxt) in 3s (943.03 products/min). | run_id=run_20260929_110725_467584_2daea7 | brand=Dollar (Forcenxt) | saved=50 | elapsed_label=3s | products_per_minute=943.03
2026-09-29 11:17:50 | INFO    | LISTING   | Listing Dollar (Forcenxt) route https://www.myntra.com/dollar-bigboss page 19 -> https://www.myntra.com/gateway/v4/search/dollar-bigboss?rows=50&o=900&plaEnabled=false&xdEnabled=false&isFacet=true&p=19 | run_id=run_20260929_110725_467584_2daea7 | brand=Dollar (Forcenxt) | page=19 | route=https://www.myntra.com/dollar-bigboss | seen=896 | expected=1288
2026-09-29 11:17:54 | INFO    | PDP       | Processed 50 target products for Dollar (Forcenxt) in 3s (939.48 products/min). | run_id=run_20260929_110725_467584_2daea7 | brand=Dollar (Forcenxt) | saved=50 | elapsed_label=3s | products_per_minute=939.48
2026-09-29 11:17:54 | INFO    | LISTING   | Listing Dollar (Forcenxt) route https://www.myntra.com/dollar-bigboss page 20 -> https://www.myntra.com/gateway/v4/search/dollar-bigboss?rows=50&o=950&plaEnabled=false&xdEnabled=false&isFacet=true&p=20 | run_id=run_20260929_110725_467584_2daea7 | brand=Dollar (Forcenxt) | page=20 | route=https://www.myntra.com/dollar-bigboss | seen=946 | expected=1288
2026-09-29 11:17:58 | INFO    | PDP       | Processed 50 target products for Dollar (Forcenxt) in 3s (895.76 products/min). | run_id=run_20260929_110725_467584_2daea7 | brand=Dollar (Forcenxt) | saved=50 | elapsed_label=3s | products_per_minute=895.76
2026-09-29 11:17:58 | INFO    | LISTING   | Listing Dollar (Forcenxt) route https://www.myntra.com/dollar-bigboss page 21 -> https://www.myntra.com/gateway/v4/search/dollar-bigboss?rows=50&o=1000&plaEnabled=false&xdEnabled=false&isFacet=true&p=21 | run_id=run_20260929_110725_467584_2daea7 | brand=Dollar (Forcenxt) | page=21 | route=https://www.myntra.com/dollar-bigboss | seen=996 | expected=1288
2026-09-29 11:18:02 | INFO    | PDP       | Processed 50 target products for Dollar (Forcenxt) in 3s (906.8 products/min). | run_id=run_20260929_110725_467584_2daea7 | brand=Dollar (Forcenxt) | saved=50 | elapsed_label=3s | products_per_minute=906.8
2026-09-29 11:18:02 | INFO    | LISTING   | Listing Dollar (Forcenxt) route https://www.myntra.com/dollar-bigboss page 22 -> https://www.myntra.com/gateway/v4/search/dollar-bigboss?rows=50&o=1050&plaEnabled=false&xdEnabled=false&isFacet=true&p=22 | run_id=run_20260929_110725_467584_2daea7 | brand=Dollar (Forcenxt) | page=22 | route=https://www.myntra.com/dollar-bigboss | seen=1046 | expected=1288
2026-09-29 11:18:06 | INFO    | PDP       | Processed 50 target products for Dollar (Forcenxt) in 3s (1112.98 products/min). | run_id=run_20260929_110725_467584_2daea7 | brand=Dollar (Forcenxt) | saved=50 | elapsed_label=3s | products_per_minute=1112.98
2026-09-29 11:18:06 | INFO    | LISTING   | Listing Dollar (Forcenxt) route https://www.myntra.com/dollar-bigboss page 23 -> https://www.myntra.com/gateway/v4/search/dollar-bigboss?rows=50&o=1100&plaEnabled=false&xdEnabled=false&isFacet=true&p=23 | run_id=run_20260929_110725_467584_2daea7 | brand=Dollar (Forcenxt) | page=23 | route=https://www.myntra.com/dollar-bigboss | seen=1096 | expected=1288
2026-09-29 11:18:10 | INFO    | PDP       | Processed 50 target products for Dollar (Forcenxt) in 3s (1002.73 products/min). | run_id=run_20260929_110725_467584_2daea7 | brand=Dollar (Forcenxt) | saved=50 | elapsed_label=3s | products_per_minute=1002.73
2026-09-29 11:18:10 | INFO    | LISTING   | Listing Dollar (Forcenxt) route https://www.myntra.com/dollar-bigboss page 24 -> https://www.myntra.com/gateway/v4/search/dollar-bigboss?rows=50&o=1150&plaEnabled=false&xdEnabled=false&isFacet=true&p=24 | run_id=run_20260929_110725_467584_2daea7 | brand=Dollar (Forcenxt) | page=24 | route=https://www.myntra.com/dollar-bigboss | seen=1146 | expected=1288
2026-09-29 11:18:13 | INFO    | PDP       | Processed 50 target products for Dollar (Forcenxt) in 3s (980.95 products/min). | run_id=run_20260929_110725_467584_2daea7 | brand=Dollar (Forcenxt) | saved=50 | elapsed_label=3s | products_per_minute=980.95
2026-09-29 11:18:14 | INFO    | LISTING   | Listing Dollar (Forcenxt) route https://www.myntra.com/dollar-bigboss page 25 -> https://www.myntra.com/gateway/v4/search/dollar-bigboss?rows=50&o=1200&plaEnabled=false&xdEnabled=false&isFacet=true&p=25 | run_id=run_20260929_110725_467584_2daea7 | brand=Dollar (Forcenxt) | page=25 | route=https://www.myntra.com/dollar-bigboss | seen=1196 | expected=1288
2026-09-29 11:18:18 | INFO    | PDP       | Processed 50 target products for Dollar (Forcenxt) in 4s (804.35 products/min). | run_id=run_20260929_110725_467584_2daea7 | brand=Dollar (Forcenxt) | saved=50 | elapsed_label=4s | products_per_minute=804.35
2026-09-29 11:18:18 | INFO    | LISTING   | Listing Dollar (Forcenxt) route https://www.myntra.com/dollar-bigboss page 26 -> https://www.myntra.com/gateway/v4/search/dollar-bigboss?rows=50&o=1250&plaEnabled=false&xdEnabled=false&isFacet=true&p=26 | run_id=run_20260929_110725_467584_2daea7 | brand=Dollar (Forcenxt) | page=26 | route=https://www.myntra.com/dollar-bigboss | seen=1246 | expected=1288
2026-09-29 11:18:22 | INFO    | PDP       | Processed 41 target products for Dollar (Forcenxt) in 3s (816.05 products/min). | run_id=run_20260929_110725_467584_2daea7 | brand=Dollar (Forcenxt) | saved=41 | elapsed_label=3s | products_per_minute=816.05
2026-09-29 11:18:22 | INFO    | LISTING   | Listing Dollar (Forcenxt) route https://www.myntra.com/dollar-bigboss page 27 -> https://www.myntra.com/gateway/v4/search/dollar-bigboss?rows=50&o=1300&plaEnabled=false&xdEnabled=false&isFacet=true&p=27 | run_id=run_20260929_110725_467584_2daea7 | brand=Dollar (Forcenxt) | page=27 | route=https://www.myntra.com/dollar-bigboss | seen=1287 | expected=1288
2026-09-29 11:18:22 | WARNING | LISTING   | Empty listing page for Dollar (Forcenxt) on page 27 before expected end; continuing. | run_id=run_20260929_110725_467584_2daea7 | brand=Dollar (Forcenxt) | page=27 | route=https://www.myntra.com/dollar-bigboss
2026-09-29 11:18:22 | INFO    | LISTING   | Listing Dollar (Forcenxt) route https://www.myntra.com/dollar-bigboss page 28 -> https://www.myntra.com/gateway/v4/search/dollar-bigboss?rows=50&o=1350&plaEnabled=false&xdEnabled=false&isFacet=true&p=28 | run_id=run_20260929_110725_467584_2daea7 | brand=Dollar (Forcenxt) | page=28 | route=https://www.myntra.com/dollar-bigboss | seen=1287 | expected=1288
2026-09-29 11:18:23 | WARNING | NETWORK   | JSON request failed for https://www.myntra.com/gateway/v4/search/dollar-bigboss?rows=50&o=1350&plaEnabled=false&xdEnabled=false&isFacet=true&p=28 on attempt 1/3: HTTP Error 400:  | run_id=run_20260929_110725_467584_2daea7 | route=https://www.myntra.com/gateway/v4/search/dollar-bigboss?rows=50&o=1350&plaEnabled=false&xdEnabled=false&isFacet=true&p=28 | attempt=1/3
2026-09-29 11:18:25 | WARNING | NETWORK   | JSON request failed for https://www.myntra.com/gateway/v4/search/dollar-bigboss?rows=50&o=1350&plaEnabled=false&xdEnabled=false&isFacet=true&p=28 on attempt 2/3: HTTP Error 400:  | run_id=run_20260929_110725_467584_2daea7 | route=https://www.myntra.com/gateway/v4/search/dollar-bigboss?rows=50&o=1350&plaEnabled=false&xdEnabled=false&isFacet=true&p=28 | attempt=2/3
2026-09-29 11:18:27 | WARNING | NETWORK   | JSON request failed for https://www.myntra.com/gateway/v4/search/dollar-bigboss?rows=50&o=1350&plaEnabled=false&xdEnabled=false&isFacet=true&p=28 on attempt 3/3: HTTP Error 400:  | run_id=run_20260929_110725_467584_2daea7 | route=https://www.myntra.com/gateway/v4/search/dollar-bigboss?rows=50&o=1350&plaEnabled=false&xdEnabled=false&isFacet=true&p=28 | attempt=3/3
2026-09-29 11:18:28 | WARNING | NETWORK   | JSON request failed for https://www.myntra.com/gateway/v4/search/dollar-bigboss?rows=50&o=1349&plaEnabled=false&xdEnabled=false&isFacet=true&p=28 on attempt 1/3: HTTP Error 400:  | run_id=run_20260929_110725_467584_2daea7 | route=https://www.myntra.com/gateway/v4/search/dollar-bigboss?rows=50&o=1349&plaEnabled=false&xdEnabled=false&isFacet=true&p=28 | attempt=1/3
2026-09-29 11:18:29 | WARNING | NETWORK   | JSON request failed for https://www.myntra.com/gateway/v4/search/dollar-bigboss?rows=50&o=1349&plaEnabled=false&xdEnabled=false&isFacet=true&p=28 on attempt 2/3: HTTP Error 400:  | run_id=run_20260929_110725_467584_2daea7 | route=https://www.myntra.com/gateway/v4/search/dollar-bigboss?rows=50&o=1349&plaEnabled=false&xdEnabled=false&isFacet=true&p=28 | attempt=2/3
2026-09-29 11:18:32 | WARNING | NETWORK   | JSON request failed for https://www.myntra.com/gateway/v4/search/dollar-bigboss?rows=50&o=1349&plaEnabled=false&xdEnabled=false&isFacet=true&p=28 on attempt 3/3: HTTP Error 400:  | run_id=run_20260929_110725_467584_2daea7 | route=https://www.myntra.com/gateway/v4/search/dollar-bigboss?rows=50&o=1349&plaEnabled=false&xdEnabled=false&isFacet=true&p=28 | attempt=3/3
2026-09-29 11:18:32 | WARNING | LISTING   | Route fetch failed for https://www.myntra.com/dollar-bigboss page 28 (Failed to fetch JSON payload from https://www.myntra.com/gateway/v4/search/dollar-bigboss?rows=50&o=1349&plaEnabled=false&xdEnabled=false&isFacet=true&p=28: HTTP Error 400: ). Will retry with another pass or fallback route. | run_id=run_20260929_110725_467584_2daea7 | brand=Dollar (Forcenxt) | page=28 | route=https://www.myntra.com/dollar-bigboss
2026-09-29 11:18:32 | INFO    | LISTING   | Listing Dollar (Forcenxt) route https://www.myntra.com/tshirts?f=Brand%3ADollar page 1 -> https://www.myntra.com/gateway/v4/search/tshirts?f=Brand%3ADollar&rows=50&o=0&plaEnabled=false&xdEnabled=false&isFacet=true&p=1 | run_id=run_20260929_110725_467584_2daea7 | brand=Dollar (Forcenxt) | page=1 | route=https://www.myntra.com/tshirts?f=Brand%3ADollar | seen=0 | expected=1202
2026-09-29 11:18:37 | INFO    | PDP       | Processed 48 target products for Dollar (Forcenxt) in 3s (1001.39 products/min). | run_id=run_20260929_110725_467584_2daea7 | brand=Dollar (Forcenxt) | saved=48 | elapsed_label=3s | products_per_minute=1001.39
2026-09-29 11:18:37 | INFO    | LISTING   | Listing Dollar (Forcenxt) route https://www.myntra.com/tshirts?f=Brand%3ADollar page 2 -> https://www.myntra.com/gateway/v4/search/tshirts?f=Brand%3ADollar&rows=50&o=50&plaEnabled=false&xdEnabled=false&isFacet=true&p=2 | run_id=run_20260929_110725_467584_2daea7 | brand=Dollar (Forcenxt) | page=2 | route=https://www.myntra.com/tshirts?f=Brand%3ADollar | seen=48 | expected=1202
2026-09-29 11:18:41 | INFO    | PDP       | Processed 37 target products for Dollar (Forcenxt) in 3s (752.73 products/min). | run_id=run_20260929_110725_467584_2daea7 | brand=Dollar (Forcenxt) | saved=37 | elapsed_label=3s | products_per_minute=752.73
2026-09-29 11:18:41 | INFO    | LISTING   | Listing Dollar (Forcenxt) route https://www.myntra.com/tshirts?f=Brand%3ADollar page 3 -> https://www.myntra.com/gateway/v4/search/tshirts?f=Brand%3ADollar&rows=50&o=100&plaEnabled=false&xdEnabled=false&isFacet=true&p=3 | run_id=run_20260929_110725_467584_2daea7 | brand=Dollar (Forcenxt) | page=3 | route=https://www.myntra.com/tshirts?f=Brand%3ADollar | seen=85 | expected=1202
2026-09-29 11:18:45 | INFO    | PDP       | Processed 41 target products for Dollar (Forcenxt) in 3s (731.99 products/min). | run_id=run_20260929_110725_467584_2daea7 | brand=Dollar (Forcenxt) | saved=41 | elapsed_label=3s | products_per_minute=731.99
2026-09-29 11:18:46 | INFO    | LISTING   | Listing Dollar (Forcenxt) route https://www.myntra.com/tshirts?f=Brand%3ADollar page 4 -> https://www.myntra.com/gateway/v4/search/tshirts?f=Brand%3ADollar&rows=50&o=150&plaEnabled=false&xdEnabled=false&isFacet=true&p=4 | run_id=run_20260929_110725_467584_2daea7 | brand=Dollar (Forcenxt) | page=4 | route=https://www.myntra.com/tshirts?f=Brand%3ADollar | seen=126 | expected=1202
2026-09-29 11:18:49 | INFO    | PDP       | Processed 44 target products for Dollar (Forcenxt) in 3s (901.6 products/min). | run_id=run_20260929_110725_467584_2daea7 | brand=Dollar (Forcenxt) | saved=44 | elapsed_label=3s | products_per_minute=901.6
2026-09-29 11:18:50 | INFO    | LISTING   | Listing Dollar (Forcenxt) route https://www.myntra.com/tshirts?f=Brand%3ADollar page 5 -> https://www.myntra.com/gateway/v4/search/tshirts?f=Brand%3ADollar&rows=50&o=200&plaEnabled=false&xdEnabled=false&isFacet=true&p=5 | run_id=run_20260929_110725_467584_2daea7 | brand=Dollar (Forcenxt) | page=5 | route=https://www.myntra.com/tshirts?f=Brand%3ADollar | seen=170 | expected=1202
2026-09-29 11:18:53 | INFO    | PDP       | Processed 37 target products for Dollar (Forcenxt) in 2s (895.12 products/min). | run_id=run_20260929_110725_467584_2daea7 | brand=Dollar (Forcenxt) | saved=37 | elapsed_label=2s | products_per_minute=895.12
2026-09-29 11:18:53 | INFO    | LISTING   | Listing Dollar (Forcenxt) route https://www.myntra.com/tshirts?f=Brand%3ADollar page 6 -> https://www.myntra.com/gateway/v4/search/tshirts?f=Brand%3ADollar&rows=50&o=250&plaEnabled=false&xdEnabled=false&isFacet=true&p=6 | run_id=run_20260929_110725_467584_2daea7 | brand=Dollar (Forcenxt) | page=6 | route=https://www.myntra.com/tshirts?f=Brand%3ADollar | seen=207 | expected=1202
2026-09-29 11:18:56 | INFO    | PDP       | Processed 33 target products for Dollar (Forcenxt) in 3s (716.11 products/min). | run_id=run_20260929_110725_467584_2daea7 | brand=Dollar (Forcenxt) | saved=33 | elapsed_label=3s | products_per_minute=716.11
2026-09-29 11:18:57 | INFO    | LISTING   | Listing Dollar (Forcenxt) route https://www.myntra.com/tshirts?f=Brand%3ADollar page 7 -> https://www.myntra.com/gateway/v4/search/tshirts?f=Brand%3ADollar&rows=50&o=300&plaEnabled=false&xdEnabled=false&isFacet=true&p=7 | run_id=run_20260929_110725_467584_2daea7 | brand=Dollar (Forcenxt) | page=7 | route=https://www.myntra.com/tshirts?f=Brand%3ADollar | seen=240 | expected=1202
2026-09-29 11:19:00 | INFO    | PDP       | Processed 36 target products for Dollar (Forcenxt) in 2s (880.02 products/min). | run_id=run_20260929_110725_467584_2daea7 | brand=Dollar (Forcenxt) | saved=36 | elapsed_label=2s | products_per_minute=880.02
2026-09-29 11:19:00 | INFO    | LISTING   | Listing Dollar (Forcenxt) route https://www.myntra.com/tshirts?f=Brand%3ADollar page 8 -> https://www.myntra.com/gateway/v4/search/tshirts?f=Brand%3ADollar&rows=50&o=350&plaEnabled=false&xdEnabled=false&isFacet=true&p=8 | run_id=run_20260929_110725_467584_2daea7 | brand=Dollar (Forcenxt) | page=8 | route=https://www.myntra.com/tshirts?f=Brand%3ADollar | seen=276 | expected=1202
2026-09-29 11:19:04 | INFO    | PDP       | Processed 45 target products for Dollar (Forcenxt) in 3s (848.02 products/min). | run_id=run_20260929_110725_467584_2daea7 | brand=Dollar (Forcenxt) | saved=45 | elapsed_label=3s | products_per_minute=848.02
2026-09-29 11:19:04 | INFO    | LISTING   | Listing Dollar (Forcenxt) route https://www.myntra.com/tshirts?f=Brand%3ADollar page 9 -> https://www.myntra.com/gateway/v4/search/tshirts?f=Brand%3ADollar&rows=50&o=400&plaEnabled=false&xdEnabled=false&isFacet=true&p=9 | run_id=run_20260929_110725_467584_2daea7 | brand=Dollar (Forcenxt) | page=9 | route=https://www.myntra.com/tshirts?f=Brand%3ADollar | seen=321 | expected=1202
2026-09-29 11:19:08 | INFO    | PDP       | Processed 50 target products for Dollar (Forcenxt) in 3s (896.57 products/min). | run_id=run_20260929_110725_467584_2daea7 | brand=Dollar (Forcenxt) | saved=50 | elapsed_label=3s | products_per_minute=896.57
2026-09-29 11:19:08 | INFO    | LISTING   | Listing Dollar (Forcenxt) route https://www.myntra.com/tshirts?f=Brand%3ADollar page 10 -> https://www.myntra.com/gateway/v4/search/tshirts?f=Brand%3ADollar&rows=50&o=450&plaEnabled=false&xdEnabled=false&isFacet=true&p=10 | run_id=run_20260929_110725_467584_2daea7 | brand=Dollar (Forcenxt) | page=10 | route=https://www.myntra.com/tshirts?f=Brand%3ADollar | seen=371 | expected=1202
2026-09-29 11:19:12 | INFO    | PDP       | Processed 50 target products for Dollar (Forcenxt) in 3s (906.23 products/min). | run_id=run_20260929_110725_467584_2daea7 | brand=Dollar (Forcenxt) | saved=50 | elapsed_label=3s | products_per_minute=906.23
2026-09-29 11:19:13 | INFO    | LISTING   | Listing Dollar (Forcenxt) route https://www.myntra.com/tshirts?f=Brand%3ADollar page 11 -> https://www.myntra.com/gateway/v4/search/tshirts?f=Brand%3ADollar&rows=50&o=500&plaEnabled=false&xdEnabled=false&isFacet=true&p=11 | run_id=run_20260929_110725_467584_2daea7 | brand=Dollar (Forcenxt) | page=11 | route=https://www.myntra.com/tshirts?f=Brand%3ADollar | seen=421 | expected=1202
2026-09-29 11:19:16 | INFO    | PDP       | Processed 50 target products for Dollar (Forcenxt) in 3s (1079.14 products/min). | run_id=run_20260929_110725_467584_2daea7 | brand=Dollar (Forcenxt) | saved=50 | elapsed_label=3s | products_per_minute=1079.14
2026-09-29 11:19:16 | INFO    | LISTING   | Listing Dollar (Forcenxt) route https://www.myntra.com/tshirts?f=Brand%3ADollar page 12 -> https://www.myntra.com/gateway/v4/search/tshirts?f=Brand%3ADollar&rows=50&o=550&plaEnabled=false&xdEnabled=false&isFacet=true&p=12 | run_id=run_20260929_110725_467584_2daea7 | brand=Dollar (Forcenxt) | page=12 | route=https://www.myntra.com/tshirts?f=Brand%3ADollar | seen=471 | expected=1202
2026-09-29 11:19:19 | INFO    | PDP       | Processed 50 target products for Dollar (Forcenxt) in 2s (1266.21 products/min). | run_id=run_20260929_110725_467584_2daea7 | brand=Dollar (Forcenxt) | saved=50 | elapsed_label=2s | products_per_minute=1266.21
2026-09-29 11:19:19 | INFO    | LISTING   | Listing Dollar (Forcenxt) route https://www.myntra.com/tshirts?f=Brand%3ADollar page 13 -> https://www.myntra.com/gateway/v4/search/tshirts?f=Brand%3ADollar&rows=50&o=600&plaEnabled=false&xdEnabled=false&isFacet=true&p=13 | run_id=run_20260929_110725_467584_2daea7 | brand=Dollar (Forcenxt) | page=13 | route=https://www.myntra.com/tshirts?f=Brand%3ADollar | seen=521 | expected=1202
2026-09-29 11:19:22 | INFO    | PDP       | Processed 50 target products for Dollar (Forcenxt) in 2s (1346.63 products/min). | run_id=run_20260929_110725_467584_2daea7 | brand=Dollar (Forcenxt) | saved=50 | elapsed_label=2s | products_per_minute=1346.63
2026-09-29 11:19:23 | INFO    | LISTING   | Listing Dollar (Forcenxt) route https://www.myntra.com/tshirts?f=Brand%3ADollar page 14 -> https://www.myntra.com/gateway/v4/search/tshirts?f=Brand%3ADollar&rows=50&o=650&plaEnabled=false&xdEnabled=false&isFacet=true&p=14 | run_id=run_20260929_110725_467584_2daea7 | brand=Dollar (Forcenxt) | page=14 | route=https://www.myntra.com/tshirts?f=Brand%3ADollar | seen=571 | expected=1202
2026-09-29 11:19:25 | INFO    | PDP       | Processed 50 target products for Dollar (Forcenxt) in 2s (1426.07 products/min). | run_id=run_20260929_110725_467584_2daea7 | brand=Dollar (Forcenxt) | saved=50 | elapsed_label=2s | products_per_minute=1426.07
2026-09-29 11:19:26 | INFO    | LISTING   | Listing Dollar (Forcenxt) route https://www.myntra.com/tshirts?f=Brand%3ADollar page 15 -> https://www.myntra.com/gateway/v4/search/tshirts?f=Brand%3ADollar&rows=50&o=700&plaEnabled=false&xdEnabled=false&isFacet=true&p=15 | run_id=run_20260929_110725_467584_2daea7 | brand=Dollar (Forcenxt) | page=15 | route=https://www.myntra.com/tshirts?f=Brand%3ADollar | seen=621 | expected=1202
2026-09-29 11:19:28 | INFO    | PDP       | Processed 41 target products for Dollar (Forcenxt) in 2s (1197.17 products/min). | run_id=run_20260929_110725_467584_2daea7 | brand=Dollar (Forcenxt) | saved=41 | elapsed_label=2s | products_per_minute=1197.17
2026-09-29 11:19:29 | INFO    | LISTING   | Listing Dollar (Forcenxt) route https://www.myntra.com/tshirts?f=Brand%3ADollar page 16 -> https://www.myntra.com/gateway/v4/search/tshirts?f=Brand%3ADollar&rows=50&o=750&plaEnabled=false&xdEnabled=false&isFacet=true&p=16 | run_id=run_20260929_110725_467584_2daea7 | brand=Dollar (Forcenxt) | page=16 | route=https://www.myntra.com/tshirts?f=Brand%3ADollar | seen=662 | expected=1202
2026-09-29 11:19:32 | INFO    | PDP       | Processed 48 target products for Dollar (Forcenxt) in 2s (1386.98 products/min). | run_id=run_20260929_110725_467584_2daea7 | brand=Dollar (Forcenxt) | saved=48 | elapsed_label=2s | products_per_minute=1386.98
2026-09-29 11:19:32 | INFO    | LISTING   | Listing Dollar (Forcenxt) route https://www.myntra.com/tshirts?f=Brand%3ADollar page 17 -> https://www.myntra.com/gateway/v4/search/tshirts?f=Brand%3ADollar&rows=50&o=800&plaEnabled=false&xdEnabled=false&isFacet=true&p=17 | run_id=run_20260929_110725_467584_2daea7 | brand=Dollar (Forcenxt) | page=17 | route=https://www.myntra.com/tshirts?f=Brand%3ADollar | seen=710 | expected=1202
2026-09-29 11:19:35 | INFO    | PDP       | Processed 42 target products for Dollar (Forcenxt) in 2s (1274.87 products/min). | run_id=run_20260929_110725_467584_2daea7 | brand=Dollar (Forcenxt) | saved=42 | elapsed_label=2s | products_per_minute=1274.87
2026-09-29 11:19:35 | INFO    | LISTING   | Listing Dollar (Forcenxt) route https://www.myntra.com/tshirts?f=Brand%3ADollar page 18 -> https://www.myntra.com/gateway/v4/search/tshirts?f=Brand%3ADollar&rows=50&o=850&plaEnabled=false&xdEnabled=false&isFacet=true&p=18 | run_id=run_20260929_110725_467584_2daea7 | brand=Dollar (Forcenxt) | page=18 | route=https://www.myntra.com/tshirts?f=Brand%3ADollar | seen=752 | expected=1202
2026-09-29 11:19:37 | INFO    | PDP       | Processed 24 target products for Dollar (Forcenxt) in 1s (1121.72 products/min). | run_id=run_20260929_110725_467584_2daea7 | brand=Dollar (Forcenxt) | saved=24 | elapsed_label=1s | products_per_minute=1121.72
2026-09-29 11:19:37 | INFO    | LISTING   | Listing Dollar (Forcenxt) route https://www.myntra.com/tshirts?f=Brand%3ADollar page 19 -> https://www.myntra.com/gateway/v4/search/tshirts?f=Brand%3ADollar&rows=50&o=900&plaEnabled=false&xdEnabled=false&isFacet=true&p=19 | run_id=run_20260929_110725_467584_2daea7 | brand=Dollar (Forcenxt) | page=19 | route=https://www.myntra.com/tshirts?f=Brand%3ADollar | seen=776 | expected=1202
2026-09-29 11:19:40 | INFO    | PDP       | Processed 44 target products for Dollar (Forcenxt) in 2s (1359.83 products/min). | run_id=run_20260929_110725_467584_2daea7 | brand=Dollar (Forcenxt) | saved=44 | elapsed_label=2s | products_per_minute=1359.83
2026-09-29 11:19:40 | INFO    | LISTING   | Listing Dollar (Forcenxt) route https://www.myntra.com/tshirts?f=Brand%3ADollar page 20 -> https://www.myntra.com/gateway/v4/search/tshirts?f=Brand%3ADollar&rows=50&o=950&plaEnabled=false&xdEnabled=false&isFacet=true&p=20 | run_id=run_20260929_110725_467584_2daea7 | brand=Dollar (Forcenxt) | page=20 | route=https://www.myntra.com/tshirts?f=Brand%3ADollar | seen=820 | expected=1202
2026-09-29 11:19:42 | INFO    | PDP       | Processed 44 target products for Dollar (Forcenxt) in 2s (1380.23 products/min). | run_id=run_20260929_110725_467584_2daea7 | brand=Dollar (Forcenxt) | saved=44 | elapsed_label=2s | products_per_minute=1380.23
2026-09-29 11:19:43 | INFO    | LISTING   | Listing Dollar (Forcenxt) route https://www.myntra.com/tshirts?f=Brand%3ADollar page 21 -> https://www.myntra.com/gateway/v4/search/tshirts?f=Brand%3ADollar&rows=50&o=1000&plaEnabled=false&xdEnabled=false&isFacet=true&p=21 | run_id=run_20260929_110725_467584_2daea7 | brand=Dollar (Forcenxt) | page=21 | route=https://www.myntra.com/tshirts?f=Brand%3ADollar | seen=864 | expected=1202
2026-09-29 11:19:46 | INFO    | PDP       | Processed 34 target products for Dollar (Forcenxt) in 2s (930.22 products/min). | run_id=run_20260929_110725_467584_2daea7 | brand=Dollar (Forcenxt) | saved=34 | elapsed_label=2s | products_per_minute=930.22
2026-09-29 11:19:46 | INFO    | LISTING   | Listing Dollar (Forcenxt) route https://www.myntra.com/tshirts?f=Brand%3ADollar page 22 -> https://www.myntra.com/gateway/v4/search/tshirts?f=Brand%3ADollar&rows=50&o=1050&plaEnabled=false&xdEnabled=false&isFacet=true&p=22 | run_id=run_20260929_110725_467584_2daea7 | brand=Dollar (Forcenxt) | page=22 | route=https://www.myntra.com/tshirts?f=Brand%3ADollar | seen=898 | expected=1202
2026-09-29 11:19:49 | INFO    | PDP       | Processed 35 target products for Dollar (Forcenxt) in 3s (814.08 products/min). | run_id=run_20260929_110725_467584_2daea7 | brand=Dollar (Forcenxt) | saved=35 | elapsed_label=3s | products_per_minute=814.08
2026-09-29 11:19:49 | INFO    | LISTING   | Listing Dollar (Forcenxt) route https://www.myntra.com/tshirts?f=Brand%3ADollar page 23 -> https://www.myntra.com/gateway/v4/search/tshirts?f=Brand%3ADollar&rows=50&o=1100&plaEnabled=false&xdEnabled=false&isFacet=true&p=23 | run_id=run_20260929_110725_467584_2daea7 | brand=Dollar (Forcenxt) | page=23 | route=https://www.myntra.com/tshirts?f=Brand%3ADollar | seen=933 | expected=1202
2026-09-29 11:19:53 | INFO    | PDP       | Processed 39 target products for Dollar (Forcenxt) in 2s (956.81 products/min). | run_id=run_20260929_110725_467584_2daea7 | brand=Dollar (Forcenxt) | saved=39 | elapsed_label=2s | products_per_minute=956.81
2026-09-29 11:19:53 | INFO    | LISTING   | Listing Dollar (Forcenxt) route https://www.myntra.com/tshirts?f=Brand%3ADollar page 24 -> https://www.myntra.com/gateway/v4/search/tshirts?f=Brand%3ADollar&rows=50&o=1150&plaEnabled=false&xdEnabled=false&isFacet=true&p=24 | run_id=run_20260929_110725_467584_2daea7 | brand=Dollar (Forcenxt) | page=24 | route=https://www.myntra.com/tshirts?f=Brand%3ADollar | seen=972 | expected=1202
2026-09-29 11:19:55 | INFO    | PDP       | Processed 33 target products for Dollar (Forcenxt) in 2s (1010.56 products/min). | run_id=run_20260929_110725_467584_2daea7 | brand=Dollar (Forcenxt) | saved=33 | elapsed_label=2s | products_per_minute=1010.56
2026-09-29 11:19:56 | INFO    | LISTING   | Listing Dollar (Forcenxt) route https://www.myntra.com/tshirts?f=Brand%3ADollar page 25 -> https://www.myntra.com/gateway/v4/search/tshirts?f=Brand%3ADollar&rows=50&o=1200&plaEnabled=false&xdEnabled=false&isFacet=true&p=25 | run_id=run_20260929_110725_467584_2daea7 | brand=Dollar (Forcenxt) | page=25 | route=https://www.myntra.com/tshirts?f=Brand%3ADollar | seen=1005 | expected=1202
2026-09-29 11:19:57 | INFO    | PDP       | Processed 1 target products for Dollar (Forcenxt) in 1s (85.1 products/min). | run_id=run_20260929_110725_467584_2daea7 | brand=Dollar (Forcenxt) | saved=1 | elapsed_label=1s | products_per_minute=85.1
2026-09-29 11:19:57 | INFO    | LISTING   | Listing Dollar (Forcenxt) route https://www.myntra.com/tshirts?f=Brand%3ADollar page 26 -> https://www.myntra.com/gateway/v4/search/tshirts?f=Brand%3ADollar&rows=50&o=1250&plaEnabled=false&xdEnabled=false&isFacet=true&p=26 | run_id=run_20260929_110725_467584_2daea7 | brand=Dollar (Forcenxt) | page=26 | route=https://www.myntra.com/tshirts?f=Brand%3ADollar | seen=1006 | expected=1202
2026-09-29 11:19:58 | WARNING | LISTING   | Empty listing page for Dollar (Forcenxt) on page 26 before expected end; continuing. | run_id=run_20260929_110725_467584_2daea7 | brand=Dollar (Forcenxt) | page=26 | route=https://www.myntra.com/tshirts?f=Brand%3ADollar
2026-09-29 11:19:58 | INFO    | LISTING   | Listing Dollar (Forcenxt) route https://www.myntra.com/tshirts?f=Brand%3ADollar page 27 -> https://www.myntra.com/gateway/v4/search/tshirts?f=Brand%3ADollar&rows=50&o=1300&plaEnabled=false&xdEnabled=false&isFacet=true&p=27 | run_id=run_20260929_110725_467584_2daea7 | brand=Dollar (Forcenxt) | page=27 | route=https://www.myntra.com/tshirts?f=Brand%3ADollar | seen=1006 | expected=1202
2026-09-29 11:19:59 | WARNING | NETWORK   | JSON request failed for https://www.myntra.com/gateway/v4/search/tshirts?f=Brand%3ADollar&rows=50&o=1300&plaEnabled=false&xdEnabled=false&isFacet=true&p=27 on attempt 1/3: HTTP Error 400:  | run_id=run_20260929_110725_467584_2daea7 | route=https://www.myntra.com/gateway/v4/search/tshirts?f=Brand%3ADollar&rows=50&o=1300&plaEnabled=false&xdEnabled=false&isFacet=true&p=27 | attempt=1/3
2026-09-29 11:20:00 | WARNING | NETWORK   | JSON request failed for https://www.myntra.com/gateway/v4/search/tshirts?f=Brand%3ADollar&rows=50&o=1300&plaEnabled=false&xdEnabled=false&isFacet=true&p=27 on attempt 2/3: HTTP Error 400:  | run_id=run_20260929_110725_467584_2daea7 | route=https://www.myntra.com/gateway/v4/search/tshirts?f=Brand%3ADollar&rows=50&o=1300&plaEnabled=false&xdEnabled=false&isFacet=true&p=27 | attempt=2/3
2026-09-29 11:20:03 | WARNING | NETWORK   | JSON request failed for https://www.myntra.com/gateway/v4/search/tshirts?f=Brand%3ADollar&rows=50&o=1300&plaEnabled=false&xdEnabled=false&isFacet=true&p=27 on attempt 3/3: HTTP Error 400:  | run_id=run_20260929_110725_467584_2daea7 | route=https://www.myntra.com/gateway/v4/search/tshirts?f=Brand%3ADollar&rows=50&o=1300&plaEnabled=false&xdEnabled=false&isFacet=true&p=27 | attempt=3/3
2026-09-29 11:20:03 | WARNING | NETWORK   | JSON request failed for https://www.myntra.com/gateway/v4/search/tshirts?f=Brand%3ADollar&rows=50&o=1299&plaEnabled=false&xdEnabled=false&isFacet=true&p=27 on attempt 1/3: HTTP Error 400:  | run_id=run_20260929_110725_467584_2daea7 | route=https://www.myntra.com/gateway/v4/search/tshirts?f=Brand%3ADollar&rows=50&o=1299&plaEnabled=false&xdEnabled=false&isFacet=true&p=27 | attempt=1/3
2026-09-29 11:20:06 | WARNING | NETWORK   | JSON request failed for https://www.myntra.com/gateway/v4/search/tshirts?f=Brand%3ADollar&rows=50&o=1299&plaEnabled=false&xdEnabled=false&isFacet=true&p=27 on attempt 2/3: HTTP Error 400:  | run_id=run_20260929_110725_467584_2daea7 | route=https://www.myntra.com/gateway/v4/search/tshirts?f=Brand%3ADollar&rows=50&o=1299&plaEnabled=false&xdEnabled=false&isFacet=true&p=27 | attempt=2/3
2026-09-29 11:20:08 | WARNING | NETWORK   | JSON request failed for https://www.myntra.com/gateway/v4/search/tshirts?f=Brand%3ADollar&rows=50&o=1299&plaEnabled=false&xdEnabled=false&isFacet=true&p=27 on attempt 3/3: HTTP Error 400:  | run_id=run_20260929_110725_467584_2daea7 | route=https://www.myntra.com/gateway/v4/search/tshirts?f=Brand%3ADollar&rows=50&o=1299&plaEnabled=false&xdEnabled=false&isFacet=true&p=27 | attempt=3/3
2026-09-29 11:20:09 | WARNING | LISTING   | Route fetch failed for https://www.myntra.com/tshirts?f=Brand%3ADollar page 27 (Failed to fetch JSON payload from https://www.myntra.com/gateway/v4/search/tshirts?f=Brand%3ADollar&rows=50&o=1299&plaEnabled=false&xdEnabled=false&isFacet=true&p=27: HTTP Error 400: ). Will retry with another pass or fallback route. | run_id=run_20260929_110725_467584_2daea7 | brand=Dollar (Forcenxt) | page=27 | route=https://www.myntra.com/tshirts?f=Brand%3ADollar
2026-09-29 11:20:09 | WARNING | LISTING   | Retrying route https://www.myntra.com/tshirts?f=Brand%3ADollar for Dollar (Forcenxt) (pass 1/2) after incomplete coverage: 1006/1202 unique products seen. | run_id=run_20260929_110725_467584_2daea7 | brand=Dollar (Forcenxt) | route=https://www.myntra.com/tshirts?f=Brand%3ADollar | seen=1006 | expected=1202 | attempt=1/2
2026-09-29 11:20:09 | INFO    | LISTING   | Listing Dollar (Forcenxt) route https://www.myntra.com/tshirts?f=Brand%3ADollar page 1 -> https://www.myntra.com/gateway/v4/search/tshirts?f=Brand%3ADollar&rows=50&o=0&plaEnabled=false&xdEnabled=false&isFacet=true&p=1 | run_id=run_20260929_110725_467584_2daea7 | brand=Dollar (Forcenxt) | page=1 | route=https://www.myntra.com/tshirts?f=Brand%3ADollar | seen=1006 | expected=1202
2026-09-29 11:20:10 | INFO    | LISTING   | Listing Dollar (Forcenxt) route https://www.myntra.com/tshirts?f=Brand%3ADollar page 2 -> https://www.myntra.com/gateway/v4/search/tshirts?f=Brand%3ADollar&rows=50&o=50&plaEnabled=false&xdEnabled=false&isFacet=true&p=2 | run_id=run_20260929_110725_467584_2daea7 | brand=Dollar (Forcenxt) | page=2 | route=https://www.myntra.com/tshirts?f=Brand%3ADollar | seen=1006 | expected=1202
2026-09-29 11:20:11 | INFO    | LISTING   | Listing Dollar (Forcenxt) route https://www.myntra.com/tshirts?f=Brand%3ADollar page 3 -> https://www.myntra.com/gateway/v4/search/tshirts?f=Brand%3ADollar&rows=50&o=100&plaEnabled=false&xdEnabled=false&isFacet=true&p=3 | run_id=run_20260929_110725_467584_2daea7 | brand=Dollar (Forcenxt) | page=3 | route=https://www.myntra.com/tshirts?f=Brand%3ADollar | seen=1006 | expected=1202
2026-09-29 11:20:11 | WARNING | LISTING   | Route https://www.myntra.com/tshirts?f=Brand%3ADollar for Dollar (Forcenxt) stalled for 3 consecutive pages before reaching expected total; restarting route pass. | run_id=run_20260929_110725_467584_2daea7 | brand=Dollar (Forcenxt) | page=3 | route=https://www.myntra.com/tshirts?f=Brand%3ADollar | seen=1006 | expected=1202
2026-09-29 11:20:11 | WARNING | LISTING   | Retrying route https://www.myntra.com/tshirts?f=Brand%3ADollar for Dollar (Forcenxt) (pass 2/2) after incomplete coverage: 1006/1202 unique products seen. | run_id=run_20260929_110725_467584_2daea7 | brand=Dollar (Forcenxt) | route=https://www.myntra.com/tshirts?f=Brand%3ADollar | seen=1006 | expected=1202 | attempt=2/2
2026-09-29 11:20:11 | INFO    | LISTING   | Listing Dollar (Forcenxt) route https://www.myntra.com/tshirts?f=Brand%3ADollar page 1 -> https://www.myntra.com/gateway/v4/search/tshirts?f=Brand%3ADollar&rows=50&o=0&plaEnabled=false&xdEnabled=false&isFacet=true&p=1 | run_id=run_20260929_110725_467584_2daea7 | brand=Dollar (Forcenxt) | page=1 | route=https://www.myntra.com/tshirts?f=Brand%3ADollar | seen=1006 | expected=1202
2026-09-29 11:20:13 | INFO    | LISTING   | Listing Dollar (Forcenxt) route https://www.myntra.com/tshirts?f=Brand%3ADollar page 2 -> https://www.myntra.com/gateway/v4/search/tshirts?f=Brand%3ADollar&rows=50&o=50&plaEnabled=false&xdEnabled=false&isFacet=true&p=2 | run_id=run_20260929_110725_467584_2daea7 | brand=Dollar (Forcenxt) | page=2 | route=https://www.myntra.com/tshirts?f=Brand%3ADollar | seen=1006 | expected=1202
2026-09-29 11:20:14 | INFO    | LISTING   | Listing Dollar (Forcenxt) route https://www.myntra.com/tshirts?f=Brand%3ADollar page 3 -> https://www.myntra.com/gateway/v4/search/tshirts?f=Brand%3ADollar&rows=50&o=100&plaEnabled=false&xdEnabled=false&isFacet=true&p=3 | run_id=run_20260929_110725_467584_2daea7 | brand=Dollar (Forcenxt) | page=3 | route=https://www.myntra.com/tshirts?f=Brand%3ADollar | seen=1006 | expected=1202
2026-09-29 11:20:15 | WARNING | LISTING   | Route https://www.myntra.com/tshirts?f=Brand%3ADollar for Dollar (Forcenxt) stalled for 3 consecutive pages before reaching expected total; restarting route pass. | run_id=run_20260929_110725_467584_2daea7 | brand=Dollar (Forcenxt) | page=3 | route=https://www.myntra.com/tshirts?f=Brand%3ADollar | seen=1006 | expected=1202
2026-09-29 11:20:15 | INFO    | BRAND     | Skipping redundant route https://www.myntra.com/leggings?f=Brand%3ADollar%20Missy for Dollar (Forcenxt) (100% of first page already captured). | run_id=run_20260929_110725_467584_2daea7 | brand=Dollar (Forcenxt) | route=https://www.myntra.com/leggings?f=Brand%3ADollar%20Missy
2026-09-29 11:20:15 | INFO    | LISTING   | Listing Dollar (Forcenxt) route https://www.myntra.com/dollar?f=Brand%3ADollar%3A%3AGender%3Aboys page 1 -> https://www.myntra.com/gateway/v4/search/dollar?f=Brand%3ADollar%3A%3AGender%3Aboys&rows=50&o=0&plaEnabled=false&xdEnabled=false&isFacet=true&p=1 | run_id=run_20260929_110725_467584_2daea7 | brand=Dollar (Forcenxt) | page=1 | route=https://www.myntra.com/dollar?f=Brand%3ADollar%3A%3AGender%3Aboys | seen=0 | expected=728
2026-09-29 11:20:18 | INFO    | PDP       | Processed 32 target products for Dollar (Forcenxt) in 2s (844.05 products/min). | run_id=run_20260929_110725_467584_2daea7 | brand=Dollar (Forcenxt) | saved=32 | elapsed_label=2s | products_per_minute=844.05
2026-09-29 11:20:18 | INFO    | LISTING   | Listing Dollar (Forcenxt) route https://www.myntra.com/dollar?f=Brand%3ADollar%3A%3AGender%3Aboys page 2 -> https://www.myntra.com/gateway/v4/search/dollar?f=Brand%3ADollar%3A%3AGender%3Aboys&rows=50&o=50&plaEnabled=false&xdEnabled=false&isFacet=true&p=2 | run_id=run_20260929_110725_467584_2daea7 | brand=Dollar (Forcenxt) | page=2 | route=https://www.myntra.com/dollar?f=Brand%3ADollar%3A%3AGender%3Aboys | seen=33 | expected=728
2026-09-29 11:20:21 | INFO    | PDP       | Processed 35 target products for Dollar (Forcenxt) in 2s (874.84 products/min). | run_id=run_20260929_110725_467584_2daea7 | brand=Dollar (Forcenxt) | saved=35 | elapsed_label=2s | products_per_minute=874.84
2026-09-29 11:20:22 | INFO    | LISTING   | Listing Dollar (Forcenxt) route https://www.myntra.com/dollar?f=Brand%3ADollar%3A%3AGender%3Aboys page 3 -> https://www.myntra.com/gateway/v4/search/dollar?f=Brand%3ADollar%3A%3AGender%3Aboys&rows=50&o=100&plaEnabled=false&xdEnabled=false&isFacet=true&p=3 | run_id=run_20260929_110725_467584_2daea7 | brand=Dollar (Forcenxt) | page=3 | route=https://www.myntra.com/dollar?f=Brand%3ADollar%3A%3AGender%3Aboys | seen=68 | expected=728
2026-09-29 11:20:25 | INFO    | PDP       | Processed 41 target products for Dollar (Forcenxt) in 3s (848.47 products/min). | run_id=run_20260929_110725_467584_2daea7 | brand=Dollar (Forcenxt) | saved=41 | elapsed_label=3s | products_per_minute=848.47
2026-09-29 11:20:25 | INFO    | LISTING   | Listing Dollar (Forcenxt) route https://www.myntra.com/dollar?f=Brand%3ADollar%3A%3AGender%3Aboys page 4 -> https://www.myntra.com/gateway/v4/search/dollar?f=Brand%3ADollar%3A%3AGender%3Aboys&rows=50&o=150&plaEnabled=false&xdEnabled=false&isFacet=true&p=4 | run_id=run_20260929_110725_467584_2daea7 | brand=Dollar (Forcenxt) | page=4 | route=https://www.myntra.com/dollar?f=Brand%3ADollar%3A%3AGender%3Aboys | seen=109 | expected=728
2026-09-29 11:20:28 | INFO    | PDP       | Processed 33 target products for Dollar (Forcenxt) in 2s (1019.1 products/min). | run_id=run_20260929_110725_467584_2daea7 | brand=Dollar (Forcenxt) | saved=33 | elapsed_label=2s | products_per_minute=1019.1
2026-09-29 11:20:28 | INFO    | LISTING   | Listing Dollar (Forcenxt) route https://www.myntra.com/dollar?f=Brand%3ADollar%3A%3AGender%3Aboys page 5 -> https://www.myntra.com/gateway/v4/search/dollar?f=Brand%3ADollar%3A%3AGender%3Aboys&rows=50&o=200&plaEnabled=false&xdEnabled=false&isFacet=true&p=5 | run_id=run_20260929_110725_467584_2daea7 | brand=Dollar (Forcenxt) | page=5 | route=https://www.myntra.com/dollar?f=Brand%3ADollar%3A%3AGender%3Aboys | seen=148 | expected=728
2026-09-29 11:20:31 | INFO    | PDP       | Processed 34 target products for Dollar (Forcenxt) in 3s (762.08 products/min). | run_id=run_20260929_110725_467584_2daea7 | brand=Dollar (Forcenxt) | saved=34 | elapsed_label=3s | products_per_minute=762.08
2026-09-29 11:20:32 | INFO    | LISTING   | Listing Dollar (Forcenxt) route https://www.myntra.com/dollar?f=Brand%3ADollar%3A%3AGender%3Aboys page 6 -> https://www.myntra.com/gateway/v4/search/dollar?f=Brand%3ADollar%3A%3AGender%3Aboys&rows=50&o=250&plaEnabled=false&xdEnabled=false&isFacet=true&p=6 | run_id=run_20260929_110725_467584_2daea7 | brand=Dollar (Forcenxt) | page=6 | route=https://www.myntra.com/dollar?f=Brand%3ADollar%3A%3AGender%3Aboys | seen=182 | expected=728
2026-09-29 11:20:33 | INFO    | PDP       | Processed 13 target products for Dollar (Forcenxt) in 1s (570.6 products/min). | run_id=run_20260929_110725_467584_2daea7 | brand=Dollar (Forcenxt) | saved=13 | elapsed_label=1s | products_per_minute=570.6
2026-09-29 11:20:34 | INFO    | LISTING   | Listing Dollar (Forcenxt) route https://www.myntra.com/dollar?f=Brand%3ADollar%3A%3AGender%3Aboys page 7 -> https://www.myntra.com/gateway/v4/search/dollar?f=Brand%3ADollar%3A%3AGender%3Aboys&rows=50&o=300&plaEnabled=false&xdEnabled=false&isFacet=true&p=7 | run_id=run_20260929_110725_467584_2daea7 | brand=Dollar (Forcenxt) | page=7 | route=https://www.myntra.com/dollar?f=Brand%3ADollar%3A%3AGender%3Aboys | seen=232 | expected=728
2026-09-29 11:20:34 | INFO    | LISTING   | Listing Dollar (Forcenxt) route https://www.myntra.com/dollar?f=Brand%3ADollar%3A%3AGender%3Aboys page 8 -> https://www.myntra.com/gateway/v4/search/dollar?f=Brand%3ADollar%3A%3AGender%3Aboys&rows=50&o=350&plaEnabled=false&xdEnabled=false&isFacet=true&p=8 | run_id=run_20260929_110725_467584_2daea7 | brand=Dollar (Forcenxt) | page=8 | route=https://www.myntra.com/dollar?f=Brand%3ADollar%3A%3AGender%3Aboys | seen=282 | expected=728
2026-09-29 11:20:35 | INFO    | LISTING   | Listing Dollar (Forcenxt) route https://www.myntra.com/dollar?f=Brand%3ADollar%3A%3AGender%3Aboys page 9 -> https://www.myntra.com/gateway/v4/search/dollar?f=Brand%3ADollar%3A%3AGender%3Aboys&rows=50&o=400&plaEnabled=false&xdEnabled=false&isFacet=true&p=9 | run_id=run_20260929_110725_467584_2daea7 | brand=Dollar (Forcenxt) | page=9 | route=https://www.myntra.com/dollar?f=Brand%3ADollar%3A%3AGender%3Aboys | seen=332 | expected=728
2026-09-29 11:20:35 | INFO    | LISTING   | Listing Dollar (Forcenxt) route https://www.myntra.com/dollar?f=Brand%3ADollar%3A%3AGender%3Aboys page 10 -> https://www.myntra.com/gateway/v4/search/dollar?f=Brand%3ADollar%3A%3AGender%3Aboys&rows=50&o=450&plaEnabled=false&xdEnabled=false&isFacet=true&p=10 | run_id=run_20260929_110725_467584_2daea7 | brand=Dollar (Forcenxt) | page=10 | route=https://www.myntra.com/dollar?f=Brand%3ADollar%3A%3AGender%3Aboys | seen=382 | expected=728
2026-09-29 11:20:36 | INFO    | LISTING   | Listing Dollar (Forcenxt) route https://www.myntra.com/dollar?f=Brand%3ADollar%3A%3AGender%3Aboys page 11 -> https://www.myntra.com/gateway/v4/search/dollar?f=Brand%3ADollar%3A%3AGender%3Aboys&rows=50&o=500&plaEnabled=false&xdEnabled=false&isFacet=true&p=11 | run_id=run_20260929_110725_467584_2daea7 | brand=Dollar (Forcenxt) | page=11 | route=https://www.myntra.com/dollar?f=Brand%3ADollar%3A%3AGender%3Aboys | seen=432 | expected=728
2026-09-29 11:20:36 | INFO    | LISTING   | Listing Dollar (Forcenxt) route https://www.myntra.com/dollar?f=Brand%3ADollar%3A%3AGender%3Aboys page 12 -> https://www.myntra.com/gateway/v4/search/dollar?f=Brand%3ADollar%3A%3AGender%3Aboys&rows=50&o=550&plaEnabled=false&xdEnabled=false&isFacet=true&p=12 | run_id=run_20260929_110725_467584_2daea7 | brand=Dollar (Forcenxt) | page=12 | route=https://www.myntra.com/dollar?f=Brand%3ADollar%3A%3AGender%3Aboys | seen=482 | expected=728
2026-09-29 11:20:37 | INFO    | LISTING   | Listing Dollar (Forcenxt) route https://www.myntra.com/dollar?f=Brand%3ADollar%3A%3AGender%3Aboys page 13 -> https://www.myntra.com/gateway/v4/search/dollar?f=Brand%3ADollar%3A%3AGender%3Aboys&rows=50&o=600&plaEnabled=false&xdEnabled=false&isFacet=true&p=13 | run_id=run_20260929_110725_467584_2daea7 | brand=Dollar (Forcenxt) | page=13 | route=https://www.myntra.com/dollar?f=Brand%3ADollar%3A%3AGender%3Aboys | seen=532 | expected=728
2026-09-29 11:20:40 | INFO    | PDP       | Processed 31 target products for Dollar (Forcenxt) in 2s (863.47 products/min). | run_id=run_20260929_110725_467584_2daea7 | brand=Dollar (Forcenxt) | saved=31 | elapsed_label=2s | products_per_minute=863.47
2026-09-29 11:20:40 | INFO    | LISTING   | Listing Dollar (Forcenxt) route https://www.myntra.com/dollar?f=Brand%3ADollar%3A%3AGender%3Aboys page 14 -> https://www.myntra.com/gateway/v4/search/dollar?f=Brand%3ADollar%3A%3AGender%3Aboys&rows=50&o=650&plaEnabled=false&xdEnabled=false&isFacet=true&p=14 | run_id=run_20260929_110725_467584_2daea7 | brand=Dollar (Forcenxt) | page=14 | route=https://www.myntra.com/dollar?f=Brand%3ADollar%3A%3AGender%3Aboys | seen=572 | expected=728
2026-09-29 11:20:43 | INFO    | PDP       | Processed 41 target products for Dollar (Forcenxt) in 3s (937.45 products/min). | run_id=run_20260929_110725_467584_2daea7 | brand=Dollar (Forcenxt) | saved=41 | elapsed_label=3s | products_per_minute=937.45
2026-09-29 11:20:43 | INFO    | LISTING   | Listing Dollar (Forcenxt) route https://www.myntra.com/dollar?f=Brand%3ADollar%3A%3AGender%3Aboys page 15 -> https://www.myntra.com/gateway/v4/search/dollar?f=Brand%3ADollar%3A%3AGender%3Aboys&rows=50&o=700&plaEnabled=false&xdEnabled=false&isFacet=true&p=15 | run_id=run_20260929_110725_467584_2daea7 | brand=Dollar (Forcenxt) | page=15 | route=https://www.myntra.com/dollar?f=Brand%3ADollar%3A%3AGender%3Aboys | seen=613 | expected=728
2026-09-29 11:20:46 | INFO    | PDP       | Processed 28 target products for Dollar (Forcenxt) in 2s (724.8 products/min). | run_id=run_20260929_110725_467584_2daea7 | brand=Dollar (Forcenxt) | saved=28 | elapsed_label=2s | products_per_minute=724.8
2026-09-29 11:20:47 | INFO    | LISTING   | Listing Dollar (Forcenxt) route https://www.myntra.com/dollar?f=Brand%3ADollar%3A%3AGender%3Aboys page 16 -> https://www.myntra.com/gateway/v4/search/dollar?f=Brand%3ADollar%3A%3AGender%3Aboys&rows=50&o=750&plaEnabled=false&xdEnabled=false&isFacet=true&p=16 | run_id=run_20260929_110725_467584_2daea7 | brand=Dollar (Forcenxt) | page=16 | route=https://www.myntra.com/dollar?f=Brand%3ADollar%3A%3AGender%3Aboys | seen=641 | expected=728
2026-09-29 11:20:47 | WARNING | LISTING   | Empty listing page for Dollar (Forcenxt) on page 16 before expected end; continuing. | run_id=run_20260929_110725_467584_2daea7 | brand=Dollar (Forcenxt) | page=16 | route=https://www.myntra.com/dollar?f=Brand%3ADollar%3A%3AGender%3Aboys
2026-09-29 11:20:47 | INFO    | LISTING   | Listing Dollar (Forcenxt) route https://www.myntra.com/dollar?f=Brand%3ADollar%3A%3AGender%3Aboys page 17 -> https://www.myntra.com/gateway/v4/search/dollar?f=Brand%3ADollar%3A%3AGender%3Aboys&rows=50&o=800&plaEnabled=false&xdEnabled=false&isFacet=true&p=17 | run_id=run_20260929_110725_467584_2daea7 | brand=Dollar (Forcenxt) | page=17 | route=https://www.myntra.com/dollar?f=Brand%3ADollar%3A%3AGender%3Aboys | seen=641 | expected=728
2026-09-29 11:20:48 | WARNING | NETWORK   | JSON request failed for https://www.myntra.com/gateway/v4/search/dollar?f=Brand%3ADollar%3A%3AGender%3Aboys&rows=50&o=800&plaEnabled=false&xdEnabled=false&isFacet=true&p=17 on attempt 1/3: HTTP Error 400:  | run_id=run_20260929_110725_467584_2daea7 | route=https://www.myntra.com/gateway/v4/search/dollar?f=Brand%3ADollar%3A%3AGender%3Aboys&rows=50&o=800&plaEnabled=false&xdEnabled=false&isFacet=true&p=17 | attempt=1/3
2026-09-29 11:20:49 | WARNING | NETWORK   | JSON request failed for https://www.myntra.com/gateway/v4/search/dollar?f=Brand%3ADollar%3A%3AGender%3Aboys&rows=50&o=800&plaEnabled=false&xdEnabled=false&isFacet=true&p=17 on attempt 2/3: HTTP Error 400:  | run_id=run_20260929_110725_467584_2daea7 | route=https://www.myntra.com/gateway/v4/search/dollar?f=Brand%3ADollar%3A%3AGender%3Aboys&rows=50&o=800&plaEnabled=false&xdEnabled=false&isFacet=true&p=17 | attempt=2/3
2026-09-29 11:20:52 | WARNING | NETWORK   | JSON request failed for https://www.myntra.com/gateway/v4/search/dollar?f=Brand%3ADollar%3A%3AGender%3Aboys&rows=50&o=800&plaEnabled=false&xdEnabled=false&isFacet=true&p=17 on attempt 3/3: HTTP Error 400:  | run_id=run_20260929_110725_467584_2daea7 | route=https://www.myntra.com/gateway/v4/search/dollar?f=Brand%3ADollar%3A%3AGender%3Aboys&rows=50&o=800&plaEnabled=false&xdEnabled=false&isFacet=true&p=17 | attempt=3/3
2026-09-29 11:20:52 | WARNING | NETWORK   | JSON request failed for https://www.myntra.com/gateway/v4/search/dollar?f=Brand%3ADollar%3A%3AGender%3Aboys&rows=50&o=799&plaEnabled=false&xdEnabled=false&isFacet=true&p=17 on attempt 1/3: HTTP Error 400:  | run_id=run_20260929_110725_467584_2daea7 | route=https://www.myntra.com/gateway/v4/search/dollar?f=Brand%3ADollar%3A%3AGender%3Aboys&rows=50&o=799&plaEnabled=false&xdEnabled=false&isFacet=true&p=17 | attempt=1/3
2026-09-29 11:20:54 | WARNING | NETWORK   | JSON request failed for https://www.myntra.com/gateway/v4/search/dollar?f=Brand%3ADollar%3A%3AGender%3Aboys&rows=50&o=799&plaEnabled=false&xdEnabled=false&isFacet=true&p=17 on attempt 2/3: HTTP Error 400:  | run_id=run_20260929_110725_467584_2daea7 | route=https://www.myntra.com/gateway/v4/search/dollar?f=Brand%3ADollar%3A%3AGender%3Aboys&rows=50&o=799&plaEnabled=false&xdEnabled=false&isFacet=true&p=17 | attempt=2/3
2026-09-29 11:20:57 | WARNING | NETWORK   | JSON request failed for https://www.myntra.com/gateway/v4/search/dollar?f=Brand%3ADollar%3A%3AGender%3Aboys&rows=50&o=799&plaEnabled=false&xdEnabled=false&isFacet=true&p=17 on attempt 3/3: HTTP Error 400:  | run_id=run_20260929_110725_467584_2daea7 | route=https://www.myntra.com/gateway/v4/search/dollar?f=Brand%3ADollar%3A%3AGender%3Aboys&rows=50&o=799&plaEnabled=false&xdEnabled=false&isFacet=true&p=17 | attempt=3/3
2026-09-29 11:20:57 | WARNING | LISTING   | Route fetch failed for https://www.myntra.com/dollar?f=Brand%3ADollar%3A%3AGender%3Aboys page 17 (Failed to fetch JSON payload from https://www.myntra.com/gateway/v4/search/dollar?f=Brand%3ADollar%3A%3AGender%3Aboys&rows=50&o=799&plaEnabled=false&xdEnabled=false&isFacet=true&p=17: HTTP Error 400: ). Will retry with another pass or fallback route. | run_id=run_20260929_110725_467584_2daea7 | brand=Dollar (Forcenxt) | page=17 | route=https://www.myntra.com/dollar?f=Brand%3ADollar%3A%3AGender%3Aboys
2026-09-29 11:20:57 | WARNING | LISTING   | Retrying route https://www.myntra.com/dollar?f=Brand%3ADollar%3A%3AGender%3Aboys for Dollar (Forcenxt) (pass 1/2) after incomplete coverage: 641/728 unique products seen. | run_id=run_20260929_110725_467584_2daea7 | brand=Dollar (Forcenxt) | route=https://www.myntra.com/dollar?f=Brand%3ADollar%3A%3AGender%3Aboys | seen=641 | expected=728 | attempt=1/2
2026-09-29 11:20:57 | INFO    | LISTING   | Listing Dollar (Forcenxt) route https://www.myntra.com/dollar?f=Brand%3ADollar%3A%3AGender%3Aboys page 1 -> https://www.myntra.com/gateway/v4/search/dollar?f=Brand%3ADollar%3A%3AGender%3Aboys&rows=50&o=0&plaEnabled=false&xdEnabled=false&isFacet=true&p=1 | run_id=run_20260929_110725_467584_2daea7 | brand=Dollar (Forcenxt) | page=1 | route=https://www.myntra.com/dollar?f=Brand%3ADollar%3A%3AGender%3Aboys | seen=641 | expected=728
2026-09-29 11:20:58 | INFO    | LISTING   | Listing Dollar (Forcenxt) route https://www.myntra.com/dollar?f=Brand%3ADollar%3A%3AGender%3Aboys page 2 -> https://www.myntra.com/gateway/v4/search/dollar?f=Brand%3ADollar%3A%3AGender%3Aboys&rows=50&o=50&plaEnabled=false&xdEnabled=false&isFacet=true&p=2 | run_id=run_20260929_110725_467584_2daea7 | brand=Dollar (Forcenxt) | page=2 | route=https://www.myntra.com/dollar?f=Brand%3ADollar%3A%3AGender%3Aboys | seen=641 | expected=728
2026-09-29 11:20:59 | INFO    | LISTING   | Listing Dollar (Forcenxt) route https://www.myntra.com/dollar?f=Brand%3ADollar%3A%3AGender%3Aboys page 3 -> https://www.myntra.com/gateway/v4/search/dollar?f=Brand%3ADollar%3A%3AGender%3Aboys&rows=50&o=100&plaEnabled=false&xdEnabled=false&isFacet=true&p=3 | run_id=run_20260929_110725_467584_2daea7 | brand=Dollar (Forcenxt) | page=3 | route=https://www.myntra.com/dollar?f=Brand%3ADollar%3A%3AGender%3Aboys | seen=641 | expected=728
2026-09-29 11:21:00 | WARNING | LISTING   | Route https://www.myntra.com/dollar?f=Brand%3ADollar%3A%3AGender%3Aboys for Dollar (Forcenxt) stalled for 3 consecutive pages before reaching expected total; restarting route pass. | run_id=run_20260929_110725_467584_2daea7 | brand=Dollar (Forcenxt) | page=3 | route=https://www.myntra.com/dollar?f=Brand%3ADollar%3A%3AGender%3Aboys | seen=641 | expected=728
2026-09-29 11:21:00 | WARNING | LISTING   | Retrying route https://www.myntra.com/dollar?f=Brand%3ADollar%3A%3AGender%3Aboys for Dollar (Forcenxt) (pass 2/2) after incomplete coverage: 641/728 unique products seen. | run_id=run_20260929_110725_467584_2daea7 | brand=Dollar (Forcenxt) | route=https://www.myntra.com/dollar?f=Brand%3ADollar%3A%3AGender%3Aboys | seen=641 | expected=728 | attempt=2/2
2026-09-29 11:21:00 | INFO    | LISTING   | Listing Dollar (Forcenxt) route https://www.myntra.com/dollar?f=Brand%3ADollar%3A%3AGender%3Aboys page 1 -> https://www.myntra.com/gateway/v4/search/dollar?f=Brand%3ADollar%3A%3AGender%3Aboys&rows=50&o=0&plaEnabled=false&xdEnabled=false&isFacet=true&p=1 | run_id=run_20260929_110725_467584_2daea7 | brand=Dollar (Forcenxt) | page=1 | route=https://www.myntra.com/dollar?f=Brand%3ADollar%3A%3AGender%3Aboys | seen=641 | expected=728
2026-09-29 11:21:01 | INFO    | LISTING   | Listing Dollar (Forcenxt) route https://www.myntra.com/dollar?f=Brand%3ADollar%3A%3AGender%3Aboys page 2 -> https://www.myntra.com/gateway/v4/search/dollar?f=Brand%3ADollar%3A%3AGender%3Aboys&rows=50&o=50&plaEnabled=false&xdEnabled=false&isFacet=true&p=2 | run_id=run_20260929_110725_467584_2daea7 | brand=Dollar (Forcenxt) | page=2 | route=https://www.myntra.com/dollar?f=Brand%3ADollar%3A%3AGender%3Aboys | seen=641 | expected=728
2026-09-29 11:21:01 | INFO    | LISTING   | Listing Dollar (Forcenxt) route https://www.myntra.com/dollar?f=Brand%3ADollar%3A%3AGender%3Aboys page 3 -> https://www.myntra.com/gateway/v4/search/dollar?f=Brand%3ADollar%3A%3AGender%3Aboys&rows=50&o=100&plaEnabled=false&xdEnabled=false&isFacet=true&p=3 | run_id=run_20260929_110725_467584_2daea7 | brand=Dollar (Forcenxt) | page=3 | route=https://www.myntra.com/dollar?f=Brand%3ADollar%3A%3AGender%3Aboys | seen=641 | expected=728
2026-09-29 11:21:02 | WARNING | LISTING   | Route https://www.myntra.com/dollar?f=Brand%3ADollar%3A%3AGender%3Aboys for Dollar (Forcenxt) stalled for 3 consecutive pages before reaching expected total; restarting route pass. | run_id=run_20260929_110725_467584_2daea7 | brand=Dollar (Forcenxt) | page=3 | route=https://www.myntra.com/dollar?f=Brand%3ADollar%3A%3AGender%3Aboys | seen=641 | expected=728
2026-09-29 11:21:02 | INFO    | LISTING   | Listing Dollar (Forcenxt) route https://www.myntra.com/dollar?f=Brand%3ADollar%3A%3AGender%3Awomen page 1 -> https://www.myntra.com/gateway/v4/search/dollar?f=Brand%3ADollar%3A%3AGender%3Awomen&rows=50&o=0&plaEnabled=false&xdEnabled=false&isFacet=true&p=1 | run_id=run_20260929_110725_467584_2daea7 | brand=Dollar (Forcenxt) | page=1 | route=https://www.myntra.com/dollar?f=Brand%3ADollar%3A%3AGender%3Awomen | seen=0 | expected=621
2026-09-29 11:21:05 | INFO    | PDP       | Processed 48 target products for Dollar (Forcenxt) in 2s (1170.78 products/min). | run_id=run_20260929_110725_467584_2daea7 | brand=Dollar (Forcenxt) | saved=48 | elapsed_label=2s | products_per_minute=1170.78
2026-09-29 11:21:06 | INFO    | LISTING   | Listing Dollar (Forcenxt) route https://www.myntra.com/dollar?f=Brand%3ADollar%3A%3AGender%3Awomen page 2 -> https://www.myntra.com/gateway/v4/search/dollar?f=Brand%3ADollar%3A%3AGender%3Awomen&rows=50&o=50&plaEnabled=false&xdEnabled=false&isFacet=true&p=2 | run_id=run_20260929_110725_467584_2daea7 | brand=Dollar (Forcenxt) | page=2 | route=https://www.myntra.com/dollar?f=Brand%3ADollar%3A%3AGender%3Awomen | seen=48 | expected=621
2026-09-29 11:21:09 | INFO    | PDP       | Processed 49 target products for Dollar (Forcenxt) in 3s (921.06 products/min). | run_id=run_20260929_110725_467584_2daea7 | brand=Dollar (Forcenxt) | saved=49 | elapsed_label=3s | products_per_minute=921.06
2026-09-29 11:21:10 | INFO    | LISTING   | Listing Dollar (Forcenxt) route https://www.myntra.com/dollar?f=Brand%3ADollar%3A%3AGender%3Awomen page 3 -> https://www.myntra.com/gateway/v4/search/dollar?f=Brand%3ADollar%3A%3AGender%3Awomen&rows=50&o=100&plaEnabled=false&xdEnabled=false&isFacet=true&p=3 | run_id=run_20260929_110725_467584_2daea7 | brand=Dollar (Forcenxt) | page=3 | route=https://www.myntra.com/dollar?f=Brand%3ADollar%3A%3AGender%3Awomen | seen=97 | expected=621
2026-09-29 11:21:14 | INFO    | PDP       | Processed 32 target products for Dollar (Forcenxt) in 3s (648.79 products/min). | run_id=run_20260929_110725_467584_2daea7 | brand=Dollar (Forcenxt) | saved=32 | elapsed_label=3s | products_per_minute=648.79
2026-09-29 11:21:14 | INFO    | LISTING   | Listing Dollar (Forcenxt) route https://www.myntra.com/dollar?f=Brand%3ADollar%3A%3AGender%3Awomen page 4 -> https://www.myntra.com/gateway/v4/search/dollar?f=Brand%3ADollar%3A%3AGender%3Awomen&rows=50&o=150&plaEnabled=false&xdEnabled=false&isFacet=true&p=4 | run_id=run_20260929_110725_467584_2daea7 | brand=Dollar (Forcenxt) | page=4 | route=https://www.myntra.com/dollar?f=Brand%3ADollar%3A%3AGender%3Awomen | seen=136 | expected=621
2026-09-29 11:21:18 | INFO    | PDP       | Processed 48 target products for Dollar (Forcenxt) in 3s (964.75 products/min). | run_id=run_20260929_110725_467584_2daea7 | brand=Dollar (Forcenxt) | saved=48 | elapsed_label=3s | products_per_minute=964.75
2026-09-29 11:21:18 | INFO    | LISTING   | Listing Dollar (Forcenxt) route https://www.myntra.com/dollar?f=Brand%3ADollar%3A%3AGender%3Awomen page 5 -> https://www.myntra.com/gateway/v4/search/dollar?f=Brand%3ADollar%3A%3AGender%3Awomen&rows=50&o=200&plaEnabled=false&xdEnabled=false&isFacet=true&p=5 | run_id=run_20260929_110725_467584_2daea7 | brand=Dollar (Forcenxt) | page=5 | route=https://www.myntra.com/dollar?f=Brand%3ADollar%3A%3AGender%3Awomen | seen=184 | expected=621
2026-09-29 11:21:22 | INFO    | PDP       | Processed 46 target products for Dollar (Forcenxt) in 3s (855.9 products/min). | run_id=run_20260929_110725_467584_2daea7 | brand=Dollar (Forcenxt) | saved=46 | elapsed_label=3s | products_per_minute=855.9
2026-09-29 11:21:22 | INFO    | LISTING   | Listing Dollar (Forcenxt) route https://www.myntra.com/dollar?f=Brand%3ADollar%3A%3AGender%3Awomen page 6 -> https://www.myntra.com/gateway/v4/search/dollar?f=Brand%3ADollar%3A%3AGender%3Awomen&rows=50&o=250&plaEnabled=false&xdEnabled=false&isFacet=true&p=6 | run_id=run_20260929_110725_467584_2daea7 | brand=Dollar (Forcenxt) | page=6 | route=https://www.myntra.com/dollar?f=Brand%3ADollar%3A%3AGender%3Awomen | seen=231 | expected=621
2026-09-29 11:21:25 | INFO    | PDP       | Processed 39 target products for Dollar (Forcenxt) in 3s (845.64 products/min). | run_id=run_20260929_110725_467584_2daea7 | brand=Dollar (Forcenxt) | saved=39 | elapsed_label=3s | products_per_minute=845.64
2026-09-29 11:21:25 | INFO    | LISTING   | Listing Dollar (Forcenxt) route https://www.myntra.com/dollar?f=Brand%3ADollar%3A%3AGender%3Awomen page 7 -> https://www.myntra.com/gateway/v4/search/dollar?f=Brand%3ADollar%3A%3AGender%3Awomen&rows=50&o=300&plaEnabled=false&xdEnabled=false&isFacet=true&p=7 | run_id=run_20260929_110725_467584_2daea7 | brand=Dollar (Forcenxt) | page=7 | route=https://www.myntra.com/dollar?f=Brand%3ADollar%3A%3AGender%3Awomen | seen=270 | expected=621
2026-09-29 11:21:28 | INFO    | PDP       | Processed 40 target products for Dollar (Forcenxt) in 3s (940.3 products/min). | run_id=run_20260929_110725_467584_2daea7 | brand=Dollar (Forcenxt) | saved=40 | elapsed_label=3s | products_per_minute=940.3
2026-09-29 11:21:29 | INFO    | LISTING   | Listing Dollar (Forcenxt) route https://www.myntra.com/dollar?f=Brand%3ADollar%3A%3AGender%3Awomen page 8 -> https://www.myntra.com/gateway/v4/search/dollar?f=Brand%3ADollar%3A%3AGender%3Awomen&rows=50&o=350&plaEnabled=false&xdEnabled=false&isFacet=true&p=8 | run_id=run_20260929_110725_467584_2daea7 | brand=Dollar (Forcenxt) | page=8 | route=https://www.myntra.com/dollar?f=Brand%3ADollar%3A%3AGender%3Awomen | seen=311 | expected=621
2026-09-29 11:21:32 | INFO    | PDP       | Processed 33 target products for Dollar (Forcenxt) in 3s (679.38 products/min). | run_id=run_20260929_110725_467584_2daea7 | brand=Dollar (Forcenxt) | saved=33 | elapsed_label=3s | products_per_minute=679.38
2026-09-29 11:21:32 | INFO    | LISTING   | Listing Dollar (Forcenxt) route https://www.myntra.com/dollar?f=Brand%3ADollar%3A%3AGender%3Awomen page 9 -> https://www.myntra.com/gateway/v4/search/dollar?f=Brand%3ADollar%3A%3AGender%3Awomen&rows=50&o=400&plaEnabled=false&xdEnabled=false&isFacet=true&p=9 | run_id=run_20260929_110725_467584_2daea7 | brand=Dollar (Forcenxt) | page=9 | route=https://www.myntra.com/dollar?f=Brand%3ADollar%3A%3AGender%3Awomen | seen=345 | expected=621
2026-09-29 11:21:36 | INFO    | PDP       | Processed 49 target products for Dollar (Forcenxt) in 3s (941.36 products/min). | run_id=run_20260929_110725_467584_2daea7 | brand=Dollar (Forcenxt) | saved=49 | elapsed_label=3s | products_per_minute=941.36
2026-09-29 11:21:36 | INFO    | LISTING   | Listing Dollar (Forcenxt) route https://www.myntra.com/dollar?f=Brand%3ADollar%3A%3AGender%3Awomen page 10 -> https://www.myntra.com/gateway/v4/search/dollar?f=Brand%3ADollar%3A%3AGender%3Awomen&rows=50&o=450&plaEnabled=false&xdEnabled=false&isFacet=true&p=10 | run_id=run_20260929_110725_467584_2daea7 | brand=Dollar (Forcenxt) | page=10 | route=https://www.myntra.com/dollar?f=Brand%3ADollar%3A%3AGender%3Awomen | seen=394 | expected=621
2026-09-29 11:21:39 | INFO    | PDP       | Processed 19 target products for Dollar (Forcenxt) in 2s (667.08 products/min). | run_id=run_20260929_110725_467584_2daea7 | brand=Dollar (Forcenxt) | saved=19 | elapsed_label=2s | products_per_minute=667.08
2026-09-29 11:21:39 | INFO    | LISTING   | Listing Dollar (Forcenxt) route https://www.myntra.com/dollar?f=Brand%3ADollar%3A%3AGender%3Awomen page 11 -> https://www.myntra.com/gateway/v4/search/dollar?f=Brand%3ADollar%3A%3AGender%3Awomen&rows=50&o=500&plaEnabled=false&xdEnabled=false&isFacet=true&p=11 | run_id=run_20260929_110725_467584_2daea7 | brand=Dollar (Forcenxt) | page=11 | route=https://www.myntra.com/dollar?f=Brand%3ADollar%3A%3AGender%3Awomen | seen=419 | expected=621
2026-09-29 11:21:42 | INFO    | PDP       | Processed 19 target products for Dollar (Forcenxt) in 2s (574.37 products/min). | run_id=run_20260929_110725_467584_2daea7 | brand=Dollar (Forcenxt) | saved=19 | elapsed_label=2s | products_per_minute=574.37
2026-09-29 11:21:42 | INFO    | LISTING   | Listing Dollar (Forcenxt) route https://www.myntra.com/dollar?f=Brand%3ADollar%3A%3AGender%3Awomen page 12 -> https://www.myntra.com/gateway/v4/search/dollar?f=Brand%3ADollar%3A%3AGender%3Awomen&rows=50&o=550&plaEnabled=false&xdEnabled=false&isFacet=true&p=12 | run_id=run_20260929_110725_467584_2daea7 | brand=Dollar (Forcenxt) | page=12 | route=https://www.myntra.com/dollar?f=Brand%3ADollar%3A%3AGender%3Awomen | seen=455 | expected=621
2026-09-29 11:21:45 | INFO    | PDP       | Processed 20 target products for Dollar (Forcenxt) in 2s (623.52 products/min). | run_id=run_20260929_110725_467584_2daea7 | brand=Dollar (Forcenxt) | saved=20 | elapsed_label=2s | products_per_minute=623.52
2026-09-29 11:21:45 | INFO    | LISTING   | Listing Dollar (Forcenxt) route https://www.myntra.com/dollar?f=Brand%3ADollar%3A%3AGender%3Awomen page 13 -> https://www.myntra.com/gateway/v4/search/dollar?f=Brand%3ADollar%3A%3AGender%3Awomen&rows=50&o=600&plaEnabled=false&xdEnabled=false&isFacet=true&p=13 | run_id=run_20260929_110725_467584_2daea7 | brand=Dollar (Forcenxt) | page=13 | route=https://www.myntra.com/dollar?f=Brand%3ADollar%3A%3AGender%3Awomen | seen=488 | expected=621
2026-09-29 11:21:46 | INFO    | LISTING   | Listing Dollar (Forcenxt) route https://www.myntra.com/dollar?f=Brand%3ADollar%3A%3AGender%3Awomen page 14 -> https://www.myntra.com/gateway/v4/search/dollar?f=Brand%3ADollar%3A%3AGender%3Awomen&rows=50&o=650&plaEnabled=false&xdEnabled=false&isFacet=true&p=14 | run_id=run_20260929_110725_467584_2daea7 | brand=Dollar (Forcenxt) | page=14 | route=https://www.myntra.com/dollar?f=Brand%3ADollar%3A%3AGender%3Awomen | seen=491 | expected=621
2026-09-29 11:21:46 | WARNING | LISTING   | Empty listing page for Dollar (Forcenxt) on page 14 before expected end; continuing. | run_id=run_20260929_110725_467584_2daea7 | brand=Dollar (Forcenxt) | page=14 | route=https://www.myntra.com/dollar?f=Brand%3ADollar%3A%3AGender%3Awomen
2026-09-29 11:21:46 | INFO    | LISTING   | Listing Dollar (Forcenxt) route https://www.myntra.com/dollar?f=Brand%3ADollar%3A%3AGender%3Awomen page 15 -> https://www.myntra.com/gateway/v4/search/dollar?f=Brand%3ADollar%3A%3AGender%3Awomen&rows=50&o=700&plaEnabled=false&xdEnabled=false&isFacet=true&p=15 | run_id=run_20260929_110725_467584_2daea7 | brand=Dollar (Forcenxt) | page=15 | route=https://www.myntra.com/dollar?f=Brand%3ADollar%3A%3AGender%3Awomen | seen=491 | expected=621
2026-09-29 11:21:47 | WARNING | NETWORK   | JSON request failed for https://www.myntra.com/gateway/v4/search/dollar?f=Brand%3ADollar%3A%3AGender%3Awomen&rows=50&o=700&plaEnabled=false&xdEnabled=false&isFacet=true&p=15 on attempt 1/3: HTTP Error 400:  | run_id=run_20260929_110725_467584_2daea7 | route=https://www.myntra.com/gateway/v4/search/dollar?f=Brand%3ADollar%3A%3AGender%3Awomen&rows=50&o=700&plaEnabled=false&xdEnabled=false&isFacet=true&p=15 | attempt=1/3
2026-09-29 11:21:48 | WARNING | NETWORK   | JSON request failed for https://www.myntra.com/gateway/v4/search/dollar?f=Brand%3ADollar%3A%3AGender%3Awomen&rows=50&o=700&plaEnabled=false&xdEnabled=false&isFacet=true&p=15 on attempt 2/3: HTTP Error 400:  | run_id=run_20260929_110725_467584_2daea7 | route=https://www.myntra.com/gateway/v4/search/dollar?f=Brand%3ADollar%3A%3AGender%3Awomen&rows=50&o=700&plaEnabled=false&xdEnabled=false&isFacet=true&p=15 | attempt=2/3
2026-09-29 11:21:51 | WARNING | NETWORK   | JSON request failed for https://www.myntra.com/gateway/v4/search/dollar?f=Brand%3ADollar%3A%3AGender%3Awomen&rows=50&o=700&plaEnabled=false&xdEnabled=false&isFacet=true&p=15 on attempt 3/3: HTTP Error 400:  | run_id=run_20260929_110725_467584_2daea7 | route=https://www.myntra.com/gateway/v4/search/dollar?f=Brand%3ADollar%3A%3AGender%3Awomen&rows=50&o=700&plaEnabled=false&xdEnabled=false&isFacet=true&p=15 | attempt=3/3
2026-09-29 11:21:52 | WARNING | NETWORK   | JSON request failed for https://www.myntra.com/gateway/v4/search/dollar?f=Brand%3ADollar%3A%3AGender%3Awomen&rows=50&o=699&plaEnabled=false&xdEnabled=false&isFacet=true&p=15 on attempt 1/3: HTTP Error 400:  | run_id=run_20260929_110725_467584_2daea7 | route=https://www.myntra.com/gateway/v4/search/dollar?f=Brand%3ADollar%3A%3AGender%3Awomen&rows=50&o=699&plaEnabled=false&xdEnabled=false&isFacet=true&p=15 | attempt=1/3
2026-09-29 11:21:53 | WARNING | NETWORK   | JSON request failed for https://www.myntra.com/gateway/v4/search/dollar?f=Brand%3ADollar%3A%3AGender%3Awomen&rows=50&o=699&plaEnabled=false&xdEnabled=false&isFacet=true&p=15 on attempt 2/3: HTTP Error 400:  | run_id=run_20260929_110725_467584_2daea7 | route=https://www.myntra.com/gateway/v4/search/dollar?f=Brand%3ADollar%3A%3AGender%3Awomen&rows=50&o=699&plaEnabled=false&xdEnabled=false&isFacet=true&p=15 | attempt=2/3
2026-09-29 11:21:56 | WARNING | NETWORK   | JSON request failed for https://www.myntra.com/gateway/v4/search/dollar?f=Brand%3ADollar%3A%3AGender%3Awomen&rows=50&o=699&plaEnabled=false&xdEnabled=false&isFacet=true&p=15 on attempt 3/3: HTTP Error 400:  | run_id=run_20260929_110725_467584_2daea7 | route=https://www.myntra.com/gateway/v4/search/dollar?f=Brand%3ADollar%3A%3AGender%3Awomen&rows=50&o=699&plaEnabled=false&xdEnabled=false&isFacet=true&p=15 | attempt=3/3
2026-09-29 11:21:57 | WARNING | LISTING   | Route fetch failed for https://www.myntra.com/dollar?f=Brand%3ADollar%3A%3AGender%3Awomen page 15 (Failed to fetch JSON payload from https://www.myntra.com/gateway/v4/search/dollar?f=Brand%3ADollar%3A%3AGender%3Awomen&rows=50&o=699&plaEnabled=false&xdEnabled=false&isFacet=true&p=15: HTTP Error 400: ). Will retry with another pass or fallback route. | run_id=run_20260929_110725_467584_2daea7 | brand=Dollar (Forcenxt) | page=15 | route=https://www.myntra.com/dollar?f=Brand%3ADollar%3A%3AGender%3Awomen
2026-09-29 11:21:57 | WARNING | LISTING   | Retrying route https://www.myntra.com/dollar?f=Brand%3ADollar%3A%3AGender%3Awomen for Dollar (Forcenxt) (pass 1/2) after incomplete coverage: 491/621 unique products seen. | run_id=run_20260929_110725_467584_2daea7 | brand=Dollar (Forcenxt) | route=https://www.myntra.com/dollar?f=Brand%3ADollar%3A%3AGender%3Awomen | seen=491 | expected=621 | attempt=1/2
2026-09-29 11:21:57 | INFO    | LISTING   | Listing Dollar (Forcenxt) route https://www.myntra.com/dollar?f=Brand%3ADollar%3A%3AGender%3Awomen page 1 -> https://www.myntra.com/gateway/v4/search/dollar?f=Brand%3ADollar%3A%3AGender%3Awomen&rows=50&o=0&plaEnabled=false&xdEnabled=false&isFacet=true&p=1 | run_id=run_20260929_110725_467584_2daea7 | brand=Dollar (Forcenxt) | page=1 | route=https://www.myntra.com/dollar?f=Brand%3ADollar%3A%3AGender%3Awomen | seen=491 | expected=621
2026-09-29 11:21:58 | INFO    | LISTING   | Listing Dollar (Forcenxt) route https://www.myntra.com/dollar?f=Brand%3ADollar%3A%3AGender%3Awomen page 2 -> https://www.myntra.com/gateway/v4/search/dollar?f=Brand%3ADollar%3A%3AGender%3Awomen&rows=50&o=50&plaEnabled=false&xdEnabled=false&isFacet=true&p=2 | run_id=run_20260929_110725_467584_2daea7 | brand=Dollar (Forcenxt) | page=2 | route=https://www.myntra.com/dollar?f=Brand%3ADollar%3A%3AGender%3Awomen | seen=491 | expected=621
2026-09-29 11:21:59 | INFO    | LISTING   | Listing Dollar (Forcenxt) route https://www.myntra.com/dollar?f=Brand%3ADollar%3A%3AGender%3Awomen page 3 -> https://www.myntra.com/gateway/v4/search/dollar?f=Brand%3ADollar%3A%3AGender%3Awomen&rows=50&o=100&plaEnabled=false&xdEnabled=false&isFacet=true&p=3 | run_id=run_20260929_110725_467584_2daea7 | brand=Dollar (Forcenxt) | page=3 | route=https://www.myntra.com/dollar?f=Brand%3ADollar%3A%3AGender%3Awomen | seen=491 | expected=621
2026-09-29 11:21:59 | WARNING | LISTING   | Route https://www.myntra.com/dollar?f=Brand%3ADollar%3A%3AGender%3Awomen for Dollar (Forcenxt) stalled for 3 consecutive pages before reaching expected total; restarting route pass. | run_id=run_20260929_110725_467584_2daea7 | brand=Dollar (Forcenxt) | page=3 | route=https://www.myntra.com/dollar?f=Brand%3ADollar%3A%3AGender%3Awomen | seen=491 | expected=621
2026-09-29 11:21:59 | WARNING | LISTING   | Retrying route https://www.myntra.com/dollar?f=Brand%3ADollar%3A%3AGender%3Awomen for Dollar (Forcenxt) (pass 2/2) after incomplete coverage: 491/621 unique products seen. | run_id=run_20260929_110725_467584_2daea7 | brand=Dollar (Forcenxt) | route=https://www.myntra.com/dollar?f=Brand%3ADollar%3A%3AGender%3Awomen | seen=491 | expected=621 | attempt=2/2
2026-09-29 11:21:59 | INFO    | LISTING   | Listing Dollar (Forcenxt) route https://www.myntra.com/dollar?f=Brand%3ADollar%3A%3AGender%3Awomen page 1 -> https://www.myntra.com/gateway/v4/search/dollar?f=Brand%3ADollar%3A%3AGender%3Awomen&rows=50&o=0&plaEnabled=false&xdEnabled=false&isFacet=true&p=1 | run_id=run_20260929_110725_467584_2daea7 | brand=Dollar (Forcenxt) | page=1 | route=https://www.myntra.com/dollar?f=Brand%3ADollar%3A%3AGender%3Awomen | seen=491 | expected=621
2026-09-29 11:22:02 | INFO    | LISTING   | Listing Dollar (Forcenxt) route https://www.myntra.com/dollar?f=Brand%3ADollar%3A%3AGender%3Awomen page 2 -> https://www.myntra.com/gateway/v4/search/dollar?f=Brand%3ADollar%3A%3AGender%3Awomen&rows=50&o=50&plaEnabled=false&xdEnabled=false&isFacet=true&p=2 | run_id=run_20260929_110725_467584_2daea7 | brand=Dollar (Forcenxt) | page=2 | route=https://www.myntra.com/dollar?f=Brand%3ADollar%3A%3AGender%3Awomen | seen=491 | expected=621
2026-09-29 11:22:03 | INFO    | LISTING   | Listing Dollar (Forcenxt) route https://www.myntra.com/dollar?f=Brand%3ADollar%3A%3AGender%3Awomen page 3 -> https://www.myntra.com/gateway/v4/search/dollar?f=Brand%3ADollar%3A%3AGender%3Awomen&rows=50&o=100&plaEnabled=false&xdEnabled=false&isFacet=true&p=3 | run_id=run_20260929_110725_467584_2daea7 | brand=Dollar (Forcenxt) | page=3 | route=https://www.myntra.com/dollar?f=Brand%3ADollar%3A%3AGender%3Awomen | seen=491 | expected=621
2026-09-29 11:22:04 | WARNING | LISTING   | Route https://www.myntra.com/dollar?f=Brand%3ADollar%3A%3AGender%3Awomen for Dollar (Forcenxt) stalled for 3 consecutive pages before reaching expected total; restarting route pass. | run_id=run_20260929_110725_467584_2daea7 | brand=Dollar (Forcenxt) | page=3 | route=https://www.myntra.com/dollar?f=Brand%3ADollar%3A%3AGender%3Awomen | seen=491 | expected=621
2026-09-29 11:22:04 | INFO    | LISTING   | Listing Dollar (Forcenxt) route https://www.myntra.com/dollar-socks page 1 -> https://www.myntra.com/gateway/v4/search/dollar-socks?rows=50&o=0&plaEnabled=false&xdEnabled=false&isFacet=true&p=1 | run_id=run_20260929_110725_467584_2daea7 | brand=Dollar (Forcenxt) | page=1 | route=https://www.myntra.com/dollar-socks | seen=0 | expected=547
2026-09-29 11:22:08 | INFO    | PDP       | Processed 50 target products for Dollar (Forcenxt) in 4s (853.82 products/min). | run_id=run_20260929_110725_467584_2daea7 | brand=Dollar (Forcenxt) | saved=50 | elapsed_label=4s | products_per_minute=853.82
2026-09-29 11:22:09 | INFO    | LISTING   | Listing Dollar (Forcenxt) route https://www.myntra.com/dollar-socks page 2 -> https://www.myntra.com/gateway/v4/search/dollar-socks?rows=50&o=50&plaEnabled=false&xdEnabled=false&isFacet=true&p=2 | run_id=run_20260929_110725_467584_2daea7 | brand=Dollar (Forcenxt) | page=2 | route=https://www.myntra.com/dollar-socks | seen=50 | expected=547
2026-09-29 11:22:13 | INFO    | PDP       | Processed 50 target products for Dollar (Forcenxt) in 4s (734.93 products/min). | run_id=run_20260929_110725_467584_2daea7 | brand=Dollar (Forcenxt) | saved=50 | elapsed_label=4s | products_per_minute=734.93
2026-09-29 11:22:14 | INFO    | LISTING   | Listing Dollar (Forcenxt) route https://www.myntra.com/dollar-socks page 3 -> https://www.myntra.com/gateway/v4/search/dollar-socks?rows=50&o=100&plaEnabled=false&xdEnabled=false&isFacet=true&p=3 | run_id=run_20260929_110725_467584_2daea7 | brand=Dollar (Forcenxt) | page=3 | route=https://www.myntra.com/dollar-socks | seen=100 | expected=547
2026-09-29 11:22:18 | INFO    | PDP       | Processed 50 target products for Dollar (Forcenxt) in 3s (879.55 products/min). | run_id=run_20260929_110725_467584_2daea7 | brand=Dollar (Forcenxt) | saved=50 | elapsed_label=3s | products_per_minute=879.55
2026-09-29 11:22:18 | INFO    | LISTING   | Listing Dollar (Forcenxt) route https://www.myntra.com/dollar-socks page 4 -> https://www.myntra.com/gateway/v4/search/dollar-socks?rows=50&o=150&plaEnabled=false&xdEnabled=false&isFacet=true&p=4 | run_id=run_20260929_110725_467584_2daea7 | brand=Dollar (Forcenxt) | page=4 | route=https://www.myntra.com/dollar-socks | seen=150 | expected=547
2026-09-29 11:22:23 | INFO    | PDP       | Processed 50 target products for Dollar (Forcenxt) in 4s (808.32 products/min). | run_id=run_20260929_110725_467584_2daea7 | brand=Dollar (Forcenxt) | saved=50 | elapsed_label=4s | products_per_minute=808.32
2026-09-29 11:22:23 | INFO    | LISTING   | Listing Dollar (Forcenxt) route https://www.myntra.com/dollar-socks page 5 -> https://www.myntra.com/gateway/v4/search/dollar-socks?rows=50&o=200&plaEnabled=false&xdEnabled=false&isFacet=true&p=5 | run_id=run_20260929_110725_467584_2daea7 | brand=Dollar (Forcenxt) | page=5 | route=https://www.myntra.com/dollar-socks | seen=200 | expected=547
2026-09-29 11:22:27 | INFO    | PDP       | Processed 50 target products for Dollar (Forcenxt) in 3s (990.48 products/min). | run_id=run_20260929_110725_467584_2daea7 | brand=Dollar (Forcenxt) | saved=50 | elapsed_label=3s | products_per_minute=990.48
2026-09-29 11:22:27 | INFO    | LISTING   | Listing Dollar (Forcenxt) route https://www.myntra.com/dollar-socks page 6 -> https://www.myntra.com/gateway/v4/search/dollar-socks?rows=50&o=250&plaEnabled=false&xdEnabled=false&isFacet=true&p=6 | run_id=run_20260929_110725_467584_2daea7 | brand=Dollar (Forcenxt) | page=6 | route=https://www.myntra.com/dollar-socks | seen=250 | expected=547
2026-09-29 11:22:31 | INFO    | PDP       | Processed 50 target products for Dollar (Forcenxt) in 3s (900.27 products/min). | run_id=run_20260929_110725_467584_2daea7 | brand=Dollar (Forcenxt) | saved=50 | elapsed_label=3s | products_per_minute=900.27
2026-09-29 11:22:31 | INFO    | LISTING   | Listing Dollar (Forcenxt) route https://www.myntra.com/dollar-socks page 7 -> https://www.myntra.com/gateway/v4/search/dollar-socks?rows=50&o=300&plaEnabled=false&xdEnabled=false&isFacet=true&p=7 | run_id=run_20260929_110725_467584_2daea7 | brand=Dollar (Forcenxt) | page=7 | route=https://www.myntra.com/dollar-socks | seen=300 | expected=547
2026-09-29 11:22:35 | INFO    | PDP       | Processed 50 target products for Dollar (Forcenxt) in 3s (885.51 products/min). | run_id=run_20260929_110725_467584_2daea7 | brand=Dollar (Forcenxt) | saved=50 | elapsed_label=3s | products_per_minute=885.51
2026-09-29 11:22:35 | INFO    | LISTING   | Listing Dollar (Forcenxt) route https://www.myntra.com/dollar-socks page 8 -> https://www.myntra.com/gateway/v4/search/dollar-socks?rows=50&o=350&plaEnabled=false&xdEnabled=false&isFacet=true&p=8 | run_id=run_20260929_110725_467584_2daea7 | brand=Dollar (Forcenxt) | page=8 | route=https://www.myntra.com/dollar-socks | seen=350 | expected=547
2026-09-29 11:22:40 | INFO    | PDP       | Processed 50 target products for Dollar (Forcenxt) in 4s (744.98 products/min). | run_id=run_20260929_110725_467584_2daea7 | brand=Dollar (Forcenxt) | saved=50 | elapsed_label=4s | products_per_minute=744.98
2026-09-29 11:22:40 | INFO    | LISTING   | Listing Dollar (Forcenxt) route https://www.myntra.com/dollar-socks page 9 -> https://www.myntra.com/gateway/v4/search/dollar-socks?rows=50&o=400&plaEnabled=false&xdEnabled=false&isFacet=true&p=9 | run_id=run_20260929_110725_467584_2daea7 | brand=Dollar (Forcenxt) | page=9 | route=https://www.myntra.com/dollar-socks | seen=400 | expected=547
2026-09-29 11:22:45 | INFO    | PDP       | Processed 50 target products for Dollar (Forcenxt) in 4s (725.83 products/min). | run_id=run_20260929_110725_467584_2daea7 | brand=Dollar (Forcenxt) | saved=50 | elapsed_label=4s | products_per_minute=725.83
2026-09-29 11:22:45 | INFO    | LISTING   | Listing Dollar (Forcenxt) route https://www.myntra.com/dollar-socks page 10 -> https://www.myntra.com/gateway/v4/search/dollar-socks?rows=50&o=450&plaEnabled=false&xdEnabled=false&isFacet=true&p=10 | run_id=run_20260929_110725_467584_2daea7 | brand=Dollar (Forcenxt) | page=10 | route=https://www.myntra.com/dollar-socks | seen=450 | expected=547
2026-09-29 11:22:50 | INFO    | PDP       | Processed 50 target products for Dollar (Forcenxt) in 4s (835.79 products/min). | run_id=run_20260929_110725_467584_2daea7 | brand=Dollar (Forcenxt) | saved=50 | elapsed_label=4s | products_per_minute=835.79
2026-09-29 11:22:50 | INFO    | LISTING   | Listing Dollar (Forcenxt) route https://www.myntra.com/dollar-socks page 11 -> https://www.myntra.com/gateway/v4/search/dollar-socks?rows=50&o=500&plaEnabled=false&xdEnabled=false&isFacet=true&p=11 | run_id=run_20260929_110725_467584_2daea7 | brand=Dollar (Forcenxt) | page=11 | route=https://www.myntra.com/dollar-socks | seen=500 | expected=547
2026-09-29 11:22:54 | INFO    | PDP       | Processed 47 target products for Dollar (Forcenxt) in 4s (776.02 products/min). | run_id=run_20260929_110725_467584_2daea7 | brand=Dollar (Forcenxt) | saved=47 | elapsed_label=4s | products_per_minute=776.02
2026-09-29 11:22:54 | INFO    | LISTING   | Listing Dollar (Forcenxt) route https://www.myntra.com/dollar-socks page 12 -> https://www.myntra.com/gateway/v4/search/dollar-socks?rows=50&o=550&plaEnabled=false&xdEnabled=false&isFacet=true&p=12 | run_id=run_20260929_110725_467584_2daea7 | brand=Dollar (Forcenxt) | page=12 | route=https://www.myntra.com/dollar-socks | seen=547 | expected=547
2026-09-29 11:22:55 | WARNING | LISTING   | Empty listing page for Dollar (Forcenxt) on page 12 before expected end; continuing. | run_id=run_20260929_110725_467584_2daea7 | brand=Dollar (Forcenxt) | page=12 | route=https://www.myntra.com/dollar-socks
2026-09-29 11:22:55 | INFO    | LISTING   | Listing Dollar (Forcenxt) route https://www.myntra.com/dollar-socks page 13 -> https://www.myntra.com/gateway/v4/search/dollar-socks?rows=50&o=600&plaEnabled=false&xdEnabled=false&isFacet=true&p=13 | run_id=run_20260929_110725_467584_2daea7 | brand=Dollar (Forcenxt) | page=13 | route=https://www.myntra.com/dollar-socks | seen=547 | expected=547
2026-09-29 11:22:55 | WARNING | NETWORK   | JSON request failed for https://www.myntra.com/gateway/v4/search/dollar-socks?rows=50&o=600&plaEnabled=false&xdEnabled=false&isFacet=true&p=13 on attempt 1/3: HTTP Error 400:  | run_id=run_20260929_110725_467584_2daea7 | route=https://www.myntra.com/gateway/v4/search/dollar-socks?rows=50&o=600&plaEnabled=false&xdEnabled=false&isFacet=true&p=13 | attempt=1/3
2026-09-29 11:22:57 | WARNING | NETWORK   | JSON request failed for https://www.myntra.com/gateway/v4/search/dollar-socks?rows=50&o=600&plaEnabled=false&xdEnabled=false&isFacet=true&p=13 on attempt 2/3: HTTP Error 400:  | run_id=run_20260929_110725_467584_2daea7 | route=https://www.myntra.com/gateway/v4/search/dollar-socks?rows=50&o=600&plaEnabled=false&xdEnabled=false&isFacet=true&p=13 | attempt=2/3
2026-09-29 11:23:00 | WARNING | NETWORK   | JSON request failed for https://www.myntra.com/gateway/v4/search/dollar-socks?rows=50&o=600&plaEnabled=false&xdEnabled=false&isFacet=true&p=13 on attempt 3/3: HTTP Error 400:  | run_id=run_20260929_110725_467584_2daea7 | route=https://www.myntra.com/gateway/v4/search/dollar-socks?rows=50&o=600&plaEnabled=false&xdEnabled=false&isFacet=true&p=13 | attempt=3/3
2026-09-29 11:23:00 | WARNING | NETWORK   | JSON request failed for https://www.myntra.com/gateway/v4/search/dollar-socks?rows=50&o=599&plaEnabled=false&xdEnabled=false&isFacet=true&p=13 on attempt 1/3: HTTP Error 400:  | run_id=run_20260929_110725_467584_2daea7 | route=https://www.myntra.com/gateway/v4/search/dollar-socks?rows=50&o=599&plaEnabled=false&xdEnabled=false&isFacet=true&p=13 | attempt=1/3
2026-09-29 11:23:02 | WARNING | NETWORK   | JSON request failed for https://www.myntra.com/gateway/v4/search/dollar-socks?rows=50&o=599&plaEnabled=false&xdEnabled=false&isFacet=true&p=13 on attempt 2/3: HTTP Error 400:  | run_id=run_20260929_110725_467584_2daea7 | route=https://www.myntra.com/gateway/v4/search/dollar-socks?rows=50&o=599&plaEnabled=false&xdEnabled=false&isFacet=true&p=13 | attempt=2/3
2026-09-29 11:23:05 | WARNING | NETWORK   | JSON request failed for https://www.myntra.com/gateway/v4/search/dollar-socks?rows=50&o=599&plaEnabled=false&xdEnabled=false&isFacet=true&p=13 on attempt 3/3: HTTP Error 400:  | run_id=run_20260929_110725_467584_2daea7 | route=https://www.myntra.com/gateway/v4/search/dollar-socks?rows=50&o=599&plaEnabled=false&xdEnabled=false&isFacet=true&p=13 | attempt=3/3
2026-09-29 11:23:05 | WARNING | LISTING   | Route fetch failed for https://www.myntra.com/dollar-socks page 13 (Failed to fetch JSON payload from https://www.myntra.com/gateway/v4/search/dollar-socks?rows=50&o=599&plaEnabled=false&xdEnabled=false&isFacet=true&p=13: HTTP Error 400: ). Will retry with another pass or fallback route. | run_id=run_20260929_110725_467584_2daea7 | brand=Dollar (Forcenxt) | page=13 | route=https://www.myntra.com/dollar-socks
2026-09-29 11:23:05 | INFO    | BRAND     | Skipping redundant route https://www.myntra.com/bra?f=Brand%3ADollar%20Missy for Dollar (Forcenxt) (100% of first page already captured). | run_id=run_20260929_110725_467584_2daea7 | brand=Dollar (Forcenxt) | route=https://www.myntra.com/bra?f=Brand%3ADollar%20Missy
2026-09-29 11:23:05 | INFO    | LISTING   | Listing Dollar (Forcenxt) route https://www.myntra.com/camisoles?f=Brand%3ADollar%20Missy page 1 -> https://www.myntra.com/gateway/v4/search/camisoles?f=Brand%3ADollar+Missy&rows=50&o=0&plaEnabled=false&xdEnabled=false&isFacet=true&p=1 | run_id=run_20260929_110725_467584_2daea7 | brand=Dollar (Forcenxt) | page=1 | route=https://www.myntra.com/camisoles?f=Brand%3ADollar%20Missy | seen=0 | expected=288
2026-09-29 11:23:07 | INFO    | LISTING   | Listing Dollar (Forcenxt) route https://www.myntra.com/camisoles?f=Brand%3ADollar%20Missy page 2 -> https://www.myntra.com/gateway/v4/search/camisoles?f=Brand%3ADollar+Missy&rows=50&o=50&plaEnabled=false&xdEnabled=false&isFacet=true&p=2 | run_id=run_20260929_110725_467584_2daea7 | brand=Dollar (Forcenxt) | page=2 | route=https://www.myntra.com/camisoles?f=Brand%3ADollar%20Missy | seen=0 | expected=288
2026-09-29 11:23:07 | INFO    | LISTING   | Listing Dollar (Forcenxt) route https://www.myntra.com/camisoles?f=Brand%3ADollar%20Missy page 3 -> https://www.myntra.com/gateway/v4/search/camisoles?f=Brand%3ADollar+Missy&rows=50&o=100&plaEnabled=false&xdEnabled=false&isFacet=true&p=3 | run_id=run_20260929_110725_467584_2daea7 | brand=Dollar (Forcenxt) | page=3 | route=https://www.myntra.com/camisoles?f=Brand%3ADollar%20Missy | seen=0 | expected=288
2026-09-29 11:23:08 | WARNING | LISTING   | Route https://www.myntra.com/camisoles?f=Brand%3ADollar%20Missy for Dollar (Forcenxt) stalled for 3 consecutive pages before reaching expected total; restarting route pass. | run_id=run_20260929_110725_467584_2daea7 | brand=Dollar (Forcenxt) | page=3 | route=https://www.myntra.com/camisoles?f=Brand%3ADollar%20Missy | seen=0 | expected=288
2026-09-29 11:23:08 | WARNING | LISTING   | Retrying route https://www.myntra.com/camisoles?f=Brand%3ADollar%20Missy for Dollar (Forcenxt) (pass 1/2) after incomplete coverage: 0/288 unique products seen. | run_id=run_20260929_110725_467584_2daea7 | brand=Dollar (Forcenxt) | route=https://www.myntra.com/camisoles?f=Brand%3ADollar%20Missy | seen=0 | expected=288 | attempt=1/2
2026-09-29 11:23:08 | INFO    | LISTING   | Listing Dollar (Forcenxt) route https://www.myntra.com/camisoles?f=Brand%3ADollar%20Missy page 1 -> https://www.myntra.com/gateway/v4/search/camisoles?f=Brand%3ADollar+Missy&rows=50&o=0&plaEnabled=false&xdEnabled=false&isFacet=true&p=1 | run_id=run_20260929_110725_467584_2daea7 | brand=Dollar (Forcenxt) | page=1 | route=https://www.myntra.com/camisoles?f=Brand%3ADollar%20Missy | seen=0 | expected=288
2026-09-29 11:23:10 | INFO    | LISTING   | Listing Dollar (Forcenxt) route https://www.myntra.com/camisoles?f=Brand%3ADollar%20Missy page 2 -> https://www.myntra.com/gateway/v4/search/camisoles?f=Brand%3ADollar+Missy&rows=50&o=50&plaEnabled=false&xdEnabled=false&isFacet=true&p=2 | run_id=run_20260929_110725_467584_2daea7 | brand=Dollar (Forcenxt) | page=2 | route=https://www.myntra.com/camisoles?f=Brand%3ADollar%20Missy | seen=0 | expected=288
2026-09-29 11:23:10 | INFO    | LISTING   | Listing Dollar (Forcenxt) route https://www.myntra.com/camisoles?f=Brand%3ADollar%20Missy page 3 -> https://www.myntra.com/gateway/v4/search/camisoles?f=Brand%3ADollar+Missy&rows=50&o=100&plaEnabled=false&xdEnabled=false&isFacet=true&p=3 | run_id=run_20260929_110725_467584_2daea7 | brand=Dollar (Forcenxt) | page=3 | route=https://www.myntra.com/camisoles?f=Brand%3ADollar%20Missy | seen=0 | expected=288
2026-09-29 11:23:11 | WARNING | LISTING   | Route https://www.myntra.com/camisoles?f=Brand%3ADollar%20Missy for Dollar (Forcenxt) stalled for 3 consecutive pages before reaching expected total; restarting route pass. | run_id=run_20260929_110725_467584_2daea7 | brand=Dollar (Forcenxt) | page=3 | route=https://www.myntra.com/camisoles?f=Brand%3ADollar%20Missy | seen=0 | expected=288
2026-09-29 11:23:11 | WARNING | LISTING   | Retrying route https://www.myntra.com/camisoles?f=Brand%3ADollar%20Missy for Dollar (Forcenxt) (pass 2/2) after incomplete coverage: 0/288 unique products seen. | run_id=run_20260929_110725_467584_2daea7 | brand=Dollar (Forcenxt) | route=https://www.myntra.com/camisoles?f=Brand%3ADollar%20Missy | seen=0 | expected=288 | attempt=2/2
2026-09-29 11:23:11 | INFO    | LISTING   | Listing Dollar (Forcenxt) route https://www.myntra.com/camisoles?f=Brand%3ADollar%20Missy page 1 -> https://www.myntra.com/gateway/v4/search/camisoles?f=Brand%3ADollar+Missy&rows=50&o=0&plaEnabled=false&xdEnabled=false&isFacet=true&p=1 | run_id=run_20260929_110725_467584_2daea7 | brand=Dollar (Forcenxt) | page=1 | route=https://www.myntra.com/camisoles?f=Brand%3ADollar%20Missy | seen=0 | expected=288
2026-09-29 11:23:13 | INFO    | LISTING   | Listing Dollar (Forcenxt) route https://www.myntra.com/camisoles?f=Brand%3ADollar%20Missy page 2 -> https://www.myntra.com/gateway/v4/search/camisoles?f=Brand%3ADollar+Missy&rows=50&o=50&plaEnabled=false&xdEnabled=false&isFacet=true&p=2 | run_id=run_20260929_110725_467584_2daea7 | brand=Dollar (Forcenxt) | page=2 | route=https://www.myntra.com/camisoles?f=Brand%3ADollar%20Missy | seen=0 | expected=288
2026-09-29 11:23:13 | INFO    | LISTING   | Listing Dollar (Forcenxt) route https://www.myntra.com/camisoles?f=Brand%3ADollar%20Missy page 3 -> https://www.myntra.com/gateway/v4/search/camisoles?f=Brand%3ADollar+Missy&rows=50&o=100&plaEnabled=false&xdEnabled=false&isFacet=true&p=3 | run_id=run_20260929_110725_467584_2daea7 | brand=Dollar (Forcenxt) | page=3 | route=https://www.myntra.com/camisoles?f=Brand%3ADollar%20Missy | seen=0 | expected=288
2026-09-29 11:23:14 | WARNING | LISTING   | Route https://www.myntra.com/camisoles?f=Brand%3ADollar%20Missy for Dollar (Forcenxt) stalled for 3 consecutive pages before reaching expected total; restarting route pass. | run_id=run_20260929_110725_467584_2daea7 | brand=Dollar (Forcenxt) | page=3 | route=https://www.myntra.com/camisoles?f=Brand%3ADollar%20Missy | seen=0 | expected=288
2026-09-29 11:23:14 | INFO    | LISTING   | Listing Dollar (Forcenxt) route https://www.myntra.com/trousers?f=Brand%3ADollar%20Missy page 1 -> https://www.myntra.com/gateway/v4/search/trousers?f=Brand%3ADollar+Missy&rows=50&o=0&plaEnabled=false&xdEnabled=false&isFacet=true&p=1 | run_id=run_20260929_110725_467584_2daea7 | brand=Dollar (Forcenxt) | page=1 | route=https://www.myntra.com/trousers?f=Brand%3ADollar%20Missy | seen=0 | expected=255
2026-09-29 11:23:15 | INFO    | LISTING   | Listing Dollar (Forcenxt) route https://www.myntra.com/trousers?f=Brand%3ADollar%20Missy page 2 -> https://www.myntra.com/gateway/v4/search/trousers?f=Brand%3ADollar+Missy&rows=50&o=50&plaEnabled=false&xdEnabled=false&isFacet=true&p=2 | run_id=run_20260929_110725_467584_2daea7 | brand=Dollar (Forcenxt) | page=2 | route=https://www.myntra.com/trousers?f=Brand%3ADollar%20Missy | seen=0 | expected=255
2026-09-29 11:23:16 | INFO    | LISTING   | Listing Dollar (Forcenxt) route https://www.myntra.com/trousers?f=Brand%3ADollar%20Missy page 3 -> https://www.myntra.com/gateway/v4/search/trousers?f=Brand%3ADollar+Missy&rows=50&o=100&plaEnabled=false&xdEnabled=false&isFacet=true&p=3 | run_id=run_20260929_110725_467584_2daea7 | brand=Dollar (Forcenxt) | page=3 | route=https://www.myntra.com/trousers?f=Brand%3ADollar%20Missy | seen=0 | expected=255
2026-09-29 11:23:16 | WARNING | LISTING   | Route https://www.myntra.com/trousers?f=Brand%3ADollar%20Missy for Dollar (Forcenxt) stalled for 3 consecutive pages before reaching expected total; restarting route pass. | run_id=run_20260929_110725_467584_2daea7 | brand=Dollar (Forcenxt) | page=3 | route=https://www.myntra.com/trousers?f=Brand%3ADollar%20Missy | seen=0 | expected=255
2026-09-29 11:23:16 | WARNING | LISTING   | Retrying route https://www.myntra.com/trousers?f=Brand%3ADollar%20Missy for Dollar (Forcenxt) (pass 1/2) after incomplete coverage: 0/255 unique products seen. | run_id=run_20260929_110725_467584_2daea7 | brand=Dollar (Forcenxt) | route=https://www.myntra.com/trousers?f=Brand%3ADollar%20Missy | seen=0 | expected=255 | attempt=1/2
2026-09-29 11:23:16 | INFO    | LISTING   | Listing Dollar (Forcenxt) route https://www.myntra.com/trousers?f=Brand%3ADollar%20Missy page 1 -> https://www.myntra.com/gateway/v4/search/trousers?f=Brand%3ADollar+Missy&rows=50&o=0&plaEnabled=false&xdEnabled=false&isFacet=true&p=1 | run_id=run_20260929_110725_467584_2daea7 | brand=Dollar (Forcenxt) | page=1 | route=https://www.myntra.com/trousers?f=Brand%3ADollar%20Missy | seen=0 | expected=255
2026-09-29 11:23:18 | INFO    | LISTING   | Listing Dollar (Forcenxt) route https://www.myntra.com/trousers?f=Brand%3ADollar%20Missy page 2 -> https://www.myntra.com/gateway/v4/search/trousers?f=Brand%3ADollar+Missy&rows=50&o=50&plaEnabled=false&xdEnabled=false&isFacet=true&p=2 | run_id=run_20260929_110725_467584_2daea7 | brand=Dollar (Forcenxt) | page=2 | route=https://www.myntra.com/trousers?f=Brand%3ADollar%20Missy | seen=0 | expected=255
2026-09-29 11:23:18 | INFO    | LISTING   | Listing Dollar (Forcenxt) route https://www.myntra.com/trousers?f=Brand%3ADollar%20Missy page 3 -> https://www.myntra.com/gateway/v4/search/trousers?f=Brand%3ADollar+Missy&rows=50&o=100&plaEnabled=false&xdEnabled=false&isFacet=true&p=3 | run_id=run_20260929_110725_467584_2daea7 | brand=Dollar (Forcenxt) | page=3 | route=https://www.myntra.com/trousers?f=Brand%3ADollar%20Missy | seen=0 | expected=255
2026-09-29 11:23:19 | WARNING | LISTING   | Route https://www.myntra.com/trousers?f=Brand%3ADollar%20Missy for Dollar (Forcenxt) stalled for 3 consecutive pages before reaching expected total; restarting route pass. | run_id=run_20260929_110725_467584_2daea7 | brand=Dollar (Forcenxt) | page=3 | route=https://www.myntra.com/trousers?f=Brand%3ADollar%20Missy | seen=0 | expected=255
2026-09-29 11:23:19 | WARNING | LISTING   | Retrying route https://www.myntra.com/trousers?f=Brand%3ADollar%20Missy for Dollar (Forcenxt) (pass 2/2) after incomplete coverage: 0/255 unique products seen. | run_id=run_20260929_110725_467584_2daea7 | brand=Dollar (Forcenxt) | route=https://www.myntra.com/trousers?f=Brand%3ADollar%20Missy | seen=0 | expected=255 | attempt=2/2
2026-09-29 11:23:19 | INFO    | LISTING   | Listing Dollar (Forcenxt) route https://www.myntra.com/trousers?f=Brand%3ADollar%20Missy page 1 -> https://www.myntra.com/gateway/v4/search/trousers?f=Brand%3ADollar+Missy&rows=50&o=0&plaEnabled=false&xdEnabled=false&isFacet=true&p=1 | run_id=run_20260929_110725_467584_2daea7 | brand=Dollar (Forcenxt) | page=1 | route=https://www.myntra.com/trousers?f=Brand%3ADollar%20Missy | seen=0 | expected=255
2026-09-29 11:23:20 | INFO    | LISTING   | Listing Dollar (Forcenxt) route https://www.myntra.com/trousers?f=Brand%3ADollar%20Missy page 2 -> https://www.myntra.com/gateway/v4/search/trousers?f=Brand%3ADollar+Missy&rows=50&o=50&plaEnabled=false&xdEnabled=false&isFacet=true&p=2 | run_id=run_20260929_110725_467584_2daea7 | brand=Dollar (Forcenxt) | page=2 | route=https://www.myntra.com/trousers?f=Brand%3ADollar%20Missy | seen=0 | expected=255
2026-09-29 11:23:21 | INFO    | LISTING   | Listing Dollar (Forcenxt) route https://www.myntra.com/trousers?f=Brand%3ADollar%20Missy page 3 -> https://www.myntra.com/gateway/v4/search/trousers?f=Brand%3ADollar+Missy&rows=50&o=100&plaEnabled=false&xdEnabled=false&isFacet=true&p=3 | run_id=run_20260929_110725_467584_2daea7 | brand=Dollar (Forcenxt) | page=3 | route=https://www.myntra.com/trousers?f=Brand%3ADollar%20Missy | seen=0 | expected=255
2026-09-29 11:23:22 | WARNING | LISTING   | Route https://www.myntra.com/trousers?f=Brand%3ADollar%20Missy for Dollar (Forcenxt) stalled for 3 consecutive pages before reaching expected total; restarting route pass. | run_id=run_20260929_110725_467584_2daea7 | brand=Dollar (Forcenxt) | page=3 | route=https://www.myntra.com/trousers?f=Brand%3ADollar%20Missy | seen=0 | expected=255
2026-09-29 11:23:22 | INFO    | LISTING   | Listing Dollar (Forcenxt) route https://www.myntra.com/trunk?f=Brand%3ADollar page 1 -> https://www.myntra.com/gateway/v4/search/trunk?f=Brand%3ADollar&rows=50&o=0&plaEnabled=false&xdEnabled=false&isFacet=true&p=1 | run_id=run_20260929_110725_467584_2daea7 | brand=Dollar (Forcenxt) | page=1 | route=https://www.myntra.com/trunk?f=Brand%3ADollar | seen=0 | expected=233
2026-09-29 11:23:26 | INFO    | PDP       | Processed 49 target products for Dollar (Forcenxt) in 3s (908.96 products/min). | run_id=run_20260929_110725_467584_2daea7 | brand=Dollar (Forcenxt) | saved=49 | elapsed_label=3s | products_per_minute=908.96
2026-09-29 11:23:27 | INFO    | LISTING   | Listing Dollar (Forcenxt) route https://www.myntra.com/trunk?f=Brand%3ADollar page 2 -> https://www.myntra.com/gateway/v4/search/trunk?f=Brand%3ADollar&rows=50&o=50&plaEnabled=false&xdEnabled=false&isFacet=true&p=2 | run_id=run_20260929_110725_467584_2daea7 | brand=Dollar (Forcenxt) | page=2 | route=https://www.myntra.com/trunk?f=Brand%3ADollar | seen=50 | expected=233
2026-09-29 11:23:30 | INFO    | PDP       | Processed 40 target products for Dollar (Forcenxt) in 3s (914.76 products/min). | run_id=run_20260929_110725_467584_2daea7 | brand=Dollar (Forcenxt) | saved=40 | elapsed_label=3s | products_per_minute=914.76
2026-09-29 11:23:30 | INFO    | LISTING   | Listing Dollar (Forcenxt) route https://www.myntra.com/trunk?f=Brand%3ADollar page 3 -> https://www.myntra.com/gateway/v4/search/trunk?f=Brand%3ADollar&rows=50&o=100&plaEnabled=false&xdEnabled=false&isFacet=true&p=3 | run_id=run_20260929_110725_467584_2daea7 | brand=Dollar (Forcenxt) | page=3 | route=https://www.myntra.com/trunk?f=Brand%3ADollar | seen=100 | expected=233
2026-09-29 11:23:34 | INFO    | PDP       | Processed 33 target products for Dollar (Forcenxt) in 2s (903.26 products/min). | run_id=run_20260929_110725_467584_2daea7 | brand=Dollar (Forcenxt) | saved=33 | elapsed_label=2s | products_per_minute=903.26
2026-09-29 11:23:34 | INFO    | LISTING   | Listing Dollar (Forcenxt) route https://www.myntra.com/trunk?f=Brand%3ADollar page 4 -> https://www.myntra.com/gateway/v4/search/trunk?f=Brand%3ADollar&rows=50&o=150&plaEnabled=false&xdEnabled=false&isFacet=true&p=4 | run_id=run_20260929_110725_467584_2daea7 | brand=Dollar (Forcenxt) | page=4 | route=https://www.myntra.com/trunk?f=Brand%3ADollar | seen=150 | expected=233
2026-09-29 11:23:38 | INFO    | PDP       | Processed 50 target products for Dollar (Forcenxt) in 3s (884.44 products/min). | run_id=run_20260929_110725_467584_2daea7 | brand=Dollar (Forcenxt) | saved=50 | elapsed_label=3s | products_per_minute=884.44
2026-09-29 11:23:38 | INFO    | LISTING   | Listing Dollar (Forcenxt) route https://www.myntra.com/trunk?f=Brand%3ADollar page 5 -> https://www.myntra.com/gateway/v4/search/trunk?f=Brand%3ADollar&rows=50&o=200&plaEnabled=false&xdEnabled=false&isFacet=true&p=5 | run_id=run_20260929_110725_467584_2daea7 | brand=Dollar (Forcenxt) | page=5 | route=https://www.myntra.com/trunk?f=Brand%3ADollar | seen=200 | expected=233
2026-09-29 11:23:41 | INFO    | PDP       | Processed 33 target products for Dollar (Forcenxt) in 2s (830.26 products/min). | run_id=run_20260929_110725_467584_2daea7 | brand=Dollar (Forcenxt) | saved=33 | elapsed_label=2s | products_per_minute=830.26
2026-09-29 11:23:42 | INFO    | LISTING   | Listing Dollar (Forcenxt) route https://www.myntra.com/trunk?f=Brand%3ADollar page 6 -> https://www.myntra.com/gateway/v4/search/trunk?f=Brand%3ADollar&rows=50&o=250&plaEnabled=false&xdEnabled=false&isFacet=true&p=6 | run_id=run_20260929_110725_467584_2daea7 | brand=Dollar (Forcenxt) | page=6 | route=https://www.myntra.com/trunk?f=Brand%3ADollar | seen=233 | expected=233
2026-09-29 11:23:42 | WARNING | LISTING   | Empty listing page for Dollar (Forcenxt) on page 6 before expected end; continuing. | run_id=run_20260929_110725_467584_2daea7 | brand=Dollar (Forcenxt) | page=6 | route=https://www.myntra.com/trunk?f=Brand%3ADollar
2026-09-29 11:23:42 | INFO    | LISTING   | Listing Dollar (Forcenxt) route https://www.myntra.com/trunk?f=Brand%3ADollar page 7 -> https://www.myntra.com/gateway/v4/search/trunk?f=Brand%3ADollar&rows=50&o=300&plaEnabled=false&xdEnabled=false&isFacet=true&p=7 | run_id=run_20260929_110725_467584_2daea7 | brand=Dollar (Forcenxt) | page=7 | route=https://www.myntra.com/trunk?f=Brand%3ADollar | seen=233 | expected=233
2026-09-29 11:23:43 | INFO    | LISTING   | Listing Dollar (Forcenxt) route https://www.myntra.com/shorts?f=Brand%3ADollar page 1 -> https://www.myntra.com/gateway/v4/search/shorts?f=Brand%3ADollar&rows=50&o=0&plaEnabled=false&xdEnabled=false&isFacet=true&p=1 | run_id=run_20260929_110725_467584_2daea7 | brand=Dollar (Forcenxt) | page=1 | route=https://www.myntra.com/shorts?f=Brand%3ADollar | seen=0 | expected=230
2026-09-29 11:23:47 | INFO    | PDP       | Processed 43 target products for Dollar (Forcenxt) in 3s (808.77 products/min). | run_id=run_20260929_110725_467584_2daea7 | brand=Dollar (Forcenxt) | saved=43 | elapsed_label=3s | products_per_minute=808.77
2026-09-29 11:23:48 | INFO    | LISTING   | Listing Dollar (Forcenxt) route https://www.myntra.com/shorts?f=Brand%3ADollar page 2 -> https://www.myntra.com/gateway/v4/search/shorts?f=Brand%3ADollar&rows=50&o=50&plaEnabled=false&xdEnabled=false&isFacet=true&p=2 | run_id=run_20260929_110725_467584_2daea7 | brand=Dollar (Forcenxt) | page=2 | route=https://www.myntra.com/shorts?f=Brand%3ADollar | seen=50 | expected=230
2026-09-29 11:23:51 | INFO    | PDP       | Processed 44 target products for Dollar (Forcenxt) in 3s (856.13 products/min). | run_id=run_20260929_110725_467584_2daea7 | brand=Dollar (Forcenxt) | saved=44 | elapsed_label=3s | products_per_minute=856.13
2026-09-29 11:23:51 | INFO    | LISTING   | Listing Dollar (Forcenxt) route https://www.myntra.com/shorts?f=Brand%3ADollar page 3 -> https://www.myntra.com/gateway/v4/search/shorts?f=Brand%3ADollar&rows=50&o=100&plaEnabled=false&xdEnabled=false&isFacet=true&p=3 | run_id=run_20260929_110725_467584_2daea7 | brand=Dollar (Forcenxt) | page=3 | route=https://www.myntra.com/shorts?f=Brand%3ADollar | seen=100 | expected=230
2026-09-29 11:23:55 | INFO    | PDP       | Processed 47 target products for Dollar (Forcenxt) in 3s (879.18 products/min). | run_id=run_20260929_110725_467584_2daea7 | brand=Dollar (Forcenxt) | saved=47 | elapsed_label=3s | products_per_minute=879.18
2026-09-29 11:23:56 | INFO    | LISTING   | Listing Dollar (Forcenxt) route https://www.myntra.com/shorts?f=Brand%3ADollar page 4 -> https://www.myntra.com/gateway/v4/search/shorts?f=Brand%3ADollar&rows=50&o=150&plaEnabled=false&xdEnabled=false&isFacet=true&p=4 | run_id=run_20260929_110725_467584_2daea7 | brand=Dollar (Forcenxt) | page=4 | route=https://www.myntra.com/shorts?f=Brand%3ADollar | seen=150 | expected=230
2026-09-29 11:23:59 | INFO    | PDP       | Processed 38 target products for Dollar (Forcenxt) in 3s (782.95 products/min). | run_id=run_20260929_110725_467584_2daea7 | brand=Dollar (Forcenxt) | saved=38 | elapsed_label=3s | products_per_minute=782.95
2026-09-29 11:24:00 | INFO    | LISTING   | Listing Dollar (Forcenxt) route https://www.myntra.com/shorts?f=Brand%3ADollar page 5 -> https://www.myntra.com/gateway/v4/search/shorts?f=Brand%3ADollar&rows=50&o=200&plaEnabled=false&xdEnabled=false&isFacet=true&p=5 | run_id=run_20260929_110725_467584_2daea7 | brand=Dollar (Forcenxt) | page=5 | route=https://www.myntra.com/shorts?f=Brand%3ADollar | seen=200 | expected=230
2026-09-29 11:24:03 | INFO    | PDP       | Processed 25 target products for Dollar (Forcenxt) in 2s (704.59 products/min). | run_id=run_20260929_110725_467584_2daea7 | brand=Dollar (Forcenxt) | saved=25 | elapsed_label=2s | products_per_minute=704.59
2026-09-29 11:24:03 | INFO    | LISTING   | Listing Dollar (Forcenxt) route https://www.myntra.com/shorts?f=Brand%3ADollar page 6 -> https://www.myntra.com/gateway/v4/search/shorts?f=Brand%3ADollar&rows=50&o=250&plaEnabled=false&xdEnabled=false&isFacet=true&p=6 | run_id=run_20260929_110725_467584_2daea7 | brand=Dollar (Forcenxt) | page=6 | route=https://www.myntra.com/shorts?f=Brand%3ADollar | seen=230 | expected=230
2026-09-29 11:24:03 | WARNING | LISTING   | Empty listing page for Dollar (Forcenxt) on page 6 before expected end; continuing. | run_id=run_20260929_110725_467584_2daea7 | brand=Dollar (Forcenxt) | page=6 | route=https://www.myntra.com/shorts?f=Brand%3ADollar
2026-09-29 11:24:03 | INFO    | LISTING   | Listing Dollar (Forcenxt) route https://www.myntra.com/shorts?f=Brand%3ADollar page 7 -> https://www.myntra.com/gateway/v4/search/shorts?f=Brand%3ADollar&rows=50&o=300&plaEnabled=false&xdEnabled=false&isFacet=true&p=7 | run_id=run_20260929_110725_467584_2daea7 | brand=Dollar (Forcenxt) | page=7 | route=https://www.myntra.com/shorts?f=Brand%3ADollar | seen=230 | expected=230
2026-09-29 11:24:04 | WARNING | LISTING   | Empty listing page for Dollar (Forcenxt) on page 7 before expected end; continuing. | run_id=run_20260929_110725_467584_2daea7 | brand=Dollar (Forcenxt) | page=7 | route=https://www.myntra.com/shorts?f=Brand%3ADollar
2026-09-29 11:24:04 | INFO    | LISTING   | Listing Dollar (Forcenxt) route https://www.myntra.com/shorts?f=Brand%3ADollar page 8 -> https://www.myntra.com/gateway/v4/search/shorts?f=Brand%3ADollar&rows=50&o=350&plaEnabled=false&xdEnabled=false&isFacet=true&p=8 | run_id=run_20260929_110725_467584_2daea7 | brand=Dollar (Forcenxt) | page=8 | route=https://www.myntra.com/shorts?f=Brand%3ADollar | seen=230 | expected=230
2026-09-29 11:24:04 | INFO    | LISTING   | Listing Dollar (Forcenxt) route https://www.myntra.com/track-pants?f=Brand%3ADollar page 1 -> https://www.myntra.com/gateway/v4/search/track-pants?f=Brand%3ADollar&rows=50&o=0&plaEnabled=false&xdEnabled=false&isFacet=true&p=1 | run_id=run_20260929_110725_467584_2daea7 | brand=Dollar (Forcenxt) | page=1 | route=https://www.myntra.com/track-pants?f=Brand%3ADollar | seen=0 | expected=152
2026-09-29 11:24:07 | INFO    | PDP       | Processed 41 target products for Dollar (Forcenxt) in 2s (1285.69 products/min). | run_id=run_20260929_110725_467584_2daea7 | brand=Dollar (Forcenxt) | saved=41 | elapsed_label=2s | products_per_minute=1285.69
2026-09-29 11:24:08 | INFO    | LISTING   | Listing Dollar (Forcenxt) route https://www.myntra.com/track-pants?f=Brand%3ADollar page 2 -> https://www.myntra.com/gateway/v4/search/track-pants?f=Brand%3ADollar&rows=50&o=50&plaEnabled=false&xdEnabled=false&isFacet=true&p=2 | run_id=run_20260929_110725_467584_2daea7 | brand=Dollar (Forcenxt) | page=2 | route=https://www.myntra.com/track-pants?f=Brand%3ADollar | seen=50 | expected=152
2026-09-29 11:24:10 | INFO    | PDP       | Processed 42 target products for Dollar (Forcenxt) in 2s (1231.67 products/min). | run_id=run_20260929_110725_467584_2daea7 | brand=Dollar (Forcenxt) | saved=42 | elapsed_label=2s | products_per_minute=1231.67
2026-09-29 11:24:10 | INFO    | LISTING   | Listing Dollar (Forcenxt) route https://www.myntra.com/track-pants?f=Brand%3ADollar page 3 -> https://www.myntra.com/gateway/v4/search/track-pants?f=Brand%3ADollar&rows=50&o=100&plaEnabled=false&xdEnabled=false&isFacet=true&p=3 | run_id=run_20260929_110725_467584_2daea7 | brand=Dollar (Forcenxt) | page=3 | route=https://www.myntra.com/track-pants?f=Brand%3ADollar | seen=100 | expected=152
2026-09-29 11:24:13 | INFO    | PDP       | Processed 35 target products for Dollar (Forcenxt) in 2s (1207.67 products/min). | run_id=run_20260929_110725_467584_2daea7 | brand=Dollar (Forcenxt) | saved=35 | elapsed_label=2s | products_per_minute=1207.67
2026-09-29 11:24:13 | INFO    | LISTING   | Listing Dollar (Forcenxt) route https://www.myntra.com/track-pants?f=Brand%3ADollar page 4 -> https://www.myntra.com/gateway/v4/search/track-pants?f=Brand%3ADollar&rows=50&o=150&plaEnabled=false&xdEnabled=false&isFacet=true&p=4 | run_id=run_20260929_110725_467584_2daea7 | brand=Dollar (Forcenxt) | page=4 | route=https://www.myntra.com/track-pants?f=Brand%3ADollar | seen=150 | expected=152
2026-09-29 11:24:14 | INFO    | PDP       | Processed 2 target products for Dollar (Forcenxt) in 0s (274.39 products/min). | run_id=run_20260929_110725_467584_2daea7 | brand=Dollar (Forcenxt) | saved=2 | elapsed_label=0s | products_per_minute=274.39
2026-09-29 11:24:14 | INFO    | LISTING   | Listing Dollar (Forcenxt) route https://www.myntra.com/track-pants?f=Brand%3ADollar page 5 -> https://www.myntra.com/gateway/v4/search/track-pants?f=Brand%3ADollar&rows=50&o=200&plaEnabled=false&xdEnabled=false&isFacet=true&p=5 | run_id=run_20260929_110725_467584_2daea7 | brand=Dollar (Forcenxt) | page=5 | route=https://www.myntra.com/track-pants?f=Brand%3ADollar | seen=152 | expected=152
2026-09-29 11:24:15 | INFO    | LISTING   | Listing Dollar (Forcenxt) route https://www.myntra.com/briefs?f=Brand%3ADollar page 1 -> https://www.myntra.com/gateway/v4/search/briefs?f=Brand%3ADollar&rows=50&o=0&plaEnabled=false&xdEnabled=false&isFacet=true&p=1 | run_id=run_20260929_110725_467584_2daea7 | brand=Dollar (Forcenxt) | page=1 | route=https://www.myntra.com/briefs?f=Brand%3ADollar | seen=0 | expected=119
2026-09-29 11:24:17 | INFO    | PDP       | Processed 14 target products for Dollar (Forcenxt) in 1s (969.86 products/min). | run_id=run_20260929_110725_467584_2daea7 | brand=Dollar (Forcenxt) | saved=14 | elapsed_label=1s | products_per_minute=969.86
2026-09-29 11:24:17 | INFO    | LISTING   | Listing Dollar (Forcenxt) route https://www.myntra.com/briefs?f=Brand%3ADollar page 2 -> https://www.myntra.com/gateway/v4/search/briefs?f=Brand%3ADollar&rows=50&o=50&plaEnabled=false&xdEnabled=false&isFacet=true&p=2 | run_id=run_20260929_110725_467584_2daea7 | brand=Dollar (Forcenxt) | page=2 | route=https://www.myntra.com/briefs?f=Brand%3ADollar | seen=50 | expected=119
2026-09-29 11:24:20 | INFO    | PDP       | Processed 35 target products for Dollar (Forcenxt) in 2s (1205.02 products/min). | run_id=run_20260929_110725_467584_2daea7 | brand=Dollar (Forcenxt) | saved=35 | elapsed_label=2s | products_per_minute=1205.02
2026-09-29 11:24:20 | INFO    | LISTING   | Listing Dollar (Forcenxt) route https://www.myntra.com/briefs?f=Brand%3ADollar page 3 -> https://www.myntra.com/gateway/v4/search/briefs?f=Brand%3ADollar&rows=50&o=100&plaEnabled=false&xdEnabled=false&isFacet=true&p=3 | run_id=run_20260929_110725_467584_2daea7 | brand=Dollar (Forcenxt) | page=3 | route=https://www.myntra.com/briefs?f=Brand%3ADollar | seen=100 | expected=119
2026-09-29 11:24:22 | INFO    | PDP       | Processed 19 target products for Dollar (Forcenxt) in 1s (991.31 products/min). | run_id=run_20260929_110725_467584_2daea7 | brand=Dollar (Forcenxt) | saved=19 | elapsed_label=1s | products_per_minute=991.31
2026-09-29 11:24:22 | INFO    | LISTING   | Listing Dollar (Forcenxt) route https://www.myntra.com/briefs?f=Brand%3ADollar page 4 -> https://www.myntra.com/gateway/v4/search/briefs?f=Brand%3ADollar&rows=50&o=150&plaEnabled=false&xdEnabled=false&isFacet=true&p=4 | run_id=run_20260929_110725_467584_2daea7 | brand=Dollar (Forcenxt) | page=4 | route=https://www.myntra.com/briefs?f=Brand%3ADollar | seen=119 | expected=119
2026-09-29 11:24:23 | INFO    | LISTING   | Listing Dollar (Forcenxt) route https://www.myntra.com/thermal?f=Brand%3ADollar page 1 -> https://www.myntra.com/gateway/v4/search/thermal?f=Brand%3ADollar&rows=50&o=0&plaEnabled=false&xdEnabled=false&isFacet=true&p=1 | run_id=run_20260929_110725_467584_2daea7 | brand=Dollar (Forcenxt) | page=1 | route=https://www.myntra.com/thermal?f=Brand%3ADollar | seen=0 | expected=92
2026-09-29 11:24:25 | INFO    | PDP       | Processed 15 target products for Dollar (Forcenxt) in 1s (683.15 products/min). | run_id=run_20260929_110725_467584_2daea7 | brand=Dollar (Forcenxt) | saved=15 | elapsed_label=1s | products_per_minute=683.15
2026-09-29 11:24:25 | INFO    | LISTING   | Listing Dollar (Forcenxt) route https://www.myntra.com/thermal?f=Brand%3ADollar page 2 -> https://www.myntra.com/gateway/v4/search/thermal?f=Brand%3ADollar&rows=50&o=50&plaEnabled=false&xdEnabled=false&isFacet=true&p=2 | run_id=run_20260929_110725_467584_2daea7 | brand=Dollar (Forcenxt) | page=2 | route=https://www.myntra.com/thermal?f=Brand%3ADollar | seen=50 | expected=92
2026-09-29 11:24:27 | INFO    | PDP       | Processed 11 target products for Dollar (Forcenxt) in 1s (467.41 products/min). | run_id=run_20260929_110725_467584_2daea7 | brand=Dollar (Forcenxt) | saved=11 | elapsed_label=1s | products_per_minute=467.41
2026-09-29 11:24:27 | INFO    | LISTING   | Listing Dollar (Forcenxt) route https://www.myntra.com/thermal?f=Brand%3ADollar page 3 -> https://www.myntra.com/gateway/v4/search/thermal?f=Brand%3ADollar&rows=50&o=100&plaEnabled=false&xdEnabled=false&isFacet=true&p=3 | run_id=run_20260929_110725_467584_2daea7 | brand=Dollar (Forcenxt) | page=3 | route=https://www.myntra.com/thermal?f=Brand%3ADollar | seen=92 | expected=92
2026-09-29 11:24:28 | INFO    | LISTING   | Listing Dollar (Forcenxt) route https://www.myntra.com/dollar-ultra page 1 -> https://www.myntra.com/gateway/v4/search/dollar-ultra?rows=50&o=0&plaEnabled=false&xdEnabled=false&isFacet=true&p=1 | run_id=run_20260929_110725_467584_2daea7 | brand=Dollar (Forcenxt) | page=1 | route=https://www.myntra.com/dollar-ultra | seen=0 | expected=77
2026-09-29 11:24:32 | INFO    | PDP       | Processed 50 target products for Dollar (Forcenxt) in 3s (913.51 products/min). | run_id=run_20260929_110725_467584_2daea7 | brand=Dollar (Forcenxt) | saved=50 | elapsed_label=3s | products_per_minute=913.51
2026-09-29 11:24:32 | INFO    | LISTING   | Listing Dollar (Forcenxt) route https://www.myntra.com/dollar-ultra page 2 -> https://www.myntra.com/gateway/v4/search/dollar-ultra?rows=50&o=50&plaEnabled=false&xdEnabled=false&isFacet=true&p=2 | run_id=run_20260929_110725_467584_2daea7 | brand=Dollar (Forcenxt) | page=2 | route=https://www.myntra.com/dollar-ultra | seen=50 | expected=77
2026-09-29 11:24:35 | INFO    | PDP       | Processed 27 target products for Dollar (Forcenxt) in 2s (851.21 products/min). | run_id=run_20260929_110725_467584_2daea7 | brand=Dollar (Forcenxt) | saved=27 | elapsed_label=2s | products_per_minute=851.21
2026-09-29 11:24:35 | WARNING | BRAND     | Brand Dollar (Forcenxt) finished below expected count: saw 7167 unique activewear products vs expected 11614. | run_id=run_20260929_110725_467584_2daea7 | brand=Dollar (Forcenxt) | seen=7167 | expected=11614
2026-09-29 11:24:35 | INFO    | BRAND     | Brand scrape completed in 13m 22s (536.22 products/min). | run_id=run_20260929_110725_467584_2daea7 | brand=Dollar (Forcenxt) | status=COMPLETED | saved=7167 | seen=7167 | expected=11614 | elapsed_label=13m 22s | products_per_minute=536.22
2026-09-29 11:24:38 | INFO    | SNAPSHOT  | Periodic snapshot created after Dollar (Forcenxt). | run_id=run_20260929_110725_467584_2daea7 | brand=Dollar (Forcenxt)
2026-09-29 11:24:38 | INFO    | BRAND     | Resolving brand routes. | run_id=run_20260929_110725_467584_2daea7 | brand=Zoiro
2026-09-29 11:24:42 | INFO    | BRAND     | Resolved Zoiro -> 6 routes (best brand total=659): https://www.myntra.com/zoiro, https://www.myntra.com/zoiro-sportswear, https://www.myntra.com/track-pants?f=Brand%3AZoiro, https://www.myntra.com/tshirts?f=Brand%3AZoiro, https://www.myntra.com/gym-wear?f=Brand%3AZoiro, https://www.myntra.com/sports-wear?f=Brand%3AZoiro | run_id=run_20260929_110725_467584_2daea7 | brand=Zoiro | expected=659
2026-09-29 11:24:42 | INFO    | BRAND     | Starting brand scrape. | run_id=run_20260929_110725_467584_2daea7 | brand=Zoiro | expected=717
2026-09-29 11:24:42 | INFO    | LISTING   | Listing Zoiro route https://www.myntra.com/zoiro page 1 -> https://www.myntra.com/gateway/v4/search/zoiro?rows=50&o=0&plaEnabled=false&xdEnabled=false&isFacet=true&p=1 | run_id=run_20260929_110725_467584_2daea7 | brand=Zoiro | page=1 | route=https://www.myntra.com/zoiro | seen=0 | expected=659
2026-09-29 11:24:46 | INFO    | PDP       | Processed 50 target products for Zoiro in 3s (1089.59 products/min). | run_id=run_20260929_110725_467584_2daea7 | brand=Zoiro | saved=50 | elapsed_label=3s | products_per_minute=1089.59
2026-09-29 11:24:46 | INFO    | LISTING   | Listing Zoiro route https://www.myntra.com/zoiro page 2 -> https://www.myntra.com/gateway/v4/search/zoiro?rows=50&o=50&plaEnabled=false&xdEnabled=false&isFacet=true&p=2 | run_id=run_20260929_110725_467584_2daea7 | brand=Zoiro | page=2 | route=https://www.myntra.com/zoiro | seen=50 | expected=659
2026-09-29 11:24:50 | INFO    | PDP       | Processed 50 target products for Zoiro in 3s (1096.79 products/min). | run_id=run_20260929_110725_467584_2daea7 | brand=Zoiro | saved=50 | elapsed_label=3s | products_per_minute=1096.79
2026-09-29 11:24:50 | INFO    | LISTING   | Listing Zoiro route https://www.myntra.com/zoiro page 3 -> https://www.myntra.com/gateway/v4/search/zoiro?rows=50&o=100&plaEnabled=false&xdEnabled=false&isFacet=true&p=3 | run_id=run_20260929_110725_467584_2daea7 | brand=Zoiro | page=3 | route=https://www.myntra.com/zoiro | seen=100 | expected=659
2026-09-29 11:24:53 | INFO    | PDP       | Processed 50 target products for Zoiro in 3s (1152.72 products/min). | run_id=run_20260929_110725_467584_2daea7 | brand=Zoiro | saved=50 | elapsed_label=3s | products_per_minute=1152.72
2026-09-29 11:24:53 | INFO    | LISTING   | Listing Zoiro route https://www.myntra.com/zoiro page 4 -> https://www.myntra.com/gateway/v4/search/zoiro?rows=50&o=150&plaEnabled=false&xdEnabled=false&isFacet=true&p=4 | run_id=run_20260929_110725_467584_2daea7 | brand=Zoiro | page=4 | route=https://www.myntra.com/zoiro | seen=150 | expected=659
2026-09-29 11:24:56 | INFO    | PDP       | Processed 44 target products for Zoiro in 2s (1152.59 products/min). | run_id=run_20260929_110725_467584_2daea7 | brand=Zoiro | saved=44 | elapsed_label=2s | products_per_minute=1152.59
2026-09-29 11:24:56 | INFO    | LISTING   | Listing Zoiro route https://www.myntra.com/zoiro page 5 -> https://www.myntra.com/gateway/v4/search/zoiro?rows=50&o=200&plaEnabled=false&xdEnabled=false&isFacet=true&p=5 | run_id=run_20260929_110725_467584_2daea7 | brand=Zoiro | page=5 | route=https://www.myntra.com/zoiro | seen=194 | expected=659
2026-09-29 11:25:00 | INFO    | PDP       | Processed 50 target products for Zoiro in 3s (1121.22 products/min). | run_id=run_20260929_110725_467584_2daea7 | brand=Zoiro | saved=50 | elapsed_label=3s | products_per_minute=1121.22
2026-09-29 11:25:00 | INFO    | LISTING   | Listing Zoiro route https://www.myntra.com/zoiro page 6 -> https://www.myntra.com/gateway/v4/search/zoiro?rows=50&o=250&plaEnabled=false&xdEnabled=false&isFacet=true&p=6 | run_id=run_20260929_110725_467584_2daea7 | brand=Zoiro | page=6 | route=https://www.myntra.com/zoiro | seen=244 | expected=659
2026-09-29 11:25:03 | INFO    | PDP       | Processed 50 target products for Zoiro in 3s (1064.92 products/min). | run_id=run_20260929_110725_467584_2daea7 | brand=Zoiro | saved=50 | elapsed_label=3s | products_per_minute=1064.92
2026-09-29 11:25:04 | INFO    | LISTING   | Listing Zoiro route https://www.myntra.com/zoiro page 7 -> https://www.myntra.com/gateway/v4/search/zoiro?rows=50&o=300&plaEnabled=false&xdEnabled=false&isFacet=true&p=7 | run_id=run_20260929_110725_467584_2daea7 | brand=Zoiro | page=7 | route=https://www.myntra.com/zoiro | seen=294 | expected=659
2026-09-29 11:25:07 | INFO    | PDP       | Processed 50 target products for Zoiro in 3s (1041.94 products/min). | run_id=run_20260929_110725_467584_2daea7 | brand=Zoiro | saved=50 | elapsed_label=3s | products_per_minute=1041.94
2026-09-29 11:25:08 | INFO    | LISTING   | Listing Zoiro route https://www.myntra.com/zoiro page 8 -> https://www.myntra.com/gateway/v4/search/zoiro?rows=50&o=350&plaEnabled=false&xdEnabled=false&isFacet=true&p=8 | run_id=run_20260929_110725_467584_2daea7 | brand=Zoiro | page=8 | route=https://www.myntra.com/zoiro | seen=344 | expected=659
2026-09-29 11:25:11 | INFO    | PDP       | Processed 50 target products for Zoiro in 3s (1065.94 products/min). | run_id=run_20260929_110725_467584_2daea7 | brand=Zoiro | saved=50 | elapsed_label=3s | products_per_minute=1065.94
2026-09-29 11:25:11 | INFO    | LISTING   | Listing Zoiro route https://www.myntra.com/zoiro page 9 -> https://www.myntra.com/gateway/v4/search/zoiro?rows=50&o=400&plaEnabled=false&xdEnabled=false&isFacet=true&p=9 | run_id=run_20260929_110725_467584_2daea7 | brand=Zoiro | page=9 | route=https://www.myntra.com/zoiro | seen=394 | expected=659
2026-09-29 11:25:14 | INFO    | PDP       | Processed 49 target products for Zoiro in 2s (1238.91 products/min). | run_id=run_20260929_110725_467584_2daea7 | brand=Zoiro | saved=49 | elapsed_label=2s | products_per_minute=1238.91
2026-09-29 11:25:15 | INFO    | LISTING   | Listing Zoiro route https://www.myntra.com/zoiro page 10 -> https://www.myntra.com/gateway/v4/search/zoiro?rows=50&o=450&plaEnabled=false&xdEnabled=false&isFacet=true&p=10 | run_id=run_20260929_110725_467584_2daea7 | brand=Zoiro | page=10 | route=https://www.myntra.com/zoiro | seen=443 | expected=659
2026-09-29 11:25:17 | INFO    | PDP       | Processed 49 target products for Zoiro in 2s (1304.53 products/min). | run_id=run_20260929_110725_467584_2daea7 | brand=Zoiro | saved=49 | elapsed_label=2s | products_per_minute=1304.53
2026-09-29 11:25:18 | INFO    | LISTING   | Listing Zoiro route https://www.myntra.com/zoiro page 11 -> https://www.myntra.com/gateway/v4/search/zoiro?rows=50&o=500&plaEnabled=false&xdEnabled=false&isFacet=true&p=11 | run_id=run_20260929_110725_467584_2daea7 | brand=Zoiro | page=11 | route=https://www.myntra.com/zoiro | seen=492 | expected=659
2026-09-29 11:25:21 | INFO    | PDP       | Processed 50 target products for Zoiro in 2s (1312.88 products/min). | run_id=run_20260929_110725_467584_2daea7 | brand=Zoiro | saved=50 | elapsed_label=2s | products_per_minute=1312.88
2026-09-29 11:25:21 | INFO    | LISTING   | Listing Zoiro route https://www.myntra.com/zoiro page 12 -> https://www.myntra.com/gateway/v4/search/zoiro?rows=50&o=550&plaEnabled=false&xdEnabled=false&isFacet=true&p=12 | run_id=run_20260929_110725_467584_2daea7 | brand=Zoiro | page=12 | route=https://www.myntra.com/zoiro | seen=542 | expected=659
2026-09-29 11:25:24 | INFO    | PDP       | Processed 50 target products for Zoiro in 2s (1205.87 products/min). | run_id=run_20260929_110725_467584_2daea7 | brand=Zoiro | saved=50 | elapsed_label=2s | products_per_minute=1205.87
2026-09-29 11:25:24 | INFO    | LISTING   | Listing Zoiro route https://www.myntra.com/zoiro page 13 -> https://www.myntra.com/gateway/v4/search/zoiro?rows=50&o=600&plaEnabled=false&xdEnabled=false&isFacet=true&p=13 | run_id=run_20260929_110725_467584_2daea7 | brand=Zoiro | page=13 | route=https://www.myntra.com/zoiro | seen=592 | expected=659
2026-09-29 11:25:27 | INFO    | PDP       | Processed 49 target products for Zoiro in 2s (1182.06 products/min). | run_id=run_20260929_110725_467584_2daea7 | brand=Zoiro | saved=49 | elapsed_label=2s | products_per_minute=1182.06
2026-09-29 11:25:28 | INFO    | LISTING   | Listing Zoiro route https://www.myntra.com/zoiro page 14 -> https://www.myntra.com/gateway/v4/search/zoiro?rows=50&o=650&plaEnabled=false&xdEnabled=false&isFacet=true&p=14 | run_id=run_20260929_110725_467584_2daea7 | brand=Zoiro | page=14 | route=https://www.myntra.com/zoiro | seen=641 | expected=659
2026-09-29 11:25:30 | INFO    | PDP       | Processed 17 target products for Zoiro in 1s (759.41 products/min). | run_id=run_20260929_110725_467584_2daea7 | brand=Zoiro | saved=17 | elapsed_label=1s | products_per_minute=759.41
2026-09-29 11:25:30 | INFO    | LISTING   | Listing Zoiro route https://www.myntra.com/zoiro page 15 -> https://www.myntra.com/gateway/v4/search/zoiro?rows=50&o=700&plaEnabled=false&xdEnabled=false&isFacet=true&p=15 | run_id=run_20260929_110725_467584_2daea7 | brand=Zoiro | page=15 | route=https://www.myntra.com/zoiro | seen=658 | expected=659
2026-09-29 11:25:30 | WARNING | LISTING   | Empty listing page for Zoiro on page 15 before expected end; continuing. | run_id=run_20260929_110725_467584_2daea7 | brand=Zoiro | page=15 | route=https://www.myntra.com/zoiro
2026-09-29 11:25:30 | INFO    | LISTING   | Listing Zoiro route https://www.myntra.com/zoiro page 16 -> https://www.myntra.com/gateway/v4/search/zoiro?rows=50&o=750&plaEnabled=false&xdEnabled=false&isFacet=true&p=16 | run_id=run_20260929_110725_467584_2daea7 | brand=Zoiro | page=16 | route=https://www.myntra.com/zoiro | seen=658 | expected=659
2026-09-29 11:25:31 | WARNING | NETWORK   | JSON request failed for https://www.myntra.com/gateway/v4/search/zoiro?rows=50&o=750&plaEnabled=false&xdEnabled=false&isFacet=true&p=16 on attempt 1/3: HTTP Error 400:  | run_id=run_20260929_110725_467584_2daea7 | route=https://www.myntra.com/gateway/v4/search/zoiro?rows=50&o=750&plaEnabled=false&xdEnabled=false&isFacet=true&p=16 | attempt=1/3
2026-09-29 11:25:33 | WARNING | NETWORK   | JSON request failed for https://www.myntra.com/gateway/v4/search/zoiro?rows=50&o=750&plaEnabled=false&xdEnabled=false&isFacet=true&p=16 on attempt 2/3: HTTP Error 400:  | run_id=run_20260929_110725_467584_2daea7 | route=https://www.myntra.com/gateway/v4/search/zoiro?rows=50&o=750&plaEnabled=false&xdEnabled=false&isFacet=true&p=16 | attempt=2/3
2026-09-29 11:25:35 | WARNING | NETWORK   | JSON request failed for https://www.myntra.com/gateway/v4/search/zoiro?rows=50&o=750&plaEnabled=false&xdEnabled=false&isFacet=true&p=16 on attempt 3/3: HTTP Error 400:  | run_id=run_20260929_110725_467584_2daea7 | route=https://www.myntra.com/gateway/v4/search/zoiro?rows=50&o=750&plaEnabled=false&xdEnabled=false&isFacet=true&p=16 | attempt=3/3
2026-09-29 11:25:36 | WARNING | NETWORK   | JSON request failed for https://www.myntra.com/gateway/v4/search/zoiro?rows=50&o=749&plaEnabled=false&xdEnabled=false&isFacet=true&p=16 on attempt 1/3: HTTP Error 400:  | run_id=run_20260929_110725_467584_2daea7 | route=https://www.myntra.com/gateway/v4/search/zoiro?rows=50&o=749&plaEnabled=false&xdEnabled=false&isFacet=true&p=16 | attempt=1/3
2026-09-29 11:25:38 | WARNING | NETWORK   | JSON request failed for https://www.myntra.com/gateway/v4/search/zoiro?rows=50&o=749&plaEnabled=false&xdEnabled=false&isFacet=true&p=16 on attempt 2/3: HTTP Error 400:  | run_id=run_20260929_110725_467584_2daea7 | route=https://www.myntra.com/gateway/v4/search/zoiro?rows=50&o=749&plaEnabled=false&xdEnabled=false&isFacet=true&p=16 | attempt=2/3
2026-09-29 11:25:41 | WARNING | NETWORK   | JSON request failed for https://www.myntra.com/gateway/v4/search/zoiro?rows=50&o=749&plaEnabled=false&xdEnabled=false&isFacet=true&p=16 on attempt 3/3: HTTP Error 400:  | run_id=run_20260929_110725_467584_2daea7 | route=https://www.myntra.com/gateway/v4/search/zoiro?rows=50&o=749&plaEnabled=false&xdEnabled=false&isFacet=true&p=16 | attempt=3/3
2026-09-29 11:25:41 | WARNING | LISTING   | Route fetch failed for https://www.myntra.com/zoiro page 16 (Failed to fetch JSON payload from https://www.myntra.com/gateway/v4/search/zoiro?rows=50&o=749&plaEnabled=false&xdEnabled=false&isFacet=true&p=16: HTTP Error 400: ). Will retry with another pass or fallback route. | run_id=run_20260929_110725_467584_2daea7 | brand=Zoiro | page=16 | route=https://www.myntra.com/zoiro
2026-09-29 11:25:41 | INFO    | BRAND     | Skipping redundant route https://www.myntra.com/zoiro-sportswear for Zoiro (100% of first page already captured). | run_id=run_20260929_110725_467584_2daea7 | brand=Zoiro | route=https://www.myntra.com/zoiro-sportswear
2026-09-29 11:25:41 | INFO    | BRAND     | Skipping redundant route https://www.myntra.com/track-pants?f=Brand%3AZoiro for Zoiro (100% of first page already captured). | run_id=run_20260929_110725_467584_2daea7 | brand=Zoiro | route=https://www.myntra.com/track-pants?f=Brand%3AZoiro
2026-09-29 11:25:41 | INFO    | BRAND     | Skipping redundant route https://www.myntra.com/tshirts?f=Brand%3AZoiro for Zoiro (100% of first page already captured). | run_id=run_20260929_110725_467584_2daea7 | brand=Zoiro | route=https://www.myntra.com/tshirts?f=Brand%3AZoiro
2026-09-29 11:25:41 | INFO    | LISTING   | Listing Zoiro route https://www.myntra.com/gym-wear?f=Brand%3AZoiro page 1 -> https://www.myntra.com/gateway/v4/search/gym-wear?f=Brand%3AZoiro&rows=50&o=0&plaEnabled=false&xdEnabled=false&isFacet=true&p=1 | run_id=run_20260929_110725_467584_2daea7 | brand=Zoiro | page=1 | route=https://www.myntra.com/gym-wear?f=Brand%3AZoiro | seen=0 | expected=8
2026-09-29 11:25:43 | INFO    | LISTING   | Listing Zoiro route https://www.myntra.com/sports-wear?f=Brand%3AZoiro page 1 -> https://www.myntra.com/gateway/v4/search/sports-wear?f=Brand%3AZoiro&rows=50&o=0&plaEnabled=false&xdEnabled=false&isFacet=true&p=1 | run_id=run_20260929_110725_467584_2daea7 | brand=Zoiro | page=1 | route=https://www.myntra.com/sports-wear?f=Brand%3AZoiro | seen=0 | expected=8
2026-09-29 11:25:44 | INFO    | LISTING   | Listing Zoiro route https://www.myntra.com/sports-wear?f=Brand%3AZoiro page 2 -> https://www.myntra.com/gateway/v4/search/sports-wear?f=Brand%3AZoiro&rows=50&o=50&plaEnabled=false&xdEnabled=false&isFacet=true&p=2 | run_id=run_20260929_110725_467584_2daea7 | brand=Zoiro | page=2 | route=https://www.myntra.com/sports-wear?f=Brand%3AZoiro | seen=8 | expected=8
2026-09-29 11:25:44 | WARNING | BRAND     | Brand Zoiro finished below expected count: saw 658 unique activewear products vs expected 717. | run_id=run_20260929_110725_467584_2daea7 | brand=Zoiro | seen=658 | expected=717
2026-09-29 11:25:44 | INFO    | BRAND     | Brand scrape completed in 1m 6s (594.44 products/min). | run_id=run_20260929_110725_467584_2daea7 | brand=Zoiro | status=COMPLETED | saved=658 | seen=658 | expected=717 | elapsed_label=1m 6s | products_per_minute=594.44
2026-09-29 11:25:47 | INFO    | SNAPSHOT  | Periodic snapshot created after Zoiro. | run_id=run_20260929_110725_467584_2daea7 | brand=Zoiro
2026-09-29 11:25:47 | INFO    | BRAND     | Resolving brand routes. | run_id=run_20260929_110725_467584_2daea7 | brand=TechnoSport
2026-09-29 11:25:54 | INFO    | BRAND     | Resolved TechnoSport -> 10 routes (best brand total=3436): https://www.myntra.com/technosport, https://www.myntra.com/activewear?f=Brand%3ATechnosport, https://www.myntra.com/sports-wear?f=Brand%3ATechnosport, https://www.myntra.com/technosport-men, https://www.myntra.com/tshirts?f=Brand%3ATechnosport, https://www.myntra.com/track-pants?f=Brand%3ATechnosport, https://www.myntra.com/technosport-women, https://www.myntra.com/shorts?f=Brand%3ATechnosport, https://www.myntra.com/sweatshirts?f=Brand%3ATechnosport, https://www.myntra.com/jackets?f=Brand%3ATechnosport | run_id=run_20260929_110725_467584_2daea7 | brand=TechnoSport | expected=3436
2026-09-29 11:25:54 | INFO    | BRAND     | Starting brand scrape. | run_id=run_20260929_110725_467584_2daea7 | brand=TechnoSport | expected=4759
2026-09-29 11:25:54 | INFO    | LISTING   | Listing TechnoSport route https://www.myntra.com/technosport page 1 -> https://www.myntra.com/gateway/v4/search/technosport?rows=50&o=0&plaEnabled=false&xdEnabled=false&isFacet=true&p=1 | run_id=run_20260929_110725_467584_2daea7 | brand=TechnoSport | page=1 | route=https://www.myntra.com/technosport | seen=0 | expected=3440
2026-09-29 11:25:57 | INFO    | PDP       | Processed 50 target products for TechnoSport in 2s (1384.79 products/min). | run_id=run_20260929_110725_467584_2daea7 | brand=TechnoSport | saved=50 | elapsed_label=2s | products_per_minute=1384.79
2026-09-29 11:25:57 | INFO    | LISTING   | Listing TechnoSport route https://www.myntra.com/technosport page 2 -> https://www.myntra.com/gateway/v4/search/technosport?rows=50&o=50&plaEnabled=false&xdEnabled=false&isFacet=true&p=2 | run_id=run_20260929_110725_467584_2daea7 | brand=TechnoSport | page=2 | route=https://www.myntra.com/technosport | seen=50 | expected=3440
2026-09-29 11:26:01 | INFO    | PDP       | Processed 50 target products for TechnoSport in 3s (1168.34 products/min). | run_id=run_20260929_110725_467584_2daea7 | brand=TechnoSport | saved=50 | elapsed_label=3s | products_per_minute=1168.34
2026-09-29 11:26:01 | INFO    | LISTING   | Listing TechnoSport route https://www.myntra.com/technosport page 3 -> https://www.myntra.com/gateway/v4/search/technosport?rows=50&o=100&plaEnabled=false&xdEnabled=false&isFacet=true&p=3 | run_id=run_20260929_110725_467584_2daea7 | brand=TechnoSport | page=3 | route=https://www.myntra.com/technosport | seen=100 | expected=3440
2026-09-29 11:26:04 | INFO    | PDP       | Processed 50 target products for TechnoSport in 2s (1257.09 products/min). | run_id=run_20260929_110725_467584_2daea7 | brand=TechnoSport | saved=50 | elapsed_label=2s | products_per_minute=1257.09
2026-09-29 11:26:04 | INFO    | LISTING   | Listing TechnoSport route https://www.myntra.com/technosport page 4 -> https://www.myntra.com/gateway/v4/search/technosport?rows=50&o=150&plaEnabled=false&xdEnabled=false&isFacet=true&p=4 | run_id=run_20260929_110725_467584_2daea7 | brand=TechnoSport | page=4 | route=https://www.myntra.com/technosport | seen=150 | expected=3440
2026-09-29 11:26:07 | INFO    | PDP       | Processed 47 target products for TechnoSport in 2s (1381.86 products/min). | run_id=run_20260929_110725_467584_2daea7 | brand=TechnoSport | saved=47 | elapsed_label=2s | products_per_minute=1381.86
2026-09-29 11:26:07 | INFO    | LISTING   | Listing TechnoSport route https://www.myntra.com/technosport page 5 -> https://www.myntra.com/gateway/v4/search/technosport?rows=50&o=200&plaEnabled=false&xdEnabled=false&isFacet=true&p=5 | run_id=run_20260929_110725_467584_2daea7 | brand=TechnoSport | page=5 | route=https://www.myntra.com/technosport | seen=197 | expected=3440
2026-09-29 11:26:10 | INFO    | PDP       | Processed 50 target products for TechnoSport in 2s (1306.07 products/min). | run_id=run_20260929_110725_467584_2daea7 | brand=TechnoSport | saved=50 | elapsed_label=2s | products_per_minute=1306.07
2026-09-29 11:26:10 | INFO    | LISTING   | Listing TechnoSport route https://www.myntra.com/technosport page 6 -> https://www.myntra.com/gateway/v4/search/technosport?rows=50&o=250&plaEnabled=false&xdEnabled=false&isFacet=true&p=6 | run_id=run_20260929_110725_467584_2daea7 | brand=TechnoSport | page=6 | route=https://www.myntra.com/technosport | seen=247 | expected=3440
2026-09-29 11:26:13 | INFO    | PDP       | Processed 50 target products for TechnoSport in 2s (1355.46 products/min). | run_id=run_20260929_110725_467584_2daea7 | brand=TechnoSport | saved=50 | elapsed_label=2s | products_per_minute=1355.46
2026-09-29 11:26:13 | INFO    | LISTING   | Listing TechnoSport route https://www.myntra.com/technosport page 7 -> https://www.myntra.com/gateway/v4/search/technosport?rows=50&o=300&plaEnabled=false&xdEnabled=false&isFacet=true&p=7 | run_id=run_20260929_110725_467584_2daea7 | brand=TechnoSport | page=7 | route=https://www.myntra.com/technosport | seen=297 | expected=3440
2026-09-29 11:26:16 | INFO    | PDP       | Processed 49 target products for TechnoSport in 2s (1316.71 products/min). | run_id=run_20260929_110725_467584_2daea7 | brand=TechnoSport | saved=49 | elapsed_label=2s | products_per_minute=1316.71
2026-09-29 11:26:17 | INFO    | LISTING   | Listing TechnoSport route https://www.myntra.com/technosport page 8 -> https://www.myntra.com/gateway/v4/search/technosport?rows=50&o=350&plaEnabled=false&xdEnabled=false&isFacet=true&p=8 | run_id=run_20260929_110725_467584_2daea7 | brand=TechnoSport | page=8 | route=https://www.myntra.com/technosport | seen=346 | expected=3440
2026-09-29 11:26:19 | INFO    | PDP       | Processed 50 target products for TechnoSport in 2s (1344.25 products/min). | run_id=run_20260929_110725_467584_2daea7 | brand=TechnoSport | saved=50 | elapsed_label=2s | products_per_minute=1344.25
2026-09-29 11:26:20 | INFO    | LISTING   | Listing TechnoSport route https://www.myntra.com/technosport page 9 -> https://www.myntra.com/gateway/v4/search/technosport?rows=50&o=400&plaEnabled=false&xdEnabled=false&isFacet=true&p=9 | run_id=run_20260929_110725_467584_2daea7 | brand=TechnoSport | page=9 | route=https://www.myntra.com/technosport | seen=396 | expected=3440
2026-09-29 11:26:23 | INFO    | PDP       | Processed 50 target products for TechnoSport in 2s (1239.54 products/min). | run_id=run_20260929_110725_467584_2daea7 | brand=TechnoSport | saved=50 | elapsed_label=2s | products_per_minute=1239.54
2026-09-29 11:26:23 | INFO    | LISTING   | Listing TechnoSport route https://www.myntra.com/technosport page 10 -> https://www.myntra.com/gateway/v4/search/technosport?rows=50&o=450&plaEnabled=false&xdEnabled=false&isFacet=true&p=10 | run_id=run_20260929_110725_467584_2daea7 | brand=TechnoSport | page=10 | route=https://www.myntra.com/technosport | seen=446 | expected=3440
2026-09-29 11:26:26 | INFO    | PDP       | Processed 49 target products for TechnoSport in 2s (1203.11 products/min). | run_id=run_20260929_110725_467584_2daea7 | brand=TechnoSport | saved=49 | elapsed_label=2s | products_per_minute=1203.11
2026-09-29 11:26:26 | INFO    | LISTING   | Listing TechnoSport route https://www.myntra.com/technosport page 11 -> https://www.myntra.com/gateway/v4/search/technosport?rows=50&o=500&plaEnabled=false&xdEnabled=false&isFacet=true&p=11 | run_id=run_20260929_110725_467584_2daea7 | brand=TechnoSport | page=11 | route=https://www.myntra.com/technosport | seen=495 | expected=3440
2026-09-29 11:26:29 | INFO    | PDP       | Processed 49 target products for TechnoSport in 2s (1333.65 products/min). | run_id=run_20260929_110725_467584_2daea7 | brand=TechnoSport | saved=49 | elapsed_label=2s | products_per_minute=1333.65
2026-09-29 11:26:29 | INFO    | LISTING   | Listing TechnoSport route https://www.myntra.com/technosport page 12 -> https://www.myntra.com/gateway/v4/search/technosport?rows=50&o=550&plaEnabled=false&xdEnabled=false&isFacet=true&p=12 | run_id=run_20260929_110725_467584_2daea7 | brand=TechnoSport | page=12 | route=https://www.myntra.com/technosport | seen=544 | expected=3440
2026-09-29 11:26:33 | INFO    | PDP       | Processed 49 target products for TechnoSport in 3s (969.76 products/min). | run_id=run_20260929_110725_467584_2daea7 | brand=TechnoSport | saved=49 | elapsed_label=3s | products_per_minute=969.76
2026-09-29 11:26:33 | INFO    | LISTING   | Listing TechnoSport route https://www.myntra.com/technosport page 13 -> https://www.myntra.com/gateway/v4/search/technosport?rows=50&o=600&plaEnabled=false&xdEnabled=false&isFacet=true&p=13 | run_id=run_20260929_110725_467584_2daea7 | brand=TechnoSport | page=13 | route=https://www.myntra.com/technosport | seen=593 | expected=3440
2026-09-29 11:26:37 | INFO    | PDP       | Processed 45 target products for TechnoSport in 3s (872.13 products/min). | run_id=run_20260929_110725_467584_2daea7 | brand=TechnoSport | saved=45 | elapsed_label=3s | products_per_minute=872.13
2026-09-29 11:26:37 | INFO    | LISTING   | Listing TechnoSport route https://www.myntra.com/technosport page 14 -> https://www.myntra.com/gateway/v4/search/technosport?rows=50&o=650&plaEnabled=false&xdEnabled=false&isFacet=true&p=14 | run_id=run_20260929_110725_467584_2daea7 | brand=TechnoSport | page=14 | route=https://www.myntra.com/technosport | seen=638 | expected=3440
2026-09-29 11:26:40 | INFO    | PDP       | Processed 49 target products for TechnoSport in 3s (1035.99 products/min). | run_id=run_20260929_110725_467584_2daea7 | brand=TechnoSport | saved=49 | elapsed_label=3s | products_per_minute=1035.99
2026-09-29 11:26:41 | INFO    | LISTING   | Listing TechnoSport route https://www.myntra.com/technosport page 15 -> https://www.myntra.com/gateway/v4/search/technosport?rows=50&o=700&plaEnabled=false&xdEnabled=false&isFacet=true&p=15 | run_id=run_20260929_110725_467584_2daea7 | brand=TechnoSport | page=15 | route=https://www.myntra.com/technosport | seen=687 | expected=3440
2026-09-29 11:26:44 | INFO    | PDP       | Processed 50 target products for TechnoSport in 3s (943.71 products/min). | run_id=run_20260929_110725_467584_2daea7 | brand=TechnoSport | saved=50 | elapsed_label=3s | products_per_minute=943.71
2026-09-29 11:26:45 | INFO    | LISTING   | Listing TechnoSport route https://www.myntra.com/technosport page 16 -> https://www.myntra.com/gateway/v4/search/technosport?rows=50&o=750&plaEnabled=false&xdEnabled=false&isFacet=true&p=16 | run_id=run_20260929_110725_467584_2daea7 | brand=TechnoSport | page=16 | route=https://www.myntra.com/technosport | seen=737 | expected=3440
2026-09-29 11:26:49 | INFO    | PDP       | Processed 50 target products for TechnoSport in 3s (895.2 products/min). | run_id=run_20260929_110725_467584_2daea7 | brand=TechnoSport | saved=50 | elapsed_label=3s | products_per_minute=895.2
2026-09-29 11:26:49 | INFO    | LISTING   | Listing TechnoSport route https://www.myntra.com/technosport page 17 -> https://www.myntra.com/gateway/v4/search/technosport?rows=50&o=800&plaEnabled=false&xdEnabled=false&isFacet=true&p=17 | run_id=run_20260929_110725_467584_2daea7 | brand=TechnoSport | page=17 | route=https://www.myntra.com/technosport | seen=787 | expected=3440
2026-09-29 11:26:53 | INFO    | PDP       | Processed 50 target products for TechnoSport in 3s (978.43 products/min). | run_id=run_20260929_110725_467584_2daea7 | brand=TechnoSport | saved=50 | elapsed_label=3s | products_per_minute=978.43
2026-09-29 11:26:53 | INFO    | LISTING   | Listing TechnoSport route https://www.myntra.com/technosport page 18 -> https://www.myntra.com/gateway/v4/search/technosport?rows=50&o=850&plaEnabled=false&xdEnabled=false&isFacet=true&p=18 | run_id=run_20260929_110725_467584_2daea7 | brand=TechnoSport | page=18 | route=https://www.myntra.com/technosport | seen=837 | expected=3440
2026-09-29 11:26:56 | INFO    | PDP       | Processed 38 target products for TechnoSport in 3s (911.44 products/min). | run_id=run_20260929_110725_467584_2daea7 | brand=TechnoSport | saved=38 | elapsed_label=3s | products_per_minute=911.44
2026-09-29 11:26:56 | INFO    | LISTING   | Listing TechnoSport route https://www.myntra.com/technosport page 19 -> https://www.myntra.com/gateway/v4/search/technosport?rows=50&o=900&plaEnabled=false&xdEnabled=false&isFacet=true&p=19 | run_id=run_20260929_110725_467584_2daea7 | brand=TechnoSport | page=19 | route=https://www.myntra.com/technosport | seen=875 | expected=3440
2026-09-29 11:26:59 | INFO    | PDP       | Processed 31 target products for TechnoSport in 2s (892.13 products/min). | run_id=run_20260929_110725_467584_2daea7 | brand=TechnoSport | saved=31 | elapsed_label=2s | products_per_minute=892.13
2026-09-29 11:26:59 | INFO    | LISTING   | Listing TechnoSport route https://www.myntra.com/technosport page 20 -> https://www.myntra.com/gateway/v4/search/technosport?rows=50&o=950&plaEnabled=false&xdEnabled=false&isFacet=true&p=20 | run_id=run_20260929_110725_467584_2daea7 | brand=TechnoSport | page=20 | route=https://www.myntra.com/technosport | seen=906 | expected=3440
2026-09-29 11:27:03 | INFO    | PDP       | Processed 49 target products for TechnoSport in 3s (891.03 products/min). | run_id=run_20260929_110725_467584_2daea7 | brand=TechnoSport | saved=49 | elapsed_label=3s | products_per_minute=891.03
2026-09-29 11:27:03 | INFO    | LISTING   | Listing TechnoSport route https://www.myntra.com/technosport page 21 -> https://www.myntra.com/gateway/v4/search/technosport?rows=50&o=1000&plaEnabled=false&xdEnabled=false&isFacet=true&p=21 | run_id=run_20260929_110725_467584_2daea7 | brand=TechnoSport | page=21 | route=https://www.myntra.com/technosport | seen=955 | expected=3440
2026-09-29 11:27:07 | INFO    | PDP       | Processed 50 target products for TechnoSport in 3s (995.8 products/min). | run_id=run_20260929_110725_467584_2daea7 | brand=TechnoSport | saved=50 | elapsed_label=3s | products_per_minute=995.8
2026-09-29 11:27:07 | INFO    | LISTING   | Listing TechnoSport route https://www.myntra.com/technosport page 22 -> https://www.myntra.com/gateway/v4/search/technosport?rows=50&o=1050&plaEnabled=false&xdEnabled=false&isFacet=true&p=22 | run_id=run_20260929_110725_467584_2daea7 | brand=TechnoSport | page=22 | route=https://www.myntra.com/technosport | seen=1005 | expected=3440
2026-09-29 11:27:11 | INFO    | PDP       | Processed 50 target products for TechnoSport in 3s (892.57 products/min). | run_id=run_20260929_110725_467584_2daea7 | brand=TechnoSport | saved=50 | elapsed_label=3s | products_per_minute=892.57
2026-09-29 11:27:11 | INFO    | LISTING   | Listing TechnoSport route https://www.myntra.com/technosport page 23 -> https://www.myntra.com/gateway/v4/search/technosport?rows=50&o=1100&plaEnabled=false&xdEnabled=false&isFacet=true&p=23 | run_id=run_20260929_110725_467584_2daea7 | brand=TechnoSport | page=23 | route=https://www.myntra.com/technosport | seen=1055 | expected=3440
2026-09-29 11:27:15 | INFO    | PDP       | Processed 49 target products for TechnoSport in 3s (994.61 products/min). | run_id=run_20260929_110725_467584_2daea7 | brand=TechnoSport | saved=49 | elapsed_label=3s | products_per_minute=994.61
2026-09-29 11:27:15 | INFO    | LISTING   | Listing TechnoSport route https://www.myntra.com/technosport page 24 -> https://www.myntra.com/gateway/v4/search/technosport?rows=50&o=1150&plaEnabled=false&xdEnabled=false&isFacet=true&p=24 | run_id=run_20260929_110725_467584_2daea7 | brand=TechnoSport | page=24 | route=https://www.myntra.com/technosport | seen=1104 | expected=3440
2026-09-29 11:27:19 | INFO    | PDP       | Processed 50 target products for TechnoSport in 3s (934.21 products/min). | run_id=run_20260929_110725_467584_2daea7 | brand=TechnoSport | saved=50 | elapsed_label=3s | products_per_minute=934.21
2026-09-29 11:27:19 | INFO    | LISTING   | Listing TechnoSport route https://www.myntra.com/technosport page 25 -> https://www.myntra.com/gateway/v4/search/technosport?rows=50&o=1200&plaEnabled=false&xdEnabled=false&isFacet=true&p=25 | run_id=run_20260929_110725_467584_2daea7 | brand=TechnoSport | page=25 | route=https://www.myntra.com/technosport | seen=1154 | expected=3440
2026-09-29 11:27:23 | INFO    | PDP       | Processed 49 target products for TechnoSport in 3s (1027.44 products/min). | run_id=run_20260929_110725_467584_2daea7 | brand=TechnoSport | saved=49 | elapsed_label=3s | products_per_minute=1027.44
2026-09-29 11:27:23 | INFO    | LISTING   | Listing TechnoSport route https://www.myntra.com/technosport page 26 -> https://www.myntra.com/gateway/v4/search/technosport?rows=50&o=1250&plaEnabled=false&xdEnabled=false&isFacet=true&p=26 | run_id=run_20260929_110725_467584_2daea7 | brand=TechnoSport | page=26 | route=https://www.myntra.com/technosport | seen=1203 | expected=3440
2026-09-29 11:27:26 | INFO    | PDP       | Processed 47 target products for TechnoSport in 3s (1009.47 products/min). | run_id=run_20260929_110725_467584_2daea7 | brand=TechnoSport | saved=47 | elapsed_label=3s | products_per_minute=1009.47
2026-09-29 11:27:27 | INFO    | LISTING   | Listing TechnoSport route https://www.myntra.com/technosport page 27 -> https://www.myntra.com/gateway/v4/search/technosport?rows=50&o=1300&plaEnabled=false&xdEnabled=false&isFacet=true&p=27 | run_id=run_20260929_110725_467584_2daea7 | brand=TechnoSport | page=27 | route=https://www.myntra.com/technosport | seen=1250 | expected=3440
2026-09-29 11:27:30 | INFO    | PDP       | Processed 50 target products for TechnoSport in 3s (1001.62 products/min). | run_id=run_20260929_110725_467584_2daea7 | brand=TechnoSport | saved=50 | elapsed_label=3s | products_per_minute=1001.62
2026-09-29 11:27:30 | INFO    | LISTING   | Listing TechnoSport route https://www.myntra.com/technosport page 28 -> https://www.myntra.com/gateway/v4/search/technosport?rows=50&o=1350&plaEnabled=false&xdEnabled=false&isFacet=true&p=28 | run_id=run_20260929_110725_467584_2daea7 | brand=TechnoSport | page=28 | route=https://www.myntra.com/technosport | seen=1300 | expected=3440
2026-09-29 11:27:34 | INFO    | PDP       | Processed 50 target products for TechnoSport in 3s (983.33 products/min). | run_id=run_20260929_110725_467584_2daea7 | brand=TechnoSport | saved=50 | elapsed_label=3s | products_per_minute=983.33
2026-09-29 11:27:35 | INFO    | LISTING   | Listing TechnoSport route https://www.myntra.com/technosport page 29 -> https://www.myntra.com/gateway/v4/search/technosport?rows=50&o=1400&plaEnabled=false&xdEnabled=false&isFacet=true&p=29 | run_id=run_20260929_110725_467584_2daea7 | brand=TechnoSport | page=29 | route=https://www.myntra.com/technosport | seen=1350 | expected=3440
2026-09-29 11:27:39 | INFO    | PDP       | Processed 50 target products for TechnoSport in 3s (881.06 products/min). | run_id=run_20260929_110725_467584_2daea7 | brand=TechnoSport | saved=50 | elapsed_label=3s | products_per_minute=881.06
2026-09-29 11:27:39 | INFO    | LISTING   | Listing TechnoSport route https://www.myntra.com/technosport page 30 -> https://www.myntra.com/gateway/v4/search/technosport?rows=50&o=1450&plaEnabled=false&xdEnabled=false&isFacet=true&p=30 | run_id=run_20260929_110725_467584_2daea7 | brand=TechnoSport | page=30 | route=https://www.myntra.com/technosport | seen=1400 | expected=3440
2026-09-29 11:27:43 | INFO    | PDP       | Processed 50 target products for TechnoSport in 3s (904.56 products/min). | run_id=run_20260929_110725_467584_2daea7 | brand=TechnoSport | saved=50 | elapsed_label=3s | products_per_minute=904.56
2026-09-29 11:27:43 | INFO    | LISTING   | Listing TechnoSport route https://www.myntra.com/technosport page 31 -> https://www.myntra.com/gateway/v4/search/technosport?rows=50&o=1500&plaEnabled=false&xdEnabled=false&isFacet=true&p=31 | run_id=run_20260929_110725_467584_2daea7 | brand=TechnoSport | page=31 | route=https://www.myntra.com/technosport | seen=1450 | expected=3440
2026-09-29 11:27:47 | INFO    | PDP       | Processed 50 target products for TechnoSport in 3s (952.16 products/min). | run_id=run_20260929_110725_467584_2daea7 | brand=TechnoSport | saved=50 | elapsed_label=3s | products_per_minute=952.16
2026-09-29 11:27:47 | INFO    | LISTING   | Listing TechnoSport route https://www.myntra.com/technosport page 32 -> https://www.myntra.com/gateway/v4/search/technosport?rows=50&o=1550&plaEnabled=false&xdEnabled=false&isFacet=true&p=32 | run_id=run_20260929_110725_467584_2daea7 | brand=TechnoSport | page=32 | route=https://www.myntra.com/technosport | seen=1500 | expected=3440
2026-09-29 11:27:50 | INFO    | PDP       | Processed 50 target products for TechnoSport in 2s (1230.18 products/min). | run_id=run_20260929_110725_467584_2daea7 | brand=TechnoSport | saved=50 | elapsed_label=2s | products_per_minute=1230.18
2026-09-29 11:27:50 | INFO    | LISTING   | Listing TechnoSport route https://www.myntra.com/technosport page 33 -> https://www.myntra.com/gateway/v4/search/technosport?rows=50&o=1600&plaEnabled=false&xdEnabled=false&isFacet=true&p=33 | run_id=run_20260929_110725_467584_2daea7 | brand=TechnoSport | page=33 | route=https://www.myntra.com/technosport | seen=1550 | expected=3440
2026-09-29 11:27:54 | INFO    | PDP       | Processed 50 target products for TechnoSport in 3s (1039.53 products/min). | run_id=run_20260929_110725_467584_2daea7 | brand=TechnoSport | saved=50 | elapsed_label=3s | products_per_minute=1039.53
2026-09-29 11:27:54 | INFO    | LISTING   | Listing TechnoSport route https://www.myntra.com/technosport page 34 -> https://www.myntra.com/gateway/v4/search/technosport?rows=50&o=1650&plaEnabled=false&xdEnabled=false&isFacet=true&p=34 | run_id=run_20260929_110725_467584_2daea7 | brand=TechnoSport | page=34 | route=https://www.myntra.com/technosport | seen=1600 | expected=3440
2026-09-29 11:27:57 | INFO    | PDP       | Processed 48 target products for TechnoSport in 2s (1180.17 products/min). | run_id=run_20260929_110725_467584_2daea7 | brand=TechnoSport | saved=48 | elapsed_label=2s | products_per_minute=1180.17
2026-09-29 11:27:58 | INFO    | LISTING   | Listing TechnoSport route https://www.myntra.com/technosport page 35 -> https://www.myntra.com/gateway/v4/search/technosport?rows=50&o=1700&plaEnabled=false&xdEnabled=false&isFacet=true&p=35 | run_id=run_20260929_110725_467584_2daea7 | brand=TechnoSport | page=35 | route=https://www.myntra.com/technosport | seen=1648 | expected=3440
2026-09-29 11:28:01 | INFO    | PDP       | Processed 50 target products for TechnoSport in 3s (1138.6 products/min). | run_id=run_20260929_110725_467584_2daea7 | brand=TechnoSport | saved=50 | elapsed_label=3s | products_per_minute=1138.6
2026-09-29 11:28:01 | INFO    | LISTING   | Listing TechnoSport route https://www.myntra.com/technosport page 36 -> https://www.myntra.com/gateway/v4/search/technosport?rows=50&o=1750&plaEnabled=false&xdEnabled=false&isFacet=true&p=36 | run_id=run_20260929_110725_467584_2daea7 | brand=TechnoSport | page=36 | route=https://www.myntra.com/technosport | seen=1698 | expected=3440
2026-09-29 11:28:05 | INFO    | PDP       | Processed 50 target products for TechnoSport in 3s (914.77 products/min). | run_id=run_20260929_110725_467584_2daea7 | brand=TechnoSport | saved=50 | elapsed_label=3s | products_per_minute=914.77
2026-09-29 11:28:05 | INFO    | LISTING   | Listing TechnoSport route https://www.myntra.com/technosport page 37 -> https://www.myntra.com/gateway/v4/search/technosport?rows=50&o=1800&plaEnabled=false&xdEnabled=false&isFacet=true&p=37 | run_id=run_20260929_110725_467584_2daea7 | brand=TechnoSport | page=37 | route=https://www.myntra.com/technosport | seen=1748 | expected=3440
2026-09-29 11:28:09 | INFO    | PDP       | Processed 50 target products for TechnoSport in 3s (948.97 products/min). | run_id=run_20260929_110725_467584_2daea7 | brand=TechnoSport | saved=50 | elapsed_label=3s | products_per_minute=948.97
2026-09-29 11:28:10 | INFO    | LISTING   | Listing TechnoSport route https://www.myntra.com/technosport page 38 -> https://www.myntra.com/gateway/v4/search/technosport?rows=50&o=1850&plaEnabled=false&xdEnabled=false&isFacet=true&p=38 | run_id=run_20260929_110725_467584_2daea7 | brand=TechnoSport | page=38 | route=https://www.myntra.com/technosport | seen=1798 | expected=3440
2026-09-29 11:28:14 | INFO    | PDP       | Processed 50 target products for TechnoSport in 4s (855.44 products/min). | run_id=run_20260929_110725_467584_2daea7 | brand=TechnoSport | saved=50 | elapsed_label=4s | products_per_minute=855.44
2026-09-29 11:28:14 | INFO    | LISTING   | Listing TechnoSport route https://www.myntra.com/technosport page 39 -> https://www.myntra.com/gateway/v4/search/technosport?rows=50&o=1900&plaEnabled=false&xdEnabled=false&isFacet=true&p=39 | run_id=run_20260929_110725_467584_2daea7 | brand=TechnoSport | page=39 | route=https://www.myntra.com/technosport | seen=1848 | expected=3440
2026-09-29 11:28:19 | INFO    | PDP       | Processed 50 target products for TechnoSport in 4s (749.35 products/min). | run_id=run_20260929_110725_467584_2daea7 | brand=TechnoSport | saved=50 | elapsed_label=4s | products_per_minute=749.35
2026-09-29 11:28:19 | INFO    | LISTING   | Listing TechnoSport route https://www.myntra.com/technosport page 40 -> https://www.myntra.com/gateway/v4/search/technosport?rows=50&o=1950&plaEnabled=false&xdEnabled=false&isFacet=true&p=40 | run_id=run_20260929_110725_467584_2daea7 | brand=TechnoSport | page=40 | route=https://www.myntra.com/technosport | seen=1898 | expected=3440
2026-09-29 11:28:23 | INFO    | PDP       | Processed 44 target products for TechnoSport in 3s (882.85 products/min). | run_id=run_20260929_110725_467584_2daea7 | brand=TechnoSport | saved=44 | elapsed_label=3s | products_per_minute=882.85
2026-09-29 11:28:23 | INFO    | LISTING   | Listing TechnoSport route https://www.myntra.com/technosport page 41 -> https://www.myntra.com/gateway/v4/search/technosport?rows=50&o=2000&plaEnabled=false&xdEnabled=false&isFacet=true&p=41 | run_id=run_20260929_110725_467584_2daea7 | brand=TechnoSport | page=41 | route=https://www.myntra.com/technosport | seen=1942 | expected=3440
2026-09-29 11:28:27 | INFO    | PDP       | Processed 46 target products for TechnoSport in 3s (861.65 products/min). | run_id=run_20260929_110725_467584_2daea7 | brand=TechnoSport | saved=46 | elapsed_label=3s | products_per_minute=861.65
2026-09-29 11:28:27 | INFO    | LISTING   | Listing TechnoSport route https://www.myntra.com/technosport page 42 -> https://www.myntra.com/gateway/v4/search/technosport?rows=50&o=2050&plaEnabled=false&xdEnabled=false&isFacet=true&p=42 | run_id=run_20260929_110725_467584_2daea7 | brand=TechnoSport | page=42 | route=https://www.myntra.com/technosport | seen=1988 | expected=3440
2026-09-29 11:28:32 | INFO    | PDP       | Processed 50 target products for TechnoSport in 5s (664.86 products/min). | run_id=run_20260929_110725_467584_2daea7 | brand=TechnoSport | saved=50 | elapsed_label=5s | products_per_minute=664.86
2026-09-29 11:28:32 | INFO    | LISTING   | Listing TechnoSport route https://www.myntra.com/technosport page 43 -> https://www.myntra.com/gateway/v4/search/technosport?rows=50&o=2100&plaEnabled=false&xdEnabled=false&isFacet=true&p=43 | run_id=run_20260929_110725_467584_2daea7 | brand=TechnoSport | page=43 | route=https://www.myntra.com/technosport | seen=2038 | expected=3440
2026-09-29 11:28:38 | INFO    | PDP       | Processed 50 target products for TechnoSport in 6s (529.12 products/min). | run_id=run_20260929_110725_467584_2daea7 | brand=TechnoSport | saved=50 | elapsed_label=6s | products_per_minute=529.12
2026-09-29 11:28:39 | INFO    | LISTING   | Listing TechnoSport route https://www.myntra.com/technosport page 44 -> https://www.myntra.com/gateway/v4/search/technosport?rows=50&o=2150&plaEnabled=false&xdEnabled=false&isFacet=true&p=44 | run_id=run_20260929_110725_467584_2daea7 | brand=TechnoSport | page=44 | route=https://www.myntra.com/technosport | seen=2088 | expected=3440
2026-09-29 11:28:43 | INFO    | PDP       | Processed 50 target products for TechnoSport in 3s (887.2 products/min). | run_id=run_20260929_110725_467584_2daea7 | brand=TechnoSport | saved=50 | elapsed_label=3s | products_per_minute=887.2
2026-09-29 11:28:43 | INFO    | LISTING   | Listing TechnoSport route https://www.myntra.com/technosport page 45 -> https://www.myntra.com/gateway/v4/search/technosport?rows=50&o=2200&plaEnabled=false&xdEnabled=false&isFacet=true&p=45 | run_id=run_20260929_110725_467584_2daea7 | brand=TechnoSport | page=45 | route=https://www.myntra.com/technosport | seen=2138 | expected=3440
2026-09-29 11:28:46 | INFO    | PDP       | Processed 50 target products for TechnoSport in 3s (996.8 products/min). | run_id=run_20260929_110725_467584_2daea7 | brand=TechnoSport | saved=50 | elapsed_label=3s | products_per_minute=996.8
2026-09-29 11:28:47 | INFO    | LISTING   | Listing TechnoSport route https://www.myntra.com/technosport page 46 -> https://www.myntra.com/gateway/v4/search/technosport?rows=50&o=2250&plaEnabled=false&xdEnabled=false&isFacet=true&p=46 | run_id=run_20260929_110725_467584_2daea7 | brand=TechnoSport | page=46 | route=https://www.myntra.com/technosport | seen=2188 | expected=3440
2026-09-29 11:28:51 | INFO    | PDP       | Processed 50 target products for TechnoSport in 3s (865.82 products/min). | run_id=run_20260929_110725_467584_2daea7 | brand=TechnoSport | saved=50 | elapsed_label=3s | products_per_minute=865.82
2026-09-29 11:28:51 | INFO    | LISTING   | Listing TechnoSport route https://www.myntra.com/technosport page 47 -> https://www.myntra.com/gateway/v4/search/technosport?rows=50&o=2300&plaEnabled=false&xdEnabled=false&isFacet=true&p=47 | run_id=run_20260929_110725_467584_2daea7 | brand=TechnoSport | page=47 | route=https://www.myntra.com/technosport | seen=2238 | expected=3440
2026-09-29 11:28:55 | INFO    | PDP       | Processed 50 target products for TechnoSport in 4s (849.14 products/min). | run_id=run_20260929_110725_467584_2daea7 | brand=TechnoSport | saved=50 | elapsed_label=4s | products_per_minute=849.14
2026-09-29 11:28:55 | INFO    | LISTING   | Listing TechnoSport route https://www.myntra.com/technosport page 48 -> https://www.myntra.com/gateway/v4/search/technosport?rows=50&o=2350&plaEnabled=false&xdEnabled=false&isFacet=true&p=48 | run_id=run_20260929_110725_467584_2daea7 | brand=TechnoSport | page=48 | route=https://www.myntra.com/technosport | seen=2288 | expected=3440
2026-09-29 11:28:59 | INFO    | PDP       | Processed 49 target products for TechnoSport in 3s (861.4 products/min). | run_id=run_20260929_110725_467584_2daea7 | brand=TechnoSport | saved=49 | elapsed_label=3s | products_per_minute=861.4
2026-09-29 11:29:00 | INFO    | LISTING   | Listing TechnoSport route https://www.myntra.com/technosport page 49 -> https://www.myntra.com/gateway/v4/search/technosport?rows=50&o=2400&plaEnabled=false&xdEnabled=false&isFacet=true&p=49 | run_id=run_20260929_110725_467584_2daea7 | brand=TechnoSport | page=49 | route=https://www.myntra.com/technosport | seen=2337 | expected=3440
2026-09-29 11:29:04 | INFO    | PDP       | Processed 49 target products for TechnoSport in 4s (755.23 products/min). | run_id=run_20260929_110725_467584_2daea7 | brand=TechnoSport | saved=49 | elapsed_label=4s | products_per_minute=755.23
2026-09-29 11:29:05 | INFO    | LISTING   | Listing TechnoSport route https://www.myntra.com/technosport page 50 -> https://www.myntra.com/gateway/v4/search/technosport?rows=50&o=2450&plaEnabled=false&xdEnabled=false&isFacet=true&p=50 | run_id=run_20260929_110725_467584_2daea7 | brand=TechnoSport | page=50 | route=https://www.myntra.com/technosport | seen=2386 | expected=3440
2026-09-29 11:29:09 | INFO    | PDP       | Processed 48 target products for TechnoSport in 4s (796.55 products/min). | run_id=run_20260929_110725_467584_2daea7 | brand=TechnoSport | saved=48 | elapsed_label=4s | products_per_minute=796.55
2026-09-29 11:29:09 | INFO    | LISTING   | Listing TechnoSport route https://www.myntra.com/technosport page 51 -> https://www.myntra.com/gateway/v4/search/technosport?rows=50&o=2500&plaEnabled=false&xdEnabled=false&isFacet=true&p=51 | run_id=run_20260929_110725_467584_2daea7 | brand=TechnoSport | page=51 | route=https://www.myntra.com/technosport | seen=2434 | expected=3440
2026-09-29 11:29:14 | INFO    | PDP       | Processed 50 target products for TechnoSport in 4s (693.98 products/min). | run_id=run_20260929_110725_467584_2daea7 | brand=TechnoSport | saved=50 | elapsed_label=4s | products_per_minute=693.98
2026-09-29 11:29:14 | INFO    | LISTING   | Listing TechnoSport route https://www.myntra.com/technosport page 52 -> https://www.myntra.com/gateway/v4/search/technosport?rows=50&o=2550&plaEnabled=false&xdEnabled=false&isFacet=true&p=52 | run_id=run_20260929_110725_467584_2daea7 | brand=TechnoSport | page=52 | route=https://www.myntra.com/technosport | seen=2484 | expected=3440
2026-09-29 11:29:19 | INFO    | PDP       | Processed 49 target products for TechnoSport in 4s (732.41 products/min). | run_id=run_20260929_110725_467584_2daea7 | brand=TechnoSport | saved=49 | elapsed_label=4s | products_per_minute=732.41
2026-09-29 11:29:19 | INFO    | LISTING   | Listing TechnoSport route https://www.myntra.com/technosport page 53 -> https://www.myntra.com/gateway/v4/search/technosport?rows=50&o=2600&plaEnabled=false&xdEnabled=false&isFacet=true&p=53 | run_id=run_20260929_110725_467584_2daea7 | brand=TechnoSport | page=53 | route=https://www.myntra.com/technosport | seen=2533 | expected=3440
2026-09-29 11:29:25 | INFO    | PDP       | Processed 50 target products for TechnoSport in 6s (514.91 products/min). | run_id=run_20260929_110725_467584_2daea7 | brand=TechnoSport | saved=50 | elapsed_label=6s | products_per_minute=514.91
2026-09-29 11:29:26 | INFO    | LISTING   | Listing TechnoSport route https://www.myntra.com/technosport page 54 -> https://www.myntra.com/gateway/v4/search/technosport?rows=50&o=2650&plaEnabled=false&xdEnabled=false&isFacet=true&p=54 | run_id=run_20260929_110725_467584_2daea7 | brand=TechnoSport | page=54 | route=https://www.myntra.com/technosport | seen=2583 | expected=3440
2026-09-29 11:29:30 | INFO    | PDP       | Processed 50 target products for TechnoSport in 3s (893.54 products/min). | run_id=run_20260929_110725_467584_2daea7 | brand=TechnoSport | saved=50 | elapsed_label=3s | products_per_minute=893.54
2026-09-29 11:29:30 | INFO    | LISTING   | Listing TechnoSport route https://www.myntra.com/technosport page 55 -> https://www.myntra.com/gateway/v4/search/technosport?rows=50&o=2700&plaEnabled=false&xdEnabled=false&isFacet=true&p=55 | run_id=run_20260929_110725_467584_2daea7 | brand=TechnoSport | page=55 | route=https://www.myntra.com/technosport | seen=2633 | expected=3440
2026-09-29 11:29:34 | INFO    | PDP       | Processed 50 target products for TechnoSport in 3s (945.81 products/min). | run_id=run_20260929_110725_467584_2daea7 | brand=TechnoSport | saved=50 | elapsed_label=3s | products_per_minute=945.81
2026-09-29 11:29:34 | INFO    | LISTING   | Listing TechnoSport route https://www.myntra.com/technosport page 56 -> https://www.myntra.com/gateway/v4/search/technosport?rows=50&o=2750&plaEnabled=false&xdEnabled=false&isFacet=true&p=56 | run_id=run_20260929_110725_467584_2daea7 | brand=TechnoSport | page=56 | route=https://www.myntra.com/technosport | seen=2683 | expected=3440
2026-09-29 11:29:38 | INFO    | PDP       | Processed 50 target products for TechnoSport in 4s (767.89 products/min). | run_id=run_20260929_110725_467584_2daea7 | brand=TechnoSport | saved=50 | elapsed_label=4s | products_per_minute=767.89
2026-09-29 11:29:39 | INFO    | LISTING   | Listing TechnoSport route https://www.myntra.com/technosport page 57 -> https://www.myntra.com/gateway/v4/search/technosport?rows=50&o=2800&plaEnabled=false&xdEnabled=false&isFacet=true&p=57 | run_id=run_20260929_110725_467584_2daea7 | brand=TechnoSport | page=57 | route=https://www.myntra.com/technosport | seen=2733 | expected=3440
2026-09-29 11:29:42 | INFO    | PDP       | Processed 50 target products for TechnoSport in 3s (973.5 products/min). | run_id=run_20260929_110725_467584_2daea7 | brand=TechnoSport | saved=50 | elapsed_label=3s | products_per_minute=973.5
2026-09-29 11:29:43 | INFO    | LISTING   | Listing TechnoSport route https://www.myntra.com/technosport page 58 -> https://www.myntra.com/gateway/v4/search/technosport?rows=50&o=2850&plaEnabled=false&xdEnabled=false&isFacet=true&p=58 | run_id=run_20260929_110725_467584_2daea7 | brand=TechnoSport | page=58 | route=https://www.myntra.com/technosport | seen=2783 | expected=3440
2026-09-29 11:29:47 | INFO    | PDP       | Processed 50 target products for TechnoSport in 3s (918.05 products/min). | run_id=run_20260929_110725_467584_2daea7 | brand=TechnoSport | saved=50 | elapsed_label=3s | products_per_minute=918.05
2026-09-29 11:29:47 | INFO    | LISTING   | Listing TechnoSport route https://www.myntra.com/technosport page 59 -> https://www.myntra.com/gateway/v4/search/technosport?rows=50&o=2900&plaEnabled=false&xdEnabled=false&isFacet=true&p=59 | run_id=run_20260929_110725_467584_2daea7 | brand=TechnoSport | page=59 | route=https://www.myntra.com/technosport | seen=2833 | expected=3440
2026-09-29 11:29:51 | INFO    | PDP       | Processed 50 target products for TechnoSport in 4s (850.17 products/min). | run_id=run_20260929_110725_467584_2daea7 | brand=TechnoSport | saved=50 | elapsed_label=4s | products_per_minute=850.17
2026-09-29 11:29:51 | INFO    | LISTING   | Listing TechnoSport route https://www.myntra.com/technosport page 60 -> https://www.myntra.com/gateway/v4/search/technosport?rows=50&o=2950&plaEnabled=false&xdEnabled=false&isFacet=true&p=60 | run_id=run_20260929_110725_467584_2daea7 | brand=TechnoSport | page=60 | route=https://www.myntra.com/technosport | seen=2883 | expected=3440
2026-09-29 11:29:56 | INFO    | PDP       | Processed 50 target products for TechnoSport in 4s (693.3 products/min). | run_id=run_20260929_110725_467584_2daea7 | brand=TechnoSport | saved=50 | elapsed_label=4s | products_per_minute=693.3
2026-09-29 11:29:57 | INFO    | LISTING   | Listing TechnoSport route https://www.myntra.com/technosport page 61 -> https://www.myntra.com/gateway/v4/search/technosport?rows=50&o=3000&plaEnabled=false&xdEnabled=false&isFacet=true&p=61 | run_id=run_20260929_110725_467584_2daea7 | brand=TechnoSport | page=61 | route=https://www.myntra.com/technosport | seen=2933 | expected=3440
2026-09-29 11:30:01 | INFO    | PDP       | Processed 50 target products for TechnoSport in 3s (860.27 products/min). | run_id=run_20260929_110725_467584_2daea7 | brand=TechnoSport | saved=50 | elapsed_label=3s | products_per_minute=860.27
2026-09-29 11:30:01 | INFO    | LISTING   | Listing TechnoSport route https://www.myntra.com/technosport page 62 -> https://www.myntra.com/gateway/v4/search/technosport?rows=50&o=3050&plaEnabled=false&xdEnabled=false&isFacet=true&p=62 | run_id=run_20260929_110725_467584_2daea7 | brand=TechnoSport | page=62 | route=https://www.myntra.com/technosport | seen=2983 | expected=3440
2026-09-29 11:30:05 | INFO    | PDP       | Processed 50 target products for TechnoSport in 3s (862.03 products/min). | run_id=run_20260929_110725_467584_2daea7 | brand=TechnoSport | saved=50 | elapsed_label=3s | products_per_minute=862.03
2026-09-29 11:30:05 | INFO    | LISTING   | Listing TechnoSport route https://www.myntra.com/technosport page 63 -> https://www.myntra.com/gateway/v4/search/technosport?rows=50&o=3100&plaEnabled=false&xdEnabled=false&isFacet=true&p=63 | run_id=run_20260929_110725_467584_2daea7 | brand=TechnoSport | page=63 | route=https://www.myntra.com/technosport | seen=3033 | expected=3440
2026-09-29 11:30:09 | INFO    | PDP       | Processed 50 target products for TechnoSport in 4s (829.25 products/min). | run_id=run_20260929_110725_467584_2daea7 | brand=TechnoSport | saved=50 | elapsed_label=4s | products_per_minute=829.25
2026-09-29 11:30:09 | INFO    | LISTING   | Listing TechnoSport route https://www.myntra.com/technosport page 64 -> https://www.myntra.com/gateway/v4/search/technosport?rows=50&o=3150&plaEnabled=false&xdEnabled=false&isFacet=true&p=64 | run_id=run_20260929_110725_467584_2daea7 | brand=TechnoSport | page=64 | route=https://www.myntra.com/technosport | seen=3083 | expected=3440
2026-09-29 11:30:13 | INFO    | PDP       | Processed 50 target products for TechnoSport in 3s (932.57 products/min). | run_id=run_20260929_110725_467584_2daea7 | brand=TechnoSport | saved=50 | elapsed_label=3s | products_per_minute=932.57
2026-09-29 11:30:13 | INFO    | LISTING   | Listing TechnoSport route https://www.myntra.com/technosport page 65 -> https://www.myntra.com/gateway/v4/search/technosport?rows=50&o=3200&plaEnabled=false&xdEnabled=false&isFacet=true&p=65 | run_id=run_20260929_110725_467584_2daea7 | brand=TechnoSport | page=65 | route=https://www.myntra.com/technosport | seen=3133 | expected=3440
2026-09-29 11:30:17 | INFO    | PDP       | Processed 50 target products for TechnoSport in 3s (1084.9 products/min). | run_id=run_20260929_110725_467584_2daea7 | brand=TechnoSport | saved=50 | elapsed_label=3s | products_per_minute=1084.9
2026-09-29 11:30:17 | INFO    | LISTING   | Listing TechnoSport route https://www.myntra.com/technosport page 66 -> https://www.myntra.com/gateway/v4/search/technosport?rows=50&o=3250&plaEnabled=false&xdEnabled=false&isFacet=true&p=66 | run_id=run_20260929_110725_467584_2daea7 | brand=TechnoSport | page=66 | route=https://www.myntra.com/technosport | seen=3183 | expected=3440
2026-09-29 11:30:21 | INFO    | PDP       | Processed 50 target products for TechnoSport in 3s (940.03 products/min). | run_id=run_20260929_110725_467584_2daea7 | brand=TechnoSport | saved=50 | elapsed_label=3s | products_per_minute=940.03
2026-09-29 11:30:21 | INFO    | LISTING   | Listing TechnoSport route https://www.myntra.com/technosport page 67 -> https://www.myntra.com/gateway/v4/search/technosport?rows=50&o=3300&plaEnabled=false&xdEnabled=false&isFacet=true&p=67 | run_id=run_20260929_110725_467584_2daea7 | brand=TechnoSport | page=67 | route=https://www.myntra.com/technosport | seen=3233 | expected=3440
2026-09-29 11:30:25 | INFO    | PDP       | Processed 50 target products for TechnoSport in 3s (952.72 products/min). | run_id=run_20260929_110725_467584_2daea7 | brand=TechnoSport | saved=50 | elapsed_label=3s | products_per_minute=952.72
2026-09-29 11:30:25 | INFO    | LISTING   | Listing TechnoSport route https://www.myntra.com/technosport page 68 -> https://www.myntra.com/gateway/v4/search/technosport?rows=50&o=3350&plaEnabled=false&xdEnabled=false&isFacet=true&p=68 | run_id=run_20260929_110725_467584_2daea7 | brand=TechnoSport | page=68 | route=https://www.myntra.com/technosport | seen=3283 | expected=3440
2026-09-29 11:30:29 | INFO    | PDP       | Processed 50 target products for TechnoSport in 3s (992.34 products/min). | run_id=run_20260929_110725_467584_2daea7 | brand=TechnoSport | saved=50 | elapsed_label=3s | products_per_minute=992.34
2026-09-29 11:30:29 | INFO    | LISTING   | Listing TechnoSport route https://www.myntra.com/technosport page 69 -> https://www.myntra.com/gateway/v4/search/technosport?rows=50&o=3400&plaEnabled=false&xdEnabled=false&isFacet=true&p=69 | run_id=run_20260929_110725_467584_2daea7 | brand=TechnoSport | page=69 | route=https://www.myntra.com/technosport | seen=3333 | expected=3440
2026-09-29 11:30:32 | INFO    | PDP       | Processed 50 target products for TechnoSport in 2s (1209.86 products/min). | run_id=run_20260929_110725_467584_2daea7 | brand=TechnoSport | saved=50 | elapsed_label=2s | products_per_minute=1209.86
2026-09-29 11:30:32 | INFO    | BRAND     | Skipping redundant route https://www.myntra.com/activewear?f=Brand%3ATechnosport for TechnoSport (100% of first page already captured). | run_id=run_20260929_110725_467584_2daea7 | brand=TechnoSport | route=https://www.myntra.com/activewear?f=Brand%3ATechnosport
2026-09-29 11:30:32 | INFO    | BRAND     | Skipping redundant route https://www.myntra.com/sports-wear?f=Brand%3ATechnosport for TechnoSport (98% of first page already captured). | run_id=run_20260929_110725_467584_2daea7 | brand=TechnoSport | route=https://www.myntra.com/sports-wear?f=Brand%3ATechnosport
2026-09-29 11:30:32 | INFO    | BRAND     | Skipping redundant route https://www.myntra.com/technosport-men for TechnoSport (98% of first page already captured). | run_id=run_20260929_110725_467584_2daea7 | brand=TechnoSport | route=https://www.myntra.com/technosport-men
2026-09-29 11:30:32 | INFO    | BRAND     | Skipping redundant route https://www.myntra.com/tshirts?f=Brand%3ATechnosport for TechnoSport (100% of first page already captured). | run_id=run_20260929_110725_467584_2daea7 | brand=TechnoSport | route=https://www.myntra.com/tshirts?f=Brand%3ATechnosport
2026-09-29 11:30:32 | INFO    | BRAND     | Skipping redundant route https://www.myntra.com/track-pants?f=Brand%3ATechnosport for TechnoSport (100% of first page already captured). | run_id=run_20260929_110725_467584_2daea7 | brand=TechnoSport | route=https://www.myntra.com/track-pants?f=Brand%3ATechnosport
2026-09-29 11:30:32 | INFO    | BRAND     | Skipping redundant route https://www.myntra.com/technosport-women for TechnoSport (100% of first page already captured). | run_id=run_20260929_110725_467584_2daea7 | brand=TechnoSport | route=https://www.myntra.com/technosport-women
2026-09-29 11:30:32 | INFO    | BRAND     | Skipping redundant route https://www.myntra.com/shorts?f=Brand%3ATechnosport for TechnoSport (100% of first page already captured). | run_id=run_20260929_110725_467584_2daea7 | brand=TechnoSport | route=https://www.myntra.com/shorts?f=Brand%3ATechnosport
2026-09-29 11:30:32 | INFO    | BRAND     | Skipping redundant route https://www.myntra.com/sweatshirts?f=Brand%3ATechnosport for TechnoSport (100% of first page already captured). | run_id=run_20260929_110725_467584_2daea7 | brand=TechnoSport | route=https://www.myntra.com/sweatshirts?f=Brand%3ATechnosport
2026-09-29 11:30:32 | INFO    | BRAND     | Skipping redundant route https://www.myntra.com/jackets?f=Brand%3ATechnosport for TechnoSport (100% of first page already captured). | run_id=run_20260929_110725_467584_2daea7 | brand=TechnoSport | route=https://www.myntra.com/jackets?f=Brand%3ATechnosport
2026-09-29 11:30:32 | WARNING | BRAND     | Brand TechnoSport finished below expected count: saw 3383 unique activewear products vs expected 4759. | run_id=run_20260929_110725_467584_2daea7 | brand=TechnoSport | seen=3383 | expected=4759
2026-09-29 11:30:32 | INFO    | BRAND     | Brand scrape completed in 4m 45s (711.98 products/min). | run_id=run_20260929_110725_467584_2daea7 | brand=TechnoSport | status=COMPLETED | saved=3383 | seen=3383 | expected=4759 | elapsed_label=4m 45s | products_per_minute=711.98
2026-09-29 11:30:36 | INFO    | SNAPSHOT  | Periodic snapshot created after TechnoSport. | run_id=run_20260929_110725_467584_2daea7 | brand=TechnoSport
2026-09-29 11:30:36 | WARNING | AUDIT     | Audit pass 1 found 6 incomplete brands; retrying them: FUAARK, BlissClub, Cava, Dollar (Forcenxt), Zoiro, TechnoSport | run_id=run_20260929_110725_467584_2daea7 | attempt=1
2026-09-29 11:30:36 | INFO    | BRAND     | Resolving brand routes. | run_id=run_20260929_110725_467584_2daea7 | brand=FUAARK
2026-09-29 11:30:39 | INFO    | BRAND     | Resolved FUAARK -> 6 routes (best brand total=1281): https://www.myntra.com/fuaark, https://www.myntra.com/fuaark-gym-wear, https://www.myntra.com/fuaark-men, https://www.myntra.com/sports-wear?f=Brand%3AFUAARK, https://www.myntra.com/activewear?f=Brand%3AFUAARK, https://www.myntra.com/fuaark-activewear | run_id=run_20260929_110725_467584_2daea7 | brand=FUAARK | expected=1281
2026-09-29 11:30:39 | INFO    | BRAND     | Starting brand scrape. | run_id=run_20260929_110725_467584_2daea7 | brand=FUAARK | expected=2215
2026-09-29 11:30:39 | INFO    | LISTING   | Listing FUAARK route https://www.myntra.com/fuaark page 1 -> https://www.myntra.com/gateway/v4/search/fuaark?rows=50&o=0&plaEnabled=false&xdEnabled=false&isFacet=true&p=1 | run_id=run_20260929_110725_467584_2daea7 | brand=FUAARK | page=1 | route=https://www.myntra.com/fuaark | seen=0 | expected=1282
2026-09-29 11:30:40 | INFO    | LISTING   | Listing FUAARK route https://www.myntra.com/fuaark page 2 -> https://www.myntra.com/gateway/v4/search/fuaark?rows=50&o=50&plaEnabled=false&xdEnabled=false&isFacet=true&p=2 | run_id=run_20260929_110725_467584_2daea7 | brand=FUAARK | page=2 | route=https://www.myntra.com/fuaark | seen=50 | expected=1282
2026-09-29 11:30:41 | INFO    | LISTING   | Listing FUAARK route https://www.myntra.com/fuaark page 3 -> https://www.myntra.com/gateway/v4/search/fuaark?rows=50&o=100&plaEnabled=false&xdEnabled=false&isFacet=true&p=3 | run_id=run_20260929_110725_467584_2daea7 | brand=FUAARK | page=3 | route=https://www.myntra.com/fuaark | seen=100 | expected=1282
2026-09-29 11:30:41 | INFO    | LISTING   | Listing FUAARK route https://www.myntra.com/fuaark page 4 -> https://www.myntra.com/gateway/v4/search/fuaark?rows=50&o=150&plaEnabled=false&xdEnabled=false&isFacet=true&p=4 | run_id=run_20260929_110725_467584_2daea7 | brand=FUAARK | page=4 | route=https://www.myntra.com/fuaark | seen=150 | expected=1282
2026-09-29 11:30:42 | INFO    | LISTING   | Listing FUAARK route https://www.myntra.com/fuaark page 5 -> https://www.myntra.com/gateway/v4/search/fuaark?rows=50&o=200&plaEnabled=false&xdEnabled=false&isFacet=true&p=5 | run_id=run_20260929_110725_467584_2daea7 | brand=FUAARK | page=5 | route=https://www.myntra.com/fuaark | seen=200 | expected=1282
2026-09-29 11:30:43 | INFO    | LISTING   | Listing FUAARK route https://www.myntra.com/fuaark page 6 -> https://www.myntra.com/gateway/v4/search/fuaark?rows=50&o=250&plaEnabled=false&xdEnabled=false&isFacet=true&p=6 | run_id=run_20260929_110725_467584_2daea7 | brand=FUAARK | page=6 | route=https://www.myntra.com/fuaark | seen=250 | expected=1282
2026-09-29 11:30:43 | INFO    | LISTING   | Listing FUAARK route https://www.myntra.com/fuaark page 7 -> https://www.myntra.com/gateway/v4/search/fuaark?rows=50&o=300&plaEnabled=false&xdEnabled=false&isFacet=true&p=7 | run_id=run_20260929_110725_467584_2daea7 | brand=FUAARK | page=7 | route=https://www.myntra.com/fuaark | seen=300 | expected=1282
2026-09-29 11:30:44 | INFO    | LISTING   | Listing FUAARK route https://www.myntra.com/fuaark page 8 -> https://www.myntra.com/gateway/v4/search/fuaark?rows=50&o=350&plaEnabled=false&xdEnabled=false&isFacet=true&p=8 | run_id=run_20260929_110725_467584_2daea7 | brand=FUAARK | page=8 | route=https://www.myntra.com/fuaark | seen=350 | expected=1282
2026-09-29 11:30:44 | INFO    | LISTING   | Listing FUAARK route https://www.myntra.com/fuaark page 9 -> https://www.myntra.com/gateway/v4/search/fuaark?rows=50&o=400&plaEnabled=false&xdEnabled=false&isFacet=true&p=9 | run_id=run_20260929_110725_467584_2daea7 | brand=FUAARK | page=9 | route=https://www.myntra.com/fuaark | seen=399 | expected=1282
2026-09-29 11:30:45 | INFO    | LISTING   | Listing FUAARK route https://www.myntra.com/fuaark page 10 -> https://www.myntra.com/gateway/v4/search/fuaark?rows=50&o=450&plaEnabled=false&xdEnabled=false&isFacet=true&p=10 | run_id=run_20260929_110725_467584_2daea7 | brand=FUAARK | page=10 | route=https://www.myntra.com/fuaark | seen=444 | expected=1282
2026-09-29 11:30:46 | INFO    | LISTING   | Listing FUAARK route https://www.myntra.com/fuaark page 11 -> https://www.myntra.com/gateway/v4/search/fuaark?rows=50&o=500&plaEnabled=false&xdEnabled=false&isFacet=true&p=11 | run_id=run_20260929_110725_467584_2daea7 | brand=FUAARK | page=11 | route=https://www.myntra.com/fuaark | seen=494 | expected=1282
2026-09-29 11:30:46 | INFO    | LISTING   | Listing FUAARK route https://www.myntra.com/fuaark page 12 -> https://www.myntra.com/gateway/v4/search/fuaark?rows=50&o=550&plaEnabled=false&xdEnabled=false&isFacet=true&p=12 | run_id=run_20260929_110725_467584_2daea7 | brand=FUAARK | page=12 | route=https://www.myntra.com/fuaark | seen=544 | expected=1282
2026-09-29 11:30:47 | INFO    | LISTING   | Listing FUAARK route https://www.myntra.com/fuaark page 13 -> https://www.myntra.com/gateway/v4/search/fuaark?rows=50&o=600&plaEnabled=false&xdEnabled=false&isFacet=true&p=13 | run_id=run_20260929_110725_467584_2daea7 | brand=FUAARK | page=13 | route=https://www.myntra.com/fuaark | seen=594 | expected=1282
2026-09-29 11:30:47 | INFO    | LISTING   | Listing FUAARK route https://www.myntra.com/fuaark page 14 -> https://www.myntra.com/gateway/v4/search/fuaark?rows=50&o=650&plaEnabled=false&xdEnabled=false&isFacet=true&p=14 | run_id=run_20260929_110725_467584_2daea7 | brand=FUAARK | page=14 | route=https://www.myntra.com/fuaark | seen=644 | expected=1282
2026-09-29 11:30:48 | INFO    | LISTING   | Listing FUAARK route https://www.myntra.com/fuaark page 15 -> https://www.myntra.com/gateway/v4/search/fuaark?rows=50&o=700&plaEnabled=false&xdEnabled=false&isFacet=true&p=15 | run_id=run_20260929_110725_467584_2daea7 | brand=FUAARK | page=15 | route=https://www.myntra.com/fuaark | seen=694 | expected=1282
2026-09-29 11:30:48 | INFO    | LISTING   | Listing FUAARK route https://www.myntra.com/fuaark page 16 -> https://www.myntra.com/gateway/v4/search/fuaark?rows=50&o=750&plaEnabled=false&xdEnabled=false&isFacet=true&p=16 | run_id=run_20260929_110725_467584_2daea7 | brand=FUAARK | page=16 | route=https://www.myntra.com/fuaark | seen=744 | expected=1282
2026-09-29 11:30:49 | INFO    | LISTING   | Listing FUAARK route https://www.myntra.com/fuaark page 17 -> https://www.myntra.com/gateway/v4/search/fuaark?rows=50&o=800&plaEnabled=false&xdEnabled=false&isFacet=true&p=17 | run_id=run_20260929_110725_467584_2daea7 | brand=FUAARK | page=17 | route=https://www.myntra.com/fuaark | seen=794 | expected=1282
2026-09-29 11:30:50 | INFO    | LISTING   | Listing FUAARK route https://www.myntra.com/fuaark page 18 -> https://www.myntra.com/gateway/v4/search/fuaark?rows=50&o=850&plaEnabled=false&xdEnabled=false&isFacet=true&p=18 | run_id=run_20260929_110725_467584_2daea7 | brand=FUAARK | page=18 | route=https://www.myntra.com/fuaark | seen=844 | expected=1282
2026-09-29 11:30:50 | INFO    | LISTING   | Listing FUAARK route https://www.myntra.com/fuaark page 19 -> https://www.myntra.com/gateway/v4/search/fuaark?rows=50&o=900&plaEnabled=false&xdEnabled=false&isFacet=true&p=19 | run_id=run_20260929_110725_467584_2daea7 | brand=FUAARK | page=19 | route=https://www.myntra.com/fuaark | seen=893 | expected=1282
2026-09-29 11:30:51 | INFO    | LISTING   | Listing FUAARK route https://www.myntra.com/fuaark page 20 -> https://www.myntra.com/gateway/v4/search/fuaark?rows=50&o=950&plaEnabled=false&xdEnabled=false&isFacet=true&p=20 | run_id=run_20260929_110725_467584_2daea7 | brand=FUAARK | page=20 | route=https://www.myntra.com/fuaark | seen=943 | expected=1282
2026-09-29 11:30:51 | INFO    | LISTING   | Listing FUAARK route https://www.myntra.com/fuaark page 21 -> https://www.myntra.com/gateway/v4/search/fuaark?rows=50&o=1000&plaEnabled=false&xdEnabled=false&isFacet=true&p=21 | run_id=run_20260929_110725_467584_2daea7 | brand=FUAARK | page=21 | route=https://www.myntra.com/fuaark | seen=993 | expected=1282
2026-09-29 11:30:52 | INFO    | LISTING   | Listing FUAARK route https://www.myntra.com/fuaark page 22 -> https://www.myntra.com/gateway/v4/search/fuaark?rows=50&o=1050&plaEnabled=false&xdEnabled=false&isFacet=true&p=22 | run_id=run_20260929_110725_467584_2daea7 | brand=FUAARK | page=22 | route=https://www.myntra.com/fuaark | seen=1043 | expected=1282
2026-09-29 11:30:52 | INFO    | LISTING   | Listing FUAARK route https://www.myntra.com/fuaark page 23 -> https://www.myntra.com/gateway/v4/search/fuaark?rows=50&o=1100&plaEnabled=false&xdEnabled=false&isFacet=true&p=23 | run_id=run_20260929_110725_467584_2daea7 | brand=FUAARK | page=23 | route=https://www.myntra.com/fuaark | seen=1093 | expected=1282
2026-09-29 11:30:53 | INFO    | LISTING   | Listing FUAARK route https://www.myntra.com/fuaark page 24 -> https://www.myntra.com/gateway/v4/search/fuaark?rows=50&o=1150&plaEnabled=false&xdEnabled=false&isFacet=true&p=24 | run_id=run_20260929_110725_467584_2daea7 | brand=FUAARK | page=24 | route=https://www.myntra.com/fuaark | seen=1143 | expected=1282
2026-09-29 11:30:54 | INFO    | LISTING   | Listing FUAARK route https://www.myntra.com/fuaark page 25 -> https://www.myntra.com/gateway/v4/search/fuaark?rows=50&o=1200&plaEnabled=false&xdEnabled=false&isFacet=true&p=25 | run_id=run_20260929_110725_467584_2daea7 | brand=FUAARK | page=25 | route=https://www.myntra.com/fuaark | seen=1193 | expected=1282
2026-09-29 11:30:54 | INFO    | LISTING   | Listing FUAARK route https://www.myntra.com/fuaark page 26 -> https://www.myntra.com/gateway/v4/search/fuaark?rows=50&o=1250&plaEnabled=false&xdEnabled=false&isFacet=true&p=26 | run_id=run_20260929_110725_467584_2daea7 | brand=FUAARK | page=26 | route=https://www.myntra.com/fuaark | seen=1243 | expected=1282
2026-09-29 11:30:55 | INFO    | LISTING   | Listing FUAARK route https://www.myntra.com/fuaark page 27 -> https://www.myntra.com/gateway/v4/search/fuaark?rows=50&o=1300&plaEnabled=false&xdEnabled=false&isFacet=true&p=27 | run_id=run_20260929_110725_467584_2daea7 | brand=FUAARK | page=27 | route=https://www.myntra.com/fuaark | seen=1281 | expected=1282
2026-09-29 11:30:55 | WARNING | LISTING   | Empty listing page for FUAARK on page 27 before expected end; continuing. | run_id=run_20260929_110725_467584_2daea7 | brand=FUAARK | page=27 | route=https://www.myntra.com/fuaark
2026-09-29 11:30:55 | INFO    | LISTING   | Listing FUAARK route https://www.myntra.com/fuaark page 28 -> https://www.myntra.com/gateway/v4/search/fuaark?rows=50&o=1350&plaEnabled=false&xdEnabled=false&isFacet=true&p=28 | run_id=run_20260929_110725_467584_2daea7 | brand=FUAARK | page=28 | route=https://www.myntra.com/fuaark | seen=1281 | expected=1282
2026-09-29 11:30:56 | WARNING | NETWORK   | JSON request failed for https://www.myntra.com/gateway/v4/search/fuaark?rows=50&o=1350&plaEnabled=false&xdEnabled=false&isFacet=true&p=28 on attempt 1/3: HTTP Error 400:  | run_id=run_20260929_110725_467584_2daea7 | route=https://www.myntra.com/gateway/v4/search/fuaark?rows=50&o=1350&plaEnabled=false&xdEnabled=false&isFacet=true&p=28 | attempt=1/3
2026-09-29 11:30:57 | WARNING | NETWORK   | JSON request failed for https://www.myntra.com/gateway/v4/search/fuaark?rows=50&o=1350&plaEnabled=false&xdEnabled=false&isFacet=true&p=28 on attempt 2/3: HTTP Error 400:  | run_id=run_20260929_110725_467584_2daea7 | route=https://www.myntra.com/gateway/v4/search/fuaark?rows=50&o=1350&plaEnabled=false&xdEnabled=false&isFacet=true&p=28 | attempt=2/3
2026-09-29 11:31:00 | WARNING | NETWORK   | JSON request failed for https://www.myntra.com/gateway/v4/search/fuaark?rows=50&o=1350&plaEnabled=false&xdEnabled=false&isFacet=true&p=28 on attempt 3/3: HTTP Error 400:  | run_id=run_20260929_110725_467584_2daea7 | route=https://www.myntra.com/gateway/v4/search/fuaark?rows=50&o=1350&plaEnabled=false&xdEnabled=false&isFacet=true&p=28 | attempt=3/3
2026-09-29 11:31:00 | WARNING | NETWORK   | JSON request failed for https://www.myntra.com/gateway/v4/search/fuaark?rows=50&o=1349&plaEnabled=false&xdEnabled=false&isFacet=true&p=28 on attempt 1/3: HTTP Error 400:  | run_id=run_20260929_110725_467584_2daea7 | route=https://www.myntra.com/gateway/v4/search/fuaark?rows=50&o=1349&plaEnabled=false&xdEnabled=false&isFacet=true&p=28 | attempt=1/3
2026-09-29 11:31:02 | WARNING | NETWORK   | JSON request failed for https://www.myntra.com/gateway/v4/search/fuaark?rows=50&o=1349&plaEnabled=false&xdEnabled=false&isFacet=true&p=28 on attempt 2/3: HTTP Error 400:  | run_id=run_20260929_110725_467584_2daea7 | route=https://www.myntra.com/gateway/v4/search/fuaark?rows=50&o=1349&plaEnabled=false&xdEnabled=false&isFacet=true&p=28 | attempt=2/3
2026-09-29 11:31:05 | WARNING | NETWORK   | JSON request failed for https://www.myntra.com/gateway/v4/search/fuaark?rows=50&o=1349&plaEnabled=false&xdEnabled=false&isFacet=true&p=28 on attempt 3/3: HTTP Error 400:  | run_id=run_20260929_110725_467584_2daea7 | route=https://www.myntra.com/gateway/v4/search/fuaark?rows=50&o=1349&plaEnabled=false&xdEnabled=false&isFacet=true&p=28 | attempt=3/3
2026-09-29 11:31:05 | WARNING | LISTING   | Route fetch failed for https://www.myntra.com/fuaark page 28 (Failed to fetch JSON payload from https://www.myntra.com/gateway/v4/search/fuaark?rows=50&o=1349&plaEnabled=false&xdEnabled=false&isFacet=true&p=28: HTTP Error 400: ). Will retry with another pass or fallback route. | run_id=run_20260929_110725_467584_2daea7 | brand=FUAARK | page=28 | route=https://www.myntra.com/fuaark
2026-09-29 11:31:05 | INFO    | BRAND     | Skipping redundant route https://www.myntra.com/fuaark-gym-wear for FUAARK (100% of first page already captured). | run_id=run_20260929_110725_467584_2daea7 | brand=FUAARK | route=https://www.myntra.com/fuaark-gym-wear
2026-09-29 11:31:05 | INFO    | BRAND     | Skipping redundant route https://www.myntra.com/fuaark-men for FUAARK (100% of first page already captured). | run_id=run_20260929_110725_467584_2daea7 | brand=FUAARK | route=https://www.myntra.com/fuaark-men
2026-09-29 11:31:05 | INFO    | BRAND     | Skipping redundant route https://www.myntra.com/sports-wear?f=Brand%3AFUAARK for FUAARK (100% of first page already captured). | run_id=run_20260929_110725_467584_2daea7 | brand=FUAARK | route=https://www.myntra.com/sports-wear?f=Brand%3AFUAARK
2026-09-29 11:31:05 | INFO    | BRAND     | Skipping redundant route https://www.myntra.com/activewear?f=Brand%3AFUAARK for FUAARK (100% of first page already captured). | run_id=run_20260929_110725_467584_2daea7 | brand=FUAARK | route=https://www.myntra.com/activewear?f=Brand%3AFUAARK
2026-09-29 11:31:05 | INFO    | BRAND     | Skipping redundant route https://www.myntra.com/fuaark-activewear for FUAARK (100% of first page already captured). | run_id=run_20260929_110725_467584_2daea7 | brand=FUAARK | route=https://www.myntra.com/fuaark-activewear
2026-09-29 11:31:05 | WARNING | BRAND     | Brand FUAARK finished below expected count: saw 1281 unique activewear products vs expected 2215. | run_id=run_20260929_110725_467584_2daea7 | brand=FUAARK | seen=1281 | expected=2215
2026-09-29 11:31:05 | INFO    | BRAND     | Brand scrape completed in 29s (2674.05 products/min). | run_id=run_20260929_110725_467584_2daea7 | brand=FUAARK | status=COMPLETED | saved=1282 | seen=1282 | expected=2215 | elapsed_label=29s | products_per_minute=2674.05
2026-09-29 11:31:05 | INFO    | AUDIT     | Audit retry completed for FUAARK: saved=0, shortfall_before=936 | run_id=run_20260929_110725_467584_2daea7 | brand=FUAARK | saved=0
2026-09-29 11:31:05 | INFO    | BRAND     | Resolving brand routes. | run_id=run_20260929_110725_467584_2daea7 | brand=BlissClub
2026-09-29 11:31:09 | INFO    | BRAND     | Resolved BlissClub -> 5 routes (best brand total=1014): https://www.myntra.com/blissclub-gym-wear, https://www.myntra.com/blissclub, https://www.myntra.com/blissclub-women, https://www.myntra.com/blissclub-sportswear, https://www.myntra.com/blissclub-activewear | run_id=run_20260929_110725_467584_2daea7 | brand=BlissClub | expected=1014
2026-09-29 11:31:09 | INFO    | BRAND     | Starting brand scrape. | run_id=run_20260929_110725_467584_2daea7 | brand=BlissClub | expected=1131
2026-09-29 11:31:09 | INFO    | LISTING   | Listing BlissClub route https://www.myntra.com/blissclub-gym-wear page 1 -> https://www.myntra.com/gateway/v4/search/blissclub-gym-wear?rows=50&o=0&plaEnabled=false&xdEnabled=false&isFacet=true&p=1 | run_id=run_20260929_110725_467584_2daea7 | brand=BlissClub | page=1 | route=https://www.myntra.com/blissclub-gym-wear | seen=0 | expected=1014
2026-09-29 11:31:10 | INFO    | LISTING   | Listing BlissClub route https://www.myntra.com/blissclub-gym-wear page 2 -> https://www.myntra.com/gateway/v4/search/blissclub-gym-wear?rows=50&o=50&plaEnabled=false&xdEnabled=false&isFacet=true&p=2 | run_id=run_20260929_110725_467584_2daea7 | brand=BlissClub | page=2 | route=https://www.myntra.com/blissclub-gym-wear | seen=50 | expected=1014
2026-09-29 11:31:10 | INFO    | LISTING   | Listing BlissClub route https://www.myntra.com/blissclub-gym-wear page 3 -> https://www.myntra.com/gateway/v4/search/blissclub-gym-wear?rows=50&o=100&plaEnabled=false&xdEnabled=false&isFacet=true&p=3 | run_id=run_20260929_110725_467584_2daea7 | brand=BlissClub | page=3 | route=https://www.myntra.com/blissclub-gym-wear | seen=100 | expected=1014
2026-09-29 11:31:11 | INFO    | LISTING   | Listing BlissClub route https://www.myntra.com/blissclub-gym-wear page 4 -> https://www.myntra.com/gateway/v4/search/blissclub-gym-wear?rows=50&o=150&plaEnabled=false&xdEnabled=false&isFacet=true&p=4 | run_id=run_20260929_110725_467584_2daea7 | brand=BlissClub | page=4 | route=https://www.myntra.com/blissclub-gym-wear | seen=150 | expected=1014
2026-09-29 11:31:12 | INFO    | LISTING   | Listing BlissClub route https://www.myntra.com/blissclub-gym-wear page 5 -> https://www.myntra.com/gateway/v4/search/blissclub-gym-wear?rows=50&o=200&plaEnabled=false&xdEnabled=false&isFacet=true&p=5 | run_id=run_20260929_110725_467584_2daea7 | brand=BlissClub | page=5 | route=https://www.myntra.com/blissclub-gym-wear | seen=200 | expected=1014
2026-09-29 11:31:12 | INFO    | LISTING   | Listing BlissClub route https://www.myntra.com/blissclub-gym-wear page 6 -> https://www.myntra.com/gateway/v4/search/blissclub-gym-wear?rows=50&o=250&plaEnabled=false&xdEnabled=false&isFacet=true&p=6 | run_id=run_20260929_110725_467584_2daea7 | brand=BlissClub | page=6 | route=https://www.myntra.com/blissclub-gym-wear | seen=229 | expected=1014
2026-09-29 11:31:13 | WARNING | LISTING   | Empty listing page for BlissClub on page 6 before expected end; continuing. | run_id=run_20260929_110725_467584_2daea7 | brand=BlissClub | page=6 | route=https://www.myntra.com/blissclub-gym-wear
2026-09-29 11:31:13 | INFO    | LISTING   | Listing BlissClub route https://www.myntra.com/blissclub-gym-wear page 7 -> https://www.myntra.com/gateway/v4/search/blissclub-gym-wear?rows=50&o=300&plaEnabled=false&xdEnabled=false&isFacet=true&p=7 | run_id=run_20260929_110725_467584_2daea7 | brand=BlissClub | page=7 | route=https://www.myntra.com/blissclub-gym-wear | seen=229 | expected=1014
2026-09-29 11:31:13 | WARNING | LISTING   | Empty listing page for BlissClub on page 7 before expected end; continuing. | run_id=run_20260929_110725_467584_2daea7 | brand=BlissClub | page=7 | route=https://www.myntra.com/blissclub-gym-wear
2026-09-29 11:31:13 | INFO    | LISTING   | Listing BlissClub route https://www.myntra.com/blissclub-gym-wear page 8 -> https://www.myntra.com/gateway/v4/search/blissclub-gym-wear?rows=50&o=350&plaEnabled=false&xdEnabled=false&isFacet=true&p=8 | run_id=run_20260929_110725_467584_2daea7 | brand=BlissClub | page=8 | route=https://www.myntra.com/blissclub-gym-wear | seen=229 | expected=1014
2026-09-29 11:31:14 | WARNING | LISTING   | Empty listing page for BlissClub on page 8 before expected end; continuing. | run_id=run_20260929_110725_467584_2daea7 | brand=BlissClub | page=8 | route=https://www.myntra.com/blissclub-gym-wear
2026-09-29 11:31:14 | INFO    | LISTING   | Listing BlissClub route https://www.myntra.com/blissclub-gym-wear page 9 -> https://www.myntra.com/gateway/v4/search/blissclub-gym-wear?rows=50&o=400&plaEnabled=false&xdEnabled=false&isFacet=true&p=9 | run_id=run_20260929_110725_467584_2daea7 | brand=BlissClub | page=9 | route=https://www.myntra.com/blissclub-gym-wear | seen=229 | expected=1014
2026-09-29 11:31:14 | WARNING | LISTING   | Empty listing page for BlissClub on page 9 before expected end; continuing. | run_id=run_20260929_110725_467584_2daea7 | brand=BlissClub | page=9 | route=https://www.myntra.com/blissclub-gym-wear
2026-09-29 11:31:14 | INFO    | LISTING   | Listing BlissClub route https://www.myntra.com/blissclub-gym-wear page 10 -> https://www.myntra.com/gateway/v4/search/blissclub-gym-wear?rows=50&o=450&plaEnabled=false&xdEnabled=false&isFacet=true&p=10 | run_id=run_20260929_110725_467584_2daea7 | brand=BlissClub | page=10 | route=https://www.myntra.com/blissclub-gym-wear | seen=229 | expected=1014
2026-09-29 11:31:15 | WARNING | LISTING   | Empty listing page for BlissClub on page 10 before expected end; continuing. | run_id=run_20260929_110725_467584_2daea7 | brand=BlissClub | page=10 | route=https://www.myntra.com/blissclub-gym-wear
2026-09-29 11:31:15 | INFO    | LISTING   | Listing BlissClub route https://www.myntra.com/blissclub-gym-wear page 11 -> https://www.myntra.com/gateway/v4/search/blissclub-gym-wear?rows=50&o=500&plaEnabled=false&xdEnabled=false&isFacet=true&p=11 | run_id=run_20260929_110725_467584_2daea7 | brand=BlissClub | page=11 | route=https://www.myntra.com/blissclub-gym-wear | seen=229 | expected=1014
2026-09-29 11:31:15 | WARNING | NETWORK   | JSON request failed for https://www.myntra.com/gateway/v4/search/blissclub-gym-wear?rows=50&o=500&plaEnabled=false&xdEnabled=false&isFacet=true&p=11 on attempt 1/3: HTTP Error 400:  | run_id=run_20260929_110725_467584_2daea7 | route=https://www.myntra.com/gateway/v4/search/blissclub-gym-wear?rows=50&o=500&plaEnabled=false&xdEnabled=false&isFacet=true&p=11 | attempt=1/3
2026-09-29 11:31:17 | WARNING | NETWORK   | JSON request failed for https://www.myntra.com/gateway/v4/search/blissclub-gym-wear?rows=50&o=500&plaEnabled=false&xdEnabled=false&isFacet=true&p=11 on attempt 2/3: HTTP Error 400:  | run_id=run_20260929_110725_467584_2daea7 | route=https://www.myntra.com/gateway/v4/search/blissclub-gym-wear?rows=50&o=500&plaEnabled=false&xdEnabled=false&isFacet=true&p=11 | attempt=2/3
2026-09-29 11:31:19 | WARNING | NETWORK   | JSON request failed for https://www.myntra.com/gateway/v4/search/blissclub-gym-wear?rows=50&o=500&plaEnabled=false&xdEnabled=false&isFacet=true&p=11 on attempt 3/3: HTTP Error 400:  | run_id=run_20260929_110725_467584_2daea7 | route=https://www.myntra.com/gateway/v4/search/blissclub-gym-wear?rows=50&o=500&plaEnabled=false&xdEnabled=false&isFacet=true&p=11 | attempt=3/3
2026-09-29 11:31:20 | WARNING | LISTING   | Empty listing page for BlissClub on page 11 before expected end; continuing. | run_id=run_20260929_110725_467584_2daea7 | brand=BlissClub | page=11 | route=https://www.myntra.com/blissclub-gym-wear
2026-09-29 11:31:20 | INFO    | LISTING   | Listing BlissClub route https://www.myntra.com/blissclub-gym-wear page 12 -> https://www.myntra.com/gateway/v4/search/blissclub-gym-wear?rows=50&o=550&plaEnabled=false&xdEnabled=false&isFacet=true&p=12 | run_id=run_20260929_110725_467584_2daea7 | brand=BlissClub | page=12 | route=https://www.myntra.com/blissclub-gym-wear | seen=229 | expected=1014
2026-09-29 11:31:20 | WARNING | NETWORK   | JSON request failed for https://www.myntra.com/gateway/v4/search/blissclub-gym-wear?rows=50&o=550&plaEnabled=false&xdEnabled=false&isFacet=true&p=12 on attempt 1/3: HTTP Error 400:  | run_id=run_20260929_110725_467584_2daea7 | route=https://www.myntra.com/gateway/v4/search/blissclub-gym-wear?rows=50&o=550&plaEnabled=false&xdEnabled=false&isFacet=true&p=12 | attempt=1/3
2026-09-29 11:31:22 | WARNING | NETWORK   | JSON request failed for https://www.myntra.com/gateway/v4/search/blissclub-gym-wear?rows=50&o=550&plaEnabled=false&xdEnabled=false&isFacet=true&p=12 on attempt 2/3: HTTP Error 400:  | run_id=run_20260929_110725_467584_2daea7 | route=https://www.myntra.com/gateway/v4/search/blissclub-gym-wear?rows=50&o=550&plaEnabled=false&xdEnabled=false&isFacet=true&p=12 | attempt=2/3
2026-09-29 11:31:25 | WARNING | NETWORK   | JSON request failed for https://www.myntra.com/gateway/v4/search/blissclub-gym-wear?rows=50&o=550&plaEnabled=false&xdEnabled=false&isFacet=true&p=12 on attempt 3/3: HTTP Error 400:  | run_id=run_20260929_110725_467584_2daea7 | route=https://www.myntra.com/gateway/v4/search/blissclub-gym-wear?rows=50&o=550&plaEnabled=false&xdEnabled=false&isFacet=true&p=12 | attempt=3/3
2026-09-29 11:31:25 | WARNING | NETWORK   | JSON request failed for https://www.myntra.com/gateway/v4/search/blissclub-gym-wear?rows=50&o=549&plaEnabled=false&xdEnabled=false&isFacet=true&p=12 on attempt 1/3: HTTP Error 400:  | run_id=run_20260929_110725_467584_2daea7 | route=https://www.myntra.com/gateway/v4/search/blissclub-gym-wear?rows=50&o=549&plaEnabled=false&xdEnabled=false&isFacet=true&p=12 | attempt=1/3
2026-09-29 11:31:27 | WARNING | NETWORK   | JSON request failed for https://www.myntra.com/gateway/v4/search/blissclub-gym-wear?rows=50&o=549&plaEnabled=false&xdEnabled=false&isFacet=true&p=12 on attempt 2/3: HTTP Error 400:  | run_id=run_20260929_110725_467584_2daea7 | route=https://www.myntra.com/gateway/v4/search/blissclub-gym-wear?rows=50&o=549&plaEnabled=false&xdEnabled=false&isFacet=true&p=12 | attempt=2/3
2026-09-29 11:31:29 | WARNING | NETWORK   | JSON request failed for https://www.myntra.com/gateway/v4/search/blissclub-gym-wear?rows=50&o=549&plaEnabled=false&xdEnabled=false&isFacet=true&p=12 on attempt 3/3: HTTP Error 400:  | run_id=run_20260929_110725_467584_2daea7 | route=https://www.myntra.com/gateway/v4/search/blissclub-gym-wear?rows=50&o=549&plaEnabled=false&xdEnabled=false&isFacet=true&p=12 | attempt=3/3
2026-09-29 11:31:30 | WARNING | LISTING   | Route fetch failed for https://www.myntra.com/blissclub-gym-wear page 12 (Failed to fetch JSON payload from https://www.myntra.com/gateway/v4/search/blissclub-gym-wear?rows=50&o=549&plaEnabled=false&xdEnabled=false&isFacet=true&p=12: HTTP Error 400: ). Will retry with another pass or fallback route. | run_id=run_20260929_110725_467584_2daea7 | brand=BlissClub | page=12 | route=https://www.myntra.com/blissclub-gym-wear
2026-09-29 11:31:30 | WARNING | LISTING   | Retrying route https://www.myntra.com/blissclub-gym-wear for BlissClub (pass 1/2) after incomplete coverage: 229/1014 unique products seen. | run_id=run_20260929_110725_467584_2daea7 | brand=BlissClub | route=https://www.myntra.com/blissclub-gym-wear | seen=229 | expected=1014 | attempt=1/2
2026-09-29 11:31:30 | INFO    | LISTING   | Listing BlissClub route https://www.myntra.com/blissclub-gym-wear page 1 -> https://www.myntra.com/gateway/v4/search/blissclub-gym-wear?rows=50&o=0&plaEnabled=false&xdEnabled=false&isFacet=true&p=1 | run_id=run_20260929_110725_467584_2daea7 | brand=BlissClub | page=1 | route=https://www.myntra.com/blissclub-gym-wear | seen=229 | expected=1014
2026-09-29 11:31:31 | INFO    | LISTING   | Listing BlissClub route https://www.myntra.com/blissclub-gym-wear page 2 -> https://www.myntra.com/gateway/v4/search/blissclub-gym-wear?rows=50&o=50&plaEnabled=false&xdEnabled=false&isFacet=true&p=2 | run_id=run_20260929_110725_467584_2daea7 | brand=BlissClub | page=2 | route=https://www.myntra.com/blissclub-gym-wear | seen=229 | expected=1014
2026-09-29 11:31:32 | INFO    | LISTING   | Listing BlissClub route https://www.myntra.com/blissclub-gym-wear page 3 -> https://www.myntra.com/gateway/v4/search/blissclub-gym-wear?rows=50&o=100&plaEnabled=false&xdEnabled=false&isFacet=true&p=3 | run_id=run_20260929_110725_467584_2daea7 | brand=BlissClub | page=3 | route=https://www.myntra.com/blissclub-gym-wear | seen=229 | expected=1014
2026-09-29 11:31:33 | WARNING | LISTING   | Route https://www.myntra.com/blissclub-gym-wear for BlissClub stalled for 3 consecutive pages before reaching expected total; restarting route pass. | run_id=run_20260929_110725_467584_2daea7 | brand=BlissClub | page=3 | route=https://www.myntra.com/blissclub-gym-wear | seen=229 | expected=1014
2026-09-29 11:31:33 | WARNING | LISTING   | Retrying route https://www.myntra.com/blissclub-gym-wear for BlissClub (pass 2/2) after incomplete coverage: 229/1014 unique products seen. | run_id=run_20260929_110725_467584_2daea7 | brand=BlissClub | route=https://www.myntra.com/blissclub-gym-wear | seen=229 | expected=1014 | attempt=2/2
2026-09-29 11:31:33 | INFO    | LISTING   | Listing BlissClub route https://www.myntra.com/blissclub-gym-wear page 1 -> https://www.myntra.com/gateway/v4/search/blissclub-gym-wear?rows=50&o=0&plaEnabled=false&xdEnabled=false&isFacet=true&p=1 | run_id=run_20260929_110725_467584_2daea7 | brand=BlissClub | page=1 | route=https://www.myntra.com/blissclub-gym-wear | seen=229 | expected=1014
2026-09-29 11:31:35 | INFO    | LISTING   | Listing BlissClub route https://www.myntra.com/blissclub-gym-wear page 2 -> https://www.myntra.com/gateway/v4/search/blissclub-gym-wear?rows=50&o=50&plaEnabled=false&xdEnabled=false&isFacet=true&p=2 | run_id=run_20260929_110725_467584_2daea7 | brand=BlissClub | page=2 | route=https://www.myntra.com/blissclub-gym-wear | seen=229 | expected=1014
2026-09-29 11:31:36 | INFO    | LISTING   | Listing BlissClub route https://www.myntra.com/blissclub-gym-wear page 3 -> https://www.myntra.com/gateway/v4/search/blissclub-gym-wear?rows=50&o=100&plaEnabled=false&xdEnabled=false&isFacet=true&p=3 | run_id=run_20260929_110725_467584_2daea7 | brand=BlissClub | page=3 | route=https://www.myntra.com/blissclub-gym-wear | seen=229 | expected=1014
2026-09-29 11:31:37 | WARNING | LISTING   | Route https://www.myntra.com/blissclub-gym-wear for BlissClub stalled for 3 consecutive pages before reaching expected total; restarting route pass. | run_id=run_20260929_110725_467584_2daea7 | brand=BlissClub | page=3 | route=https://www.myntra.com/blissclub-gym-wear | seen=229 | expected=1014
2026-09-29 11:31:37 | INFO    | BRAND     | Skipping redundant route https://www.myntra.com/blissclub for BlissClub (91% of first page already captured). | run_id=run_20260929_110725_467584_2daea7 | brand=BlissClub | route=https://www.myntra.com/blissclub
2026-09-29 11:31:37 | INFO    | LISTING   | Listing BlissClub route https://www.myntra.com/blissclub-women page 1 -> https://www.myntra.com/gateway/v4/search/blissclub-women?rows=50&o=0&plaEnabled=false&xdEnabled=false&isFacet=true&p=1 | run_id=run_20260929_110725_467584_2daea7 | brand=BlissClub | page=1 | route=https://www.myntra.com/blissclub-women | seen=0 | expected=940
2026-09-29 11:31:39 | INFO    | PDP       | Processed 2 target products for BlissClub in 0s (253.13 products/min). | run_id=run_20260929_110725_467584_2daea7 | brand=BlissClub | saved=2 | elapsed_label=0s | products_per_minute=253.13
2026-09-29 11:31:39 | INFO    | LISTING   | Listing BlissClub route https://www.myntra.com/blissclub-women page 2 -> https://www.myntra.com/gateway/v4/search/blissclub-women?rows=50&o=50&plaEnabled=false&xdEnabled=false&isFacet=true&p=2 | run_id=run_20260929_110725_467584_2daea7 | brand=BlissClub | page=2 | route=https://www.myntra.com/blissclub-women | seen=50 | expected=940
2026-09-29 11:31:42 | INFO    | PDP       | Processed 35 target products for BlissClub in 2s (867.35 products/min). | run_id=run_20260929_110725_467584_2daea7 | brand=BlissClub | saved=35 | elapsed_label=2s | products_per_minute=867.35
2026-09-29 11:31:42 | INFO    | LISTING   | Listing BlissClub route https://www.myntra.com/blissclub-women page 3 -> https://www.myntra.com/gateway/v4/search/blissclub-women?rows=50&o=100&plaEnabled=false&xdEnabled=false&isFacet=true&p=3 | run_id=run_20260929_110725_467584_2daea7 | brand=BlissClub | page=3 | route=https://www.myntra.com/blissclub-women | seen=100 | expected=940
2026-09-29 11:31:46 | INFO    | PDP       | Processed 46 target products for BlissClub in 3s (1018.46 products/min). | run_id=run_20260929_110725_467584_2daea7 | brand=BlissClub | saved=46 | elapsed_label=3s | products_per_minute=1018.46
2026-09-29 11:31:46 | INFO    | LISTING   | Listing BlissClub route https://www.myntra.com/blissclub-women page 4 -> https://www.myntra.com/gateway/v4/search/blissclub-women?rows=50&o=150&plaEnabled=false&xdEnabled=false&isFacet=true&p=4 | run_id=run_20260929_110725_467584_2daea7 | brand=BlissClub | page=4 | route=https://www.myntra.com/blissclub-women | seen=150 | expected=940
2026-09-29 11:31:49 | INFO    | PDP       | Processed 35 target products for BlissClub in 3s (820.43 products/min). | run_id=run_20260929_110725_467584_2daea7 | brand=BlissClub | saved=35 | elapsed_label=3s | products_per_minute=820.43
2026-09-29 11:31:49 | INFO    | LISTING   | Listing BlissClub route https://www.myntra.com/blissclub-women page 5 -> https://www.myntra.com/gateway/v4/search/blissclub-women?rows=50&o=200&plaEnabled=false&xdEnabled=false&isFacet=true&p=5 | run_id=run_20260929_110725_467584_2daea7 | brand=BlissClub | page=5 | route=https://www.myntra.com/blissclub-women | seen=200 | expected=940
2026-09-29 11:31:52 | INFO    | PDP       | Processed 30 target products for BlissClub in 2s (949.19 products/min). | run_id=run_20260929_110725_467584_2daea7 | brand=BlissClub | saved=30 | elapsed_label=2s | products_per_minute=949.19
2026-09-29 11:31:52 | INFO    | LISTING   | Listing BlissClub route https://www.myntra.com/blissclub-women page 6 -> https://www.myntra.com/gateway/v4/search/blissclub-women?rows=50&o=250&plaEnabled=false&xdEnabled=false&isFacet=true&p=6 | run_id=run_20260929_110725_467584_2daea7 | brand=BlissClub | page=6 | route=https://www.myntra.com/blissclub-women | seen=250 | expected=940
2026-09-29 11:31:56 | INFO    | PDP       | Processed 34 target products for BlissClub in 2s (881.45 products/min). | run_id=run_20260929_110725_467584_2daea7 | brand=BlissClub | saved=34 | elapsed_label=2s | products_per_minute=881.45
2026-09-29 11:31:56 | INFO    | LISTING   | Listing BlissClub route https://www.myntra.com/blissclub-women page 7 -> https://www.myntra.com/gateway/v4/search/blissclub-women?rows=50&o=300&plaEnabled=false&xdEnabled=false&isFacet=true&p=7 | run_id=run_20260929_110725_467584_2daea7 | brand=BlissClub | page=7 | route=https://www.myntra.com/blissclub-women | seen=300 | expected=940
2026-09-29 11:31:59 | INFO    | PDP       | Processed 36 target products for BlissClub in 3s (777.63 products/min). | run_id=run_20260929_110725_467584_2daea7 | brand=BlissClub | saved=36 | elapsed_label=3s | products_per_minute=777.63
2026-09-29 11:31:59 | INFO    | LISTING   | Listing BlissClub route https://www.myntra.com/blissclub-women page 8 -> https://www.myntra.com/gateway/v4/search/blissclub-women?rows=50&o=350&plaEnabled=false&xdEnabled=false&isFacet=true&p=8 | run_id=run_20260929_110725_467584_2daea7 | brand=BlissClub | page=8 | route=https://www.myntra.com/blissclub-women | seen=350 | expected=940
2026-09-29 11:32:03 | INFO    | PDP       | Processed 37 target products for BlissClub in 3s (884.83 products/min). | run_id=run_20260929_110725_467584_2daea7 | brand=BlissClub | saved=37 | elapsed_label=3s | products_per_minute=884.83
2026-09-29 11:32:03 | INFO    | LISTING   | Listing BlissClub route https://www.myntra.com/blissclub-women page 9 -> https://www.myntra.com/gateway/v4/search/blissclub-women?rows=50&o=400&plaEnabled=false&xdEnabled=false&isFacet=true&p=9 | run_id=run_20260929_110725_467584_2daea7 | brand=BlissClub | page=9 | route=https://www.myntra.com/blissclub-women | seen=400 | expected=940
2026-09-29 11:32:07 | INFO    | PDP       | Processed 35 target products for BlissClub in 3s (706.57 products/min). | run_id=run_20260929_110725_467584_2daea7 | brand=BlissClub | saved=35 | elapsed_label=3s | products_per_minute=706.57
2026-09-29 11:32:07 | INFO    | LISTING   | Listing BlissClub route https://www.myntra.com/blissclub-women page 10 -> https://www.myntra.com/gateway/v4/search/blissclub-women?rows=50&o=450&plaEnabled=false&xdEnabled=false&isFacet=true&p=10 | run_id=run_20260929_110725_467584_2daea7 | brand=BlissClub | page=10 | route=https://www.myntra.com/blissclub-women | seen=450 | expected=940
2026-09-29 11:32:10 | INFO    | PDP       | Processed 35 target products for BlissClub in 2s (1015.48 products/min). | run_id=run_20260929_110725_467584_2daea7 | brand=BlissClub | saved=35 | elapsed_label=2s | products_per_minute=1015.48
2026-09-29 11:32:10 | INFO    | LISTING   | Listing BlissClub route https://www.myntra.com/blissclub-women page 11 -> https://www.myntra.com/gateway/v4/search/blissclub-women?rows=50&o=500&plaEnabled=false&xdEnabled=false&isFacet=true&p=11 | run_id=run_20260929_110725_467584_2daea7 | brand=BlissClub | page=11 | route=https://www.myntra.com/blissclub-women | seen=499 | expected=940
2026-09-29 11:32:14 | INFO    | PDP       | Processed 41 target products for BlissClub in 3s (945.98 products/min). | run_id=run_20260929_110725_467584_2daea7 | brand=BlissClub | saved=41 | elapsed_label=3s | products_per_minute=945.98
2026-09-29 11:32:14 | INFO    | LISTING   | Listing BlissClub route https://www.myntra.com/blissclub-women page 12 -> https://www.myntra.com/gateway/v4/search/blissclub-women?rows=50&o=550&plaEnabled=false&xdEnabled=false&isFacet=true&p=12 | run_id=run_20260929_110725_467584_2daea7 | brand=BlissClub | page=12 | route=https://www.myntra.com/blissclub-women | seen=549 | expected=940
2026-09-29 11:32:17 | INFO    | PDP       | Processed 40 target products for BlissClub in 3s (906.26 products/min). | run_id=run_20260929_110725_467584_2daea7 | brand=BlissClub | saved=40 | elapsed_label=3s | products_per_minute=906.26
2026-09-29 11:32:17 | INFO    | LISTING   | Listing BlissClub route https://www.myntra.com/blissclub-women page 13 -> https://www.myntra.com/gateway/v4/search/blissclub-women?rows=50&o=600&plaEnabled=false&xdEnabled=false&isFacet=true&p=13 | run_id=run_20260929_110725_467584_2daea7 | brand=BlissClub | page=13 | route=https://www.myntra.com/blissclub-women | seen=599 | expected=940
2026-09-29 11:32:22 | INFO    | PDP       | Processed 41 target products for BlissClub in 4s (648.51 products/min). | run_id=run_20260929_110725_467584_2daea7 | brand=BlissClub | saved=41 | elapsed_label=4s | products_per_minute=648.51
2026-09-29 11:32:22 | INFO    | LISTING   | Listing BlissClub route https://www.myntra.com/blissclub-women page 14 -> https://www.myntra.com/gateway/v4/search/blissclub-women?rows=50&o=650&plaEnabled=false&xdEnabled=false&isFacet=true&p=14 | run_id=run_20260929_110725_467584_2daea7 | brand=BlissClub | page=14 | route=https://www.myntra.com/blissclub-women | seen=648 | expected=940
2026-09-29 11:32:25 | INFO    | PDP       | Processed 23 target products for BlissClub in 3s (537.26 products/min). | run_id=run_20260929_110725_467584_2daea7 | brand=BlissClub | saved=23 | elapsed_label=3s | products_per_minute=537.26
2026-09-29 11:32:25 | INFO    | LISTING   | Listing BlissClub route https://www.myntra.com/blissclub-women page 15 -> https://www.myntra.com/gateway/v4/search/blissclub-women?rows=50&o=700&plaEnabled=false&xdEnabled=false&isFacet=true&p=15 | run_id=run_20260929_110725_467584_2daea7 | brand=BlissClub | page=15 | route=https://www.myntra.com/blissclub-women | seen=698 | expected=940
2026-09-29 11:32:29 | INFO    | PDP       | Processed 35 target products for BlissClub in 3s (833.39 products/min). | run_id=run_20260929_110725_467584_2daea7 | brand=BlissClub | saved=35 | elapsed_label=3s | products_per_minute=833.39
2026-09-29 11:32:29 | INFO    | LISTING   | Listing BlissClub route https://www.myntra.com/blissclub-women page 16 -> https://www.myntra.com/gateway/v4/search/blissclub-women?rows=50&o=750&plaEnabled=false&xdEnabled=false&isFacet=true&p=16 | run_id=run_20260929_110725_467584_2daea7 | brand=BlissClub | page=16 | route=https://www.myntra.com/blissclub-women | seen=748 | expected=940
2026-09-29 11:32:33 | INFO    | PDP       | Processed 40 target products for BlissClub in 4s (674.99 products/min). | run_id=run_20260929_110725_467584_2daea7 | brand=BlissClub | saved=40 | elapsed_label=4s | products_per_minute=674.99
2026-09-29 11:32:34 | INFO    | LISTING   | Listing BlissClub route https://www.myntra.com/blissclub-women page 17 -> https://www.myntra.com/gateway/v4/search/blissclub-women?rows=50&o=800&plaEnabled=false&xdEnabled=false&isFacet=true&p=17 | run_id=run_20260929_110725_467584_2daea7 | brand=BlissClub | page=17 | route=https://www.myntra.com/blissclub-women | seen=798 | expected=940
2026-09-29 11:32:38 | INFO    | PDP       | Processed 35 target products for BlissClub in 4s (554.33 products/min). | run_id=run_20260929_110725_467584_2daea7 | brand=BlissClub | saved=35 | elapsed_label=4s | products_per_minute=554.33
2026-09-29 11:32:38 | INFO    | LISTING   | Listing BlissClub route https://www.myntra.com/blissclub-women page 18 -> https://www.myntra.com/gateway/v4/search/blissclub-women?rows=50&o=850&plaEnabled=false&xdEnabled=false&isFacet=true&p=18 | run_id=run_20260929_110725_467584_2daea7 | brand=BlissClub | page=18 | route=https://www.myntra.com/blissclub-women | seen=848 | expected=940
2026-09-29 11:32:43 | INFO    | PDP       | Processed 34 target products for BlissClub in 3s (634.5 products/min). | run_id=run_20260929_110725_467584_2daea7 | brand=BlissClub | saved=34 | elapsed_label=3s | products_per_minute=634.5
2026-09-29 11:32:43 | INFO    | LISTING   | Listing BlissClub route https://www.myntra.com/blissclub-women page 19 -> https://www.myntra.com/gateway/v4/search/blissclub-women?rows=50&o=900&plaEnabled=false&xdEnabled=false&isFacet=true&p=19 | run_id=run_20260929_110725_467584_2daea7 | brand=BlissClub | page=19 | route=https://www.myntra.com/blissclub-women | seen=898 | expected=940
2026-09-29 11:32:46 | INFO    | PDP       | Processed 21 target products for BlissClub in 2s (636.84 products/min). | run_id=run_20260929_110725_467584_2daea7 | brand=BlissClub | saved=21 | elapsed_label=2s | products_per_minute=636.84
2026-09-29 11:32:46 | INFO    | LISTING   | Listing BlissClub route https://www.myntra.com/blissclub-women page 20 -> https://www.myntra.com/gateway/v4/search/blissclub-women?rows=50&o=950&plaEnabled=false&xdEnabled=false&isFacet=true&p=20 | run_id=run_20260929_110725_467584_2daea7 | brand=BlissClub | page=20 | route=https://www.myntra.com/blissclub-women | seen=933 | expected=940
2026-09-29 11:32:47 | WARNING | LISTING   | Empty listing page for BlissClub on page 20 before expected end; continuing. | run_id=run_20260929_110725_467584_2daea7 | brand=BlissClub | page=20 | route=https://www.myntra.com/blissclub-women
2026-09-29 11:32:47 | INFO    | LISTING   | Listing BlissClub route https://www.myntra.com/blissclub-women page 21 -> https://www.myntra.com/gateway/v4/search/blissclub-women?rows=50&o=1000&plaEnabled=false&xdEnabled=false&isFacet=true&p=21 | run_id=run_20260929_110725_467584_2daea7 | brand=BlissClub | page=21 | route=https://www.myntra.com/blissclub-women | seen=933 | expected=940
2026-09-29 11:32:47 | WARNING | NETWORK   | JSON request failed for https://www.myntra.com/gateway/v4/search/blissclub-women?rows=50&o=1000&plaEnabled=false&xdEnabled=false&isFacet=true&p=21 on attempt 1/3: HTTP Error 400:  | run_id=run_20260929_110725_467584_2daea7 | route=https://www.myntra.com/gateway/v4/search/blissclub-women?rows=50&o=1000&plaEnabled=false&xdEnabled=false&isFacet=true&p=21 | attempt=1/3
2026-09-29 11:32:49 | WARNING | NETWORK   | JSON request failed for https://www.myntra.com/gateway/v4/search/blissclub-women?rows=50&o=1000&plaEnabled=false&xdEnabled=false&isFacet=true&p=21 on attempt 2/3: HTTP Error 400:  | run_id=run_20260929_110725_467584_2daea7 | route=https://www.myntra.com/gateway/v4/search/blissclub-women?rows=50&o=1000&plaEnabled=false&xdEnabled=false&isFacet=true&p=21 | attempt=2/3
2026-09-29 11:32:51 | WARNING | NETWORK   | JSON request failed for https://www.myntra.com/gateway/v4/search/blissclub-women?rows=50&o=1000&plaEnabled=false&xdEnabled=false&isFacet=true&p=21 on attempt 3/3: HTTP Error 400:  | run_id=run_20260929_110725_467584_2daea7 | route=https://www.myntra.com/gateway/v4/search/blissclub-women?rows=50&o=1000&plaEnabled=false&xdEnabled=false&isFacet=true&p=21 | attempt=3/3
2026-09-29 11:32:52 | WARNING | NETWORK   | JSON request failed for https://www.myntra.com/gateway/v4/search/blissclub-women?rows=50&o=999&plaEnabled=false&xdEnabled=false&isFacet=true&p=21 on attempt 1/3: HTTP Error 400:  | run_id=run_20260929_110725_467584_2daea7 | route=https://www.myntra.com/gateway/v4/search/blissclub-women?rows=50&o=999&plaEnabled=false&xdEnabled=false&isFacet=true&p=21 | attempt=1/3
2026-09-29 11:32:54 | WARNING | NETWORK   | JSON request failed for https://www.myntra.com/gateway/v4/search/blissclub-women?rows=50&o=999&plaEnabled=false&xdEnabled=false&isFacet=true&p=21 on attempt 2/3: HTTP Error 400:  | run_id=run_20260929_110725_467584_2daea7 | route=https://www.myntra.com/gateway/v4/search/blissclub-women?rows=50&o=999&plaEnabled=false&xdEnabled=false&isFacet=true&p=21 | attempt=2/3
2026-09-29 11:32:56 | WARNING | NETWORK   | JSON request failed for https://www.myntra.com/gateway/v4/search/blissclub-women?rows=50&o=999&plaEnabled=false&xdEnabled=false&isFacet=true&p=21 on attempt 3/3: HTTP Error 400:  | run_id=run_20260929_110725_467584_2daea7 | route=https://www.myntra.com/gateway/v4/search/blissclub-women?rows=50&o=999&plaEnabled=false&xdEnabled=false&isFacet=true&p=21 | attempt=3/3
2026-09-29 11:32:57 | WARNING | LISTING   | Route fetch failed for https://www.myntra.com/blissclub-women page 21 (Failed to fetch JSON payload from https://www.myntra.com/gateway/v4/search/blissclub-women?rows=50&o=999&plaEnabled=false&xdEnabled=false&isFacet=true&p=21: HTTP Error 400: ). Will retry with another pass or fallback route. | run_id=run_20260929_110725_467584_2daea7 | brand=BlissClub | page=21 | route=https://www.myntra.com/blissclub-women
2026-09-29 11:32:57 | INFO    | BRAND     | Skipping redundant route https://www.myntra.com/blissclub-sportswear for BlissClub (100% of first page already captured). | run_id=run_20260929_110725_467584_2daea7 | brand=BlissClub | route=https://www.myntra.com/blissclub-sportswear
2026-09-29 11:32:57 | INFO    | BRAND     | Skipping redundant route https://www.myntra.com/blissclub-activewear for BlissClub (100% of first page already captured). | run_id=run_20260929_110725_467584_2daea7 | brand=BlissClub | route=https://www.myntra.com/blissclub-activewear
2026-09-29 11:32:57 | WARNING | BRAND     | Brand BlissClub finished below expected count: saw 950 unique activewear products vs expected 1131. | run_id=run_20260929_110725_467584_2daea7 | brand=BlissClub | seen=950 | expected=1131
2026-09-29 11:32:57 | INFO    | BRAND     | Brand scrape completed in 1m 52s (515.77 products/min). | run_id=run_20260929_110725_467584_2daea7 | brand=BlissClub | status=COMPLETED | saved=961 | seen=950 | expected=1131 | elapsed_label=1m 52s | products_per_minute=515.77
2026-09-29 11:32:57 | INFO    | AUDIT     | Audit retry completed for BlissClub: saved=635, shortfall_before=809 | run_id=run_20260929_110725_467584_2daea7 | brand=BlissClub | saved=635
2026-09-29 11:32:57 | INFO    | BRAND     | Resolving brand routes. | run_id=run_20260929_110725_467584_2daea7 | brand=Cava
2026-09-29 11:33:01 | INFO    | BRAND     | Resolved Cava -> 6 routes (best brand total=408): https://www.myntra.com/cava, https://www.myntra.com/cava-athleisure, https://www.myntra.com/cava-women, https://www.myntra.com/cava-gym-wear, https://www.myntra.com/cava-activewear, https://www.myntra.com/cava-sportswear | run_id=run_20260929_110725_467584_2daea7 | brand=Cava | expected=408
2026-09-29 11:33:01 | INFO    | BRAND     | Starting brand scrape. | run_id=run_20260929_110725_467584_2daea7 | brand=Cava | expected=511
2026-09-29 11:33:01 | INFO    | LISTING   | Listing Cava route https://www.myntra.com/cava page 1 -> https://www.myntra.com/gateway/v4/search/cava?rows=50&o=0&plaEnabled=false&xdEnabled=false&isFacet=true&p=1 | run_id=run_20260929_110725_467584_2daea7 | brand=Cava | page=1 | route=https://www.myntra.com/cava | seen=0 | expected=408
2026-09-29 11:33:03 | INFO    | LISTING   | Listing Cava route https://www.myntra.com/cava page 2 -> https://www.myntra.com/gateway/v4/search/cava?rows=50&o=50&plaEnabled=false&xdEnabled=false&isFacet=true&p=2 | run_id=run_20260929_110725_467584_2daea7 | brand=Cava | page=2 | route=https://www.myntra.com/cava | seen=50 | expected=408
2026-09-29 11:33:04 | INFO    | LISTING   | Listing Cava route https://www.myntra.com/cava page 3 -> https://www.myntra.com/gateway/v4/search/cava?rows=50&o=100&plaEnabled=false&xdEnabled=false&isFacet=true&p=3 | run_id=run_20260929_110725_467584_2daea7 | brand=Cava | page=3 | route=https://www.myntra.com/cava | seen=100 | expected=408
2026-09-29 11:33:04 | INFO    | LISTING   | Listing Cava route https://www.myntra.com/cava page 4 -> https://www.myntra.com/gateway/v4/search/cava?rows=50&o=150&plaEnabled=false&xdEnabled=false&isFacet=true&p=4 | run_id=run_20260929_110725_467584_2daea7 | brand=Cava | page=4 | route=https://www.myntra.com/cava | seen=150 | expected=408
2026-09-29 11:33:05 | INFO    | LISTING   | Listing Cava route https://www.myntra.com/cava page 5 -> https://www.myntra.com/gateway/v4/search/cava?rows=50&o=200&plaEnabled=false&xdEnabled=false&isFacet=true&p=5 | run_id=run_20260929_110725_467584_2daea7 | brand=Cava | page=5 | route=https://www.myntra.com/cava | seen=200 | expected=408
2026-09-29 11:33:06 | INFO    | LISTING   | Listing Cava route https://www.myntra.com/cava page 6 -> https://www.myntra.com/gateway/v4/search/cava?rows=50&o=250&plaEnabled=false&xdEnabled=false&isFacet=true&p=6 | run_id=run_20260929_110725_467584_2daea7 | brand=Cava | page=6 | route=https://www.myntra.com/cava | seen=250 | expected=408
2026-09-29 11:33:07 | INFO    | LISTING   | Listing Cava route https://www.myntra.com/cava page 7 -> https://www.myntra.com/gateway/v4/search/cava?rows=50&o=300&plaEnabled=false&xdEnabled=false&isFacet=true&p=7 | run_id=run_20260929_110725_467584_2daea7 | brand=Cava | page=7 | route=https://www.myntra.com/cava | seen=300 | expected=408
2026-09-29 11:33:08 | INFO    | LISTING   | Listing Cava route https://www.myntra.com/cava page 8 -> https://www.myntra.com/gateway/v4/search/cava?rows=50&o=350&plaEnabled=false&xdEnabled=false&isFacet=true&p=8 | run_id=run_20260929_110725_467584_2daea7 | brand=Cava | page=8 | route=https://www.myntra.com/cava | seen=350 | expected=408
2026-09-29 11:33:08 | INFO    | LISTING   | Listing Cava route https://www.myntra.com/cava page 9 -> https://www.myntra.com/gateway/v4/search/cava?rows=50&o=400&plaEnabled=false&xdEnabled=false&isFacet=true&p=9 | run_id=run_20260929_110725_467584_2daea7 | brand=Cava | page=9 | route=https://www.myntra.com/cava | seen=400 | expected=408
2026-09-29 11:33:09 | INFO    | LISTING   | Listing Cava route https://www.myntra.com/cava page 10 -> https://www.myntra.com/gateway/v4/search/cava?rows=50&o=450&plaEnabled=false&xdEnabled=false&isFacet=true&p=10 | run_id=run_20260929_110725_467584_2daea7 | brand=Cava | page=10 | route=https://www.myntra.com/cava | seen=408 | expected=408
2026-09-29 11:33:10 | WARNING | LISTING   | Empty listing page for Cava on page 10 before expected end; continuing. | run_id=run_20260929_110725_467584_2daea7 | brand=Cava | page=10 | route=https://www.myntra.com/cava
2026-09-29 11:33:10 | INFO    | LISTING   | Listing Cava route https://www.myntra.com/cava page 11 -> https://www.myntra.com/gateway/v4/search/cava?rows=50&o=500&plaEnabled=false&xdEnabled=false&isFacet=true&p=11 | run_id=run_20260929_110725_467584_2daea7 | brand=Cava | page=11 | route=https://www.myntra.com/cava | seen=408 | expected=408
2026-09-29 11:33:10 | WARNING | NETWORK   | JSON request failed for https://www.myntra.com/gateway/v4/search/cava?rows=50&o=500&plaEnabled=false&xdEnabled=false&isFacet=true&p=11 on attempt 1/3: HTTP Error 400:  | run_id=run_20260929_110725_467584_2daea7 | route=https://www.myntra.com/gateway/v4/search/cava?rows=50&o=500&plaEnabled=false&xdEnabled=false&isFacet=true&p=11 | attempt=1/3
2026-09-29 11:33:12 | WARNING | NETWORK   | JSON request failed for https://www.myntra.com/gateway/v4/search/cava?rows=50&o=500&plaEnabled=false&xdEnabled=false&isFacet=true&p=11 on attempt 2/3: HTTP Error 400:  | run_id=run_20260929_110725_467584_2daea7 | route=https://www.myntra.com/gateway/v4/search/cava?rows=50&o=500&plaEnabled=false&xdEnabled=false&isFacet=true&p=11 | attempt=2/3
2026-09-29 11:33:15 | WARNING | NETWORK   | JSON request failed for https://www.myntra.com/gateway/v4/search/cava?rows=50&o=500&plaEnabled=false&xdEnabled=false&isFacet=true&p=11 on attempt 3/3: HTTP Error 400:  | run_id=run_20260929_110725_467584_2daea7 | route=https://www.myntra.com/gateway/v4/search/cava?rows=50&o=500&plaEnabled=false&xdEnabled=false&isFacet=true&p=11 | attempt=3/3
2026-09-29 11:33:15 | WARNING | LISTING   | Empty listing page for Cava on page 11 before expected end; continuing. | run_id=run_20260929_110725_467584_2daea7 | brand=Cava | page=11 | route=https://www.myntra.com/cava
2026-09-29 11:33:15 | INFO    | LISTING   | Listing Cava route https://www.myntra.com/cava page 12 -> https://www.myntra.com/gateway/v4/search/cava?rows=50&o=550&plaEnabled=false&xdEnabled=false&isFacet=true&p=12 | run_id=run_20260929_110725_467584_2daea7 | brand=Cava | page=12 | route=https://www.myntra.com/cava | seen=408 | expected=408
2026-09-29 11:33:16 | WARNING | NETWORK   | JSON request failed for https://www.myntra.com/gateway/v4/search/cava?rows=50&o=550&plaEnabled=false&xdEnabled=false&isFacet=true&p=12 on attempt 1/3: HTTP Error 400:  | run_id=run_20260929_110725_467584_2daea7 | route=https://www.myntra.com/gateway/v4/search/cava?rows=50&o=550&plaEnabled=false&xdEnabled=false&isFacet=true&p=12 | attempt=1/3
2026-09-29 11:33:17 | WARNING | NETWORK   | JSON request failed for https://www.myntra.com/gateway/v4/search/cava?rows=50&o=550&plaEnabled=false&xdEnabled=false&isFacet=true&p=12 on attempt 2/3: HTTP Error 400:  | run_id=run_20260929_110725_467584_2daea7 | route=https://www.myntra.com/gateway/v4/search/cava?rows=50&o=550&plaEnabled=false&xdEnabled=false&isFacet=true&p=12 | attempt=2/3
2026-09-29 11:33:20 | WARNING | NETWORK   | JSON request failed for https://www.myntra.com/gateway/v4/search/cava?rows=50&o=550&plaEnabled=false&xdEnabled=false&isFacet=true&p=12 on attempt 3/3: HTTP Error 400:  | run_id=run_20260929_110725_467584_2daea7 | route=https://www.myntra.com/gateway/v4/search/cava?rows=50&o=550&plaEnabled=false&xdEnabled=false&isFacet=true&p=12 | attempt=3/3
2026-09-29 11:33:21 | WARNING | NETWORK   | JSON request failed for https://www.myntra.com/gateway/v4/search/cava?rows=50&o=549&plaEnabled=false&xdEnabled=false&isFacet=true&p=12 on attempt 1/3: HTTP Error 400:  | run_id=run_20260929_110725_467584_2daea7 | route=https://www.myntra.com/gateway/v4/search/cava?rows=50&o=549&plaEnabled=false&xdEnabled=false&isFacet=true&p=12 | attempt=1/3
2026-09-29 11:33:22 | WARNING | NETWORK   | JSON request failed for https://www.myntra.com/gateway/v4/search/cava?rows=50&o=549&plaEnabled=false&xdEnabled=false&isFacet=true&p=12 on attempt 2/3: HTTP Error 400:  | run_id=run_20260929_110725_467584_2daea7 | route=https://www.myntra.com/gateway/v4/search/cava?rows=50&o=549&plaEnabled=false&xdEnabled=false&isFacet=true&p=12 | attempt=2/3
2026-09-29 11:33:25 | WARNING | NETWORK   | JSON request failed for https://www.myntra.com/gateway/v4/search/cava?rows=50&o=549&plaEnabled=false&xdEnabled=false&isFacet=true&p=12 on attempt 3/3: HTTP Error 400:  | run_id=run_20260929_110725_467584_2daea7 | route=https://www.myntra.com/gateway/v4/search/cava?rows=50&o=549&plaEnabled=false&xdEnabled=false&isFacet=true&p=12 | attempt=3/3
2026-09-29 11:33:25 | WARNING | LISTING   | Route fetch failed for https://www.myntra.com/cava page 12 (Failed to fetch JSON payload from https://www.myntra.com/gateway/v4/search/cava?rows=50&o=549&plaEnabled=false&xdEnabled=false&isFacet=true&p=12: HTTP Error 400: ). Will retry with another pass or fallback route. | run_id=run_20260929_110725_467584_2daea7 | brand=Cava | page=12 | route=https://www.myntra.com/cava
2026-09-29 11:33:25 | INFO    | BRAND     | Skipping redundant route https://www.myntra.com/cava-athleisure for Cava (100% of first page already captured). | run_id=run_20260929_110725_467584_2daea7 | brand=Cava | route=https://www.myntra.com/cava-athleisure
2026-09-29 11:33:25 | INFO    | BRAND     | Skipping redundant route https://www.myntra.com/cava-women for Cava (100% of first page already captured). | run_id=run_20260929_110725_467584_2daea7 | brand=Cava | route=https://www.myntra.com/cava-women
2026-09-29 11:33:25 | INFO    | BRAND     | Skipping redundant route https://www.myntra.com/cava-gym-wear for Cava (100% of first page already captured). | run_id=run_20260929_110725_467584_2daea7 | brand=Cava | route=https://www.myntra.com/cava-gym-wear
2026-09-29 11:33:25 | INFO    | BRAND     | Skipping redundant route https://www.myntra.com/cava-activewear for Cava (100% of first page already captured). | run_id=run_20260929_110725_467584_2daea7 | brand=Cava | route=https://www.myntra.com/cava-activewear
2026-09-29 11:33:25 | INFO    | BRAND     | Skipping redundant route https://www.myntra.com/cava-sportswear for Cava (100% of first page already captured). | run_id=run_20260929_110725_467584_2daea7 | brand=Cava | route=https://www.myntra.com/cava-sportswear
2026-09-29 11:33:25 | WARNING | BRAND     | Brand Cava finished below expected count: saw 408 unique activewear products vs expected 511. | run_id=run_20260929_110725_467584_2daea7 | brand=Cava | seen=408 | expected=511
2026-09-29 11:33:25 | INFO    | BRAND     | Brand scrape completed in 29s (858.75 products/min). | run_id=run_20260929_110725_467584_2daea7 | brand=Cava | status=COMPLETED | saved=408 | seen=408 | expected=511 | elapsed_label=29s | products_per_minute=858.75
2026-09-29 11:33:25 | INFO    | AUDIT     | Audit retry completed for Cava: saved=0, shortfall_before=103 | run_id=run_20260929_110725_467584_2daea7 | brand=Cava | saved=0
2026-09-29 11:33:25 | INFO    | BRAND     | Resolving brand routes. | run_id=run_20260929_110725_467584_2daea7 | brand=Dollar (Forcenxt)
2026-09-29 11:33:35 | INFO    | BRAND     | Resolved Dollar (Forcenxt) -> 17 routes (best brand total=2923): https://www.myntra.com/force-nxt, https://www.myntra.com/dollar-missy, https://www.myntra.com/dollar-bigboss, https://www.myntra.com/tshirts?f=Brand%3ADollar, https://www.myntra.com/leggings?f=Brand%3ADollar%20Missy, https://www.myntra.com/dollar?f=Brand%3ADollar%3A%3AGender%3Aboys, https://www.myntra.com/dollar?f=Brand%3ADollar%3A%3AGender%3Awomen, https://www.myntra.com/dollar-socks, https://www.myntra.com/bra?f=Brand%3ADollar%20Missy, https://www.myntra.com/camisoles?f=Brand%3ADollar%20Missy, https://www.myntra.com/trousers?f=Brand%3ADollar%20Missy, https://www.myntra.com/trunk?f=Brand%3ADollar, https://www.myntra.com/shorts?f=Brand%3ADollar, https://www.myntra.com/track-pants?f=Brand%3ADollar, https://www.myntra.com/briefs?f=Brand%3ADollar, https://www.myntra.com/thermal?f=Brand%3ADollar, https://www.myntra.com/dollar-ultra | run_id=run_20260929_110725_467584_2daea7 | brand=Dollar (Forcenxt) | expected=2923
2026-09-29 11:33:35 | INFO    | BRAND     | Starting brand scrape. | run_id=run_20260929_110725_467584_2daea7 | brand=Dollar (Forcenxt) | expected=11614
2026-09-29 11:33:35 | INFO    | LISTING   | Listing Dollar (Forcenxt) route https://www.myntra.com/force-nxt page 1 -> https://www.myntra.com/gateway/v4/search/force-nxt?rows=50&o=0&plaEnabled=false&xdEnabled=false&isFacet=true&p=1 | run_id=run_20260929_110725_467584_2daea7 | brand=Dollar (Forcenxt) | page=1 | route=https://www.myntra.com/force-nxt | seen=0 | expected=2923
2026-09-29 11:33:37 | INFO    | PDP       | Processed 1 target products for Dollar (Forcenxt) in 1s (54.24 products/min). | run_id=run_20260929_110725_467584_2daea7 | brand=Dollar (Forcenxt) | saved=1 | elapsed_label=1s | products_per_minute=54.24
2026-09-29 11:33:37 | INFO    | LISTING   | Listing Dollar (Forcenxt) route https://www.myntra.com/force-nxt page 2 -> https://www.myntra.com/gateway/v4/search/force-nxt?rows=50&o=50&plaEnabled=false&xdEnabled=false&isFacet=true&p=2 | run_id=run_20260929_110725_467584_2daea7 | brand=Dollar (Forcenxt) | page=2 | route=https://www.myntra.com/force-nxt | seen=50 | expected=2923
2026-09-29 11:33:38 | INFO    | LISTING   | Listing Dollar (Forcenxt) route https://www.myntra.com/force-nxt page 3 -> https://www.myntra.com/gateway/v4/search/force-nxt?rows=50&o=100&plaEnabled=false&xdEnabled=false&isFacet=true&p=3 | run_id=run_20260929_110725_467584_2daea7 | brand=Dollar (Forcenxt) | page=3 | route=https://www.myntra.com/force-nxt | seen=91 | expected=2923
2026-09-29 11:33:39 | INFO    | PDP       | Processed 1 target products for Dollar (Forcenxt) in 0s (124.28 products/min). | run_id=run_20260929_110725_467584_2daea7 | brand=Dollar (Forcenxt) | saved=1 | elapsed_label=0s | products_per_minute=124.28
2026-09-29 11:33:39 | INFO    | LISTING   | Listing Dollar (Forcenxt) route https://www.myntra.com/force-nxt page 4 -> https://www.myntra.com/gateway/v4/search/force-nxt?rows=50&o=150&plaEnabled=false&xdEnabled=false&isFacet=true&p=4 | run_id=run_20260929_110725_467584_2daea7 | brand=Dollar (Forcenxt) | page=4 | route=https://www.myntra.com/force-nxt | seen=133 | expected=2923
2026-09-29 11:33:41 | INFO    | PDP       | Processed 1 target products for Dollar (Forcenxt) in 1s (58.29 products/min). | run_id=run_20260929_110725_467584_2daea7 | brand=Dollar (Forcenxt) | saved=1 | elapsed_label=1s | products_per_minute=58.29
2026-09-29 11:33:41 | INFO    | LISTING   | Listing Dollar (Forcenxt) route https://www.myntra.com/force-nxt page 5 -> https://www.myntra.com/gateway/v4/search/force-nxt?rows=50&o=200&plaEnabled=false&xdEnabled=false&isFacet=true&p=5 | run_id=run_20260929_110725_467584_2daea7 | brand=Dollar (Forcenxt) | page=5 | route=https://www.myntra.com/force-nxt | seen=176 | expected=2923
2026-09-29 11:33:41 | INFO    | LISTING   | Listing Dollar (Forcenxt) route https://www.myntra.com/force-nxt page 6 -> https://www.myntra.com/gateway/v4/search/force-nxt?rows=50&o=250&plaEnabled=false&xdEnabled=false&isFacet=true&p=6 | run_id=run_20260929_110725_467584_2daea7 | brand=Dollar (Forcenxt) | page=6 | route=https://www.myntra.com/force-nxt | seen=223 | expected=2923
2026-09-29 11:33:42 | INFO    | LISTING   | Listing Dollar (Forcenxt) route https://www.myntra.com/force-nxt page 7 -> https://www.myntra.com/gateway/v4/search/force-nxt?rows=50&o=300&plaEnabled=false&xdEnabled=false&isFacet=true&p=7 | run_id=run_20260929_110725_467584_2daea7 | brand=Dollar (Forcenxt) | page=7 | route=https://www.myntra.com/force-nxt | seen=263 | expected=2923
2026-09-29 11:33:42 | INFO    | LISTING   | Listing Dollar (Forcenxt) route https://www.myntra.com/force-nxt page 8 -> https://www.myntra.com/gateway/v4/search/force-nxt?rows=50&o=350&plaEnabled=false&xdEnabled=false&isFacet=true&p=8 | run_id=run_20260929_110725_467584_2daea7 | brand=Dollar (Forcenxt) | page=8 | route=https://www.myntra.com/force-nxt | seen=308 | expected=2923
2026-09-29 11:33:43 | INFO    | LISTING   | Listing Dollar (Forcenxt) route https://www.myntra.com/force-nxt page 9 -> https://www.myntra.com/gateway/v4/search/force-nxt?rows=50&o=400&plaEnabled=false&xdEnabled=false&isFacet=true&p=9 | run_id=run_20260929_110725_467584_2daea7 | brand=Dollar (Forcenxt) | page=9 | route=https://www.myntra.com/force-nxt | seen=357 | expected=2923
2026-09-29 11:33:44 | INFO    | PDP       | Processed 1 target products for Dollar (Forcenxt) in 1s (96.9 products/min). | run_id=run_20260929_110725_467584_2daea7 | brand=Dollar (Forcenxt) | saved=1 | elapsed_label=1s | products_per_minute=96.9
2026-09-29 11:33:44 | INFO    | LISTING   | Listing Dollar (Forcenxt) route https://www.myntra.com/force-nxt page 10 -> https://www.myntra.com/gateway/v4/search/force-nxt?rows=50&o=450&plaEnabled=false&xdEnabled=false&isFacet=true&p=10 | run_id=run_20260929_110725_467584_2daea7 | brand=Dollar (Forcenxt) | page=10 | route=https://www.myntra.com/force-nxt | seen=407 | expected=2923
2026-09-29 11:33:46 | INFO    | PDP       | Processed 4 target products for Dollar (Forcenxt) in 1s (281.16 products/min). | run_id=run_20260929_110725_467584_2daea7 | brand=Dollar (Forcenxt) | saved=4 | elapsed_label=1s | products_per_minute=281.16
2026-09-29 11:33:46 | INFO    | LISTING   | Listing Dollar (Forcenxt) route https://www.myntra.com/force-nxt page 11 -> https://www.myntra.com/gateway/v4/search/force-nxt?rows=50&o=500&plaEnabled=false&xdEnabled=false&isFacet=true&p=11 | run_id=run_20260929_110725_467584_2daea7 | brand=Dollar (Forcenxt) | page=11 | route=https://www.myntra.com/force-nxt | seen=456 | expected=2923
2026-09-29 11:33:47 | INFO    | PDP       | Processed 2 target products for Dollar (Forcenxt) in 0s (266.55 products/min). | run_id=run_20260929_110725_467584_2daea7 | brand=Dollar (Forcenxt) | saved=2 | elapsed_label=0s | products_per_minute=266.55
2026-09-29 11:33:47 | INFO    | LISTING   | Listing Dollar (Forcenxt) route https://www.myntra.com/force-nxt page 12 -> https://www.myntra.com/gateway/v4/search/force-nxt?rows=50&o=550&plaEnabled=false&xdEnabled=false&isFacet=true&p=12 | run_id=run_20260929_110725_467584_2daea7 | brand=Dollar (Forcenxt) | page=12 | route=https://www.myntra.com/force-nxt | seen=504 | expected=2923
2026-09-29 11:33:49 | INFO    | PDP       | Processed 2 target products for Dollar (Forcenxt) in 1s (115.22 products/min). | run_id=run_20260929_110725_467584_2daea7 | brand=Dollar (Forcenxt) | saved=2 | elapsed_label=1s | products_per_minute=115.22
2026-09-29 11:33:49 | INFO    | LISTING   | Listing Dollar (Forcenxt) route https://www.myntra.com/force-nxt page 13 -> https://www.myntra.com/gateway/v4/search/force-nxt?rows=50&o=600&plaEnabled=false&xdEnabled=false&isFacet=true&p=13 | run_id=run_20260929_110725_467584_2daea7 | brand=Dollar (Forcenxt) | page=13 | route=https://www.myntra.com/force-nxt | seen=554 | expected=2923
2026-09-29 11:33:50 | INFO    | LISTING   | Listing Dollar (Forcenxt) route https://www.myntra.com/force-nxt page 14 -> https://www.myntra.com/gateway/v4/search/force-nxt?rows=50&o=650&plaEnabled=false&xdEnabled=false&isFacet=true&p=14 | run_id=run_20260929_110725_467584_2daea7 | brand=Dollar (Forcenxt) | page=14 | route=https://www.myntra.com/force-nxt | seen=604 | expected=2923
2026-09-29 11:33:50 | INFO    | LISTING   | Listing Dollar (Forcenxt) route https://www.myntra.com/force-nxt page 15 -> https://www.myntra.com/gateway/v4/search/force-nxt?rows=50&o=700&plaEnabled=false&xdEnabled=false&isFacet=true&p=15 | run_id=run_20260929_110725_467584_2daea7 | brand=Dollar (Forcenxt) | page=15 | route=https://www.myntra.com/force-nxt | seen=653 | expected=2923
2026-09-29 11:33:51 | INFO    | LISTING   | Listing Dollar (Forcenxt) route https://www.myntra.com/force-nxt page 16 -> https://www.myntra.com/gateway/v4/search/force-nxt?rows=50&o=750&plaEnabled=false&xdEnabled=false&isFacet=true&p=16 | run_id=run_20260929_110725_467584_2daea7 | brand=Dollar (Forcenxt) | page=16 | route=https://www.myntra.com/force-nxt | seen=703 | expected=2923
2026-09-29 11:33:51 | INFO    | LISTING   | Listing Dollar (Forcenxt) route https://www.myntra.com/force-nxt page 17 -> https://www.myntra.com/gateway/v4/search/force-nxt?rows=50&o=800&plaEnabled=false&xdEnabled=false&isFacet=true&p=17 | run_id=run_20260929_110725_467584_2daea7 | brand=Dollar (Forcenxt) | page=17 | route=https://www.myntra.com/force-nxt | seen=753 | expected=2923
2026-09-29 11:33:52 | INFO    | LISTING   | Listing Dollar (Forcenxt) route https://www.myntra.com/force-nxt page 18 -> https://www.myntra.com/gateway/v4/search/force-nxt?rows=50&o=850&plaEnabled=false&xdEnabled=false&isFacet=true&p=18 | run_id=run_20260929_110725_467584_2daea7 | brand=Dollar (Forcenxt) | page=18 | route=https://www.myntra.com/force-nxt | seen=803 | expected=2923
2026-09-29 11:33:53 | INFO    | LISTING   | Listing Dollar (Forcenxt) route https://www.myntra.com/force-nxt page 19 -> https://www.myntra.com/gateway/v4/search/force-nxt?rows=50&o=900&plaEnabled=false&xdEnabled=false&isFacet=true&p=19 | run_id=run_20260929_110725_467584_2daea7 | brand=Dollar (Forcenxt) | page=19 | route=https://www.myntra.com/force-nxt | seen=850 | expected=2923
2026-09-29 11:33:53 | INFO    | LISTING   | Listing Dollar (Forcenxt) route https://www.myntra.com/force-nxt page 20 -> https://www.myntra.com/gateway/v4/search/force-nxt?rows=50&o=950&plaEnabled=false&xdEnabled=false&isFacet=true&p=20 | run_id=run_20260929_110725_467584_2daea7 | brand=Dollar (Forcenxt) | page=20 | route=https://www.myntra.com/force-nxt | seen=900 | expected=2923
2026-09-29 11:33:54 | INFO    | LISTING   | Listing Dollar (Forcenxt) route https://www.myntra.com/force-nxt page 21 -> https://www.myntra.com/gateway/v4/search/force-nxt?rows=50&o=1000&plaEnabled=false&xdEnabled=false&isFacet=true&p=21 | run_id=run_20260929_110725_467584_2daea7 | brand=Dollar (Forcenxt) | page=21 | route=https://www.myntra.com/force-nxt | seen=950 | expected=2923
2026-09-29 11:33:54 | INFO    | LISTING   | Listing Dollar (Forcenxt) route https://www.myntra.com/force-nxt page 22 -> https://www.myntra.com/gateway/v4/search/force-nxt?rows=50&o=1050&plaEnabled=false&xdEnabled=false&isFacet=true&p=22 | run_id=run_20260929_110725_467584_2daea7 | brand=Dollar (Forcenxt) | page=22 | route=https://www.myntra.com/force-nxt | seen=1000 | expected=2923
2026-09-29 11:33:55 | INFO    | LISTING   | Listing Dollar (Forcenxt) route https://www.myntra.com/force-nxt page 23 -> https://www.myntra.com/gateway/v4/search/force-nxt?rows=50&o=1100&plaEnabled=false&xdEnabled=false&isFacet=true&p=23 | run_id=run_20260929_110725_467584_2daea7 | brand=Dollar (Forcenxt) | page=23 | route=https://www.myntra.com/force-nxt | seen=1050 | expected=2923
2026-09-29 11:33:56 | INFO    | LISTING   | Listing Dollar (Forcenxt) route https://www.myntra.com/force-nxt page 24 -> https://www.myntra.com/gateway/v4/search/force-nxt?rows=50&o=1150&plaEnabled=false&xdEnabled=false&isFacet=true&p=24 | run_id=run_20260929_110725_467584_2daea7 | brand=Dollar (Forcenxt) | page=24 | route=https://www.myntra.com/force-nxt | seen=1100 | expected=2923
2026-09-29 11:33:56 | INFO    | LISTING   | Listing Dollar (Forcenxt) route https://www.myntra.com/force-nxt page 25 -> https://www.myntra.com/gateway/v4/search/force-nxt?rows=50&o=1200&plaEnabled=false&xdEnabled=false&isFacet=true&p=25 | run_id=run_20260929_110725_467584_2daea7 | brand=Dollar (Forcenxt) | page=25 | route=https://www.myntra.com/force-nxt | seen=1150 | expected=2923
2026-09-29 11:33:57 | INFO    | LISTING   | Listing Dollar (Forcenxt) route https://www.myntra.com/force-nxt page 26 -> https://www.myntra.com/gateway/v4/search/force-nxt?rows=50&o=1250&plaEnabled=false&xdEnabled=false&isFacet=true&p=26 | run_id=run_20260929_110725_467584_2daea7 | brand=Dollar (Forcenxt) | page=26 | route=https://www.myntra.com/force-nxt | seen=1196 | expected=2923
2026-09-29 11:33:58 | INFO    | LISTING   | Listing Dollar (Forcenxt) route https://www.myntra.com/force-nxt page 27 -> https://www.myntra.com/gateway/v4/search/force-nxt?rows=50&o=1300&plaEnabled=false&xdEnabled=false&isFacet=true&p=27 | run_id=run_20260929_110725_467584_2daea7 | brand=Dollar (Forcenxt) | page=27 | route=https://www.myntra.com/force-nxt | seen=1246 | expected=2923
2026-09-29 11:33:58 | INFO    | LISTING   | Listing Dollar (Forcenxt) route https://www.myntra.com/force-nxt page 28 -> https://www.myntra.com/gateway/v4/search/force-nxt?rows=50&o=1350&plaEnabled=false&xdEnabled=false&isFacet=true&p=28 | run_id=run_20260929_110725_467584_2daea7 | brand=Dollar (Forcenxt) | page=28 | route=https://www.myntra.com/force-nxt | seen=1296 | expected=2923
2026-09-29 11:33:59 | INFO    | LISTING   | Listing Dollar (Forcenxt) route https://www.myntra.com/force-nxt page 29 -> https://www.myntra.com/gateway/v4/search/force-nxt?rows=50&o=1400&plaEnabled=false&xdEnabled=false&isFacet=true&p=29 | run_id=run_20260929_110725_467584_2daea7 | brand=Dollar (Forcenxt) | page=29 | route=https://www.myntra.com/force-nxt | seen=1346 | expected=2923
2026-09-29 11:34:03 | INFO    | PDP       | Processed 47 target products for Dollar (Forcenxt) in 3s (819.16 products/min). | run_id=run_20260929_110725_467584_2daea7 | brand=Dollar (Forcenxt) | saved=47 | elapsed_label=3s | products_per_minute=819.16
2026-09-29 11:34:03 | INFO    | LISTING   | Listing Dollar (Forcenxt) route https://www.myntra.com/force-nxt page 30 -> https://www.myntra.com/gateway/v4/search/force-nxt?rows=50&o=1450&plaEnabled=false&xdEnabled=false&isFacet=true&p=30 | run_id=run_20260929_110725_467584_2daea7 | brand=Dollar (Forcenxt) | page=30 | route=https://www.myntra.com/force-nxt | seen=1396 | expected=2923
2026-09-29 11:34:08 | INFO    | PDP       | Processed 44 target products for Dollar (Forcenxt) in 4s (671.81 products/min). | run_id=run_20260929_110725_467584_2daea7 | brand=Dollar (Forcenxt) | saved=44 | elapsed_label=4s | products_per_minute=671.81
2026-09-29 11:34:08 | INFO    | LISTING   | Listing Dollar (Forcenxt) route https://www.myntra.com/force-nxt page 31 -> https://www.myntra.com/gateway/v4/search/force-nxt?rows=50&o=1500&plaEnabled=false&xdEnabled=false&isFacet=true&p=31 | run_id=run_20260929_110725_467584_2daea7 | brand=Dollar (Forcenxt) | page=31 | route=https://www.myntra.com/force-nxt | seen=1446 | expected=2923
2026-09-29 11:34:12 | INFO    | PDP       | Processed 46 target products for Dollar (Forcenxt) in 4s (778.28 products/min). | run_id=run_20260929_110725_467584_2daea7 | brand=Dollar (Forcenxt) | saved=46 | elapsed_label=4s | products_per_minute=778.28
2026-09-29 11:34:13 | INFO    | LISTING   | Listing Dollar (Forcenxt) route https://www.myntra.com/force-nxt page 32 -> https://www.myntra.com/gateway/v4/search/force-nxt?rows=50&o=1550&plaEnabled=false&xdEnabled=false&isFacet=true&p=32 | run_id=run_20260929_110725_467584_2daea7 | brand=Dollar (Forcenxt) | page=32 | route=https://www.myntra.com/force-nxt | seen=1496 | expected=2923
2026-09-29 11:34:17 | INFO    | PDP       | Processed 50 target products for Dollar (Forcenxt) in 4s (796.61 products/min). | run_id=run_20260929_110725_467584_2daea7 | brand=Dollar (Forcenxt) | saved=50 | elapsed_label=4s | products_per_minute=796.61
2026-09-29 11:34:17 | INFO    | LISTING   | Listing Dollar (Forcenxt) route https://www.myntra.com/force-nxt page 33 -> https://www.myntra.com/gateway/v4/search/force-nxt?rows=50&o=1600&plaEnabled=false&xdEnabled=false&isFacet=true&p=33 | run_id=run_20260929_110725_467584_2daea7 | brand=Dollar (Forcenxt) | page=33 | route=https://www.myntra.com/force-nxt | seen=1546 | expected=2923
2026-09-29 11:34:21 | INFO    | PDP       | Processed 49 target products for Dollar (Forcenxt) in 3s (853.83 products/min). | run_id=run_20260929_110725_467584_2daea7 | brand=Dollar (Forcenxt) | saved=49 | elapsed_label=3s | products_per_minute=853.83
2026-09-29 11:34:22 | INFO    | LISTING   | Listing Dollar (Forcenxt) route https://www.myntra.com/force-nxt page 34 -> https://www.myntra.com/gateway/v4/search/force-nxt?rows=50&o=1650&plaEnabled=false&xdEnabled=false&isFacet=true&p=34 | run_id=run_20260929_110725_467584_2daea7 | brand=Dollar (Forcenxt) | page=34 | route=https://www.myntra.com/force-nxt | seen=1596 | expected=2923
2026-09-29 11:34:26 | INFO    | PDP       | Processed 50 target products for Dollar (Forcenxt) in 3s (882.18 products/min). | run_id=run_20260929_110725_467584_2daea7 | brand=Dollar (Forcenxt) | saved=50 | elapsed_label=3s | products_per_minute=882.18
2026-09-29 11:34:26 | INFO    | LISTING   | Listing Dollar (Forcenxt) route https://www.myntra.com/force-nxt page 35 -> https://www.myntra.com/gateway/v4/search/force-nxt?rows=50&o=1700&plaEnabled=false&xdEnabled=false&isFacet=true&p=35 | run_id=run_20260929_110725_467584_2daea7 | brand=Dollar (Forcenxt) | page=35 | route=https://www.myntra.com/force-nxt | seen=1646 | expected=2923
2026-09-29 11:34:31 | INFO    | PDP       | Processed 50 target products for Dollar (Forcenxt) in 4s (679.28 products/min). | run_id=run_20260929_110725_467584_2daea7 | brand=Dollar (Forcenxt) | saved=50 | elapsed_label=4s | products_per_minute=679.28
2026-09-29 11:34:31 | INFO    | LISTING   | Listing Dollar (Forcenxt) route https://www.myntra.com/force-nxt page 36 -> https://www.myntra.com/gateway/v4/search/force-nxt?rows=50&o=1750&plaEnabled=false&xdEnabled=false&isFacet=true&p=36 | run_id=run_20260929_110725_467584_2daea7 | brand=Dollar (Forcenxt) | page=36 | route=https://www.myntra.com/force-nxt | seen=1696 | expected=2923
2026-09-29 11:34:35 | INFO    | PDP       | Processed 50 target products for Dollar (Forcenxt) in 3s (995.39 products/min). | run_id=run_20260929_110725_467584_2daea7 | brand=Dollar (Forcenxt) | saved=50 | elapsed_label=3s | products_per_minute=995.39
2026-09-29 11:34:35 | INFO    | LISTING   | Listing Dollar (Forcenxt) route https://www.myntra.com/force-nxt page 37 -> https://www.myntra.com/gateway/v4/search/force-nxt?rows=50&o=1800&plaEnabled=false&xdEnabled=false&isFacet=true&p=37 | run_id=run_20260929_110725_467584_2daea7 | brand=Dollar (Forcenxt) | page=37 | route=https://www.myntra.com/force-nxt | seen=1746 | expected=2923
2026-09-29 11:34:39 | INFO    | PDP       | Processed 50 target products for Dollar (Forcenxt) in 2s (1368.46 products/min). | run_id=run_20260929_110725_467584_2daea7 | brand=Dollar (Forcenxt) | saved=50 | elapsed_label=2s | products_per_minute=1368.46
2026-09-29 11:34:39 | INFO    | LISTING   | Listing Dollar (Forcenxt) route https://www.myntra.com/force-nxt page 38 -> https://www.myntra.com/gateway/v4/search/force-nxt?rows=50&o=1850&plaEnabled=false&xdEnabled=false&isFacet=true&p=38 | run_id=run_20260929_110725_467584_2daea7 | brand=Dollar (Forcenxt) | page=38 | route=https://www.myntra.com/force-nxt | seen=1796 | expected=2923
2026-09-29 11:34:43 | INFO    | PDP       | Processed 50 target products for Dollar (Forcenxt) in 2s (1335.9 products/min). | run_id=run_20260929_110725_467584_2daea7 | brand=Dollar (Forcenxt) | saved=50 | elapsed_label=2s | products_per_minute=1335.9
2026-09-29 11:34:43 | INFO    | LISTING   | Listing Dollar (Forcenxt) route https://www.myntra.com/force-nxt page 39 -> https://www.myntra.com/gateway/v4/search/force-nxt?rows=50&o=1900&plaEnabled=false&xdEnabled=false&isFacet=true&p=39 | run_id=run_20260929_110725_467584_2daea7 | brand=Dollar (Forcenxt) | page=39 | route=https://www.myntra.com/force-nxt | seen=1846 | expected=2923
2026-09-29 11:34:46 | INFO    | PDP       | Processed 50 target products for Dollar (Forcenxt) in 2s (1412.0 products/min). | run_id=run_20260929_110725_467584_2daea7 | brand=Dollar (Forcenxt) | saved=50 | elapsed_label=2s | products_per_minute=1412.0
2026-09-29 11:34:46 | INFO    | LISTING   | Listing Dollar (Forcenxt) route https://www.myntra.com/force-nxt page 40 -> https://www.myntra.com/gateway/v4/search/force-nxt?rows=50&o=1950&plaEnabled=false&xdEnabled=false&isFacet=true&p=40 | run_id=run_20260929_110725_467584_2daea7 | brand=Dollar (Forcenxt) | page=40 | route=https://www.myntra.com/force-nxt | seen=1896 | expected=2923
2026-09-29 11:34:49 | INFO    | PDP       | Processed 48 target products for Dollar (Forcenxt) in 2s (1281.36 products/min). | run_id=run_20260929_110725_467584_2daea7 | brand=Dollar (Forcenxt) | saved=48 | elapsed_label=2s | products_per_minute=1281.36
2026-09-29 11:34:49 | INFO    | LISTING   | Listing Dollar (Forcenxt) route https://www.myntra.com/force-nxt page 41 -> https://www.myntra.com/gateway/v4/search/force-nxt?rows=50&o=2000&plaEnabled=false&xdEnabled=false&isFacet=true&p=41 | run_id=run_20260929_110725_467584_2daea7 | brand=Dollar (Forcenxt) | page=41 | route=https://www.myntra.com/force-nxt | seen=1944 | expected=2923
2026-09-29 11:34:52 | INFO    | PDP       | Processed 50 target products for Dollar (Forcenxt) in 2s (1294.13 products/min). | run_id=run_20260929_110725_467584_2daea7 | brand=Dollar (Forcenxt) | saved=50 | elapsed_label=2s | products_per_minute=1294.13
2026-09-29 11:34:53 | INFO    | LISTING   | Listing Dollar (Forcenxt) route https://www.myntra.com/force-nxt page 42 -> https://www.myntra.com/gateway/v4/search/force-nxt?rows=50&o=2050&plaEnabled=false&xdEnabled=false&isFacet=true&p=42 | run_id=run_20260929_110725_467584_2daea7 | brand=Dollar (Forcenxt) | page=42 | route=https://www.myntra.com/force-nxt | seen=1994 | expected=2923
2026-09-29 11:34:56 | INFO    | PDP       | Processed 50 target products for Dollar (Forcenxt) in 2s (1315.01 products/min). | run_id=run_20260929_110725_467584_2daea7 | brand=Dollar (Forcenxt) | saved=50 | elapsed_label=2s | products_per_minute=1315.01
2026-09-29 11:34:56 | INFO    | LISTING   | Listing Dollar (Forcenxt) route https://www.myntra.com/force-nxt page 43 -> https://www.myntra.com/gateway/v4/search/force-nxt?rows=50&o=2100&plaEnabled=false&xdEnabled=false&isFacet=true&p=43 | run_id=run_20260929_110725_467584_2daea7 | brand=Dollar (Forcenxt) | page=43 | route=https://www.myntra.com/force-nxt | seen=2044 | expected=2923
2026-09-29 11:34:59 | INFO    | PDP       | Processed 50 target products for Dollar (Forcenxt) in 2s (1349.15 products/min). | run_id=run_20260929_110725_467584_2daea7 | brand=Dollar (Forcenxt) | saved=50 | elapsed_label=2s | products_per_minute=1349.15
2026-09-29 11:34:59 | INFO    | LISTING   | Listing Dollar (Forcenxt) route https://www.myntra.com/force-nxt page 44 -> https://www.myntra.com/gateway/v4/search/force-nxt?rows=50&o=2150&plaEnabled=false&xdEnabled=false&isFacet=true&p=44 | run_id=run_20260929_110725_467584_2daea7 | brand=Dollar (Forcenxt) | page=44 | route=https://www.myntra.com/force-nxt | seen=2094 | expected=2923
2026-09-29 11:35:02 | INFO    | PDP       | Processed 50 target products for Dollar (Forcenxt) in 2s (1282.54 products/min). | run_id=run_20260929_110725_467584_2daea7 | brand=Dollar (Forcenxt) | saved=50 | elapsed_label=2s | products_per_minute=1282.54
2026-09-29 11:35:02 | INFO    | LISTING   | Listing Dollar (Forcenxt) route https://www.myntra.com/force-nxt page 45 -> https://www.myntra.com/gateway/v4/search/force-nxt?rows=50&o=2200&plaEnabled=false&xdEnabled=false&isFacet=true&p=45 | run_id=run_20260929_110725_467584_2daea7 | brand=Dollar (Forcenxt) | page=45 | route=https://www.myntra.com/force-nxt | seen=2144 | expected=2923
2026-09-29 11:35:05 | INFO    | PDP       | Processed 50 target products for Dollar (Forcenxt) in 2s (1297.88 products/min). | run_id=run_20260929_110725_467584_2daea7 | brand=Dollar (Forcenxt) | saved=50 | elapsed_label=2s | products_per_minute=1297.88
2026-09-29 11:35:05 | INFO    | LISTING   | Listing Dollar (Forcenxt) route https://www.myntra.com/force-nxt page 46 -> https://www.myntra.com/gateway/v4/search/force-nxt?rows=50&o=2250&plaEnabled=false&xdEnabled=false&isFacet=true&p=46 | run_id=run_20260929_110725_467584_2daea7 | brand=Dollar (Forcenxt) | page=46 | route=https://www.myntra.com/force-nxt | seen=2194 | expected=2923
2026-09-29 11:35:08 | INFO    | PDP       | Processed 47 target products for Dollar (Forcenxt) in 2s (1331.29 products/min). | run_id=run_20260929_110725_467584_2daea7 | brand=Dollar (Forcenxt) | saved=47 | elapsed_label=2s | products_per_minute=1331.29
2026-09-29 11:35:09 | INFO    | LISTING   | Listing Dollar (Forcenxt) route https://www.myntra.com/force-nxt page 47 -> https://www.myntra.com/gateway/v4/search/force-nxt?rows=50&o=2300&plaEnabled=false&xdEnabled=false&isFacet=true&p=47 | run_id=run_20260929_110725_467584_2daea7 | brand=Dollar (Forcenxt) | page=47 | route=https://www.myntra.com/force-nxt | seen=2241 | expected=2923
2026-09-29 11:35:11 | INFO    | PDP       | Processed 46 target products for Dollar (Forcenxt) in 2s (1274.66 products/min). | run_id=run_20260929_110725_467584_2daea7 | brand=Dollar (Forcenxt) | saved=46 | elapsed_label=2s | products_per_minute=1274.66
2026-09-29 11:35:11 | INFO    | LISTING   | Listing Dollar (Forcenxt) route https://www.myntra.com/force-nxt page 48 -> https://www.myntra.com/gateway/v4/search/force-nxt?rows=50&o=2350&plaEnabled=false&xdEnabled=false&isFacet=true&p=48 | run_id=run_20260929_110725_467584_2daea7 | brand=Dollar (Forcenxt) | page=48 | route=https://www.myntra.com/force-nxt | seen=2287 | expected=2923
2026-09-29 11:35:17 | INFO    | PDP       | Processed 47 target products for Dollar (Forcenxt) in 5s (623.26 products/min). | run_id=run_20260929_110725_467584_2daea7 | brand=Dollar (Forcenxt) | saved=47 | elapsed_label=5s | products_per_minute=623.26
2026-09-29 11:35:17 | INFO    | LISTING   | Listing Dollar (Forcenxt) route https://www.myntra.com/force-nxt page 49 -> https://www.myntra.com/gateway/v4/search/force-nxt?rows=50&o=2400&plaEnabled=false&xdEnabled=false&isFacet=true&p=49 | run_id=run_20260929_110725_467584_2daea7 | brand=Dollar (Forcenxt) | page=49 | route=https://www.myntra.com/force-nxt | seen=2334 | expected=2923
2026-09-29 11:35:21 | INFO    | PDP       | Processed 43 target products for Dollar (Forcenxt) in 3s (813.05 products/min). | run_id=run_20260929_110725_467584_2daea7 | brand=Dollar (Forcenxt) | saved=43 | elapsed_label=3s | products_per_minute=813.05
2026-09-29 11:35:21 | INFO    | LISTING   | Listing Dollar (Forcenxt) route https://www.myntra.com/force-nxt page 50 -> https://www.myntra.com/gateway/v4/search/force-nxt?rows=50&o=2450&plaEnabled=false&xdEnabled=false&isFacet=true&p=50 | run_id=run_20260929_110725_467584_2daea7 | brand=Dollar (Forcenxt) | page=50 | route=https://www.myntra.com/force-nxt | seen=2377 | expected=2923
2026-09-29 11:35:25 | INFO    | PDP       | Processed 50 target products for Dollar (Forcenxt) in 3s (919.49 products/min). | run_id=run_20260929_110725_467584_2daea7 | brand=Dollar (Forcenxt) | saved=50 | elapsed_label=3s | products_per_minute=919.49
2026-09-29 11:35:25 | INFO    | LISTING   | Listing Dollar (Forcenxt) route https://www.myntra.com/force-nxt page 51 -> https://www.myntra.com/gateway/v4/search/force-nxt?rows=50&o=2500&plaEnabled=false&xdEnabled=false&isFacet=true&p=51 | run_id=run_20260929_110725_467584_2daea7 | brand=Dollar (Forcenxt) | page=51 | route=https://www.myntra.com/force-nxt | seen=2427 | expected=2923
2026-09-29 11:35:29 | INFO    | PDP       | Processed 50 target products for Dollar (Forcenxt) in 3s (896.31 products/min). | run_id=run_20260929_110725_467584_2daea7 | brand=Dollar (Forcenxt) | saved=50 | elapsed_label=3s | products_per_minute=896.31
2026-09-29 11:35:29 | INFO    | LISTING   | Listing Dollar (Forcenxt) route https://www.myntra.com/force-nxt page 52 -> https://www.myntra.com/gateway/v4/search/force-nxt?rows=50&o=2550&plaEnabled=false&xdEnabled=false&isFacet=true&p=52 | run_id=run_20260929_110725_467584_2daea7 | brand=Dollar (Forcenxt) | page=52 | route=https://www.myntra.com/force-nxt | seen=2477 | expected=2923
2026-09-29 11:35:34 | INFO    | PDP       | Processed 50 target products for Dollar (Forcenxt) in 4s (819.74 products/min). | run_id=run_20260929_110725_467584_2daea7 | brand=Dollar (Forcenxt) | saved=50 | elapsed_label=4s | products_per_minute=819.74
2026-09-29 11:35:34 | INFO    | LISTING   | Listing Dollar (Forcenxt) route https://www.myntra.com/force-nxt page 53 -> https://www.myntra.com/gateway/v4/search/force-nxt?rows=50&o=2600&plaEnabled=false&xdEnabled=false&isFacet=true&p=53 | run_id=run_20260929_110725_467584_2daea7 | brand=Dollar (Forcenxt) | page=53 | route=https://www.myntra.com/force-nxt | seen=2527 | expected=2923
2026-09-29 11:35:38 | INFO    | PDP       | Processed 50 target products for Dollar (Forcenxt) in 3s (902.41 products/min). | run_id=run_20260929_110725_467584_2daea7 | brand=Dollar (Forcenxt) | saved=50 | elapsed_label=3s | products_per_minute=902.41
2026-09-29 11:35:38 | INFO    | LISTING   | Listing Dollar (Forcenxt) route https://www.myntra.com/force-nxt page 54 -> https://www.myntra.com/gateway/v4/search/force-nxt?rows=50&o=2650&plaEnabled=false&xdEnabled=false&isFacet=true&p=54 | run_id=run_20260929_110725_467584_2daea7 | brand=Dollar (Forcenxt) | page=54 | route=https://www.myntra.com/force-nxt | seen=2577 | expected=2923
2026-09-29 11:35:42 | INFO    | PDP       | Processed 50 target products for Dollar (Forcenxt) in 3s (958.64 products/min). | run_id=run_20260929_110725_467584_2daea7 | brand=Dollar (Forcenxt) | saved=50 | elapsed_label=3s | products_per_minute=958.64
2026-09-29 11:35:42 | INFO    | LISTING   | Listing Dollar (Forcenxt) route https://www.myntra.com/force-nxt page 55 -> https://www.myntra.com/gateway/v4/search/force-nxt?rows=50&o=2700&plaEnabled=false&xdEnabled=false&isFacet=true&p=55 | run_id=run_20260929_110725_467584_2daea7 | brand=Dollar (Forcenxt) | page=55 | route=https://www.myntra.com/force-nxt | seen=2627 | expected=2923
2026-09-29 11:35:46 | INFO    | PDP       | Processed 50 target products for Dollar (Forcenxt) in 3s (860.7 products/min). | run_id=run_20260929_110725_467584_2daea7 | brand=Dollar (Forcenxt) | saved=50 | elapsed_label=3s | products_per_minute=860.7
2026-09-29 11:35:47 | INFO    | LISTING   | Listing Dollar (Forcenxt) route https://www.myntra.com/force-nxt page 56 -> https://www.myntra.com/gateway/v4/search/force-nxt?rows=50&o=2750&plaEnabled=false&xdEnabled=false&isFacet=true&p=56 | run_id=run_20260929_110725_467584_2daea7 | brand=Dollar (Forcenxt) | page=56 | route=https://www.myntra.com/force-nxt | seen=2677 | expected=2923
2026-09-29 11:35:50 | INFO    | PDP       | Processed 50 target products for Dollar (Forcenxt) in 3s (1017.41 products/min). | run_id=run_20260929_110725_467584_2daea7 | brand=Dollar (Forcenxt) | saved=50 | elapsed_label=3s | products_per_minute=1017.41
2026-09-29 11:35:51 | INFO    | LISTING   | Listing Dollar (Forcenxt) route https://www.myntra.com/force-nxt page 57 -> https://www.myntra.com/gateway/v4/search/force-nxt?rows=50&o=2800&plaEnabled=false&xdEnabled=false&isFacet=true&p=57 | run_id=run_20260929_110725_467584_2daea7 | brand=Dollar (Forcenxt) | page=57 | route=https://www.myntra.com/force-nxt | seen=2727 | expected=2923
2026-09-29 11:35:55 | INFO    | PDP       | Processed 50 target products for Dollar (Forcenxt) in 4s (846.61 products/min). | run_id=run_20260929_110725_467584_2daea7 | brand=Dollar (Forcenxt) | saved=50 | elapsed_label=4s | products_per_minute=846.61
2026-09-29 11:35:55 | INFO    | LISTING   | Listing Dollar (Forcenxt) route https://www.myntra.com/force-nxt page 58 -> https://www.myntra.com/gateway/v4/search/force-nxt?rows=50&o=2850&plaEnabled=false&xdEnabled=false&isFacet=true&p=58 | run_id=run_20260929_110725_467584_2daea7 | brand=Dollar (Forcenxt) | page=58 | route=https://www.myntra.com/force-nxt | seen=2777 | expected=2923
2026-09-29 11:35:59 | INFO    | PDP       | Processed 50 target products for Dollar (Forcenxt) in 3s (957.38 products/min). | run_id=run_20260929_110725_467584_2daea7 | brand=Dollar (Forcenxt) | saved=50 | elapsed_label=3s | products_per_minute=957.38
2026-09-29 11:35:59 | INFO    | LISTING   | Listing Dollar (Forcenxt) route https://www.myntra.com/force-nxt page 59 -> https://www.myntra.com/gateway/v4/search/force-nxt?rows=50&o=2900&plaEnabled=false&xdEnabled=false&isFacet=true&p=59 | run_id=run_20260929_110725_467584_2daea7 | brand=Dollar (Forcenxt) | page=59 | route=https://www.myntra.com/force-nxt | seen=2827 | expected=2923
2026-09-29 11:36:04 | INFO    | PDP       | Processed 50 target products for Dollar (Forcenxt) in 4s (728.41 products/min). | run_id=run_20260929_110725_467584_2daea7 | brand=Dollar (Forcenxt) | saved=50 | elapsed_label=4s | products_per_minute=728.41
2026-09-29 11:36:04 | INFO    | LISTING   | Listing Dollar (Forcenxt) route https://www.myntra.com/force-nxt page 60 -> https://www.myntra.com/gateway/v4/search/force-nxt?rows=50&o=2950&plaEnabled=false&xdEnabled=false&isFacet=true&p=60 | run_id=run_20260929_110725_467584_2daea7 | brand=Dollar (Forcenxt) | page=60 | route=https://www.myntra.com/force-nxt | seen=2877 | expected=2923
2026-09-29 11:36:08 | INFO    | PDP       | Processed 20 target products for Dollar (Forcenxt) in 3s (406.18 products/min). | run_id=run_20260929_110725_467584_2daea7 | brand=Dollar (Forcenxt) | saved=20 | elapsed_label=3s | products_per_minute=406.18
2026-09-29 11:36:08 | INFO    | LISTING   | Listing Dollar (Forcenxt) route https://www.myntra.com/force-nxt page 61 -> https://www.myntra.com/gateway/v4/search/force-nxt?rows=50&o=3000&plaEnabled=false&xdEnabled=false&isFacet=true&p=61 | run_id=run_20260929_110725_467584_2daea7 | brand=Dollar (Forcenxt) | page=61 | route=https://www.myntra.com/force-nxt | seen=2897 | expected=2923
2026-09-29 11:36:09 | WARNING | LISTING   | Empty listing page for Dollar (Forcenxt) on page 61 before expected end; continuing. | run_id=run_20260929_110725_467584_2daea7 | brand=Dollar (Forcenxt) | page=61 | route=https://www.myntra.com/force-nxt
2026-09-29 11:36:09 | INFO    | LISTING   | Listing Dollar (Forcenxt) route https://www.myntra.com/force-nxt page 62 -> https://www.myntra.com/gateway/v4/search/force-nxt?rows=50&o=3050&plaEnabled=false&xdEnabled=false&isFacet=true&p=62 | run_id=run_20260929_110725_467584_2daea7 | brand=Dollar (Forcenxt) | page=62 | route=https://www.myntra.com/force-nxt | seen=2897 | expected=2923
2026-09-29 11:36:09 | WARNING | NETWORK   | JSON request failed for https://www.myntra.com/gateway/v4/search/force-nxt?rows=50&o=3050&plaEnabled=false&xdEnabled=false&isFacet=true&p=62 on attempt 1/3: HTTP Error 400:  | run_id=run_20260929_110725_467584_2daea7 | route=https://www.myntra.com/gateway/v4/search/force-nxt?rows=50&o=3050&plaEnabled=false&xdEnabled=false&isFacet=true&p=62 | attempt=1/3
2026-09-29 11:36:11 | WARNING | NETWORK   | JSON request failed for https://www.myntra.com/gateway/v4/search/force-nxt?rows=50&o=3050&plaEnabled=false&xdEnabled=false&isFacet=true&p=62 on attempt 2/3: HTTP Error 400:  | run_id=run_20260929_110725_467584_2daea7 | route=https://www.myntra.com/gateway/v4/search/force-nxt?rows=50&o=3050&plaEnabled=false&xdEnabled=false&isFacet=true&p=62 | attempt=2/3
2026-09-29 11:36:14 | WARNING | NETWORK   | JSON request failed for https://www.myntra.com/gateway/v4/search/force-nxt?rows=50&o=3050&plaEnabled=false&xdEnabled=false&isFacet=true&p=62 on attempt 3/3: HTTP Error 400:  | run_id=run_20260929_110725_467584_2daea7 | route=https://www.myntra.com/gateway/v4/search/force-nxt?rows=50&o=3050&plaEnabled=false&xdEnabled=false&isFacet=true&p=62 | attempt=3/3
2026-09-29 11:36:14 | WARNING | NETWORK   | JSON request failed for https://www.myntra.com/gateway/v4/search/force-nxt?rows=50&o=3049&plaEnabled=false&xdEnabled=false&isFacet=true&p=62 on attempt 1/3: HTTP Error 400:  | run_id=run_20260929_110725_467584_2daea7 | route=https://www.myntra.com/gateway/v4/search/force-nxt?rows=50&o=3049&plaEnabled=false&xdEnabled=false&isFacet=true&p=62 | attempt=1/3
2026-09-29 11:36:16 | WARNING | NETWORK   | JSON request failed for https://www.myntra.com/gateway/v4/search/force-nxt?rows=50&o=3049&plaEnabled=false&xdEnabled=false&isFacet=true&p=62 on attempt 2/3: HTTP Error 400:  | run_id=run_20260929_110725_467584_2daea7 | route=https://www.myntra.com/gateway/v4/search/force-nxt?rows=50&o=3049&plaEnabled=false&xdEnabled=false&isFacet=true&p=62 | attempt=2/3
2026-09-29 11:36:19 | WARNING | NETWORK   | JSON request failed for https://www.myntra.com/gateway/v4/search/force-nxt?rows=50&o=3049&plaEnabled=false&xdEnabled=false&isFacet=true&p=62 on attempt 3/3: HTTP Error 400:  | run_id=run_20260929_110725_467584_2daea7 | route=https://www.myntra.com/gateway/v4/search/force-nxt?rows=50&o=3049&plaEnabled=false&xdEnabled=false&isFacet=true&p=62 | attempt=3/3
2026-09-29 11:36:19 | WARNING | LISTING   | Route fetch failed for https://www.myntra.com/force-nxt page 62 (Failed to fetch JSON payload from https://www.myntra.com/gateway/v4/search/force-nxt?rows=50&o=3049&plaEnabled=false&xdEnabled=false&isFacet=true&p=62: HTTP Error 400: ). Will retry with another pass or fallback route. | run_id=run_20260929_110725_467584_2daea7 | brand=Dollar (Forcenxt) | page=62 | route=https://www.myntra.com/force-nxt
2026-09-29 11:36:19 | INFO    | LISTING   | Listing Dollar (Forcenxt) route https://www.myntra.com/dollar-missy page 1 -> https://www.myntra.com/gateway/v4/search/dollar-missy?rows=50&o=0&plaEnabled=false&xdEnabled=false&isFacet=true&p=1 | run_id=run_20260929_110725_467584_2daea7 | brand=Dollar (Forcenxt) | page=1 | route=https://www.myntra.com/dollar-missy | seen=0 | expected=2173
2026-09-29 11:36:20 | INFO    | LISTING   | Listing Dollar (Forcenxt) route https://www.myntra.com/dollar-missy page 2 -> https://www.myntra.com/gateway/v4/search/dollar-missy?rows=50&o=50&plaEnabled=false&xdEnabled=false&isFacet=true&p=2 | run_id=run_20260929_110725_467584_2daea7 | brand=Dollar (Forcenxt) | page=2 | route=https://www.myntra.com/dollar-missy | seen=24 | expected=2173
2026-09-29 11:36:21 | INFO    | LISTING   | Listing Dollar (Forcenxt) route https://www.myntra.com/dollar-missy page 3 -> https://www.myntra.com/gateway/v4/search/dollar-missy?rows=50&o=100&plaEnabled=false&xdEnabled=false&isFacet=true&p=3 | run_id=run_20260929_110725_467584_2daea7 | brand=Dollar (Forcenxt) | page=3 | route=https://www.myntra.com/dollar-missy | seen=51 | expected=2173
2026-09-29 11:36:21 | INFO    | LISTING   | Listing Dollar (Forcenxt) route https://www.myntra.com/dollar-missy page 4 -> https://www.myntra.com/gateway/v4/search/dollar-missy?rows=50&o=150&plaEnabled=false&xdEnabled=false&isFacet=true&p=4 | run_id=run_20260929_110725_467584_2daea7 | brand=Dollar (Forcenxt) | page=4 | route=https://www.myntra.com/dollar-missy | seen=64 | expected=2173
2026-09-29 11:36:22 | INFO    | LISTING   | Listing Dollar (Forcenxt) route https://www.myntra.com/dollar-missy page 5 -> https://www.myntra.com/gateway/v4/search/dollar-missy?rows=50&o=200&plaEnabled=false&xdEnabled=false&isFacet=true&p=5 | run_id=run_20260929_110725_467584_2daea7 | brand=Dollar (Forcenxt) | page=5 | route=https://www.myntra.com/dollar-missy | seen=111 | expected=2173
2026-09-29 11:36:23 | INFO    | LISTING   | Listing Dollar (Forcenxt) route https://www.myntra.com/dollar-missy page 6 -> https://www.myntra.com/gateway/v4/search/dollar-missy?rows=50&o=250&plaEnabled=false&xdEnabled=false&isFacet=true&p=6 | run_id=run_20260929_110725_467584_2daea7 | brand=Dollar (Forcenxt) | page=6 | route=https://www.myntra.com/dollar-missy | seen=151 | expected=2173
2026-09-29 11:36:24 | INFO    | LISTING   | Listing Dollar (Forcenxt) route https://www.myntra.com/dollar-missy page 7 -> https://www.myntra.com/gateway/v4/search/dollar-missy?rows=50&o=300&plaEnabled=false&xdEnabled=false&isFacet=true&p=7 | run_id=run_20260929_110725_467584_2daea7 | brand=Dollar (Forcenxt) | page=7 | route=https://www.myntra.com/dollar-missy | seen=189 | expected=2173
2026-09-29 11:36:25 | INFO    | LISTING   | Listing Dollar (Forcenxt) route https://www.myntra.com/dollar-missy page 8 -> https://www.myntra.com/gateway/v4/search/dollar-missy?rows=50&o=350&plaEnabled=false&xdEnabled=false&isFacet=true&p=8 | run_id=run_20260929_110725_467584_2daea7 | brand=Dollar (Forcenxt) | page=8 | route=https://www.myntra.com/dollar-missy | seen=234 | expected=2173
2026-09-29 11:36:26 | INFO    | LISTING   | Listing Dollar (Forcenxt) route https://www.myntra.com/dollar-missy page 9 -> https://www.myntra.com/gateway/v4/search/dollar-missy?rows=50&o=400&plaEnabled=false&xdEnabled=false&isFacet=true&p=9 | run_id=run_20260929_110725_467584_2daea7 | brand=Dollar (Forcenxt) | page=9 | route=https://www.myntra.com/dollar-missy | seen=264 | expected=2173
2026-09-29 11:36:26 | INFO    | LISTING   | Listing Dollar (Forcenxt) route https://www.myntra.com/dollar-missy page 10 -> https://www.myntra.com/gateway/v4/search/dollar-missy?rows=50&o=450&plaEnabled=false&xdEnabled=false&isFacet=true&p=10 | run_id=run_20260929_110725_467584_2daea7 | brand=Dollar (Forcenxt) | page=10 | route=https://www.myntra.com/dollar-missy | seen=296 | expected=2173
2026-09-29 11:36:27 | INFO    | LISTING   | Listing Dollar (Forcenxt) route https://www.myntra.com/dollar-missy page 11 -> https://www.myntra.com/gateway/v4/search/dollar-missy?rows=50&o=500&plaEnabled=false&xdEnabled=false&isFacet=true&p=11 | run_id=run_20260929_110725_467584_2daea7 | brand=Dollar (Forcenxt) | page=11 | route=https://www.myntra.com/dollar-missy | seen=331 | expected=2173
2026-09-29 11:36:28 | INFO    | LISTING   | Listing Dollar (Forcenxt) route https://www.myntra.com/dollar-missy page 12 -> https://www.myntra.com/gateway/v4/search/dollar-missy?rows=50&o=550&plaEnabled=false&xdEnabled=false&isFacet=true&p=12 | run_id=run_20260929_110725_467584_2daea7 | brand=Dollar (Forcenxt) | page=12 | route=https://www.myntra.com/dollar-missy | seen=373 | expected=2173
2026-09-29 11:36:28 | INFO    | LISTING   | Listing Dollar (Forcenxt) route https://www.myntra.com/dollar-missy page 13 -> https://www.myntra.com/gateway/v4/search/dollar-missy?rows=50&o=600&plaEnabled=false&xdEnabled=false&isFacet=true&p=13 | run_id=run_20260929_110725_467584_2daea7 | brand=Dollar (Forcenxt) | page=13 | route=https://www.myntra.com/dollar-missy | seen=397 | expected=2173
2026-09-29 11:36:29 | INFO    | LISTING   | Listing Dollar (Forcenxt) route https://www.myntra.com/dollar-missy page 14 -> https://www.myntra.com/gateway/v4/search/dollar-missy?rows=50&o=650&plaEnabled=false&xdEnabled=false&isFacet=true&p=14 | run_id=run_20260929_110725_467584_2daea7 | brand=Dollar (Forcenxt) | page=14 | route=https://www.myntra.com/dollar-missy | seen=439 | expected=2173
2026-09-29 11:36:30 | INFO    | LISTING   | Listing Dollar (Forcenxt) route https://www.myntra.com/dollar-missy page 15 -> https://www.myntra.com/gateway/v4/search/dollar-missy?rows=50&o=700&plaEnabled=false&xdEnabled=false&isFacet=true&p=15 | run_id=run_20260929_110725_467584_2daea7 | brand=Dollar (Forcenxt) | page=15 | route=https://www.myntra.com/dollar-missy | seen=444 | expected=2173
2026-09-29 11:36:30 | INFO    | LISTING   | Listing Dollar (Forcenxt) route https://www.myntra.com/dollar-missy page 16 -> https://www.myntra.com/gateway/v4/search/dollar-missy?rows=50&o=750&plaEnabled=false&xdEnabled=false&isFacet=true&p=16 | run_id=run_20260929_110725_467584_2daea7 | brand=Dollar (Forcenxt) | page=16 | route=https://www.myntra.com/dollar-missy | seen=466 | expected=2173
2026-09-29 11:36:31 | INFO    | LISTING   | Listing Dollar (Forcenxt) route https://www.myntra.com/dollar-missy page 17 -> https://www.myntra.com/gateway/v4/search/dollar-missy?rows=50&o=800&plaEnabled=false&xdEnabled=false&isFacet=true&p=17 | run_id=run_20260929_110725_467584_2daea7 | brand=Dollar (Forcenxt) | page=17 | route=https://www.myntra.com/dollar-missy | seen=479 | expected=2173
2026-09-29 11:36:31 | INFO    | LISTING   | Listing Dollar (Forcenxt) route https://www.myntra.com/dollar-missy page 18 -> https://www.myntra.com/gateway/v4/search/dollar-missy?rows=50&o=850&plaEnabled=false&xdEnabled=false&isFacet=true&p=18 | run_id=run_20260929_110725_467584_2daea7 | brand=Dollar (Forcenxt) | page=18 | route=https://www.myntra.com/dollar-missy | seen=521 | expected=2173
2026-09-29 11:36:32 | INFO    | PDP       | Processed 1 target products for Dollar (Forcenxt) in 0s (138.6 products/min). | run_id=run_20260929_110725_467584_2daea7 | brand=Dollar (Forcenxt) | saved=1 | elapsed_label=0s | products_per_minute=138.6
2026-09-29 11:36:32 | INFO    | LISTING   | Listing Dollar (Forcenxt) route https://www.myntra.com/dollar-missy page 19 -> https://www.myntra.com/gateway/v4/search/dollar-missy?rows=50&o=900&plaEnabled=false&xdEnabled=false&isFacet=true&p=19 | run_id=run_20260929_110725_467584_2daea7 | brand=Dollar (Forcenxt) | page=19 | route=https://www.myntra.com/dollar-missy | seen=559 | expected=2173
2026-09-29 11:36:33 | INFO    | LISTING   | Listing Dollar (Forcenxt) route https://www.myntra.com/dollar-missy page 20 -> https://www.myntra.com/gateway/v4/search/dollar-missy?rows=50&o=950&plaEnabled=false&xdEnabled=false&isFacet=true&p=20 | run_id=run_20260929_110725_467584_2daea7 | brand=Dollar (Forcenxt) | page=20 | route=https://www.myntra.com/dollar-missy | seen=601 | expected=2173
2026-09-29 11:36:34 | INFO    | LISTING   | Listing Dollar (Forcenxt) route https://www.myntra.com/dollar-missy page 21 -> https://www.myntra.com/gateway/v4/search/dollar-missy?rows=50&o=1000&plaEnabled=false&xdEnabled=false&isFacet=true&p=21 | run_id=run_20260929_110725_467584_2daea7 | brand=Dollar (Forcenxt) | page=21 | route=https://www.myntra.com/dollar-missy | seen=650 | expected=2173
2026-09-29 11:36:35 | INFO    | LISTING   | Listing Dollar (Forcenxt) route https://www.myntra.com/dollar-missy page 22 -> https://www.myntra.com/gateway/v4/search/dollar-missy?rows=50&o=1050&plaEnabled=false&xdEnabled=false&isFacet=true&p=22 | run_id=run_20260929_110725_467584_2daea7 | brand=Dollar (Forcenxt) | page=22 | route=https://www.myntra.com/dollar-missy | seen=693 | expected=2173
2026-09-29 11:36:36 | INFO    | LISTING   | Listing Dollar (Forcenxt) route https://www.myntra.com/dollar-missy page 23 -> https://www.myntra.com/gateway/v4/search/dollar-missy?rows=50&o=1100&plaEnabled=false&xdEnabled=false&isFacet=true&p=23 | run_id=run_20260929_110725_467584_2daea7 | brand=Dollar (Forcenxt) | page=23 | route=https://www.myntra.com/dollar-missy | seen=735 | expected=2173
2026-09-29 11:36:37 | INFO    | LISTING   | Listing Dollar (Forcenxt) route https://www.myntra.com/dollar-missy page 24 -> https://www.myntra.com/gateway/v4/search/dollar-missy?rows=50&o=1150&plaEnabled=false&xdEnabled=false&isFacet=true&p=24 | run_id=run_20260929_110725_467584_2daea7 | brand=Dollar (Forcenxt) | page=24 | route=https://www.myntra.com/dollar-missy | seen=749 | expected=2173
2026-09-29 11:36:38 | INFO    | LISTING   | Listing Dollar (Forcenxt) route https://www.myntra.com/dollar-missy page 25 -> https://www.myntra.com/gateway/v4/search/dollar-missy?rows=50&o=1200&plaEnabled=false&xdEnabled=false&isFacet=true&p=25 | run_id=run_20260929_110725_467584_2daea7 | brand=Dollar (Forcenxt) | page=25 | route=https://www.myntra.com/dollar-missy | seen=759 | expected=2173
2026-09-29 11:36:38 | INFO    | LISTING   | Listing Dollar (Forcenxt) route https://www.myntra.com/dollar-missy page 26 -> https://www.myntra.com/gateway/v4/search/dollar-missy?rows=50&o=1250&plaEnabled=false&xdEnabled=false&isFacet=true&p=26 | run_id=run_20260929_110725_467584_2daea7 | brand=Dollar (Forcenxt) | page=26 | route=https://www.myntra.com/dollar-missy | seen=782 | expected=2173
2026-09-29 11:36:39 | INFO    | LISTING   | Listing Dollar (Forcenxt) route https://www.myntra.com/dollar-missy page 27 -> https://www.myntra.com/gateway/v4/search/dollar-missy?rows=50&o=1300&plaEnabled=false&xdEnabled=false&isFacet=true&p=27 | run_id=run_20260929_110725_467584_2daea7 | brand=Dollar (Forcenxt) | page=27 | route=https://www.myntra.com/dollar-missy | seen=803 | expected=2173
2026-09-29 11:36:40 | INFO    | LISTING   | Listing Dollar (Forcenxt) route https://www.myntra.com/dollar-missy page 28 -> https://www.myntra.com/gateway/v4/search/dollar-missy?rows=50&o=1350&plaEnabled=false&xdEnabled=false&isFacet=true&p=28 | run_id=run_20260929_110725_467584_2daea7 | brand=Dollar (Forcenxt) | page=28 | route=https://www.myntra.com/dollar-missy | seen=813 | expected=2173
2026-09-29 11:36:40 | INFO    | LISTING   | Listing Dollar (Forcenxt) route https://www.myntra.com/dollar-missy page 29 -> https://www.myntra.com/gateway/v4/search/dollar-missy?rows=50&o=1400&plaEnabled=false&xdEnabled=false&isFacet=true&p=29 | run_id=run_20260929_110725_467584_2daea7 | brand=Dollar (Forcenxt) | page=29 | route=https://www.myntra.com/dollar-missy | seen=863 | expected=2173
2026-09-29 11:36:41 | INFO    | LISTING   | Listing Dollar (Forcenxt) route https://www.myntra.com/dollar-missy page 30 -> https://www.myntra.com/gateway/v4/search/dollar-missy?rows=50&o=1450&plaEnabled=false&xdEnabled=false&isFacet=true&p=30 | run_id=run_20260929_110725_467584_2daea7 | brand=Dollar (Forcenxt) | page=30 | route=https://www.myntra.com/dollar-missy | seen=909 | expected=2173
2026-09-29 11:36:42 | INFO    | LISTING   | Listing Dollar (Forcenxt) route https://www.myntra.com/dollar-missy page 31 -> https://www.myntra.com/gateway/v4/search/dollar-missy?rows=50&o=1500&plaEnabled=false&xdEnabled=false&isFacet=true&p=31 | run_id=run_20260929_110725_467584_2daea7 | brand=Dollar (Forcenxt) | page=31 | route=https://www.myntra.com/dollar-missy | seen=959 | expected=2173
2026-09-29 11:36:43 | INFO    | LISTING   | Listing Dollar (Forcenxt) route https://www.myntra.com/dollar-missy page 32 -> https://www.myntra.com/gateway/v4/search/dollar-missy?rows=50&o=1550&plaEnabled=false&xdEnabled=false&isFacet=true&p=32 | run_id=run_20260929_110725_467584_2daea7 | brand=Dollar (Forcenxt) | page=32 | route=https://www.myntra.com/dollar-missy | seen=1009 | expected=2173
2026-09-29 11:36:44 | INFO    | LISTING   | Listing Dollar (Forcenxt) route https://www.myntra.com/dollar-missy page 33 -> https://www.myntra.com/gateway/v4/search/dollar-missy?rows=50&o=1600&plaEnabled=false&xdEnabled=false&isFacet=true&p=33 | run_id=run_20260929_110725_467584_2daea7 | brand=Dollar (Forcenxt) | page=33 | route=https://www.myntra.com/dollar-missy | seen=1055 | expected=2173
2026-09-29 11:36:45 | INFO    | LISTING   | Listing Dollar (Forcenxt) route https://www.myntra.com/dollar-missy page 34 -> https://www.myntra.com/gateway/v4/search/dollar-missy?rows=50&o=1650&plaEnabled=false&xdEnabled=false&isFacet=true&p=34 | run_id=run_20260929_110725_467584_2daea7 | brand=Dollar (Forcenxt) | page=34 | route=https://www.myntra.com/dollar-missy | seen=1104 | expected=2173
2026-09-29 11:36:45 | INFO    | LISTING   | Listing Dollar (Forcenxt) route https://www.myntra.com/dollar-missy page 35 -> https://www.myntra.com/gateway/v4/search/dollar-missy?rows=50&o=1700&plaEnabled=false&xdEnabled=false&isFacet=true&p=35 | run_id=run_20260929_110725_467584_2daea7 | brand=Dollar (Forcenxt) | page=35 | route=https://www.myntra.com/dollar-missy | seen=1154 | expected=2173
2026-09-29 11:36:46 | INFO    | LISTING   | Listing Dollar (Forcenxt) route https://www.myntra.com/dollar-missy page 36 -> https://www.myntra.com/gateway/v4/search/dollar-missy?rows=50&o=1750&plaEnabled=false&xdEnabled=false&isFacet=true&p=36 | run_id=run_20260929_110725_467584_2daea7 | brand=Dollar (Forcenxt) | page=36 | route=https://www.myntra.com/dollar-missy | seen=1202 | expected=2173
2026-09-29 11:36:47 | INFO    | LISTING   | Listing Dollar (Forcenxt) route https://www.myntra.com/dollar-missy page 37 -> https://www.myntra.com/gateway/v4/search/dollar-missy?rows=50&o=1800&plaEnabled=false&xdEnabled=false&isFacet=true&p=37 | run_id=run_20260929_110725_467584_2daea7 | brand=Dollar (Forcenxt) | page=37 | route=https://www.myntra.com/dollar-missy | seen=1250 | expected=2173
2026-09-29 11:36:48 | INFO    | LISTING   | Listing Dollar (Forcenxt) route https://www.myntra.com/dollar-missy page 38 -> https://www.myntra.com/gateway/v4/search/dollar-missy?rows=50&o=1850&plaEnabled=false&xdEnabled=false&isFacet=true&p=38 | run_id=run_20260929_110725_467584_2daea7 | brand=Dollar (Forcenxt) | page=38 | route=https://www.myntra.com/dollar-missy | seen=1291 | expected=2173
2026-09-29 11:36:49 | INFO    | PDP       | Processed 1 target products for Dollar (Forcenxt) in 0s (177.37 products/min). | run_id=run_20260929_110725_467584_2daea7 | brand=Dollar (Forcenxt) | saved=1 | elapsed_label=0s | products_per_minute=177.37
2026-09-29 11:36:49 | INFO    | LISTING   | Listing Dollar (Forcenxt) route https://www.myntra.com/dollar-missy page 39 -> https://www.myntra.com/gateway/v4/search/dollar-missy?rows=50&o=1900&plaEnabled=false&xdEnabled=false&isFacet=true&p=39 | run_id=run_20260929_110725_467584_2daea7 | brand=Dollar (Forcenxt) | page=39 | route=https://www.myntra.com/dollar-missy | seen=1338 | expected=2173
2026-09-29 11:36:50 | INFO    | LISTING   | Listing Dollar (Forcenxt) route https://www.myntra.com/dollar-missy page 40 -> https://www.myntra.com/gateway/v4/search/dollar-missy?rows=50&o=1950&plaEnabled=false&xdEnabled=false&isFacet=true&p=40 | run_id=run_20260929_110725_467584_2daea7 | brand=Dollar (Forcenxt) | page=40 | route=https://www.myntra.com/dollar-missy | seen=1377 | expected=2173
2026-09-29 11:36:51 | INFO    | LISTING   | Listing Dollar (Forcenxt) route https://www.myntra.com/dollar-missy page 41 -> https://www.myntra.com/gateway/v4/search/dollar-missy?rows=50&o=2000&plaEnabled=false&xdEnabled=false&isFacet=true&p=41 | run_id=run_20260929_110725_467584_2daea7 | brand=Dollar (Forcenxt) | page=41 | route=https://www.myntra.com/dollar-missy | seen=1417 | expected=2173
2026-09-29 11:36:51 | INFO    | LISTING   | Listing Dollar (Forcenxt) route https://www.myntra.com/dollar-missy page 42 -> https://www.myntra.com/gateway/v4/search/dollar-missy?rows=50&o=2050&plaEnabled=false&xdEnabled=false&isFacet=true&p=42 | run_id=run_20260929_110725_467584_2daea7 | brand=Dollar (Forcenxt) | page=42 | route=https://www.myntra.com/dollar-missy | seen=1456 | expected=2173
2026-09-29 11:36:52 | INFO    | LISTING   | Listing Dollar (Forcenxt) route https://www.myntra.com/dollar-missy page 43 -> https://www.myntra.com/gateway/v4/search/dollar-missy?rows=50&o=2100&plaEnabled=false&xdEnabled=false&isFacet=true&p=43 | run_id=run_20260929_110725_467584_2daea7 | brand=Dollar (Forcenxt) | page=43 | route=https://www.myntra.com/dollar-missy | seen=1494 | expected=2173
2026-09-29 11:36:53 | INFO    | LISTING   | Listing Dollar (Forcenxt) route https://www.myntra.com/dollar-missy page 44 -> https://www.myntra.com/gateway/v4/search/dollar-missy?rows=50&o=2150&plaEnabled=false&xdEnabled=false&isFacet=true&p=44 | run_id=run_20260929_110725_467584_2daea7 | brand=Dollar (Forcenxt) | page=44 | route=https://www.myntra.com/dollar-missy | seen=1541 | expected=2173
2026-09-29 11:36:53 | INFO    | LISTING   | Listing Dollar (Forcenxt) route https://www.myntra.com/dollar-missy page 45 -> https://www.myntra.com/gateway/v4/search/dollar-missy?rows=50&o=2200&plaEnabled=false&xdEnabled=false&isFacet=true&p=45 | run_id=run_20260929_110725_467584_2daea7 | brand=Dollar (Forcenxt) | page=45 | route=https://www.myntra.com/dollar-missy | seen=1557 | expected=2173
2026-09-29 11:36:53 | WARNING | LISTING   | Empty listing page for Dollar (Forcenxt) on page 45 before expected end; continuing. | run_id=run_20260929_110725_467584_2daea7 | brand=Dollar (Forcenxt) | page=45 | route=https://www.myntra.com/dollar-missy
2026-09-29 11:36:53 | INFO    | LISTING   | Listing Dollar (Forcenxt) route https://www.myntra.com/dollar-missy page 46 -> https://www.myntra.com/gateway/v4/search/dollar-missy?rows=50&o=2250&plaEnabled=false&xdEnabled=false&isFacet=true&p=46 | run_id=run_20260929_110725_467584_2daea7 | brand=Dollar (Forcenxt) | page=46 | route=https://www.myntra.com/dollar-missy | seen=1557 | expected=2173
2026-09-29 11:36:54 | WARNING | NETWORK   | JSON request failed for https://www.myntra.com/gateway/v4/search/dollar-missy?rows=50&o=2250&plaEnabled=false&xdEnabled=false&isFacet=true&p=46 on attempt 1/3: HTTP Error 400:  | run_id=run_20260929_110725_467584_2daea7 | route=https://www.myntra.com/gateway/v4/search/dollar-missy?rows=50&o=2250&plaEnabled=false&xdEnabled=false&isFacet=true&p=46 | attempt=1/3
2026-09-29 11:36:56 | WARNING | NETWORK   | JSON request failed for https://www.myntra.com/gateway/v4/search/dollar-missy?rows=50&o=2250&plaEnabled=false&xdEnabled=false&isFacet=true&p=46 on attempt 2/3: HTTP Error 400:  | run_id=run_20260929_110725_467584_2daea7 | route=https://www.myntra.com/gateway/v4/search/dollar-missy?rows=50&o=2250&plaEnabled=false&xdEnabled=false&isFacet=true&p=46 | attempt=2/3
2026-09-29 11:36:58 | WARNING | NETWORK   | JSON request failed for https://www.myntra.com/gateway/v4/search/dollar-missy?rows=50&o=2250&plaEnabled=false&xdEnabled=false&isFacet=true&p=46 on attempt 3/3: HTTP Error 400:  | run_id=run_20260929_110725_467584_2daea7 | route=https://www.myntra.com/gateway/v4/search/dollar-missy?rows=50&o=2250&plaEnabled=false&xdEnabled=false&isFacet=true&p=46 | attempt=3/3
2026-09-29 11:36:59 | WARNING | NETWORK   | JSON request failed for https://www.myntra.com/gateway/v4/search/dollar-missy?rows=50&o=2249&plaEnabled=false&xdEnabled=false&isFacet=true&p=46 on attempt 1/3: HTTP Error 400:  | run_id=run_20260929_110725_467584_2daea7 | route=https://www.myntra.com/gateway/v4/search/dollar-missy?rows=50&o=2249&plaEnabled=false&xdEnabled=false&isFacet=true&p=46 | attempt=1/3
2026-09-29 11:37:01 | WARNING | NETWORK   | JSON request failed for https://www.myntra.com/gateway/v4/search/dollar-missy?rows=50&o=2249&plaEnabled=false&xdEnabled=false&isFacet=true&p=46 on attempt 2/3: HTTP Error 400:  | run_id=run_20260929_110725_467584_2daea7 | route=https://www.myntra.com/gateway/v4/search/dollar-missy?rows=50&o=2249&plaEnabled=false&xdEnabled=false&isFacet=true&p=46 | attempt=2/3
2026-09-29 11:37:03 | WARNING | NETWORK   | JSON request failed for https://www.myntra.com/gateway/v4/search/dollar-missy?rows=50&o=2249&plaEnabled=false&xdEnabled=false&isFacet=true&p=46 on attempt 3/3: HTTP Error 400:  | run_id=run_20260929_110725_467584_2daea7 | route=https://www.myntra.com/gateway/v4/search/dollar-missy?rows=50&o=2249&plaEnabled=false&xdEnabled=false&isFacet=true&p=46 | attempt=3/3
2026-09-29 11:37:04 | WARNING | LISTING   | Route fetch failed for https://www.myntra.com/dollar-missy page 46 (Failed to fetch JSON payload from https://www.myntra.com/gateway/v4/search/dollar-missy?rows=50&o=2249&plaEnabled=false&xdEnabled=false&isFacet=true&p=46: HTTP Error 400: ). Will retry with another pass or fallback route. | run_id=run_20260929_110725_467584_2daea7 | brand=Dollar (Forcenxt) | page=46 | route=https://www.myntra.com/dollar-missy
2026-09-29 11:37:04 | WARNING | LISTING   | Retrying route https://www.myntra.com/dollar-missy for Dollar (Forcenxt) (pass 1/2) after incomplete coverage: 1557/2173 unique products seen. | run_id=run_20260929_110725_467584_2daea7 | brand=Dollar (Forcenxt) | route=https://www.myntra.com/dollar-missy | seen=1557 | expected=2173 | attempt=1/2
2026-09-29 11:37:04 | INFO    | LISTING   | Listing Dollar (Forcenxt) route https://www.myntra.com/dollar-missy page 1 -> https://www.myntra.com/gateway/v4/search/dollar-missy?rows=50&o=0&plaEnabled=false&xdEnabled=false&isFacet=true&p=1 | run_id=run_20260929_110725_467584_2daea7 | brand=Dollar (Forcenxt) | page=1 | route=https://www.myntra.com/dollar-missy | seen=1557 | expected=2173
2026-09-29 11:37:05 | INFO    | LISTING   | Listing Dollar (Forcenxt) route https://www.myntra.com/dollar-missy page 2 -> https://www.myntra.com/gateway/v4/search/dollar-missy?rows=50&o=50&plaEnabled=false&xdEnabled=false&isFacet=true&p=2 | run_id=run_20260929_110725_467584_2daea7 | brand=Dollar (Forcenxt) | page=2 | route=https://www.myntra.com/dollar-missy | seen=1557 | expected=2173
2026-09-29 11:37:06 | INFO    | LISTING   | Listing Dollar (Forcenxt) route https://www.myntra.com/dollar-missy page 3 -> https://www.myntra.com/gateway/v4/search/dollar-missy?rows=50&o=100&plaEnabled=false&xdEnabled=false&isFacet=true&p=3 | run_id=run_20260929_110725_467584_2daea7 | brand=Dollar (Forcenxt) | page=3 | route=https://www.myntra.com/dollar-missy | seen=1557 | expected=2173
2026-09-29 11:37:06 | WARNING | LISTING   | Route https://www.myntra.com/dollar-missy for Dollar (Forcenxt) stalled for 3 consecutive pages before reaching expected total; restarting route pass. | run_id=run_20260929_110725_467584_2daea7 | brand=Dollar (Forcenxt) | page=3 | route=https://www.myntra.com/dollar-missy | seen=1557 | expected=2173
2026-09-29 11:37:06 | WARNING | LISTING   | Retrying route https://www.myntra.com/dollar-missy for Dollar (Forcenxt) (pass 2/2) after incomplete coverage: 1557/2173 unique products seen. | run_id=run_20260929_110725_467584_2daea7 | brand=Dollar (Forcenxt) | route=https://www.myntra.com/dollar-missy | seen=1557 | expected=2173 | attempt=2/2
2026-09-29 11:37:06 | INFO    | LISTING   | Listing Dollar (Forcenxt) route https://www.myntra.com/dollar-missy page 1 -> https://www.myntra.com/gateway/v4/search/dollar-missy?rows=50&o=0&plaEnabled=false&xdEnabled=false&isFacet=true&p=1 | run_id=run_20260929_110725_467584_2daea7 | brand=Dollar (Forcenxt) | page=1 | route=https://www.myntra.com/dollar-missy | seen=1557 | expected=2173
2026-09-29 11:37:07 | INFO    | LISTING   | Listing Dollar (Forcenxt) route https://www.myntra.com/dollar-missy page 2 -> https://www.myntra.com/gateway/v4/search/dollar-missy?rows=50&o=50&plaEnabled=false&xdEnabled=false&isFacet=true&p=2 | run_id=run_20260929_110725_467584_2daea7 | brand=Dollar (Forcenxt) | page=2 | route=https://www.myntra.com/dollar-missy | seen=1557 | expected=2173
2026-09-29 11:37:08 | INFO    | LISTING   | Listing Dollar (Forcenxt) route https://www.myntra.com/dollar-missy page 3 -> https://www.myntra.com/gateway/v4/search/dollar-missy?rows=50&o=100&plaEnabled=false&xdEnabled=false&isFacet=true&p=3 | run_id=run_20260929_110725_467584_2daea7 | brand=Dollar (Forcenxt) | page=3 | route=https://www.myntra.com/dollar-missy | seen=1557 | expected=2173
2026-09-29 11:37:09 | WARNING | LISTING   | Route https://www.myntra.com/dollar-missy for Dollar (Forcenxt) stalled for 3 consecutive pages before reaching expected total; restarting route pass. | run_id=run_20260929_110725_467584_2daea7 | brand=Dollar (Forcenxt) | page=3 | route=https://www.myntra.com/dollar-missy | seen=1557 | expected=2173
2026-09-29 11:37:09 | INFO    | LISTING   | Listing Dollar (Forcenxt) route https://www.myntra.com/dollar-bigboss page 1 -> https://www.myntra.com/gateway/v4/search/dollar-bigboss?rows=50&o=0&plaEnabled=false&xdEnabled=false&isFacet=true&p=1 | run_id=run_20260929_110725_467584_2daea7 | brand=Dollar (Forcenxt) | page=1 | route=https://www.myntra.com/dollar-bigboss | seen=0 | expected=1288
2026-09-29 11:37:10 | INFO    | LISTING   | Listing Dollar (Forcenxt) route https://www.myntra.com/dollar-bigboss page 2 -> https://www.myntra.com/gateway/v4/search/dollar-bigboss?rows=50&o=50&plaEnabled=false&xdEnabled=false&isFacet=true&p=2 | run_id=run_20260929_110725_467584_2daea7 | brand=Dollar (Forcenxt) | page=2 | route=https://www.myntra.com/dollar-bigboss | seen=50 | expected=1288
2026-09-29 11:37:10 | INFO    | LISTING   | Listing Dollar (Forcenxt) route https://www.myntra.com/dollar-bigboss page 3 -> https://www.myntra.com/gateway/v4/search/dollar-bigboss?rows=50&o=100&plaEnabled=false&xdEnabled=false&isFacet=true&p=3 | run_id=run_20260929_110725_467584_2daea7 | brand=Dollar (Forcenxt) | page=3 | route=https://www.myntra.com/dollar-bigboss | seen=99 | expected=1288
2026-09-29 11:37:11 | INFO    | PDP       | Processed 1 target products for Dollar (Forcenxt) in 1s (85.08 products/min). | run_id=run_20260929_110725_467584_2daea7 | brand=Dollar (Forcenxt) | saved=1 | elapsed_label=1s | products_per_minute=85.08
2026-09-29 11:37:11 | INFO    | LISTING   | Listing Dollar (Forcenxt) route https://www.myntra.com/dollar-bigboss page 4 -> https://www.myntra.com/gateway/v4/search/dollar-bigboss?rows=50&o=150&plaEnabled=false&xdEnabled=false&isFacet=true&p=4 | run_id=run_20260929_110725_467584_2daea7 | brand=Dollar (Forcenxt) | page=4 | route=https://www.myntra.com/dollar-bigboss | seen=149 | expected=1288
2026-09-29 11:37:12 | INFO    | LISTING   | Listing Dollar (Forcenxt) route https://www.myntra.com/dollar-bigboss page 5 -> https://www.myntra.com/gateway/v4/search/dollar-bigboss?rows=50&o=200&plaEnabled=false&xdEnabled=false&isFacet=true&p=5 | run_id=run_20260929_110725_467584_2daea7 | brand=Dollar (Forcenxt) | page=5 | route=https://www.myntra.com/dollar-bigboss | seen=199 | expected=1288
2026-09-29 11:37:13 | INFO    | LISTING   | Listing Dollar (Forcenxt) route https://www.myntra.com/dollar-bigboss page 6 -> https://www.myntra.com/gateway/v4/search/dollar-bigboss?rows=50&o=250&plaEnabled=false&xdEnabled=false&isFacet=true&p=6 | run_id=run_20260929_110725_467584_2daea7 | brand=Dollar (Forcenxt) | page=6 | route=https://www.myntra.com/dollar-bigboss | seen=249 | expected=1288
2026-09-29 11:37:13 | INFO    | LISTING   | Listing Dollar (Forcenxt) route https://www.myntra.com/dollar-bigboss page 7 -> https://www.myntra.com/gateway/v4/search/dollar-bigboss?rows=50&o=300&plaEnabled=false&xdEnabled=false&isFacet=true&p=7 | run_id=run_20260929_110725_467584_2daea7 | brand=Dollar (Forcenxt) | page=7 | route=https://www.myntra.com/dollar-bigboss | seen=298 | expected=1288
2026-09-29 11:37:14 | INFO    | LISTING   | Listing Dollar (Forcenxt) route https://www.myntra.com/dollar-bigboss page 8 -> https://www.myntra.com/gateway/v4/search/dollar-bigboss?rows=50&o=350&plaEnabled=false&xdEnabled=false&isFacet=true&p=8 | run_id=run_20260929_110725_467584_2daea7 | brand=Dollar (Forcenxt) | page=8 | route=https://www.myntra.com/dollar-bigboss | seen=348 | expected=1288
2026-09-29 11:37:14 | INFO    | LISTING   | Listing Dollar (Forcenxt) route https://www.myntra.com/dollar-bigboss page 9 -> https://www.myntra.com/gateway/v4/search/dollar-bigboss?rows=50&o=400&plaEnabled=false&xdEnabled=false&isFacet=true&p=9 | run_id=run_20260929_110725_467584_2daea7 | brand=Dollar (Forcenxt) | page=9 | route=https://www.myntra.com/dollar-bigboss | seen=398 | expected=1288
2026-09-29 11:37:15 | INFO    | LISTING   | Listing Dollar (Forcenxt) route https://www.myntra.com/dollar-bigboss page 10 -> https://www.myntra.com/gateway/v4/search/dollar-bigboss?rows=50&o=450&plaEnabled=false&xdEnabled=false&isFacet=true&p=10 | run_id=run_20260929_110725_467584_2daea7 | brand=Dollar (Forcenxt) | page=10 | route=https://www.myntra.com/dollar-bigboss | seen=448 | expected=1288
2026-09-29 11:37:16 | INFO    | LISTING   | Listing Dollar (Forcenxt) route https://www.myntra.com/dollar-bigboss page 11 -> https://www.myntra.com/gateway/v4/search/dollar-bigboss?rows=50&o=500&plaEnabled=false&xdEnabled=false&isFacet=true&p=11 | run_id=run_20260929_110725_467584_2daea7 | brand=Dollar (Forcenxt) | page=11 | route=https://www.myntra.com/dollar-bigboss | seen=496 | expected=1288
2026-09-29 11:37:16 | INFO    | LISTING   | Listing Dollar (Forcenxt) route https://www.myntra.com/dollar-bigboss page 12 -> https://www.myntra.com/gateway/v4/search/dollar-bigboss?rows=50&o=550&plaEnabled=false&xdEnabled=false&isFacet=true&p=12 | run_id=run_20260929_110725_467584_2daea7 | brand=Dollar (Forcenxt) | page=12 | route=https://www.myntra.com/dollar-bigboss | seen=546 | expected=1288
2026-09-29 11:37:17 | INFO    | LISTING   | Listing Dollar (Forcenxt) route https://www.myntra.com/dollar-bigboss page 13 -> https://www.myntra.com/gateway/v4/search/dollar-bigboss?rows=50&o=600&plaEnabled=false&xdEnabled=false&isFacet=true&p=13 | run_id=run_20260929_110725_467584_2daea7 | brand=Dollar (Forcenxt) | page=13 | route=https://www.myntra.com/dollar-bigboss | seen=596 | expected=1288
2026-09-29 11:37:17 | INFO    | LISTING   | Listing Dollar (Forcenxt) route https://www.myntra.com/dollar-bigboss page 14 -> https://www.myntra.com/gateway/v4/search/dollar-bigboss?rows=50&o=650&plaEnabled=false&xdEnabled=false&isFacet=true&p=14 | run_id=run_20260929_110725_467584_2daea7 | brand=Dollar (Forcenxt) | page=14 | route=https://www.myntra.com/dollar-bigboss | seen=646 | expected=1288
2026-09-29 11:37:18 | INFO    | LISTING   | Listing Dollar (Forcenxt) route https://www.myntra.com/dollar-bigboss page 15 -> https://www.myntra.com/gateway/v4/search/dollar-bigboss?rows=50&o=700&plaEnabled=false&xdEnabled=false&isFacet=true&p=15 | run_id=run_20260929_110725_467584_2daea7 | brand=Dollar (Forcenxt) | page=15 | route=https://www.myntra.com/dollar-bigboss | seen=696 | expected=1288
2026-09-29 11:37:18 | INFO    | LISTING   | Listing Dollar (Forcenxt) route https://www.myntra.com/dollar-bigboss page 16 -> https://www.myntra.com/gateway/v4/search/dollar-bigboss?rows=50&o=750&plaEnabled=false&xdEnabled=false&isFacet=true&p=16 | run_id=run_20260929_110725_467584_2daea7 | brand=Dollar (Forcenxt) | page=16 | route=https://www.myntra.com/dollar-bigboss | seen=746 | expected=1288
2026-09-29 11:37:19 | INFO    | LISTING   | Listing Dollar (Forcenxt) route https://www.myntra.com/dollar-bigboss page 17 -> https://www.myntra.com/gateway/v4/search/dollar-bigboss?rows=50&o=800&plaEnabled=false&xdEnabled=false&isFacet=true&p=17 | run_id=run_20260929_110725_467584_2daea7 | brand=Dollar (Forcenxt) | page=17 | route=https://www.myntra.com/dollar-bigboss | seen=796 | expected=1288
2026-09-29 11:37:20 | INFO    | LISTING   | Listing Dollar (Forcenxt) route https://www.myntra.com/dollar-bigboss page 18 -> https://www.myntra.com/gateway/v4/search/dollar-bigboss?rows=50&o=850&plaEnabled=false&xdEnabled=false&isFacet=true&p=18 | run_id=run_20260929_110725_467584_2daea7 | brand=Dollar (Forcenxt) | page=18 | route=https://www.myntra.com/dollar-bigboss | seen=846 | expected=1288
2026-09-29 11:37:20 | INFO    | LISTING   | Listing Dollar (Forcenxt) route https://www.myntra.com/dollar-bigboss page 19 -> https://www.myntra.com/gateway/v4/search/dollar-bigboss?rows=50&o=900&plaEnabled=false&xdEnabled=false&isFacet=true&p=19 | run_id=run_20260929_110725_467584_2daea7 | brand=Dollar (Forcenxt) | page=19 | route=https://www.myntra.com/dollar-bigboss | seen=896 | expected=1288
2026-09-29 11:37:21 | INFO    | LISTING   | Listing Dollar (Forcenxt) route https://www.myntra.com/dollar-bigboss page 20 -> https://www.myntra.com/gateway/v4/search/dollar-bigboss?rows=50&o=950&plaEnabled=false&xdEnabled=false&isFacet=true&p=20 | run_id=run_20260929_110725_467584_2daea7 | brand=Dollar (Forcenxt) | page=20 | route=https://www.myntra.com/dollar-bigboss | seen=946 | expected=1288
2026-09-29 11:37:22 | INFO    | LISTING   | Listing Dollar (Forcenxt) route https://www.myntra.com/dollar-bigboss page 21 -> https://www.myntra.com/gateway/v4/search/dollar-bigboss?rows=50&o=1000&plaEnabled=false&xdEnabled=false&isFacet=true&p=21 | run_id=run_20260929_110725_467584_2daea7 | brand=Dollar (Forcenxt) | page=21 | route=https://www.myntra.com/dollar-bigboss | seen=996 | expected=1288
2026-09-29 11:37:22 | INFO    | LISTING   | Listing Dollar (Forcenxt) route https://www.myntra.com/dollar-bigboss page 22 -> https://www.myntra.com/gateway/v4/search/dollar-bigboss?rows=50&o=1050&plaEnabled=false&xdEnabled=false&isFacet=true&p=22 | run_id=run_20260929_110725_467584_2daea7 | brand=Dollar (Forcenxt) | page=22 | route=https://www.myntra.com/dollar-bigboss | seen=1046 | expected=1288
2026-09-29 11:37:23 | INFO    | LISTING   | Listing Dollar (Forcenxt) route https://www.myntra.com/dollar-bigboss page 23 -> https://www.myntra.com/gateway/v4/search/dollar-bigboss?rows=50&o=1100&plaEnabled=false&xdEnabled=false&isFacet=true&p=23 | run_id=run_20260929_110725_467584_2daea7 | brand=Dollar (Forcenxt) | page=23 | route=https://www.myntra.com/dollar-bigboss | seen=1096 | expected=1288
2026-09-29 11:37:24 | INFO    | LISTING   | Listing Dollar (Forcenxt) route https://www.myntra.com/dollar-bigboss page 24 -> https://www.myntra.com/gateway/v4/search/dollar-bigboss?rows=50&o=1150&plaEnabled=false&xdEnabled=false&isFacet=true&p=24 | run_id=run_20260929_110725_467584_2daea7 | brand=Dollar (Forcenxt) | page=24 | route=https://www.myntra.com/dollar-bigboss | seen=1146 | expected=1288
2026-09-29 11:37:24 | INFO    | LISTING   | Listing Dollar (Forcenxt) route https://www.myntra.com/dollar-bigboss page 25 -> https://www.myntra.com/gateway/v4/search/dollar-bigboss?rows=50&o=1200&plaEnabled=false&xdEnabled=false&isFacet=true&p=25 | run_id=run_20260929_110725_467584_2daea7 | brand=Dollar (Forcenxt) | page=25 | route=https://www.myntra.com/dollar-bigboss | seen=1196 | expected=1288
2026-09-29 11:37:25 | INFO    | LISTING   | Listing Dollar (Forcenxt) route https://www.myntra.com/dollar-bigboss page 26 -> https://www.myntra.com/gateway/v4/search/dollar-bigboss?rows=50&o=1250&plaEnabled=false&xdEnabled=false&isFacet=true&p=26 | run_id=run_20260929_110725_467584_2daea7 | brand=Dollar (Forcenxt) | page=26 | route=https://www.myntra.com/dollar-bigboss | seen=1246 | expected=1288
2026-09-29 11:37:25 | INFO    | LISTING   | Listing Dollar (Forcenxt) route https://www.myntra.com/dollar-bigboss page 27 -> https://www.myntra.com/gateway/v4/search/dollar-bigboss?rows=50&o=1300&plaEnabled=false&xdEnabled=false&isFacet=true&p=27 | run_id=run_20260929_110725_467584_2daea7 | brand=Dollar (Forcenxt) | page=27 | route=https://www.myntra.com/dollar-bigboss | seen=1287 | expected=1288
2026-09-29 11:37:26 | WARNING | LISTING   | Empty listing page for Dollar (Forcenxt) on page 27 before expected end; continuing. | run_id=run_20260929_110725_467584_2daea7 | brand=Dollar (Forcenxt) | page=27 | route=https://www.myntra.com/dollar-bigboss
2026-09-29 11:37:26 | INFO    | LISTING   | Listing Dollar (Forcenxt) route https://www.myntra.com/dollar-bigboss page 28 -> https://www.myntra.com/gateway/v4/search/dollar-bigboss?rows=50&o=1350&plaEnabled=false&xdEnabled=false&isFacet=true&p=28 | run_id=run_20260929_110725_467584_2daea7 | brand=Dollar (Forcenxt) | page=28 | route=https://www.myntra.com/dollar-bigboss | seen=1287 | expected=1288
2026-09-29 11:37:26 | WARNING | NETWORK   | JSON request failed for https://www.myntra.com/gateway/v4/search/dollar-bigboss?rows=50&o=1350&plaEnabled=false&xdEnabled=false&isFacet=true&p=28 on attempt 1/3: HTTP Error 400:  | run_id=run_20260929_110725_467584_2daea7 | route=https://www.myntra.com/gateway/v4/search/dollar-bigboss?rows=50&o=1350&plaEnabled=false&xdEnabled=false&isFacet=true&p=28 | attempt=1/3
2026-09-29 11:37:28 | WARNING | NETWORK   | JSON request failed for https://www.myntra.com/gateway/v4/search/dollar-bigboss?rows=50&o=1350&plaEnabled=false&xdEnabled=false&isFacet=true&p=28 on attempt 2/3: HTTP Error 400:  | run_id=run_20260929_110725_467584_2daea7 | route=https://www.myntra.com/gateway/v4/search/dollar-bigboss?rows=50&o=1350&plaEnabled=false&xdEnabled=false&isFacet=true&p=28 | attempt=2/3
2026-09-29 11:37:30 | WARNING | NETWORK   | JSON request failed for https://www.myntra.com/gateway/v4/search/dollar-bigboss?rows=50&o=1350&plaEnabled=false&xdEnabled=false&isFacet=true&p=28 on attempt 3/3: HTTP Error 400:  | run_id=run_20260929_110725_467584_2daea7 | route=https://www.myntra.com/gateway/v4/search/dollar-bigboss?rows=50&o=1350&plaEnabled=false&xdEnabled=false&isFacet=true&p=28 | attempt=3/3
2026-09-29 11:37:31 | WARNING | NETWORK   | JSON request failed for https://www.myntra.com/gateway/v4/search/dollar-bigboss?rows=50&o=1349&plaEnabled=false&xdEnabled=false&isFacet=true&p=28 on attempt 1/3: HTTP Error 400:  | run_id=run_20260929_110725_467584_2daea7 | route=https://www.myntra.com/gateway/v4/search/dollar-bigboss?rows=50&o=1349&plaEnabled=false&xdEnabled=false&isFacet=true&p=28 | attempt=1/3
2026-09-29 11:37:32 | WARNING | NETWORK   | JSON request failed for https://www.myntra.com/gateway/v4/search/dollar-bigboss?rows=50&o=1349&plaEnabled=false&xdEnabled=false&isFacet=true&p=28 on attempt 2/3: HTTP Error 400:  | run_id=run_20260929_110725_467584_2daea7 | route=https://www.myntra.com/gateway/v4/search/dollar-bigboss?rows=50&o=1349&plaEnabled=false&xdEnabled=false&isFacet=true&p=28 | attempt=2/3
2026-09-29 11:37:35 | WARNING | NETWORK   | JSON request failed for https://www.myntra.com/gateway/v4/search/dollar-bigboss?rows=50&o=1349&plaEnabled=false&xdEnabled=false&isFacet=true&p=28 on attempt 3/3: HTTP Error 400:  | run_id=run_20260929_110725_467584_2daea7 | route=https://www.myntra.com/gateway/v4/search/dollar-bigboss?rows=50&o=1349&plaEnabled=false&xdEnabled=false&isFacet=true&p=28 | attempt=3/3
2026-09-29 11:37:35 | WARNING | LISTING   | Route fetch failed for https://www.myntra.com/dollar-bigboss page 28 (Failed to fetch JSON payload from https://www.myntra.com/gateway/v4/search/dollar-bigboss?rows=50&o=1349&plaEnabled=false&xdEnabled=false&isFacet=true&p=28: HTTP Error 400: ). Will retry with another pass or fallback route. | run_id=run_20260929_110725_467584_2daea7 | brand=Dollar (Forcenxt) | page=28 | route=https://www.myntra.com/dollar-bigboss
2026-09-29 11:37:35 | INFO    | LISTING   | Listing Dollar (Forcenxt) route https://www.myntra.com/tshirts?f=Brand%3ADollar page 1 -> https://www.myntra.com/gateway/v4/search/tshirts?f=Brand%3ADollar&rows=50&o=0&plaEnabled=false&xdEnabled=false&isFacet=true&p=1 | run_id=run_20260929_110725_467584_2daea7 | brand=Dollar (Forcenxt) | page=1 | route=https://www.myntra.com/tshirts?f=Brand%3ADollar | seen=0 | expected=1202
2026-09-29 11:37:37 | INFO    | LISTING   | Listing Dollar (Forcenxt) route https://www.myntra.com/tshirts?f=Brand%3ADollar page 2 -> https://www.myntra.com/gateway/v4/search/tshirts?f=Brand%3ADollar&rows=50&o=50&plaEnabled=false&xdEnabled=false&isFacet=true&p=2 | run_id=run_20260929_110725_467584_2daea7 | brand=Dollar (Forcenxt) | page=2 | route=https://www.myntra.com/tshirts?f=Brand%3ADollar | seen=48 | expected=1202
2026-09-29 11:37:38 | INFO    | LISTING   | Listing Dollar (Forcenxt) route https://www.myntra.com/tshirts?f=Brand%3ADollar page 3 -> https://www.myntra.com/gateway/v4/search/tshirts?f=Brand%3ADollar&rows=50&o=100&plaEnabled=false&xdEnabled=false&isFacet=true&p=3 | run_id=run_20260929_110725_467584_2daea7 | brand=Dollar (Forcenxt) | page=3 | route=https://www.myntra.com/tshirts?f=Brand%3ADollar | seen=85 | expected=1202
2026-09-29 11:37:38 | INFO    | LISTING   | Listing Dollar (Forcenxt) route https://www.myntra.com/tshirts?f=Brand%3ADollar page 4 -> https://www.myntra.com/gateway/v4/search/tshirts?f=Brand%3ADollar&rows=50&o=150&plaEnabled=false&xdEnabled=false&isFacet=true&p=4 | run_id=run_20260929_110725_467584_2daea7 | brand=Dollar (Forcenxt) | page=4 | route=https://www.myntra.com/tshirts?f=Brand%3ADollar | seen=126 | expected=1202
2026-09-29 11:37:39 | INFO    | LISTING   | Listing Dollar (Forcenxt) route https://www.myntra.com/tshirts?f=Brand%3ADollar page 5 -> https://www.myntra.com/gateway/v4/search/tshirts?f=Brand%3ADollar&rows=50&o=200&plaEnabled=false&xdEnabled=false&isFacet=true&p=5 | run_id=run_20260929_110725_467584_2daea7 | brand=Dollar (Forcenxt) | page=5 | route=https://www.myntra.com/tshirts?f=Brand%3ADollar | seen=169 | expected=1202
2026-09-29 11:37:40 | INFO    | LISTING   | Listing Dollar (Forcenxt) route https://www.myntra.com/tshirts?f=Brand%3ADollar page 6 -> https://www.myntra.com/gateway/v4/search/tshirts?f=Brand%3ADollar&rows=50&o=250&plaEnabled=false&xdEnabled=false&isFacet=true&p=6 | run_id=run_20260929_110725_467584_2daea7 | brand=Dollar (Forcenxt) | page=6 | route=https://www.myntra.com/tshirts?f=Brand%3ADollar | seen=207 | expected=1202
2026-09-29 11:37:41 | INFO    | LISTING   | Listing Dollar (Forcenxt) route https://www.myntra.com/tshirts?f=Brand%3ADollar page 7 -> https://www.myntra.com/gateway/v4/search/tshirts?f=Brand%3ADollar&rows=50&o=300&plaEnabled=false&xdEnabled=false&isFacet=true&p=7 | run_id=run_20260929_110725_467584_2daea7 | brand=Dollar (Forcenxt) | page=7 | route=https://www.myntra.com/tshirts?f=Brand%3ADollar | seen=240 | expected=1202
2026-09-29 11:37:42 | INFO    | LISTING   | Listing Dollar (Forcenxt) route https://www.myntra.com/tshirts?f=Brand%3ADollar page 8 -> https://www.myntra.com/gateway/v4/search/tshirts?f=Brand%3ADollar&rows=50&o=350&plaEnabled=false&xdEnabled=false&isFacet=true&p=8 | run_id=run_20260929_110725_467584_2daea7 | brand=Dollar (Forcenxt) | page=8 | route=https://www.myntra.com/tshirts?f=Brand%3ADollar | seen=276 | expected=1202
2026-09-29 11:37:43 | INFO    | LISTING   | Listing Dollar (Forcenxt) route https://www.myntra.com/tshirts?f=Brand%3ADollar page 9 -> https://www.myntra.com/gateway/v4/search/tshirts?f=Brand%3ADollar&rows=50&o=400&plaEnabled=false&xdEnabled=false&isFacet=true&p=9 | run_id=run_20260929_110725_467584_2daea7 | brand=Dollar (Forcenxt) | page=9 | route=https://www.myntra.com/tshirts?f=Brand%3ADollar | seen=321 | expected=1202
2026-09-29 11:37:43 | INFO    | LISTING   | Listing Dollar (Forcenxt) route https://www.myntra.com/tshirts?f=Brand%3ADollar page 10 -> https://www.myntra.com/gateway/v4/search/tshirts?f=Brand%3ADollar&rows=50&o=450&plaEnabled=false&xdEnabled=false&isFacet=true&p=10 | run_id=run_20260929_110725_467584_2daea7 | brand=Dollar (Forcenxt) | page=10 | route=https://www.myntra.com/tshirts?f=Brand%3ADollar | seen=371 | expected=1202
2026-09-29 11:37:44 | INFO    | LISTING   | Listing Dollar (Forcenxt) route https://www.myntra.com/tshirts?f=Brand%3ADollar page 11 -> https://www.myntra.com/gateway/v4/search/tshirts?f=Brand%3ADollar&rows=50&o=500&plaEnabled=false&xdEnabled=false&isFacet=true&p=11 | run_id=run_20260929_110725_467584_2daea7 | brand=Dollar (Forcenxt) | page=11 | route=https://www.myntra.com/tshirts?f=Brand%3ADollar | seen=421 | expected=1202
2026-09-29 11:37:45 | INFO    | LISTING   | Listing Dollar (Forcenxt) route https://www.myntra.com/tshirts?f=Brand%3ADollar page 12 -> https://www.myntra.com/gateway/v4/search/tshirts?f=Brand%3ADollar&rows=50&o=550&plaEnabled=false&xdEnabled=false&isFacet=true&p=12 | run_id=run_20260929_110725_467584_2daea7 | brand=Dollar (Forcenxt) | page=12 | route=https://www.myntra.com/tshirts?f=Brand%3ADollar | seen=471 | expected=1202
2026-09-29 11:37:45 | INFO    | LISTING   | Listing Dollar (Forcenxt) route https://www.myntra.com/tshirts?f=Brand%3ADollar page 13 -> https://www.myntra.com/gateway/v4/search/tshirts?f=Brand%3ADollar&rows=50&o=600&plaEnabled=false&xdEnabled=false&isFacet=true&p=13 | run_id=run_20260929_110725_467584_2daea7 | brand=Dollar (Forcenxt) | page=13 | route=https://www.myntra.com/tshirts?f=Brand%3ADollar | seen=521 | expected=1202
2026-09-29 11:37:46 | INFO    | LISTING   | Listing Dollar (Forcenxt) route https://www.myntra.com/tshirts?f=Brand%3ADollar page 14 -> https://www.myntra.com/gateway/v4/search/tshirts?f=Brand%3ADollar&rows=50&o=650&plaEnabled=false&xdEnabled=false&isFacet=true&p=14 | run_id=run_20260929_110725_467584_2daea7 | brand=Dollar (Forcenxt) | page=14 | route=https://www.myntra.com/tshirts?f=Brand%3ADollar | seen=571 | expected=1202
2026-09-29 11:37:46 | INFO    | LISTING   | Listing Dollar (Forcenxt) route https://www.myntra.com/tshirts?f=Brand%3ADollar page 15 -> https://www.myntra.com/gateway/v4/search/tshirts?f=Brand%3ADollar&rows=50&o=700&plaEnabled=false&xdEnabled=false&isFacet=true&p=15 | run_id=run_20260929_110725_467584_2daea7 | brand=Dollar (Forcenxt) | page=15 | route=https://www.myntra.com/tshirts?f=Brand%3ADollar | seen=621 | expected=1202
2026-09-29 11:37:47 | INFO    | LISTING   | Listing Dollar (Forcenxt) route https://www.myntra.com/tshirts?f=Brand%3ADollar page 16 -> https://www.myntra.com/gateway/v4/search/tshirts?f=Brand%3ADollar&rows=50&o=750&plaEnabled=false&xdEnabled=false&isFacet=true&p=16 | run_id=run_20260929_110725_467584_2daea7 | brand=Dollar (Forcenxt) | page=16 | route=https://www.myntra.com/tshirts?f=Brand%3ADollar | seen=663 | expected=1202
2026-09-29 11:37:48 | INFO    | LISTING   | Listing Dollar (Forcenxt) route https://www.myntra.com/tshirts?f=Brand%3ADollar page 17 -> https://www.myntra.com/gateway/v4/search/tshirts?f=Brand%3ADollar&rows=50&o=800&plaEnabled=false&xdEnabled=false&isFacet=true&p=17 | run_id=run_20260929_110725_467584_2daea7 | brand=Dollar (Forcenxt) | page=17 | route=https://www.myntra.com/tshirts?f=Brand%3ADollar | seen=710 | expected=1202
2026-09-29 11:37:48 | INFO    | LISTING   | Listing Dollar (Forcenxt) route https://www.myntra.com/tshirts?f=Brand%3ADollar page 18 -> https://www.myntra.com/gateway/v4/search/tshirts?f=Brand%3ADollar&rows=50&o=850&plaEnabled=false&xdEnabled=false&isFacet=true&p=18 | run_id=run_20260929_110725_467584_2daea7 | brand=Dollar (Forcenxt) | page=18 | route=https://www.myntra.com/tshirts?f=Brand%3ADollar | seen=754 | expected=1202
2026-09-29 11:37:49 | INFO    | LISTING   | Listing Dollar (Forcenxt) route https://www.myntra.com/tshirts?f=Brand%3ADollar page 19 -> https://www.myntra.com/gateway/v4/search/tshirts?f=Brand%3ADollar&rows=50&o=900&plaEnabled=false&xdEnabled=false&isFacet=true&p=19 | run_id=run_20260929_110725_467584_2daea7 | brand=Dollar (Forcenxt) | page=19 | route=https://www.myntra.com/tshirts?f=Brand%3ADollar | seen=778 | expected=1202
2026-09-29 11:37:50 | INFO    | LISTING   | Listing Dollar (Forcenxt) route https://www.myntra.com/tshirts?f=Brand%3ADollar page 20 -> https://www.myntra.com/gateway/v4/search/tshirts?f=Brand%3ADollar&rows=50&o=950&plaEnabled=false&xdEnabled=false&isFacet=true&p=20 | run_id=run_20260929_110725_467584_2daea7 | brand=Dollar (Forcenxt) | page=20 | route=https://www.myntra.com/tshirts?f=Brand%3ADollar | seen=820 | expected=1202
2026-09-29 11:37:51 | INFO    | PDP       | Processed 1 target products for Dollar (Forcenxt) in 1s (119.11 products/min). | run_id=run_20260929_110725_467584_2daea7 | brand=Dollar (Forcenxt) | saved=1 | elapsed_label=1s | products_per_minute=119.11
2026-09-29 11:37:51 | INFO    | LISTING   | Listing Dollar (Forcenxt) route https://www.myntra.com/tshirts?f=Brand%3ADollar page 21 -> https://www.myntra.com/gateway/v4/search/tshirts?f=Brand%3ADollar&rows=50&o=1000&plaEnabled=false&xdEnabled=false&isFacet=true&p=21 | run_id=run_20260929_110725_467584_2daea7 | brand=Dollar (Forcenxt) | page=21 | route=https://www.myntra.com/tshirts?f=Brand%3ADollar | seen=865 | expected=1202
2026-09-29 11:37:52 | INFO    | LISTING   | Listing Dollar (Forcenxt) route https://www.myntra.com/tshirts?f=Brand%3ADollar page 22 -> https://www.myntra.com/gateway/v4/search/tshirts?f=Brand%3ADollar&rows=50&o=1050&plaEnabled=false&xdEnabled=false&isFacet=true&p=22 | run_id=run_20260929_110725_467584_2daea7 | brand=Dollar (Forcenxt) | page=22 | route=https://www.myntra.com/tshirts?f=Brand%3ADollar | seen=899 | expected=1202
2026-09-29 11:37:53 | INFO    | LISTING   | Listing Dollar (Forcenxt) route https://www.myntra.com/tshirts?f=Brand%3ADollar page 23 -> https://www.myntra.com/gateway/v4/search/tshirts?f=Brand%3ADollar&rows=50&o=1100&plaEnabled=false&xdEnabled=false&isFacet=true&p=23 | run_id=run_20260929_110725_467584_2daea7 | brand=Dollar (Forcenxt) | page=23 | route=https://www.myntra.com/tshirts?f=Brand%3ADollar | seen=934 | expected=1202
2026-09-29 11:37:53 | INFO    | LISTING   | Listing Dollar (Forcenxt) route https://www.myntra.com/tshirts?f=Brand%3ADollar page 24 -> https://www.myntra.com/gateway/v4/search/tshirts?f=Brand%3ADollar&rows=50&o=1150&plaEnabled=false&xdEnabled=false&isFacet=true&p=24 | run_id=run_20260929_110725_467584_2daea7 | brand=Dollar (Forcenxt) | page=24 | route=https://www.myntra.com/tshirts?f=Brand%3ADollar | seen=973 | expected=1202
2026-09-29 11:37:54 | INFO    | LISTING   | Listing Dollar (Forcenxt) route https://www.myntra.com/tshirts?f=Brand%3ADollar page 25 -> https://www.myntra.com/gateway/v4/search/tshirts?f=Brand%3ADollar&rows=50&o=1200&plaEnabled=false&xdEnabled=false&isFacet=true&p=25 | run_id=run_20260929_110725_467584_2daea7 | brand=Dollar (Forcenxt) | page=25 | route=https://www.myntra.com/tshirts?f=Brand%3ADollar | seen=1006 | expected=1202
2026-09-29 11:37:54 | INFO    | LISTING   | Listing Dollar (Forcenxt) route https://www.myntra.com/tshirts?f=Brand%3ADollar page 26 -> https://www.myntra.com/gateway/v4/search/tshirts?f=Brand%3ADollar&rows=50&o=1250&plaEnabled=false&xdEnabled=false&isFacet=true&p=26 | run_id=run_20260929_110725_467584_2daea7 | brand=Dollar (Forcenxt) | page=26 | route=https://www.myntra.com/tshirts?f=Brand%3ADollar | seen=1007 | expected=1202
2026-09-29 11:37:55 | WARNING | LISTING   | Empty listing page for Dollar (Forcenxt) on page 26 before expected end; continuing. | run_id=run_20260929_110725_467584_2daea7 | brand=Dollar (Forcenxt) | page=26 | route=https://www.myntra.com/tshirts?f=Brand%3ADollar
2026-09-29 11:37:55 | INFO    | LISTING   | Listing Dollar (Forcenxt) route https://www.myntra.com/tshirts?f=Brand%3ADollar page 27 -> https://www.myntra.com/gateway/v4/search/tshirts?f=Brand%3ADollar&rows=50&o=1300&plaEnabled=false&xdEnabled=false&isFacet=true&p=27 | run_id=run_20260929_110725_467584_2daea7 | brand=Dollar (Forcenxt) | page=27 | route=https://www.myntra.com/tshirts?f=Brand%3ADollar | seen=1007 | expected=1202
2026-09-29 11:37:55 | WARNING | NETWORK   | JSON request failed for https://www.myntra.com/gateway/v4/search/tshirts?f=Brand%3ADollar&rows=50&o=1300&plaEnabled=false&xdEnabled=false&isFacet=true&p=27 on attempt 1/3: HTTP Error 400:  | run_id=run_20260929_110725_467584_2daea7 | route=https://www.myntra.com/gateway/v4/search/tshirts?f=Brand%3ADollar&rows=50&o=1300&plaEnabled=false&xdEnabled=false&isFacet=true&p=27 | attempt=1/3
2026-09-29 11:37:57 | WARNING | NETWORK   | JSON request failed for https://www.myntra.com/gateway/v4/search/tshirts?f=Brand%3ADollar&rows=50&o=1300&plaEnabled=false&xdEnabled=false&isFacet=true&p=27 on attempt 2/3: HTTP Error 400:  | run_id=run_20260929_110725_467584_2daea7 | route=https://www.myntra.com/gateway/v4/search/tshirts?f=Brand%3ADollar&rows=50&o=1300&plaEnabled=false&xdEnabled=false&isFacet=true&p=27 | attempt=2/3
2026-09-29 11:38:00 | WARNING | NETWORK   | JSON request failed for https://www.myntra.com/gateway/v4/search/tshirts?f=Brand%3ADollar&rows=50&o=1300&plaEnabled=false&xdEnabled=false&isFacet=true&p=27 on attempt 3/3: HTTP Error 400:  | run_id=run_20260929_110725_467584_2daea7 | route=https://www.myntra.com/gateway/v4/search/tshirts?f=Brand%3ADollar&rows=50&o=1300&plaEnabled=false&xdEnabled=false&isFacet=true&p=27 | attempt=3/3
2026-09-29 11:38:00 | WARNING | NETWORK   | JSON request failed for https://www.myntra.com/gateway/v4/search/tshirts?f=Brand%3ADollar&rows=50&o=1299&plaEnabled=false&xdEnabled=false&isFacet=true&p=27 on attempt 1/3: HTTP Error 400:  | run_id=run_20260929_110725_467584_2daea7 | route=https://www.myntra.com/gateway/v4/search/tshirts?f=Brand%3ADollar&rows=50&o=1299&plaEnabled=false&xdEnabled=false&isFacet=true&p=27 | attempt=1/3
2026-09-29 11:38:02 | WARNING | NETWORK   | JSON request failed for https://www.myntra.com/gateway/v4/search/tshirts?f=Brand%3ADollar&rows=50&o=1299&plaEnabled=false&xdEnabled=false&isFacet=true&p=27 on attempt 2/3: HTTP Error 400:  | run_id=run_20260929_110725_467584_2daea7 | route=https://www.myntra.com/gateway/v4/search/tshirts?f=Brand%3ADollar&rows=50&o=1299&plaEnabled=false&xdEnabled=false&isFacet=true&p=27 | attempt=2/3
2026-09-29 11:38:05 | WARNING | NETWORK   | JSON request failed for https://www.myntra.com/gateway/v4/search/tshirts?f=Brand%3ADollar&rows=50&o=1299&plaEnabled=false&xdEnabled=false&isFacet=true&p=27 on attempt 3/3: HTTP Error 400:  | run_id=run_20260929_110725_467584_2daea7 | route=https://www.myntra.com/gateway/v4/search/tshirts?f=Brand%3ADollar&rows=50&o=1299&plaEnabled=false&xdEnabled=false&isFacet=true&p=27 | attempt=3/3
2026-09-29 11:38:05 | WARNING | LISTING   | Route fetch failed for https://www.myntra.com/tshirts?f=Brand%3ADollar page 27 (Failed to fetch JSON payload from https://www.myntra.com/gateway/v4/search/tshirts?f=Brand%3ADollar&rows=50&o=1299&plaEnabled=false&xdEnabled=false&isFacet=true&p=27: HTTP Error 400: ). Will retry with another pass or fallback route. | run_id=run_20260929_110725_467584_2daea7 | brand=Dollar (Forcenxt) | page=27 | route=https://www.myntra.com/tshirts?f=Brand%3ADollar
2026-09-29 11:38:05 | WARNING | LISTING   | Retrying route https://www.myntra.com/tshirts?f=Brand%3ADollar for Dollar (Forcenxt) (pass 1/2) after incomplete coverage: 1007/1202 unique products seen. | run_id=run_20260929_110725_467584_2daea7 | brand=Dollar (Forcenxt) | route=https://www.myntra.com/tshirts?f=Brand%3ADollar | seen=1007 | expected=1202 | attempt=1/2
2026-09-29 11:38:05 | INFO    | LISTING   | Listing Dollar (Forcenxt) route https://www.myntra.com/tshirts?f=Brand%3ADollar page 1 -> https://www.myntra.com/gateway/v4/search/tshirts?f=Brand%3ADollar&rows=50&o=0&plaEnabled=false&xdEnabled=false&isFacet=true&p=1 | run_id=run_20260929_110725_467584_2daea7 | brand=Dollar (Forcenxt) | page=1 | route=https://www.myntra.com/tshirts?f=Brand%3ADollar | seen=1007 | expected=1202
2026-09-29 11:38:07 | INFO    | LISTING   | Listing Dollar (Forcenxt) route https://www.myntra.com/tshirts?f=Brand%3ADollar page 2 -> https://www.myntra.com/gateway/v4/search/tshirts?f=Brand%3ADollar&rows=50&o=50&plaEnabled=false&xdEnabled=false&isFacet=true&p=2 | run_id=run_20260929_110725_467584_2daea7 | brand=Dollar (Forcenxt) | page=2 | route=https://www.myntra.com/tshirts?f=Brand%3ADollar | seen=1007 | expected=1202
2026-09-29 11:38:08 | INFO    | LISTING   | Listing Dollar (Forcenxt) route https://www.myntra.com/tshirts?f=Brand%3ADollar page 3 -> https://www.myntra.com/gateway/v4/search/tshirts?f=Brand%3ADollar&rows=50&o=100&plaEnabled=false&xdEnabled=false&isFacet=true&p=3 | run_id=run_20260929_110725_467584_2daea7 | brand=Dollar (Forcenxt) | page=3 | route=https://www.myntra.com/tshirts?f=Brand%3ADollar | seen=1007 | expected=1202
2026-09-29 11:38:08 | WARNING | LISTING   | Route https://www.myntra.com/tshirts?f=Brand%3ADollar for Dollar (Forcenxt) stalled for 3 consecutive pages before reaching expected total; restarting route pass. | run_id=run_20260929_110725_467584_2daea7 | brand=Dollar (Forcenxt) | page=3 | route=https://www.myntra.com/tshirts?f=Brand%3ADollar | seen=1007 | expected=1202
2026-09-29 11:38:08 | WARNING | LISTING   | Retrying route https://www.myntra.com/tshirts?f=Brand%3ADollar for Dollar (Forcenxt) (pass 2/2) after incomplete coverage: 1007/1202 unique products seen. | run_id=run_20260929_110725_467584_2daea7 | brand=Dollar (Forcenxt) | route=https://www.myntra.com/tshirts?f=Brand%3ADollar | seen=1007 | expected=1202 | attempt=2/2
2026-09-29 11:38:08 | INFO    | LISTING   | Listing Dollar (Forcenxt) route https://www.myntra.com/tshirts?f=Brand%3ADollar page 1 -> https://www.myntra.com/gateway/v4/search/tshirts?f=Brand%3ADollar&rows=50&o=0&plaEnabled=false&xdEnabled=false&isFacet=true&p=1 | run_id=run_20260929_110725_467584_2daea7 | brand=Dollar (Forcenxt) | page=1 | route=https://www.myntra.com/tshirts?f=Brand%3ADollar | seen=1007 | expected=1202
2026-09-29 11:38:10 | INFO    | LISTING   | Listing Dollar (Forcenxt) route https://www.myntra.com/tshirts?f=Brand%3ADollar page 2 -> https://www.myntra.com/gateway/v4/search/tshirts?f=Brand%3ADollar&rows=50&o=50&plaEnabled=false&xdEnabled=false&isFacet=true&p=2 | run_id=run_20260929_110725_467584_2daea7 | brand=Dollar (Forcenxt) | page=2 | route=https://www.myntra.com/tshirts?f=Brand%3ADollar | seen=1007 | expected=1202
2026-09-29 11:38:10 | INFO    | LISTING   | Listing Dollar (Forcenxt) route https://www.myntra.com/tshirts?f=Brand%3ADollar page 3 -> https://www.myntra.com/gateway/v4/search/tshirts?f=Brand%3ADollar&rows=50&o=100&plaEnabled=false&xdEnabled=false&isFacet=true&p=3 | run_id=run_20260929_110725_467584_2daea7 | brand=Dollar (Forcenxt) | page=3 | route=https://www.myntra.com/tshirts?f=Brand%3ADollar | seen=1007 | expected=1202
2026-09-29 11:38:11 | WARNING | LISTING   | Route https://www.myntra.com/tshirts?f=Brand%3ADollar for Dollar (Forcenxt) stalled for 3 consecutive pages before reaching expected total; restarting route pass. | run_id=run_20260929_110725_467584_2daea7 | brand=Dollar (Forcenxt) | page=3 | route=https://www.myntra.com/tshirts?f=Brand%3ADollar | seen=1007 | expected=1202
2026-09-29 11:38:11 | INFO    | BRAND     | Skipping redundant route https://www.myntra.com/leggings?f=Brand%3ADollar%20Missy for Dollar (Forcenxt) (100% of first page already captured). | run_id=run_20260929_110725_467584_2daea7 | brand=Dollar (Forcenxt) | route=https://www.myntra.com/leggings?f=Brand%3ADollar%20Missy
2026-09-29 11:38:11 | INFO    | LISTING   | Listing Dollar (Forcenxt) route https://www.myntra.com/dollar?f=Brand%3ADollar%3A%3AGender%3Aboys page 1 -> https://www.myntra.com/gateway/v4/search/dollar?f=Brand%3ADollar%3A%3AGender%3Aboys&rows=50&o=0&plaEnabled=false&xdEnabled=false&isFacet=true&p=1 | run_id=run_20260929_110725_467584_2daea7 | brand=Dollar (Forcenxt) | page=1 | route=https://www.myntra.com/dollar?f=Brand%3ADollar%3A%3AGender%3Aboys | seen=0 | expected=728
2026-09-29 11:38:12 | INFO    | LISTING   | Listing Dollar (Forcenxt) route https://www.myntra.com/dollar?f=Brand%3ADollar%3A%3AGender%3Aboys page 2 -> https://www.myntra.com/gateway/v4/search/dollar?f=Brand%3ADollar%3A%3AGender%3Aboys&rows=50&o=50&plaEnabled=false&xdEnabled=false&isFacet=true&p=2 | run_id=run_20260929_110725_467584_2daea7 | brand=Dollar (Forcenxt) | page=2 | route=https://www.myntra.com/dollar?f=Brand%3ADollar%3A%3AGender%3Aboys | seen=35 | expected=728
2026-09-29 11:38:13 | INFO    | LISTING   | Listing Dollar (Forcenxt) route https://www.myntra.com/dollar?f=Brand%3ADollar%3A%3AGender%3Aboys page 3 -> https://www.myntra.com/gateway/v4/search/dollar?f=Brand%3ADollar%3A%3AGender%3Aboys&rows=50&o=100&plaEnabled=false&xdEnabled=false&isFacet=true&p=3 | run_id=run_20260929_110725_467584_2daea7 | brand=Dollar (Forcenxt) | page=3 | route=https://www.myntra.com/dollar?f=Brand%3ADollar%3A%3AGender%3Aboys | seen=67 | expected=728
2026-09-29 11:38:13 | INFO    | LISTING   | Listing Dollar (Forcenxt) route https://www.myntra.com/dollar?f=Brand%3ADollar%3A%3AGender%3Aboys page 4 -> https://www.myntra.com/gateway/v4/search/dollar?f=Brand%3ADollar%3A%3AGender%3Aboys&rows=50&o=150&plaEnabled=false&xdEnabled=false&isFacet=true&p=4 | run_id=run_20260929_110725_467584_2daea7 | brand=Dollar (Forcenxt) | page=4 | route=https://www.myntra.com/dollar?f=Brand%3ADollar%3A%3AGender%3Aboys | seen=106 | expected=728
2026-09-29 11:38:14 | INFO    | LISTING   | Listing Dollar (Forcenxt) route https://www.myntra.com/dollar?f=Brand%3ADollar%3A%3AGender%3Aboys page 5 -> https://www.myntra.com/gateway/v4/search/dollar?f=Brand%3ADollar%3A%3AGender%3Aboys&rows=50&o=200&plaEnabled=false&xdEnabled=false&isFacet=true&p=5 | run_id=run_20260929_110725_467584_2daea7 | brand=Dollar (Forcenxt) | page=5 | route=https://www.myntra.com/dollar?f=Brand%3ADollar%3A%3AGender%3Aboys | seen=145 | expected=728
2026-09-29 11:38:15 | INFO    | LISTING   | Listing Dollar (Forcenxt) route https://www.myntra.com/dollar?f=Brand%3ADollar%3A%3AGender%3Aboys page 6 -> https://www.myntra.com/gateway/v4/search/dollar?f=Brand%3ADollar%3A%3AGender%3Aboys&rows=50&o=250&plaEnabled=false&xdEnabled=false&isFacet=true&p=6 | run_id=run_20260929_110725_467584_2daea7 | brand=Dollar (Forcenxt) | page=6 | route=https://www.myntra.com/dollar?f=Brand%3ADollar%3A%3AGender%3Aboys | seen=182 | expected=728
2026-09-29 11:38:16 | INFO    | LISTING   | Listing Dollar (Forcenxt) route https://www.myntra.com/dollar?f=Brand%3ADollar%3A%3AGender%3Aboys page 7 -> https://www.myntra.com/gateway/v4/search/dollar?f=Brand%3ADollar%3A%3AGender%3Aboys&rows=50&o=300&plaEnabled=false&xdEnabled=false&isFacet=true&p=7 | run_id=run_20260929_110725_467584_2daea7 | brand=Dollar (Forcenxt) | page=7 | route=https://www.myntra.com/dollar?f=Brand%3ADollar%3A%3AGender%3Aboys | seen=232 | expected=728
2026-09-29 11:38:17 | INFO    | LISTING   | Listing Dollar (Forcenxt) route https://www.myntra.com/dollar?f=Brand%3ADollar%3A%3AGender%3Aboys page 8 -> https://www.myntra.com/gateway/v4/search/dollar?f=Brand%3ADollar%3A%3AGender%3Aboys&rows=50&o=350&plaEnabled=false&xdEnabled=false&isFacet=true&p=8 | run_id=run_20260929_110725_467584_2daea7 | brand=Dollar (Forcenxt) | page=8 | route=https://www.myntra.com/dollar?f=Brand%3ADollar%3A%3AGender%3Aboys | seen=282 | expected=728
2026-09-29 11:38:18 | INFO    | LISTING   | Listing Dollar (Forcenxt) route https://www.myntra.com/dollar?f=Brand%3ADollar%3A%3AGender%3Aboys page 9 -> https://www.myntra.com/gateway/v4/search/dollar?f=Brand%3ADollar%3A%3AGender%3Aboys&rows=50&o=400&plaEnabled=false&xdEnabled=false&isFacet=true&p=9 | run_id=run_20260929_110725_467584_2daea7 | brand=Dollar (Forcenxt) | page=9 | route=https://www.myntra.com/dollar?f=Brand%3ADollar%3A%3AGender%3Aboys | seen=332 | expected=728
2026-09-29 11:38:18 | INFO    | LISTING   | Listing Dollar (Forcenxt) route https://www.myntra.com/dollar?f=Brand%3ADollar%3A%3AGender%3Aboys page 10 -> https://www.myntra.com/gateway/v4/search/dollar?f=Brand%3ADollar%3A%3AGender%3Aboys&rows=50&o=450&plaEnabled=false&xdEnabled=false&isFacet=true&p=10 | run_id=run_20260929_110725_467584_2daea7 | brand=Dollar (Forcenxt) | page=10 | route=https://www.myntra.com/dollar?f=Brand%3ADollar%3A%3AGender%3Aboys | seen=382 | expected=728
2026-09-29 11:38:19 | INFO    | LISTING   | Listing Dollar (Forcenxt) route https://www.myntra.com/dollar?f=Brand%3ADollar%3A%3AGender%3Aboys page 11 -> https://www.myntra.com/gateway/v4/search/dollar?f=Brand%3ADollar%3A%3AGender%3Aboys&rows=50&o=500&plaEnabled=false&xdEnabled=false&isFacet=true&p=11 | run_id=run_20260929_110725_467584_2daea7 | brand=Dollar (Forcenxt) | page=11 | route=https://www.myntra.com/dollar?f=Brand%3ADollar%3A%3AGender%3Aboys | seen=432 | expected=728
2026-09-29 11:38:19 | INFO    | LISTING   | Listing Dollar (Forcenxt) route https://www.myntra.com/dollar?f=Brand%3ADollar%3A%3AGender%3Aboys page 12 -> https://www.myntra.com/gateway/v4/search/dollar?f=Brand%3ADollar%3A%3AGender%3Aboys&rows=50&o=550&plaEnabled=false&xdEnabled=false&isFacet=true&p=12 | run_id=run_20260929_110725_467584_2daea7 | brand=Dollar (Forcenxt) | page=12 | route=https://www.myntra.com/dollar?f=Brand%3ADollar%3A%3AGender%3Aboys | seen=482 | expected=728
2026-09-29 11:38:20 | INFO    | LISTING   | Listing Dollar (Forcenxt) route https://www.myntra.com/dollar?f=Brand%3ADollar%3A%3AGender%3Aboys page 13 -> https://www.myntra.com/gateway/v4/search/dollar?f=Brand%3ADollar%3A%3AGender%3Aboys&rows=50&o=600&plaEnabled=false&xdEnabled=false&isFacet=true&p=13 | run_id=run_20260929_110725_467584_2daea7 | brand=Dollar (Forcenxt) | page=13 | route=https://www.myntra.com/dollar?f=Brand%3ADollar%3A%3AGender%3Aboys | seen=532 | expected=728
2026-09-29 11:38:20 | INFO    | LISTING   | Listing Dollar (Forcenxt) route https://www.myntra.com/dollar?f=Brand%3ADollar%3A%3AGender%3Aboys page 14 -> https://www.myntra.com/gateway/v4/search/dollar?f=Brand%3ADollar%3A%3AGender%3Aboys&rows=50&o=650&plaEnabled=false&xdEnabled=false&isFacet=true&p=14 | run_id=run_20260929_110725_467584_2daea7 | brand=Dollar (Forcenxt) | page=14 | route=https://www.myntra.com/dollar?f=Brand%3ADollar%3A%3AGender%3Aboys | seen=572 | expected=728
2026-09-29 11:38:21 | INFO    | LISTING   | Listing Dollar (Forcenxt) route https://www.myntra.com/dollar?f=Brand%3ADollar%3A%3AGender%3Aboys page 15 -> https://www.myntra.com/gateway/v4/search/dollar?f=Brand%3ADollar%3A%3AGender%3Aboys&rows=50&o=700&plaEnabled=false&xdEnabled=false&isFacet=true&p=15 | run_id=run_20260929_110725_467584_2daea7 | brand=Dollar (Forcenxt) | page=15 | route=https://www.myntra.com/dollar?f=Brand%3ADollar%3A%3AGender%3Aboys | seen=613 | expected=728
2026-09-29 11:38:22 | INFO    | LISTING   | Listing Dollar (Forcenxt) route https://www.myntra.com/dollar?f=Brand%3ADollar%3A%3AGender%3Aboys page 16 -> https://www.myntra.com/gateway/v4/search/dollar?f=Brand%3ADollar%3A%3AGender%3Aboys&rows=50&o=750&plaEnabled=false&xdEnabled=false&isFacet=true&p=16 | run_id=run_20260929_110725_467584_2daea7 | brand=Dollar (Forcenxt) | page=16 | route=https://www.myntra.com/dollar?f=Brand%3ADollar%3A%3AGender%3Aboys | seen=641 | expected=728
2026-09-29 11:38:22 | WARNING | LISTING   | Empty listing page for Dollar (Forcenxt) on page 16 before expected end; continuing. | run_id=run_20260929_110725_467584_2daea7 | brand=Dollar (Forcenxt) | page=16 | route=https://www.myntra.com/dollar?f=Brand%3ADollar%3A%3AGender%3Aboys
2026-09-29 11:38:22 | INFO    | LISTING   | Listing Dollar (Forcenxt) route https://www.myntra.com/dollar?f=Brand%3ADollar%3A%3AGender%3Aboys page 17 -> https://www.myntra.com/gateway/v4/search/dollar?f=Brand%3ADollar%3A%3AGender%3Aboys&rows=50&o=800&plaEnabled=false&xdEnabled=false&isFacet=true&p=17 | run_id=run_20260929_110725_467584_2daea7 | brand=Dollar (Forcenxt) | page=17 | route=https://www.myntra.com/dollar?f=Brand%3ADollar%3A%3AGender%3Aboys | seen=641 | expected=728
2026-09-29 11:38:23 | WARNING | NETWORK   | JSON request failed for https://www.myntra.com/gateway/v4/search/dollar?f=Brand%3ADollar%3A%3AGender%3Aboys&rows=50&o=800&plaEnabled=false&xdEnabled=false&isFacet=true&p=17 on attempt 1/3: HTTP Error 400:  | run_id=run_20260929_110725_467584_2daea7 | route=https://www.myntra.com/gateway/v4/search/dollar?f=Brand%3ADollar%3A%3AGender%3Aboys&rows=50&o=800&plaEnabled=false&xdEnabled=false&isFacet=true&p=17 | attempt=1/3
2026-09-29 11:38:24 | WARNING | NETWORK   | JSON request failed for https://www.myntra.com/gateway/v4/search/dollar?f=Brand%3ADollar%3A%3AGender%3Aboys&rows=50&o=800&plaEnabled=false&xdEnabled=false&isFacet=true&p=17 on attempt 2/3: HTTP Error 400:  | run_id=run_20260929_110725_467584_2daea7 | route=https://www.myntra.com/gateway/v4/search/dollar?f=Brand%3ADollar%3A%3AGender%3Aboys&rows=50&o=800&plaEnabled=false&xdEnabled=false&isFacet=true&p=17 | attempt=2/3
2026-09-29 11:38:27 | WARNING | NETWORK   | JSON request failed for https://www.myntra.com/gateway/v4/search/dollar?f=Brand%3ADollar%3A%3AGender%3Aboys&rows=50&o=800&plaEnabled=false&xdEnabled=false&isFacet=true&p=17 on attempt 3/3: HTTP Error 400:  | run_id=run_20260929_110725_467584_2daea7 | route=https://www.myntra.com/gateway/v4/search/dollar?f=Brand%3ADollar%3A%3AGender%3Aboys&rows=50&o=800&plaEnabled=false&xdEnabled=false&isFacet=true&p=17 | attempt=3/3
2026-09-29 11:38:27 | WARNING | NETWORK   | JSON request failed for https://www.myntra.com/gateway/v4/search/dollar?f=Brand%3ADollar%3A%3AGender%3Aboys&rows=50&o=799&plaEnabled=false&xdEnabled=false&isFacet=true&p=17 on attempt 1/3: HTTP Error 400:  | run_id=run_20260929_110725_467584_2daea7 | route=https://www.myntra.com/gateway/v4/search/dollar?f=Brand%3ADollar%3A%3AGender%3Aboys&rows=50&o=799&plaEnabled=false&xdEnabled=false&isFacet=true&p=17 | attempt=1/3
2026-09-29 11:38:29 | WARNING | NETWORK   | JSON request failed for https://www.myntra.com/gateway/v4/search/dollar?f=Brand%3ADollar%3A%3AGender%3Aboys&rows=50&o=799&plaEnabled=false&xdEnabled=false&isFacet=true&p=17 on attempt 2/3: HTTP Error 400:  | run_id=run_20260929_110725_467584_2daea7 | route=https://www.myntra.com/gateway/v4/search/dollar?f=Brand%3ADollar%3A%3AGender%3Aboys&rows=50&o=799&plaEnabled=false&xdEnabled=false&isFacet=true&p=17 | attempt=2/3
2026-09-29 11:38:32 | WARNING | NETWORK   | JSON request failed for https://www.myntra.com/gateway/v4/search/dollar?f=Brand%3ADollar%3A%3AGender%3Aboys&rows=50&o=799&plaEnabled=false&xdEnabled=false&isFacet=true&p=17 on attempt 3/3: HTTP Error 400:  | run_id=run_20260929_110725_467584_2daea7 | route=https://www.myntra.com/gateway/v4/search/dollar?f=Brand%3ADollar%3A%3AGender%3Aboys&rows=50&o=799&plaEnabled=false&xdEnabled=false&isFacet=true&p=17 | attempt=3/3
2026-09-29 11:38:32 | WARNING | LISTING   | Route fetch failed for https://www.myntra.com/dollar?f=Brand%3ADollar%3A%3AGender%3Aboys page 17 (Failed to fetch JSON payload from https://www.myntra.com/gateway/v4/search/dollar?f=Brand%3ADollar%3A%3AGender%3Aboys&rows=50&o=799&plaEnabled=false&xdEnabled=false&isFacet=true&p=17: HTTP Error 400: ). Will retry with another pass or fallback route. | run_id=run_20260929_110725_467584_2daea7 | brand=Dollar (Forcenxt) | page=17 | route=https://www.myntra.com/dollar?f=Brand%3ADollar%3A%3AGender%3Aboys
2026-09-29 11:38:32 | WARNING | LISTING   | Retrying route https://www.myntra.com/dollar?f=Brand%3ADollar%3A%3AGender%3Aboys for Dollar (Forcenxt) (pass 1/2) after incomplete coverage: 641/728 unique products seen. | run_id=run_20260929_110725_467584_2daea7 | brand=Dollar (Forcenxt) | route=https://www.myntra.com/dollar?f=Brand%3ADollar%3A%3AGender%3Aboys | seen=641 | expected=728 | attempt=1/2
2026-09-29 11:38:32 | INFO    | LISTING   | Listing Dollar (Forcenxt) route https://www.myntra.com/dollar?f=Brand%3ADollar%3A%3AGender%3Aboys page 1 -> https://www.myntra.com/gateway/v4/search/dollar?f=Brand%3ADollar%3A%3AGender%3Aboys&rows=50&o=0&plaEnabled=false&xdEnabled=false&isFacet=true&p=1 | run_id=run_20260929_110725_467584_2daea7 | brand=Dollar (Forcenxt) | page=1 | route=https://www.myntra.com/dollar?f=Brand%3ADollar%3A%3AGender%3Aboys | seen=641 | expected=728
2026-09-29 11:38:33 | INFO    | LISTING   | Listing Dollar (Forcenxt) route https://www.myntra.com/dollar?f=Brand%3ADollar%3A%3AGender%3Aboys page 2 -> https://www.myntra.com/gateway/v4/search/dollar?f=Brand%3ADollar%3A%3AGender%3Aboys&rows=50&o=50&plaEnabled=false&xdEnabled=false&isFacet=true&p=2 | run_id=run_20260929_110725_467584_2daea7 | brand=Dollar (Forcenxt) | page=2 | route=https://www.myntra.com/dollar?f=Brand%3ADollar%3A%3AGender%3Aboys | seen=641 | expected=728
2026-09-29 11:38:34 | INFO    | LISTING   | Listing Dollar (Forcenxt) route https://www.myntra.com/dollar?f=Brand%3ADollar%3A%3AGender%3Aboys page 3 -> https://www.myntra.com/gateway/v4/search/dollar?f=Brand%3ADollar%3A%3AGender%3Aboys&rows=50&o=100&plaEnabled=false&xdEnabled=false&isFacet=true&p=3 | run_id=run_20260929_110725_467584_2daea7 | brand=Dollar (Forcenxt) | page=3 | route=https://www.myntra.com/dollar?f=Brand%3ADollar%3A%3AGender%3Aboys | seen=641 | expected=728
2026-09-29 11:38:35 | WARNING | LISTING   | Route https://www.myntra.com/dollar?f=Brand%3ADollar%3A%3AGender%3Aboys for Dollar (Forcenxt) stalled for 3 consecutive pages before reaching expected total; restarting route pass. | run_id=run_20260929_110725_467584_2daea7 | brand=Dollar (Forcenxt) | page=3 | route=https://www.myntra.com/dollar?f=Brand%3ADollar%3A%3AGender%3Aboys | seen=641 | expected=728
2026-09-29 11:38:35 | WARNING | LISTING   | Retrying route https://www.myntra.com/dollar?f=Brand%3ADollar%3A%3AGender%3Aboys for Dollar (Forcenxt) (pass 2/2) after incomplete coverage: 641/728 unique products seen. | run_id=run_20260929_110725_467584_2daea7 | brand=Dollar (Forcenxt) | route=https://www.myntra.com/dollar?f=Brand%3ADollar%3A%3AGender%3Aboys | seen=641 | expected=728 | attempt=2/2
2026-09-29 11:38:35 | INFO    | LISTING   | Listing Dollar (Forcenxt) route https://www.myntra.com/dollar?f=Brand%3ADollar%3A%3AGender%3Aboys page 1 -> https://www.myntra.com/gateway/v4/search/dollar?f=Brand%3ADollar%3A%3AGender%3Aboys&rows=50&o=0&plaEnabled=false&xdEnabled=false&isFacet=true&p=1 | run_id=run_20260929_110725_467584_2daea7 | brand=Dollar (Forcenxt) | page=1 | route=https://www.myntra.com/dollar?f=Brand%3ADollar%3A%3AGender%3Aboys | seen=641 | expected=728
2026-09-29 11:38:36 | INFO    | LISTING   | Listing Dollar (Forcenxt) route https://www.myntra.com/dollar?f=Brand%3ADollar%3A%3AGender%3Aboys page 2 -> https://www.myntra.com/gateway/v4/search/dollar?f=Brand%3ADollar%3A%3AGender%3Aboys&rows=50&o=50&plaEnabled=false&xdEnabled=false&isFacet=true&p=2 | run_id=run_20260929_110725_467584_2daea7 | brand=Dollar (Forcenxt) | page=2 | route=https://www.myntra.com/dollar?f=Brand%3ADollar%3A%3AGender%3Aboys | seen=641 | expected=728
2026-09-29 11:38:36 | INFO    | LISTING   | Listing Dollar (Forcenxt) route https://www.myntra.com/dollar?f=Brand%3ADollar%3A%3AGender%3Aboys page 3 -> https://www.myntra.com/gateway/v4/search/dollar?f=Brand%3ADollar%3A%3AGender%3Aboys&rows=50&o=100&plaEnabled=false&xdEnabled=false&isFacet=true&p=3 | run_id=run_20260929_110725_467584_2daea7 | brand=Dollar (Forcenxt) | page=3 | route=https://www.myntra.com/dollar?f=Brand%3ADollar%3A%3AGender%3Aboys | seen=641 | expected=728
2026-09-29 11:38:37 | WARNING | LISTING   | Route https://www.myntra.com/dollar?f=Brand%3ADollar%3A%3AGender%3Aboys for Dollar (Forcenxt) stalled for 3 consecutive pages before reaching expected total; restarting route pass. | run_id=run_20260929_110725_467584_2daea7 | brand=Dollar (Forcenxt) | page=3 | route=https://www.myntra.com/dollar?f=Brand%3ADollar%3A%3AGender%3Aboys | seen=641 | expected=728
2026-09-29 11:38:37 | INFO    | LISTING   | Listing Dollar (Forcenxt) route https://www.myntra.com/dollar?f=Brand%3ADollar%3A%3AGender%3Awomen page 1 -> https://www.myntra.com/gateway/v4/search/dollar?f=Brand%3ADollar%3A%3AGender%3Awomen&rows=50&o=0&plaEnabled=false&xdEnabled=false&isFacet=true&p=1 | run_id=run_20260929_110725_467584_2daea7 | brand=Dollar (Forcenxt) | page=1 | route=https://www.myntra.com/dollar?f=Brand%3ADollar%3A%3AGender%3Awomen | seen=0 | expected=621
2026-09-29 11:38:38 | INFO    | LISTING   | Listing Dollar (Forcenxt) route https://www.myntra.com/dollar?f=Brand%3ADollar%3A%3AGender%3Awomen page 2 -> https://www.myntra.com/gateway/v4/search/dollar?f=Brand%3ADollar%3A%3AGender%3Awomen&rows=50&o=50&plaEnabled=false&xdEnabled=false&isFacet=true&p=2 | run_id=run_20260929_110725_467584_2daea7 | brand=Dollar (Forcenxt) | page=2 | route=https://www.myntra.com/dollar?f=Brand%3ADollar%3A%3AGender%3Awomen | seen=48 | expected=621
2026-09-29 11:38:38 | INFO    | LISTING   | Listing Dollar (Forcenxt) route https://www.myntra.com/dollar?f=Brand%3ADollar%3A%3AGender%3Awomen page 3 -> https://www.myntra.com/gateway/v4/search/dollar?f=Brand%3ADollar%3A%3AGender%3Awomen&rows=50&o=100&plaEnabled=false&xdEnabled=false&isFacet=true&p=3 | run_id=run_20260929_110725_467584_2daea7 | brand=Dollar (Forcenxt) | page=3 | route=https://www.myntra.com/dollar?f=Brand%3ADollar%3A%3AGender%3Awomen | seen=97 | expected=621
2026-09-29 11:38:39 | INFO    | LISTING   | Listing Dollar (Forcenxt) route https://www.myntra.com/dollar?f=Brand%3ADollar%3A%3AGender%3Awomen page 4 -> https://www.myntra.com/gateway/v4/search/dollar?f=Brand%3ADollar%3A%3AGender%3Awomen&rows=50&o=150&plaEnabled=false&xdEnabled=false&isFacet=true&p=4 | run_id=run_20260929_110725_467584_2daea7 | brand=Dollar (Forcenxt) | page=4 | route=https://www.myntra.com/dollar?f=Brand%3ADollar%3A%3AGender%3Awomen | seen=136 | expected=621
2026-09-29 11:38:39 | INFO    | LISTING   | Listing Dollar (Forcenxt) route https://www.myntra.com/dollar?f=Brand%3ADollar%3A%3AGender%3Awomen page 5 -> https://www.myntra.com/gateway/v4/search/dollar?f=Brand%3ADollar%3A%3AGender%3Awomen&rows=50&o=200&plaEnabled=false&xdEnabled=false&isFacet=true&p=5 | run_id=run_20260929_110725_467584_2daea7 | brand=Dollar (Forcenxt) | page=5 | route=https://www.myntra.com/dollar?f=Brand%3ADollar%3A%3AGender%3Awomen | seen=184 | expected=621
2026-09-29 11:38:40 | INFO    | LISTING   | Listing Dollar (Forcenxt) route https://www.myntra.com/dollar?f=Brand%3ADollar%3A%3AGender%3Awomen page 6 -> https://www.myntra.com/gateway/v4/search/dollar?f=Brand%3ADollar%3A%3AGender%3Awomen&rows=50&o=250&plaEnabled=false&xdEnabled=false&isFacet=true&p=6 | run_id=run_20260929_110725_467584_2daea7 | brand=Dollar (Forcenxt) | page=6 | route=https://www.myntra.com/dollar?f=Brand%3ADollar%3A%3AGender%3Awomen | seen=231 | expected=621
2026-09-29 11:38:40 | INFO    | LISTING   | Listing Dollar (Forcenxt) route https://www.myntra.com/dollar?f=Brand%3ADollar%3A%3AGender%3Awomen page 7 -> https://www.myntra.com/gateway/v4/search/dollar?f=Brand%3ADollar%3A%3AGender%3Awomen&rows=50&o=300&plaEnabled=false&xdEnabled=false&isFacet=true&p=7 | run_id=run_20260929_110725_467584_2daea7 | brand=Dollar (Forcenxt) | page=7 | route=https://www.myntra.com/dollar?f=Brand%3ADollar%3A%3AGender%3Awomen | seen=270 | expected=621
2026-09-29 11:38:41 | INFO    | LISTING   | Listing Dollar (Forcenxt) route https://www.myntra.com/dollar?f=Brand%3ADollar%3A%3AGender%3Awomen page 8 -> https://www.myntra.com/gateway/v4/search/dollar?f=Brand%3ADollar%3A%3AGender%3Awomen&rows=50&o=350&plaEnabled=false&xdEnabled=false&isFacet=true&p=8 | run_id=run_20260929_110725_467584_2daea7 | brand=Dollar (Forcenxt) | page=8 | route=https://www.myntra.com/dollar?f=Brand%3ADollar%3A%3AGender%3Awomen | seen=310 | expected=621
2026-09-29 11:38:41 | INFO    | LISTING   | Listing Dollar (Forcenxt) route https://www.myntra.com/dollar?f=Brand%3ADollar%3A%3AGender%3Awomen page 9 -> https://www.myntra.com/gateway/v4/search/dollar?f=Brand%3ADollar%3A%3AGender%3Awomen&rows=50&o=400&plaEnabled=false&xdEnabled=false&isFacet=true&p=9 | run_id=run_20260929_110725_467584_2daea7 | brand=Dollar (Forcenxt) | page=9 | route=https://www.myntra.com/dollar?f=Brand%3ADollar%3A%3AGender%3Awomen | seen=345 | expected=621
2026-09-29 11:38:42 | INFO    | LISTING   | Listing Dollar (Forcenxt) route https://www.myntra.com/dollar?f=Brand%3ADollar%3A%3AGender%3Awomen page 10 -> https://www.myntra.com/gateway/v4/search/dollar?f=Brand%3ADollar%3A%3AGender%3Awomen&rows=50&o=450&plaEnabled=false&xdEnabled=false&isFacet=true&p=10 | run_id=run_20260929_110725_467584_2daea7 | brand=Dollar (Forcenxt) | page=10 | route=https://www.myntra.com/dollar?f=Brand%3ADollar%3A%3AGender%3Awomen | seen=395 | expected=621
2026-09-29 11:38:42 | INFO    | LISTING   | Listing Dollar (Forcenxt) route https://www.myntra.com/dollar?f=Brand%3ADollar%3A%3AGender%3Awomen page 11 -> https://www.myntra.com/gateway/v4/search/dollar?f=Brand%3ADollar%3A%3AGender%3Awomen&rows=50&o=500&plaEnabled=false&xdEnabled=false&isFacet=true&p=11 | run_id=run_20260929_110725_467584_2daea7 | brand=Dollar (Forcenxt) | page=11 | route=https://www.myntra.com/dollar?f=Brand%3ADollar%3A%3AGender%3Awomen | seen=420 | expected=621
2026-09-29 11:38:43 | INFO    | LISTING   | Listing Dollar (Forcenxt) route https://www.myntra.com/dollar?f=Brand%3ADollar%3A%3AGender%3Awomen page 12 -> https://www.myntra.com/gateway/v4/search/dollar?f=Brand%3ADollar%3A%3AGender%3Awomen&rows=50&o=550&plaEnabled=false&xdEnabled=false&isFacet=true&p=12 | run_id=run_20260929_110725_467584_2daea7 | brand=Dollar (Forcenxt) | page=12 | route=https://www.myntra.com/dollar?f=Brand%3ADollar%3A%3AGender%3Awomen | seen=455 | expected=621
2026-09-29 11:38:44 | INFO    | LISTING   | Listing Dollar (Forcenxt) route https://www.myntra.com/dollar?f=Brand%3ADollar%3A%3AGender%3Awomen page 13 -> https://www.myntra.com/gateway/v4/search/dollar?f=Brand%3ADollar%3A%3AGender%3Awomen&rows=50&o=600&plaEnabled=false&xdEnabled=false&isFacet=true&p=13 | run_id=run_20260929_110725_467584_2daea7 | brand=Dollar (Forcenxt) | page=13 | route=https://www.myntra.com/dollar?f=Brand%3ADollar%3A%3AGender%3Awomen | seen=488 | expected=621
2026-09-29 11:38:44 | INFO    | LISTING   | Listing Dollar (Forcenxt) route https://www.myntra.com/dollar?f=Brand%3ADollar%3A%3AGender%3Awomen page 14 -> https://www.myntra.com/gateway/v4/search/dollar?f=Brand%3ADollar%3A%3AGender%3Awomen&rows=50&o=650&plaEnabled=false&xdEnabled=false&isFacet=true&p=14 | run_id=run_20260929_110725_467584_2daea7 | brand=Dollar (Forcenxt) | page=14 | route=https://www.myntra.com/dollar?f=Brand%3ADollar%3A%3AGender%3Awomen | seen=491 | expected=621
2026-09-29 11:38:44 | WARNING | LISTING   | Empty listing page for Dollar (Forcenxt) on page 14 before expected end; continuing. | run_id=run_20260929_110725_467584_2daea7 | brand=Dollar (Forcenxt) | page=14 | route=https://www.myntra.com/dollar?f=Brand%3ADollar%3A%3AGender%3Awomen
2026-09-29 11:38:44 | INFO    | LISTING   | Listing Dollar (Forcenxt) route https://www.myntra.com/dollar?f=Brand%3ADollar%3A%3AGender%3Awomen page 15 -> https://www.myntra.com/gateway/v4/search/dollar?f=Brand%3ADollar%3A%3AGender%3Awomen&rows=50&o=700&plaEnabled=false&xdEnabled=false&isFacet=true&p=15 | run_id=run_20260929_110725_467584_2daea7 | brand=Dollar (Forcenxt) | page=15 | route=https://www.myntra.com/dollar?f=Brand%3ADollar%3A%3AGender%3Awomen | seen=491 | expected=621
2026-09-29 11:38:45 | WARNING | NETWORK   | JSON request failed for https://www.myntra.com/gateway/v4/search/dollar?f=Brand%3ADollar%3A%3AGender%3Awomen&rows=50&o=700&plaEnabled=false&xdEnabled=false&isFacet=true&p=15 on attempt 1/3: HTTP Error 400:  | run_id=run_20260929_110725_467584_2daea7 | route=https://www.myntra.com/gateway/v4/search/dollar?f=Brand%3ADollar%3A%3AGender%3Awomen&rows=50&o=700&plaEnabled=false&xdEnabled=false&isFacet=true&p=15 | attempt=1/3
2026-09-29 11:38:47 | WARNING | NETWORK   | JSON request failed for https://www.myntra.com/gateway/v4/search/dollar?f=Brand%3ADollar%3A%3AGender%3Awomen&rows=50&o=700&plaEnabled=false&xdEnabled=false&isFacet=true&p=15 on attempt 2/3: HTTP Error 400:  | run_id=run_20260929_110725_467584_2daea7 | route=https://www.myntra.com/gateway/v4/search/dollar?f=Brand%3ADollar%3A%3AGender%3Awomen&rows=50&o=700&plaEnabled=false&xdEnabled=false&isFacet=true&p=15 | attempt=2/3
2026-09-29 11:38:49 | WARNING | NETWORK   | JSON request failed for https://www.myntra.com/gateway/v4/search/dollar?f=Brand%3ADollar%3A%3AGender%3Awomen&rows=50&o=700&plaEnabled=false&xdEnabled=false&isFacet=true&p=15 on attempt 3/3: HTTP Error 400:  | run_id=run_20260929_110725_467584_2daea7 | route=https://www.myntra.com/gateway/v4/search/dollar?f=Brand%3ADollar%3A%3AGender%3Awomen&rows=50&o=700&plaEnabled=false&xdEnabled=false&isFacet=true&p=15 | attempt=3/3
2026-09-29 11:38:50 | WARNING | NETWORK   | JSON request failed for https://www.myntra.com/gateway/v4/search/dollar?f=Brand%3ADollar%3A%3AGender%3Awomen&rows=50&o=699&plaEnabled=false&xdEnabled=false&isFacet=true&p=15 on attempt 1/3: HTTP Error 400:  | run_id=run_20260929_110725_467584_2daea7 | route=https://www.myntra.com/gateway/v4/search/dollar?f=Brand%3ADollar%3A%3AGender%3Awomen&rows=50&o=699&plaEnabled=false&xdEnabled=false&isFacet=true&p=15 | attempt=1/3
2026-09-29 11:38:51 | WARNING | NETWORK   | JSON request failed for https://www.myntra.com/gateway/v4/search/dollar?f=Brand%3ADollar%3A%3AGender%3Awomen&rows=50&o=699&plaEnabled=false&xdEnabled=false&isFacet=true&p=15 on attempt 2/3: HTTP Error 400:  | run_id=run_20260929_110725_467584_2daea7 | route=https://www.myntra.com/gateway/v4/search/dollar?f=Brand%3ADollar%3A%3AGender%3Awomen&rows=50&o=699&plaEnabled=false&xdEnabled=false&isFacet=true&p=15 | attempt=2/3
2026-09-29 11:38:54 | WARNING | NETWORK   | JSON request failed for https://www.myntra.com/gateway/v4/search/dollar?f=Brand%3ADollar%3A%3AGender%3Awomen&rows=50&o=699&plaEnabled=false&xdEnabled=false&isFacet=true&p=15 on attempt 3/3: HTTP Error 400:  | run_id=run_20260929_110725_467584_2daea7 | route=https://www.myntra.com/gateway/v4/search/dollar?f=Brand%3ADollar%3A%3AGender%3Awomen&rows=50&o=699&plaEnabled=false&xdEnabled=false&isFacet=true&p=15 | attempt=3/3
2026-09-29 11:38:54 | WARNING | LISTING   | Route fetch failed for https://www.myntra.com/dollar?f=Brand%3ADollar%3A%3AGender%3Awomen page 15 (Failed to fetch JSON payload from https://www.myntra.com/gateway/v4/search/dollar?f=Brand%3ADollar%3A%3AGender%3Awomen&rows=50&o=699&plaEnabled=false&xdEnabled=false&isFacet=true&p=15: HTTP Error 400: ). Will retry with another pass or fallback route. | run_id=run_20260929_110725_467584_2daea7 | brand=Dollar (Forcenxt) | page=15 | route=https://www.myntra.com/dollar?f=Brand%3ADollar%3A%3AGender%3Awomen
2026-09-29 11:38:54 | WARNING | LISTING   | Retrying route https://www.myntra.com/dollar?f=Brand%3ADollar%3A%3AGender%3Awomen for Dollar (Forcenxt) (pass 1/2) after incomplete coverage: 491/621 unique products seen. | run_id=run_20260929_110725_467584_2daea7 | brand=Dollar (Forcenxt) | route=https://www.myntra.com/dollar?f=Brand%3ADollar%3A%3AGender%3Awomen | seen=491 | expected=621 | attempt=1/2
2026-09-29 11:38:54 | INFO    | LISTING   | Listing Dollar (Forcenxt) route https://www.myntra.com/dollar?f=Brand%3ADollar%3A%3AGender%3Awomen page 1 -> https://www.myntra.com/gateway/v4/search/dollar?f=Brand%3ADollar%3A%3AGender%3Awomen&rows=50&o=0&plaEnabled=false&xdEnabled=false&isFacet=true&p=1 | run_id=run_20260929_110725_467584_2daea7 | brand=Dollar (Forcenxt) | page=1 | route=https://www.myntra.com/dollar?f=Brand%3ADollar%3A%3AGender%3Awomen | seen=491 | expected=621
2026-09-29 11:38:56 | INFO    | LISTING   | Listing Dollar (Forcenxt) route https://www.myntra.com/dollar?f=Brand%3ADollar%3A%3AGender%3Awomen page 2 -> https://www.myntra.com/gateway/v4/search/dollar?f=Brand%3ADollar%3A%3AGender%3Awomen&rows=50&o=50&plaEnabled=false&xdEnabled=false&isFacet=true&p=2 | run_id=run_20260929_110725_467584_2daea7 | brand=Dollar (Forcenxt) | page=2 | route=https://www.myntra.com/dollar?f=Brand%3ADollar%3A%3AGender%3Awomen | seen=491 | expected=621
2026-09-29 11:38:57 | INFO    | LISTING   | Listing Dollar (Forcenxt) route https://www.myntra.com/dollar?f=Brand%3ADollar%3A%3AGender%3Awomen page 3 -> https://www.myntra.com/gateway/v4/search/dollar?f=Brand%3ADollar%3A%3AGender%3Awomen&rows=50&o=100&plaEnabled=false&xdEnabled=false&isFacet=true&p=3 | run_id=run_20260929_110725_467584_2daea7 | brand=Dollar (Forcenxt) | page=3 | route=https://www.myntra.com/dollar?f=Brand%3ADollar%3A%3AGender%3Awomen | seen=491 | expected=621
2026-09-29 11:38:57 | WARNING | LISTING   | Route https://www.myntra.com/dollar?f=Brand%3ADollar%3A%3AGender%3Awomen for Dollar (Forcenxt) stalled for 3 consecutive pages before reaching expected total; restarting route pass. | run_id=run_20260929_110725_467584_2daea7 | brand=Dollar (Forcenxt) | page=3 | route=https://www.myntra.com/dollar?f=Brand%3ADollar%3A%3AGender%3Awomen | seen=491 | expected=621
2026-09-29 11:38:57 | WARNING | LISTING   | Retrying route https://www.myntra.com/dollar?f=Brand%3ADollar%3A%3AGender%3Awomen for Dollar (Forcenxt) (pass 2/2) after incomplete coverage: 491/621 unique products seen. | run_id=run_20260929_110725_467584_2daea7 | brand=Dollar (Forcenxt) | route=https://www.myntra.com/dollar?f=Brand%3ADollar%3A%3AGender%3Awomen | seen=491 | expected=621 | attempt=2/2
2026-09-29 11:38:57 | INFO    | LISTING   | Listing Dollar (Forcenxt) route https://www.myntra.com/dollar?f=Brand%3ADollar%3A%3AGender%3Awomen page 1 -> https://www.myntra.com/gateway/v4/search/dollar?f=Brand%3ADollar%3A%3AGender%3Awomen&rows=50&o=0&plaEnabled=false&xdEnabled=false&isFacet=true&p=1 | run_id=run_20260929_110725_467584_2daea7 | brand=Dollar (Forcenxt) | page=1 | route=https://www.myntra.com/dollar?f=Brand%3ADollar%3A%3AGender%3Awomen | seen=491 | expected=621
2026-09-29 11:38:58 | INFO    | LISTING   | Listing Dollar (Forcenxt) route https://www.myntra.com/dollar?f=Brand%3ADollar%3A%3AGender%3Awomen page 2 -> https://www.myntra.com/gateway/v4/search/dollar?f=Brand%3ADollar%3A%3AGender%3Awomen&rows=50&o=50&plaEnabled=false&xdEnabled=false&isFacet=true&p=2 | run_id=run_20260929_110725_467584_2daea7 | brand=Dollar (Forcenxt) | page=2 | route=https://www.myntra.com/dollar?f=Brand%3ADollar%3A%3AGender%3Awomen | seen=491 | expected=621
2026-09-29 11:38:59 | INFO    | LISTING   | Listing Dollar (Forcenxt) route https://www.myntra.com/dollar?f=Brand%3ADollar%3A%3AGender%3Awomen page 3 -> https://www.myntra.com/gateway/v4/search/dollar?f=Brand%3ADollar%3A%3AGender%3Awomen&rows=50&o=100&plaEnabled=false&xdEnabled=false&isFacet=true&p=3 | run_id=run_20260929_110725_467584_2daea7 | brand=Dollar (Forcenxt) | page=3 | route=https://www.myntra.com/dollar?f=Brand%3ADollar%3A%3AGender%3Awomen | seen=491 | expected=621
2026-09-29 11:38:59 | WARNING | LISTING   | Route https://www.myntra.com/dollar?f=Brand%3ADollar%3A%3AGender%3Awomen for Dollar (Forcenxt) stalled for 3 consecutive pages before reaching expected total; restarting route pass. | run_id=run_20260929_110725_467584_2daea7 | brand=Dollar (Forcenxt) | page=3 | route=https://www.myntra.com/dollar?f=Brand%3ADollar%3A%3AGender%3Awomen | seen=491 | expected=621
2026-09-29 11:38:59 | INFO    | LISTING   | Listing Dollar (Forcenxt) route https://www.myntra.com/dollar-socks page 1 -> https://www.myntra.com/gateway/v4/search/dollar-socks?rows=50&o=0&plaEnabled=false&xdEnabled=false&isFacet=true&p=1 | run_id=run_20260929_110725_467584_2daea7 | brand=Dollar (Forcenxt) | page=1 | route=https://www.myntra.com/dollar-socks | seen=0 | expected=547
2026-09-29 11:39:01 | INFO    | LISTING   | Listing Dollar (Forcenxt) route https://www.myntra.com/dollar-socks page 2 -> https://www.myntra.com/gateway/v4/search/dollar-socks?rows=50&o=50&plaEnabled=false&xdEnabled=false&isFacet=true&p=2 | run_id=run_20260929_110725_467584_2daea7 | brand=Dollar (Forcenxt) | page=2 | route=https://www.myntra.com/dollar-socks | seen=50 | expected=547
2026-09-29 11:39:01 | INFO    | LISTING   | Listing Dollar (Forcenxt) route https://www.myntra.com/dollar-socks page 3 -> https://www.myntra.com/gateway/v4/search/dollar-socks?rows=50&o=100&plaEnabled=false&xdEnabled=false&isFacet=true&p=3 | run_id=run_20260929_110725_467584_2daea7 | brand=Dollar (Forcenxt) | page=3 | route=https://www.myntra.com/dollar-socks | seen=100 | expected=547
2026-09-29 11:39:02 | INFO    | LISTING   | Listing Dollar (Forcenxt) route https://www.myntra.com/dollar-socks page 4 -> https://www.myntra.com/gateway/v4/search/dollar-socks?rows=50&o=150&plaEnabled=false&xdEnabled=false&isFacet=true&p=4 | run_id=run_20260929_110725_467584_2daea7 | brand=Dollar (Forcenxt) | page=4 | route=https://www.myntra.com/dollar-socks | seen=150 | expected=547
2026-09-29 11:39:02 | INFO    | LISTING   | Listing Dollar (Forcenxt) route https://www.myntra.com/dollar-socks page 5 -> https://www.myntra.com/gateway/v4/search/dollar-socks?rows=50&o=200&plaEnabled=false&xdEnabled=false&isFacet=true&p=5 | run_id=run_20260929_110725_467584_2daea7 | brand=Dollar (Forcenxt) | page=5 | route=https://www.myntra.com/dollar-socks | seen=200 | expected=547
2026-09-29 11:39:03 | INFO    | LISTING   | Listing Dollar (Forcenxt) route https://www.myntra.com/dollar-socks page 6 -> https://www.myntra.com/gateway/v4/search/dollar-socks?rows=50&o=250&plaEnabled=false&xdEnabled=false&isFacet=true&p=6 | run_id=run_20260929_110725_467584_2daea7 | brand=Dollar (Forcenxt) | page=6 | route=https://www.myntra.com/dollar-socks | seen=250 | expected=547
2026-09-29 11:39:05 | INFO    | LISTING   | Listing Dollar (Forcenxt) route https://www.myntra.com/dollar-socks page 7 -> https://www.myntra.com/gateway/v4/search/dollar-socks?rows=50&o=300&plaEnabled=false&xdEnabled=false&isFacet=true&p=7 | run_id=run_20260929_110725_467584_2daea7 | brand=Dollar (Forcenxt) | page=7 | route=https://www.myntra.com/dollar-socks | seen=300 | expected=547
2026-09-29 11:39:05 | INFO    | LISTING   | Listing Dollar (Forcenxt) route https://www.myntra.com/dollar-socks page 8 -> https://www.myntra.com/gateway/v4/search/dollar-socks?rows=50&o=350&plaEnabled=false&xdEnabled=false&isFacet=true&p=8 | run_id=run_20260929_110725_467584_2daea7 | brand=Dollar (Forcenxt) | page=8 | route=https://www.myntra.com/dollar-socks | seen=350 | expected=547
2026-09-29 11:39:06 | INFO    | LISTING   | Listing Dollar (Forcenxt) route https://www.myntra.com/dollar-socks page 9 -> https://www.myntra.com/gateway/v4/search/dollar-socks?rows=50&o=400&plaEnabled=false&xdEnabled=false&isFacet=true&p=9 | run_id=run_20260929_110725_467584_2daea7 | brand=Dollar (Forcenxt) | page=9 | route=https://www.myntra.com/dollar-socks | seen=400 | expected=547
2026-09-29 11:39:07 | INFO    | LISTING   | Listing Dollar (Forcenxt) route https://www.myntra.com/dollar-socks page 10 -> https://www.myntra.com/gateway/v4/search/dollar-socks?rows=50&o=450&plaEnabled=false&xdEnabled=false&isFacet=true&p=10 | run_id=run_20260929_110725_467584_2daea7 | brand=Dollar (Forcenxt) | page=10 | route=https://www.myntra.com/dollar-socks | seen=450 | expected=547
2026-09-29 11:39:08 | INFO    | LISTING   | Listing Dollar (Forcenxt) route https://www.myntra.com/dollar-socks page 11 -> https://www.myntra.com/gateway/v4/search/dollar-socks?rows=50&o=500&plaEnabled=false&xdEnabled=false&isFacet=true&p=11 | run_id=run_20260929_110725_467584_2daea7 | brand=Dollar (Forcenxt) | page=11 | route=https://www.myntra.com/dollar-socks | seen=500 | expected=547
2026-09-29 11:39:08 | INFO    | LISTING   | Listing Dollar (Forcenxt) route https://www.myntra.com/dollar-socks page 12 -> https://www.myntra.com/gateway/v4/search/dollar-socks?rows=50&o=550&plaEnabled=false&xdEnabled=false&isFacet=true&p=12 | run_id=run_20260929_110725_467584_2daea7 | brand=Dollar (Forcenxt) | page=12 | route=https://www.myntra.com/dollar-socks | seen=547 | expected=547
2026-09-29 11:39:09 | WARNING | LISTING   | Empty listing page for Dollar (Forcenxt) on page 12 before expected end; continuing. | run_id=run_20260929_110725_467584_2daea7 | brand=Dollar (Forcenxt) | page=12 | route=https://www.myntra.com/dollar-socks
2026-09-29 11:39:09 | INFO    | LISTING   | Listing Dollar (Forcenxt) route https://www.myntra.com/dollar-socks page 13 -> https://www.myntra.com/gateway/v4/search/dollar-socks?rows=50&o=600&plaEnabled=false&xdEnabled=false&isFacet=true&p=13 | run_id=run_20260929_110725_467584_2daea7 | brand=Dollar (Forcenxt) | page=13 | route=https://www.myntra.com/dollar-socks | seen=547 | expected=547
2026-09-29 11:39:09 | WARNING | NETWORK   | JSON request failed for https://www.myntra.com/gateway/v4/search/dollar-socks?rows=50&o=600&plaEnabled=false&xdEnabled=false&isFacet=true&p=13 on attempt 1/3: HTTP Error 400:  | run_id=run_20260929_110725_467584_2daea7 | route=https://www.myntra.com/gateway/v4/search/dollar-socks?rows=50&o=600&plaEnabled=false&xdEnabled=false&isFacet=true&p=13 | attempt=1/3
2026-09-29 11:39:11 | WARNING | NETWORK   | JSON request failed for https://www.myntra.com/gateway/v4/search/dollar-socks?rows=50&o=600&plaEnabled=false&xdEnabled=false&isFacet=true&p=13 on attempt 2/3: HTTP Error 400:  | run_id=run_20260929_110725_467584_2daea7 | route=https://www.myntra.com/gateway/v4/search/dollar-socks?rows=50&o=600&plaEnabled=false&xdEnabled=false&isFacet=true&p=13 | attempt=2/3
2026-09-29 11:39:13 | WARNING | NETWORK   | JSON request failed for https://www.myntra.com/gateway/v4/search/dollar-socks?rows=50&o=600&plaEnabled=false&xdEnabled=false&isFacet=true&p=13 on attempt 3/3: HTTP Error 400:  | run_id=run_20260929_110725_467584_2daea7 | route=https://www.myntra.com/gateway/v4/search/dollar-socks?rows=50&o=600&plaEnabled=false&xdEnabled=false&isFacet=true&p=13 | attempt=3/3
2026-09-29 11:39:14 | WARNING | NETWORK   | JSON request failed for https://www.myntra.com/gateway/v4/search/dollar-socks?rows=50&o=599&plaEnabled=false&xdEnabled=false&isFacet=true&p=13 on attempt 1/3: HTTP Error 400:  | run_id=run_20260929_110725_467584_2daea7 | route=https://www.myntra.com/gateway/v4/search/dollar-socks?rows=50&o=599&plaEnabled=false&xdEnabled=false&isFacet=true&p=13 | attempt=1/3
2026-09-29 11:39:15 | WARNING | NETWORK   | JSON request failed for https://www.myntra.com/gateway/v4/search/dollar-socks?rows=50&o=599&plaEnabled=false&xdEnabled=false&isFacet=true&p=13 on attempt 2/3: HTTP Error 400:  | run_id=run_20260929_110725_467584_2daea7 | route=https://www.myntra.com/gateway/v4/search/dollar-socks?rows=50&o=599&plaEnabled=false&xdEnabled=false&isFacet=true&p=13 | attempt=2/3
2026-09-29 11:39:18 | WARNING | NETWORK   | JSON request failed for https://www.myntra.com/gateway/v4/search/dollar-socks?rows=50&o=599&plaEnabled=false&xdEnabled=false&isFacet=true&p=13 on attempt 3/3: HTTP Error 400:  | run_id=run_20260929_110725_467584_2daea7 | route=https://www.myntra.com/gateway/v4/search/dollar-socks?rows=50&o=599&plaEnabled=false&xdEnabled=false&isFacet=true&p=13 | attempt=3/3
2026-09-29 11:39:18 | WARNING | LISTING   | Route fetch failed for https://www.myntra.com/dollar-socks page 13 (Failed to fetch JSON payload from https://www.myntra.com/gateway/v4/search/dollar-socks?rows=50&o=599&plaEnabled=false&xdEnabled=false&isFacet=true&p=13: HTTP Error 400: ). Will retry with another pass or fallback route. | run_id=run_20260929_110725_467584_2daea7 | brand=Dollar (Forcenxt) | page=13 | route=https://www.myntra.com/dollar-socks
2026-09-29 11:39:18 | INFO    | BRAND     | Skipping redundant route https://www.myntra.com/bra?f=Brand%3ADollar%20Missy for Dollar (Forcenxt) (100% of first page already captured). | run_id=run_20260929_110725_467584_2daea7 | brand=Dollar (Forcenxt) | route=https://www.myntra.com/bra?f=Brand%3ADollar%20Missy
2026-09-29 11:39:18 | INFO    | LISTING   | Listing Dollar (Forcenxt) route https://www.myntra.com/camisoles?f=Brand%3ADollar%20Missy page 1 -> https://www.myntra.com/gateway/v4/search/camisoles?f=Brand%3ADollar+Missy&rows=50&o=0&plaEnabled=false&xdEnabled=false&isFacet=true&p=1 | run_id=run_20260929_110725_467584_2daea7 | brand=Dollar (Forcenxt) | page=1 | route=https://www.myntra.com/camisoles?f=Brand%3ADollar%20Missy | seen=0 | expected=288
2026-09-29 11:39:20 | INFO    | LISTING   | Listing Dollar (Forcenxt) route https://www.myntra.com/camisoles?f=Brand%3ADollar%20Missy page 2 -> https://www.myntra.com/gateway/v4/search/camisoles?f=Brand%3ADollar+Missy&rows=50&o=50&plaEnabled=false&xdEnabled=false&isFacet=true&p=2 | run_id=run_20260929_110725_467584_2daea7 | brand=Dollar (Forcenxt) | page=2 | route=https://www.myntra.com/camisoles?f=Brand%3ADollar%20Missy | seen=0 | expected=288
2026-09-29 11:39:20 | INFO    | LISTING   | Listing Dollar (Forcenxt) route https://www.myntra.com/camisoles?f=Brand%3ADollar%20Missy page 3 -> https://www.myntra.com/gateway/v4/search/camisoles?f=Brand%3ADollar+Missy&rows=50&o=100&plaEnabled=false&xdEnabled=false&isFacet=true&p=3 | run_id=run_20260929_110725_467584_2daea7 | brand=Dollar (Forcenxt) | page=3 | route=https://www.myntra.com/camisoles?f=Brand%3ADollar%20Missy | seen=0 | expected=288
2026-09-29 11:39:21 | WARNING | LISTING   | Route https://www.myntra.com/camisoles?f=Brand%3ADollar%20Missy for Dollar (Forcenxt) stalled for 3 consecutive pages before reaching expected total; restarting route pass. | run_id=run_20260929_110725_467584_2daea7 | brand=Dollar (Forcenxt) | page=3 | route=https://www.myntra.com/camisoles?f=Brand%3ADollar%20Missy | seen=0 | expected=288
2026-09-29 11:39:21 | WARNING | LISTING   | Retrying route https://www.myntra.com/camisoles?f=Brand%3ADollar%20Missy for Dollar (Forcenxt) (pass 1/2) after incomplete coverage: 0/288 unique products seen. | run_id=run_20260929_110725_467584_2daea7 | brand=Dollar (Forcenxt) | route=https://www.myntra.com/camisoles?f=Brand%3ADollar%20Missy | seen=0 | expected=288 | attempt=1/2
2026-09-29 11:39:21 | INFO    | LISTING   | Listing Dollar (Forcenxt) route https://www.myntra.com/camisoles?f=Brand%3ADollar%20Missy page 1 -> https://www.myntra.com/gateway/v4/search/camisoles?f=Brand%3ADollar+Missy&rows=50&o=0&plaEnabled=false&xdEnabled=false&isFacet=true&p=1 | run_id=run_20260929_110725_467584_2daea7 | brand=Dollar (Forcenxt) | page=1 | route=https://www.myntra.com/camisoles?f=Brand%3ADollar%20Missy | seen=0 | expected=288
2026-09-29 11:39:23 | INFO    | LISTING   | Listing Dollar (Forcenxt) route https://www.myntra.com/camisoles?f=Brand%3ADollar%20Missy page 2 -> https://www.myntra.com/gateway/v4/search/camisoles?f=Brand%3ADollar+Missy&rows=50&o=50&plaEnabled=false&xdEnabled=false&isFacet=true&p=2 | run_id=run_20260929_110725_467584_2daea7 | brand=Dollar (Forcenxt) | page=2 | route=https://www.myntra.com/camisoles?f=Brand%3ADollar%20Missy | seen=0 | expected=288
2026-09-29 11:39:23 | INFO    | LISTING   | Listing Dollar (Forcenxt) route https://www.myntra.com/camisoles?f=Brand%3ADollar%20Missy page 3 -> https://www.myntra.com/gateway/v4/search/camisoles?f=Brand%3ADollar+Missy&rows=50&o=100&plaEnabled=false&xdEnabled=false&isFacet=true&p=3 | run_id=run_20260929_110725_467584_2daea7 | brand=Dollar (Forcenxt) | page=3 | route=https://www.myntra.com/camisoles?f=Brand%3ADollar%20Missy | seen=0 | expected=288
2026-09-29 11:39:24 | WARNING | LISTING   | Route https://www.myntra.com/camisoles?f=Brand%3ADollar%20Missy for Dollar (Forcenxt) stalled for 3 consecutive pages before reaching expected total; restarting route pass. | run_id=run_20260929_110725_467584_2daea7 | brand=Dollar (Forcenxt) | page=3 | route=https://www.myntra.com/camisoles?f=Brand%3ADollar%20Missy | seen=0 | expected=288
2026-09-29 11:39:24 | WARNING | LISTING   | Retrying route https://www.myntra.com/camisoles?f=Brand%3ADollar%20Missy for Dollar (Forcenxt) (pass 2/2) after incomplete coverage: 0/288 unique products seen. | run_id=run_20260929_110725_467584_2daea7 | brand=Dollar (Forcenxt) | route=https://www.myntra.com/camisoles?f=Brand%3ADollar%20Missy | seen=0 | expected=288 | attempt=2/2
2026-09-29 11:39:24 | INFO    | LISTING   | Listing Dollar (Forcenxt) route https://www.myntra.com/camisoles?f=Brand%3ADollar%20Missy page 1 -> https://www.myntra.com/gateway/v4/search/camisoles?f=Brand%3ADollar+Missy&rows=50&o=0&plaEnabled=false&xdEnabled=false&isFacet=true&p=1 | run_id=run_20260929_110725_467584_2daea7 | brand=Dollar (Forcenxt) | page=1 | route=https://www.myntra.com/camisoles?f=Brand%3ADollar%20Missy | seen=0 | expected=288
2026-09-29 11:39:26 | INFO    | LISTING   | Listing Dollar (Forcenxt) route https://www.myntra.com/camisoles?f=Brand%3ADollar%20Missy page 2 -> https://www.myntra.com/gateway/v4/search/camisoles?f=Brand%3ADollar+Missy&rows=50&o=50&plaEnabled=false&xdEnabled=false&isFacet=true&p=2 | run_id=run_20260929_110725_467584_2daea7 | brand=Dollar (Forcenxt) | page=2 | route=https://www.myntra.com/camisoles?f=Brand%3ADollar%20Missy | seen=0 | expected=288
2026-09-29 11:39:26 | INFO    | LISTING   | Listing Dollar (Forcenxt) route https://www.myntra.com/camisoles?f=Brand%3ADollar%20Missy page 3 -> https://www.myntra.com/gateway/v4/search/camisoles?f=Brand%3ADollar+Missy&rows=50&o=100&plaEnabled=false&xdEnabled=false&isFacet=true&p=3 | run_id=run_20260929_110725_467584_2daea7 | brand=Dollar (Forcenxt) | page=3 | route=https://www.myntra.com/camisoles?f=Brand%3ADollar%20Missy | seen=0 | expected=288
2026-09-29 11:39:27 | WARNING | LISTING   | Route https://www.myntra.com/camisoles?f=Brand%3ADollar%20Missy for Dollar (Forcenxt) stalled for 3 consecutive pages before reaching expected total; restarting route pass. | run_id=run_20260929_110725_467584_2daea7 | brand=Dollar (Forcenxt) | page=3 | route=https://www.myntra.com/camisoles?f=Brand%3ADollar%20Missy | seen=0 | expected=288
2026-09-29 11:39:27 | INFO    | LISTING   | Listing Dollar (Forcenxt) route https://www.myntra.com/trousers?f=Brand%3ADollar%20Missy page 1 -> https://www.myntra.com/gateway/v4/search/trousers?f=Brand%3ADollar+Missy&rows=50&o=0&plaEnabled=false&xdEnabled=false&isFacet=true&p=1 | run_id=run_20260929_110725_467584_2daea7 | brand=Dollar (Forcenxt) | page=1 | route=https://www.myntra.com/trousers?f=Brand%3ADollar%20Missy | seen=0 | expected=255
2026-09-29 11:39:28 | INFO    | LISTING   | Listing Dollar (Forcenxt) route https://www.myntra.com/trousers?f=Brand%3ADollar%20Missy page 2 -> https://www.myntra.com/gateway/v4/search/trousers?f=Brand%3ADollar+Missy&rows=50&o=50&plaEnabled=false&xdEnabled=false&isFacet=true&p=2 | run_id=run_20260929_110725_467584_2daea7 | brand=Dollar (Forcenxt) | page=2 | route=https://www.myntra.com/trousers?f=Brand%3ADollar%20Missy | seen=0 | expected=255
2026-09-29 11:39:29 | INFO    | LISTING   | Listing Dollar (Forcenxt) route https://www.myntra.com/trousers?f=Brand%3ADollar%20Missy page 3 -> https://www.myntra.com/gateway/v4/search/trousers?f=Brand%3ADollar+Missy&rows=50&o=100&plaEnabled=false&xdEnabled=false&isFacet=true&p=3 | run_id=run_20260929_110725_467584_2daea7 | brand=Dollar (Forcenxt) | page=3 | route=https://www.myntra.com/trousers?f=Brand%3ADollar%20Missy | seen=0 | expected=255
2026-09-29 11:39:30 | WARNING | LISTING   | Route https://www.myntra.com/trousers?f=Brand%3ADollar%20Missy for Dollar (Forcenxt) stalled for 3 consecutive pages before reaching expected total; restarting route pass. | run_id=run_20260929_110725_467584_2daea7 | brand=Dollar (Forcenxt) | page=3 | route=https://www.myntra.com/trousers?f=Brand%3ADollar%20Missy | seen=0 | expected=255
2026-09-29 11:39:30 | WARNING | LISTING   | Retrying route https://www.myntra.com/trousers?f=Brand%3ADollar%20Missy for Dollar (Forcenxt) (pass 1/2) after incomplete coverage: 0/255 unique products seen. | run_id=run_20260929_110725_467584_2daea7 | brand=Dollar (Forcenxt) | route=https://www.myntra.com/trousers?f=Brand%3ADollar%20Missy | seen=0 | expected=255 | attempt=1/2
2026-09-29 11:39:30 | INFO    | LISTING   | Listing Dollar (Forcenxt) route https://www.myntra.com/trousers?f=Brand%3ADollar%20Missy page 1 -> https://www.myntra.com/gateway/v4/search/trousers?f=Brand%3ADollar+Missy&rows=50&o=0&plaEnabled=false&xdEnabled=false&isFacet=true&p=1 | run_id=run_20260929_110725_467584_2daea7 | brand=Dollar (Forcenxt) | page=1 | route=https://www.myntra.com/trousers?f=Brand%3ADollar%20Missy | seen=0 | expected=255
2026-09-29 11:39:31 | INFO    | LISTING   | Listing Dollar (Forcenxt) route https://www.myntra.com/trousers?f=Brand%3ADollar%20Missy page 2 -> https://www.myntra.com/gateway/v4/search/trousers?f=Brand%3ADollar+Missy&rows=50&o=50&plaEnabled=false&xdEnabled=false&isFacet=true&p=2 | run_id=run_20260929_110725_467584_2daea7 | brand=Dollar (Forcenxt) | page=2 | route=https://www.myntra.com/trousers?f=Brand%3ADollar%20Missy | seen=0 | expected=255
2026-09-29 11:39:32 | INFO    | LISTING   | Listing Dollar (Forcenxt) route https://www.myntra.com/trousers?f=Brand%3ADollar%20Missy page 3 -> https://www.myntra.com/gateway/v4/search/trousers?f=Brand%3ADollar+Missy&rows=50&o=100&plaEnabled=false&xdEnabled=false&isFacet=true&p=3 | run_id=run_20260929_110725_467584_2daea7 | brand=Dollar (Forcenxt) | page=3 | route=https://www.myntra.com/trousers?f=Brand%3ADollar%20Missy | seen=0 | expected=255
2026-09-29 11:39:32 | WARNING | LISTING   | Route https://www.myntra.com/trousers?f=Brand%3ADollar%20Missy for Dollar (Forcenxt) stalled for 3 consecutive pages before reaching expected total; restarting route pass. | run_id=run_20260929_110725_467584_2daea7 | brand=Dollar (Forcenxt) | page=3 | route=https://www.myntra.com/trousers?f=Brand%3ADollar%20Missy | seen=0 | expected=255
2026-09-29 11:39:32 | WARNING | LISTING   | Retrying route https://www.myntra.com/trousers?f=Brand%3ADollar%20Missy for Dollar (Forcenxt) (pass 2/2) after incomplete coverage: 0/255 unique products seen. | run_id=run_20260929_110725_467584_2daea7 | brand=Dollar (Forcenxt) | route=https://www.myntra.com/trousers?f=Brand%3ADollar%20Missy | seen=0 | expected=255 | attempt=2/2
2026-09-29 11:39:32 | INFO    | LISTING   | Listing Dollar (Forcenxt) route https://www.myntra.com/trousers?f=Brand%3ADollar%20Missy page 1 -> https://www.myntra.com/gateway/v4/search/trousers?f=Brand%3ADollar+Missy&rows=50&o=0&plaEnabled=false&xdEnabled=false&isFacet=true&p=1 | run_id=run_20260929_110725_467584_2daea7 | brand=Dollar (Forcenxt) | page=1 | route=https://www.myntra.com/trousers?f=Brand%3ADollar%20Missy | seen=0 | expected=255
2026-09-29 11:39:35 | INFO    | LISTING   | Listing Dollar (Forcenxt) route https://www.myntra.com/trousers?f=Brand%3ADollar%20Missy page 2 -> https://www.myntra.com/gateway/v4/search/trousers?f=Brand%3ADollar+Missy&rows=50&o=50&plaEnabled=false&xdEnabled=false&isFacet=true&p=2 | run_id=run_20260929_110725_467584_2daea7 | brand=Dollar (Forcenxt) | page=2 | route=https://www.myntra.com/trousers?f=Brand%3ADollar%20Missy | seen=0 | expected=255
2026-09-29 11:39:35 | INFO    | LISTING   | Listing Dollar (Forcenxt) route https://www.myntra.com/trousers?f=Brand%3ADollar%20Missy page 3 -> https://www.myntra.com/gateway/v4/search/trousers?f=Brand%3ADollar+Missy&rows=50&o=100&plaEnabled=false&xdEnabled=false&isFacet=true&p=3 | run_id=run_20260929_110725_467584_2daea7 | brand=Dollar (Forcenxt) | page=3 | route=https://www.myntra.com/trousers?f=Brand%3ADollar%20Missy | seen=0 | expected=255
2026-09-29 11:39:36 | WARNING | LISTING   | Route https://www.myntra.com/trousers?f=Brand%3ADollar%20Missy for Dollar (Forcenxt) stalled for 3 consecutive pages before reaching expected total; restarting route pass. | run_id=run_20260929_110725_467584_2daea7 | brand=Dollar (Forcenxt) | page=3 | route=https://www.myntra.com/trousers?f=Brand%3ADollar%20Missy | seen=0 | expected=255
2026-09-29 11:39:36 | INFO    | LISTING   | Listing Dollar (Forcenxt) route https://www.myntra.com/trunk?f=Brand%3ADollar page 1 -> https://www.myntra.com/gateway/v4/search/trunk?f=Brand%3ADollar&rows=50&o=0&plaEnabled=false&xdEnabled=false&isFacet=true&p=1 | run_id=run_20260929_110725_467584_2daea7 | brand=Dollar (Forcenxt) | page=1 | route=https://www.myntra.com/trunk?f=Brand%3ADollar | seen=0 | expected=233
2026-09-29 11:39:37 | INFO    | LISTING   | Listing Dollar (Forcenxt) route https://www.myntra.com/trunk?f=Brand%3ADollar page 2 -> https://www.myntra.com/gateway/v4/search/trunk?f=Brand%3ADollar&rows=50&o=50&plaEnabled=false&xdEnabled=false&isFacet=true&p=2 | run_id=run_20260929_110725_467584_2daea7 | brand=Dollar (Forcenxt) | page=2 | route=https://www.myntra.com/trunk?f=Brand%3ADollar | seen=50 | expected=233
2026-09-29 11:39:37 | INFO    | LISTING   | Listing Dollar (Forcenxt) route https://www.myntra.com/trunk?f=Brand%3ADollar page 3 -> https://www.myntra.com/gateway/v4/search/trunk?f=Brand%3ADollar&rows=50&o=100&plaEnabled=false&xdEnabled=false&isFacet=true&p=3 | run_id=run_20260929_110725_467584_2daea7 | brand=Dollar (Forcenxt) | page=3 | route=https://www.myntra.com/trunk?f=Brand%3ADollar | seen=100 | expected=233
2026-09-29 11:39:38 | INFO    | LISTING   | Listing Dollar (Forcenxt) route https://www.myntra.com/trunk?f=Brand%3ADollar page 4 -> https://www.myntra.com/gateway/v4/search/trunk?f=Brand%3ADollar&rows=50&o=150&plaEnabled=false&xdEnabled=false&isFacet=true&p=4 | run_id=run_20260929_110725_467584_2daea7 | brand=Dollar (Forcenxt) | page=4 | route=https://www.myntra.com/trunk?f=Brand%3ADollar | seen=150 | expected=233
2026-09-29 11:39:39 | INFO    | LISTING   | Listing Dollar (Forcenxt) route https://www.myntra.com/trunk?f=Brand%3ADollar page 5 -> https://www.myntra.com/gateway/v4/search/trunk?f=Brand%3ADollar&rows=50&o=200&plaEnabled=false&xdEnabled=false&isFacet=true&p=5 | run_id=run_20260929_110725_467584_2daea7 | brand=Dollar (Forcenxt) | page=5 | route=https://www.myntra.com/trunk?f=Brand%3ADollar | seen=200 | expected=233
2026-09-29 11:39:39 | INFO    | LISTING   | Listing Dollar (Forcenxt) route https://www.myntra.com/trunk?f=Brand%3ADollar page 6 -> https://www.myntra.com/gateway/v4/search/trunk?f=Brand%3ADollar&rows=50&o=250&plaEnabled=false&xdEnabled=false&isFacet=true&p=6 | run_id=run_20260929_110725_467584_2daea7 | brand=Dollar (Forcenxt) | page=6 | route=https://www.myntra.com/trunk?f=Brand%3ADollar | seen=233 | expected=233
2026-09-29 11:39:39 | WARNING | LISTING   | Empty listing page for Dollar (Forcenxt) on page 6 before expected end; continuing. | run_id=run_20260929_110725_467584_2daea7 | brand=Dollar (Forcenxt) | page=6 | route=https://www.myntra.com/trunk?f=Brand%3ADollar
2026-09-29 11:39:39 | INFO    | LISTING   | Listing Dollar (Forcenxt) route https://www.myntra.com/trunk?f=Brand%3ADollar page 7 -> https://www.myntra.com/gateway/v4/search/trunk?f=Brand%3ADollar&rows=50&o=300&plaEnabled=false&xdEnabled=false&isFacet=true&p=7 | run_id=run_20260929_110725_467584_2daea7 | brand=Dollar (Forcenxt) | page=7 | route=https://www.myntra.com/trunk?f=Brand%3ADollar | seen=233 | expected=233
2026-09-29 11:39:40 | INFO    | LISTING   | Listing Dollar (Forcenxt) route https://www.myntra.com/shorts?f=Brand%3ADollar page 1 -> https://www.myntra.com/gateway/v4/search/shorts?f=Brand%3ADollar&rows=50&o=0&plaEnabled=false&xdEnabled=false&isFacet=true&p=1 | run_id=run_20260929_110725_467584_2daea7 | brand=Dollar (Forcenxt) | page=1 | route=https://www.myntra.com/shorts?f=Brand%3ADollar | seen=0 | expected=230
2026-09-29 11:39:41 | INFO    | LISTING   | Listing Dollar (Forcenxt) route https://www.myntra.com/shorts?f=Brand%3ADollar page 2 -> https://www.myntra.com/gateway/v4/search/shorts?f=Brand%3ADollar&rows=50&o=50&plaEnabled=false&xdEnabled=false&isFacet=true&p=2 | run_id=run_20260929_110725_467584_2daea7 | brand=Dollar (Forcenxt) | page=2 | route=https://www.myntra.com/shorts?f=Brand%3ADollar | seen=50 | expected=230
2026-09-29 11:39:42 | INFO    | LISTING   | Listing Dollar (Forcenxt) route https://www.myntra.com/shorts?f=Brand%3ADollar page 3 -> https://www.myntra.com/gateway/v4/search/shorts?f=Brand%3ADollar&rows=50&o=100&plaEnabled=false&xdEnabled=false&isFacet=true&p=3 | run_id=run_20260929_110725_467584_2daea7 | brand=Dollar (Forcenxt) | page=3 | route=https://www.myntra.com/shorts?f=Brand%3ADollar | seen=100 | expected=230
2026-09-29 11:39:42 | INFO    | LISTING   | Listing Dollar (Forcenxt) route https://www.myntra.com/shorts?f=Brand%3ADollar page 4 -> https://www.myntra.com/gateway/v4/search/shorts?f=Brand%3ADollar&rows=50&o=150&plaEnabled=false&xdEnabled=false&isFacet=true&p=4 | run_id=run_20260929_110725_467584_2daea7 | brand=Dollar (Forcenxt) | page=4 | route=https://www.myntra.com/shorts?f=Brand%3ADollar | seen=150 | expected=230
2026-09-29 11:39:44 | INFO    | LISTING   | Listing Dollar (Forcenxt) route https://www.myntra.com/shorts?f=Brand%3ADollar page 5 -> https://www.myntra.com/gateway/v4/search/shorts?f=Brand%3ADollar&rows=50&o=200&plaEnabled=false&xdEnabled=false&isFacet=true&p=5 | run_id=run_20260929_110725_467584_2daea7 | brand=Dollar (Forcenxt) | page=5 | route=https://www.myntra.com/shorts?f=Brand%3ADollar | seen=200 | expected=230
2026-09-29 11:39:45 | INFO    | LISTING   | Listing Dollar (Forcenxt) route https://www.myntra.com/shorts?f=Brand%3ADollar page 6 -> https://www.myntra.com/gateway/v4/search/shorts?f=Brand%3ADollar&rows=50&o=250&plaEnabled=false&xdEnabled=false&isFacet=true&p=6 | run_id=run_20260929_110725_467584_2daea7 | brand=Dollar (Forcenxt) | page=6 | route=https://www.myntra.com/shorts?f=Brand%3ADollar | seen=230 | expected=230
2026-09-29 11:39:46 | WARNING | LISTING   | Empty listing page for Dollar (Forcenxt) on page 6 before expected end; continuing. | run_id=run_20260929_110725_467584_2daea7 | brand=Dollar (Forcenxt) | page=6 | route=https://www.myntra.com/shorts?f=Brand%3ADollar
2026-09-29 11:39:46 | INFO    | LISTING   | Listing Dollar (Forcenxt) route https://www.myntra.com/shorts?f=Brand%3ADollar page 7 -> https://www.myntra.com/gateway/v4/search/shorts?f=Brand%3ADollar&rows=50&o=300&plaEnabled=false&xdEnabled=false&isFacet=true&p=7 | run_id=run_20260929_110725_467584_2daea7 | brand=Dollar (Forcenxt) | page=7 | route=https://www.myntra.com/shorts?f=Brand%3ADollar | seen=230 | expected=230
2026-09-29 11:39:47 | WARNING | LISTING   | Empty listing page for Dollar (Forcenxt) on page 7 before expected end; continuing. | run_id=run_20260929_110725_467584_2daea7 | brand=Dollar (Forcenxt) | page=7 | route=https://www.myntra.com/shorts?f=Brand%3ADollar
2026-09-29 11:39:47 | INFO    | LISTING   | Listing Dollar (Forcenxt) route https://www.myntra.com/shorts?f=Brand%3ADollar page 8 -> https://www.myntra.com/gateway/v4/search/shorts?f=Brand%3ADollar&rows=50&o=350&plaEnabled=false&xdEnabled=false&isFacet=true&p=8 | run_id=run_20260929_110725_467584_2daea7 | brand=Dollar (Forcenxt) | page=8 | route=https://www.myntra.com/shorts?f=Brand%3ADollar | seen=230 | expected=230
2026-09-29 11:39:47 | INFO    | LISTING   | Listing Dollar (Forcenxt) route https://www.myntra.com/track-pants?f=Brand%3ADollar page 1 -> https://www.myntra.com/gateway/v4/search/track-pants?f=Brand%3ADollar&rows=50&o=0&plaEnabled=false&xdEnabled=false&isFacet=true&p=1 | run_id=run_20260929_110725_467584_2daea7 | brand=Dollar (Forcenxt) | page=1 | route=https://www.myntra.com/track-pants?f=Brand%3ADollar | seen=0 | expected=152
2026-09-29 11:39:49 | INFO    | LISTING   | Listing Dollar (Forcenxt) route https://www.myntra.com/track-pants?f=Brand%3ADollar page 2 -> https://www.myntra.com/gateway/v4/search/track-pants?f=Brand%3ADollar&rows=50&o=50&plaEnabled=false&xdEnabled=false&isFacet=true&p=2 | run_id=run_20260929_110725_467584_2daea7 | brand=Dollar (Forcenxt) | page=2 | route=https://www.myntra.com/track-pants?f=Brand%3ADollar | seen=50 | expected=152
2026-09-29 11:39:49 | INFO    | LISTING   | Listing Dollar (Forcenxt) route https://www.myntra.com/track-pants?f=Brand%3ADollar page 3 -> https://www.myntra.com/gateway/v4/search/track-pants?f=Brand%3ADollar&rows=50&o=100&plaEnabled=false&xdEnabled=false&isFacet=true&p=3 | run_id=run_20260929_110725_467584_2daea7 | brand=Dollar (Forcenxt) | page=3 | route=https://www.myntra.com/track-pants?f=Brand%3ADollar | seen=100 | expected=152
2026-09-29 11:39:50 | INFO    | LISTING   | Listing Dollar (Forcenxt) route https://www.myntra.com/track-pants?f=Brand%3ADollar page 4 -> https://www.myntra.com/gateway/v4/search/track-pants?f=Brand%3ADollar&rows=50&o=150&plaEnabled=false&xdEnabled=false&isFacet=true&p=4 | run_id=run_20260929_110725_467584_2daea7 | brand=Dollar (Forcenxt) | page=4 | route=https://www.myntra.com/track-pants?f=Brand%3ADollar | seen=150 | expected=152
2026-09-29 11:39:50 | INFO    | LISTING   | Listing Dollar (Forcenxt) route https://www.myntra.com/track-pants?f=Brand%3ADollar page 5 -> https://www.myntra.com/gateway/v4/search/track-pants?f=Brand%3ADollar&rows=50&o=200&plaEnabled=false&xdEnabled=false&isFacet=true&p=5 | run_id=run_20260929_110725_467584_2daea7 | brand=Dollar (Forcenxt) | page=5 | route=https://www.myntra.com/track-pants?f=Brand%3ADollar | seen=152 | expected=152
2026-09-29 11:39:51 | INFO    | LISTING   | Listing Dollar (Forcenxt) route https://www.myntra.com/briefs?f=Brand%3ADollar page 1 -> https://www.myntra.com/gateway/v4/search/briefs?f=Brand%3ADollar&rows=50&o=0&plaEnabled=false&xdEnabled=false&isFacet=true&p=1 | run_id=run_20260929_110725_467584_2daea7 | brand=Dollar (Forcenxt) | page=1 | route=https://www.myntra.com/briefs?f=Brand%3ADollar | seen=0 | expected=119
2026-09-29 11:39:52 | INFO    | LISTING   | Listing Dollar (Forcenxt) route https://www.myntra.com/briefs?f=Brand%3ADollar page 2 -> https://www.myntra.com/gateway/v4/search/briefs?f=Brand%3ADollar&rows=50&o=50&plaEnabled=false&xdEnabled=false&isFacet=true&p=2 | run_id=run_20260929_110725_467584_2daea7 | brand=Dollar (Forcenxt) | page=2 | route=https://www.myntra.com/briefs?f=Brand%3ADollar | seen=50 | expected=119
2026-09-29 11:39:53 | INFO    | LISTING   | Listing Dollar (Forcenxt) route https://www.myntra.com/briefs?f=Brand%3ADollar page 3 -> https://www.myntra.com/gateway/v4/search/briefs?f=Brand%3ADollar&rows=50&o=100&plaEnabled=false&xdEnabled=false&isFacet=true&p=3 | run_id=run_20260929_110725_467584_2daea7 | brand=Dollar (Forcenxt) | page=3 | route=https://www.myntra.com/briefs?f=Brand%3ADollar | seen=100 | expected=119
2026-09-29 11:39:53 | INFO    | LISTING   | Listing Dollar (Forcenxt) route https://www.myntra.com/briefs?f=Brand%3ADollar page 4 -> https://www.myntra.com/gateway/v4/search/briefs?f=Brand%3ADollar&rows=50&o=150&plaEnabled=false&xdEnabled=false&isFacet=true&p=4 | run_id=run_20260929_110725_467584_2daea7 | brand=Dollar (Forcenxt) | page=4 | route=https://www.myntra.com/briefs?f=Brand%3ADollar | seen=119 | expected=119
2026-09-29 11:39:54 | INFO    | LISTING   | Listing Dollar (Forcenxt) route https://www.myntra.com/thermal?f=Brand%3ADollar page 1 -> https://www.myntra.com/gateway/v4/search/thermal?f=Brand%3ADollar&rows=50&o=0&plaEnabled=false&xdEnabled=false&isFacet=true&p=1 | run_id=run_20260929_110725_467584_2daea7 | brand=Dollar (Forcenxt) | page=1 | route=https://www.myntra.com/thermal?f=Brand%3ADollar | seen=0 | expected=92
2026-09-29 11:39:55 | INFO    | LISTING   | Listing Dollar (Forcenxt) route https://www.myntra.com/thermal?f=Brand%3ADollar page 2 -> https://www.myntra.com/gateway/v4/search/thermal?f=Brand%3ADollar&rows=50&o=50&plaEnabled=false&xdEnabled=false&isFacet=true&p=2 | run_id=run_20260929_110725_467584_2daea7 | brand=Dollar (Forcenxt) | page=2 | route=https://www.myntra.com/thermal?f=Brand%3ADollar | seen=50 | expected=92
2026-09-29 11:39:56 | INFO    | LISTING   | Listing Dollar (Forcenxt) route https://www.myntra.com/thermal?f=Brand%3ADollar page 3 -> https://www.myntra.com/gateway/v4/search/thermal?f=Brand%3ADollar&rows=50&o=100&plaEnabled=false&xdEnabled=false&isFacet=true&p=3 | run_id=run_20260929_110725_467584_2daea7 | brand=Dollar (Forcenxt) | page=3 | route=https://www.myntra.com/thermal?f=Brand%3ADollar | seen=92 | expected=92
2026-09-29 11:39:57 | INFO    | LISTING   | Listing Dollar (Forcenxt) route https://www.myntra.com/dollar-ultra page 1 -> https://www.myntra.com/gateway/v4/search/dollar-ultra?rows=50&o=0&plaEnabled=false&xdEnabled=false&isFacet=true&p=1 | run_id=run_20260929_110725_467584_2daea7 | brand=Dollar (Forcenxt) | page=1 | route=https://www.myntra.com/dollar-ultra | seen=0 | expected=77
2026-09-29 11:39:57 | INFO    | LISTING   | Listing Dollar (Forcenxt) route https://www.myntra.com/dollar-ultra page 2 -> https://www.myntra.com/gateway/v4/search/dollar-ultra?rows=50&o=50&plaEnabled=false&xdEnabled=false&isFacet=true&p=2 | run_id=run_20260929_110725_467584_2daea7 | brand=Dollar (Forcenxt) | page=2 | route=https://www.myntra.com/dollar-ultra | seen=50 | expected=77
2026-09-29 11:39:58 | WARNING | BRAND     | Brand Dollar (Forcenxt) finished below expected count: saw 8718 unique activewear products vs expected 11614. | run_id=run_20260929_110725_467584_2daea7 | brand=Dollar (Forcenxt) | seen=8718 | expected=11614
2026-09-29 11:39:58 | INFO    | BRAND     | Brand scrape completed in 6m 33s (1331.74 products/min). | run_id=run_20260929_110725_467584_2daea7 | brand=Dollar (Forcenxt) | status=COMPLETED | saved=8720 | seen=8718 | expected=11614 | elapsed_label=6m 33s | products_per_minute=1331.74
2026-09-29 11:39:58 | INFO    | AUDIT     | Audit retry completed for Dollar (Forcenxt): saved=1553, shortfall_before=4447 | run_id=run_20260929_110725_467584_2daea7 | brand=Dollar (Forcenxt) | saved=1553
2026-09-29 11:39:58 | INFO    | BRAND     | Resolving brand routes. | run_id=run_20260929_110725_467584_2daea7 | brand=Zoiro
2026-09-29 11:40:02 | INFO    | BRAND     | Resolved Zoiro -> 6 routes (best brand total=659): https://www.myntra.com/zoiro, https://www.myntra.com/zoiro-sportswear, https://www.myntra.com/track-pants?f=Brand%3AZoiro, https://www.myntra.com/tshirts?f=Brand%3AZoiro, https://www.myntra.com/gym-wear?f=Brand%3AZoiro, https://www.myntra.com/sports-wear?f=Brand%3AZoiro | run_id=run_20260929_110725_467584_2daea7 | brand=Zoiro | expected=659
2026-09-29 11:40:02 | INFO    | BRAND     | Starting brand scrape. | run_id=run_20260929_110725_467584_2daea7 | brand=Zoiro | expected=717
2026-09-29 11:40:02 | INFO    | LISTING   | Listing Zoiro route https://www.myntra.com/zoiro page 1 -> https://www.myntra.com/gateway/v4/search/zoiro?rows=50&o=0&plaEnabled=false&xdEnabled=false&isFacet=true&p=1 | run_id=run_20260929_110725_467584_2daea7 | brand=Zoiro | page=1 | route=https://www.myntra.com/zoiro | seen=0 | expected=659
2026-09-29 11:40:03 | INFO    | LISTING   | Listing Zoiro route https://www.myntra.com/zoiro page 2 -> https://www.myntra.com/gateway/v4/search/zoiro?rows=50&o=50&plaEnabled=false&xdEnabled=false&isFacet=true&p=2 | run_id=run_20260929_110725_467584_2daea7 | brand=Zoiro | page=2 | route=https://www.myntra.com/zoiro | seen=50 | expected=659
2026-09-29 11:40:04 | INFO    | LISTING   | Listing Zoiro route https://www.myntra.com/zoiro page 3 -> https://www.myntra.com/gateway/v4/search/zoiro?rows=50&o=100&plaEnabled=false&xdEnabled=false&isFacet=true&p=3 | run_id=run_20260929_110725_467584_2daea7 | brand=Zoiro | page=3 | route=https://www.myntra.com/zoiro | seen=100 | expected=659
2026-09-29 11:40:05 | INFO    | PDP       | Processed 1 target products for Zoiro in 1s (79.14 products/min). | run_id=run_20260929_110725_467584_2daea7 | brand=Zoiro | saved=1 | elapsed_label=1s | products_per_minute=79.14
2026-09-29 11:40:05 | INFO    | LISTING   | Listing Zoiro route https://www.myntra.com/zoiro page 4 -> https://www.myntra.com/gateway/v4/search/zoiro?rows=50&o=150&plaEnabled=false&xdEnabled=false&isFacet=true&p=4 | run_id=run_20260929_110725_467584_2daea7 | brand=Zoiro | page=4 | route=https://www.myntra.com/zoiro | seen=150 | expected=659
2026-09-29 11:40:06 | INFO    | LISTING   | Listing Zoiro route https://www.myntra.com/zoiro page 5 -> https://www.myntra.com/gateway/v4/search/zoiro?rows=50&o=200&plaEnabled=false&xdEnabled=false&isFacet=true&p=5 | run_id=run_20260929_110725_467584_2daea7 | brand=Zoiro | page=5 | route=https://www.myntra.com/zoiro | seen=195 | expected=659
2026-09-29 11:40:07 | INFO    | LISTING   | Listing Zoiro route https://www.myntra.com/zoiro page 6 -> https://www.myntra.com/gateway/v4/search/zoiro?rows=50&o=250&plaEnabled=false&xdEnabled=false&isFacet=true&p=6 | run_id=run_20260929_110725_467584_2daea7 | brand=Zoiro | page=6 | route=https://www.myntra.com/zoiro | seen=245 | expected=659
2026-09-29 11:40:07 | INFO    | LISTING   | Listing Zoiro route https://www.myntra.com/zoiro page 7 -> https://www.myntra.com/gateway/v4/search/zoiro?rows=50&o=300&plaEnabled=false&xdEnabled=false&isFacet=true&p=7 | run_id=run_20260929_110725_467584_2daea7 | brand=Zoiro | page=7 | route=https://www.myntra.com/zoiro | seen=295 | expected=659
2026-09-29 11:40:08 | INFO    | LISTING   | Listing Zoiro route https://www.myntra.com/zoiro page 8 -> https://www.myntra.com/gateway/v4/search/zoiro?rows=50&o=350&plaEnabled=false&xdEnabled=false&isFacet=true&p=8 | run_id=run_20260929_110725_467584_2daea7 | brand=Zoiro | page=8 | route=https://www.myntra.com/zoiro | seen=345 | expected=659
2026-09-29 11:40:08 | INFO    | LISTING   | Listing Zoiro route https://www.myntra.com/zoiro page 9 -> https://www.myntra.com/gateway/v4/search/zoiro?rows=50&o=400&plaEnabled=false&xdEnabled=false&isFacet=true&p=9 | run_id=run_20260929_110725_467584_2daea7 | brand=Zoiro | page=9 | route=https://www.myntra.com/zoiro | seen=395 | expected=659
2026-09-29 11:40:09 | INFO    | LISTING   | Listing Zoiro route https://www.myntra.com/zoiro page 10 -> https://www.myntra.com/gateway/v4/search/zoiro?rows=50&o=450&plaEnabled=false&xdEnabled=false&isFacet=true&p=10 | run_id=run_20260929_110725_467584_2daea7 | brand=Zoiro | page=10 | route=https://www.myntra.com/zoiro | seen=445 | expected=659
2026-09-29 11:40:09 | INFO    | LISTING   | Listing Zoiro route https://www.myntra.com/zoiro page 11 -> https://www.myntra.com/gateway/v4/search/zoiro?rows=50&o=500&plaEnabled=false&xdEnabled=false&isFacet=true&p=11 | run_id=run_20260929_110725_467584_2daea7 | brand=Zoiro | page=11 | route=https://www.myntra.com/zoiro | seen=494 | expected=659
2026-09-29 11:40:10 | INFO    | LISTING   | Listing Zoiro route https://www.myntra.com/zoiro page 12 -> https://www.myntra.com/gateway/v4/search/zoiro?rows=50&o=550&plaEnabled=false&xdEnabled=false&isFacet=true&p=12 | run_id=run_20260929_110725_467584_2daea7 | brand=Zoiro | page=12 | route=https://www.myntra.com/zoiro | seen=544 | expected=659
2026-09-29 11:40:11 | INFO    | LISTING   | Listing Zoiro route https://www.myntra.com/zoiro page 13 -> https://www.myntra.com/gateway/v4/search/zoiro?rows=50&o=600&plaEnabled=false&xdEnabled=false&isFacet=true&p=13 | run_id=run_20260929_110725_467584_2daea7 | brand=Zoiro | page=13 | route=https://www.myntra.com/zoiro | seen=594 | expected=659
2026-09-29 11:40:12 | INFO    | LISTING   | Listing Zoiro route https://www.myntra.com/zoiro page 14 -> https://www.myntra.com/gateway/v4/search/zoiro?rows=50&o=650&plaEnabled=false&xdEnabled=false&isFacet=true&p=14 | run_id=run_20260929_110725_467584_2daea7 | brand=Zoiro | page=14 | route=https://www.myntra.com/zoiro | seen=643 | expected=659
2026-09-29 11:40:12 | INFO    | LISTING   | Listing Zoiro route https://www.myntra.com/zoiro page 15 -> https://www.myntra.com/gateway/v4/search/zoiro?rows=50&o=700&plaEnabled=false&xdEnabled=false&isFacet=true&p=15 | run_id=run_20260929_110725_467584_2daea7 | brand=Zoiro | page=15 | route=https://www.myntra.com/zoiro | seen=659 | expected=659
2026-09-29 11:40:13 | WARNING | LISTING   | Empty listing page for Zoiro on page 15 before expected end; continuing. | run_id=run_20260929_110725_467584_2daea7 | brand=Zoiro | page=15 | route=https://www.myntra.com/zoiro
2026-09-29 11:40:13 | INFO    | LISTING   | Listing Zoiro route https://www.myntra.com/zoiro page 16 -> https://www.myntra.com/gateway/v4/search/zoiro?rows=50&o=750&plaEnabled=false&xdEnabled=false&isFacet=true&p=16 | run_id=run_20260929_110725_467584_2daea7 | brand=Zoiro | page=16 | route=https://www.myntra.com/zoiro | seen=659 | expected=659
2026-09-29 11:40:13 | WARNING | NETWORK   | JSON request failed for https://www.myntra.com/gateway/v4/search/zoiro?rows=50&o=750&plaEnabled=false&xdEnabled=false&isFacet=true&p=16 on attempt 1/3: HTTP Error 400:  | run_id=run_20260929_110725_467584_2daea7 | route=https://www.myntra.com/gateway/v4/search/zoiro?rows=50&o=750&plaEnabled=false&xdEnabled=false&isFacet=true&p=16 | attempt=1/3
2026-09-29 11:40:15 | WARNING | NETWORK   | JSON request failed for https://www.myntra.com/gateway/v4/search/zoiro?rows=50&o=750&plaEnabled=false&xdEnabled=false&isFacet=true&p=16 on attempt 2/3: HTTP Error 400:  | run_id=run_20260929_110725_467584_2daea7 | route=https://www.myntra.com/gateway/v4/search/zoiro?rows=50&o=750&plaEnabled=false&xdEnabled=false&isFacet=true&p=16 | attempt=2/3
2026-09-29 11:40:18 | WARNING | NETWORK   | JSON request failed for https://www.myntra.com/gateway/v4/search/zoiro?rows=50&o=750&plaEnabled=false&xdEnabled=false&isFacet=true&p=16 on attempt 3/3: HTTP Error 400:  | run_id=run_20260929_110725_467584_2daea7 | route=https://www.myntra.com/gateway/v4/search/zoiro?rows=50&o=750&plaEnabled=false&xdEnabled=false&isFacet=true&p=16 | attempt=3/3
2026-09-29 11:40:18 | WARNING | NETWORK   | JSON request failed for https://www.myntra.com/gateway/v4/search/zoiro?rows=50&o=749&plaEnabled=false&xdEnabled=false&isFacet=true&p=16 on attempt 1/3: HTTP Error 400:  | run_id=run_20260929_110725_467584_2daea7 | route=https://www.myntra.com/gateway/v4/search/zoiro?rows=50&o=749&plaEnabled=false&xdEnabled=false&isFacet=true&p=16 | attempt=1/3
2026-09-29 11:40:20 | WARNING | NETWORK   | JSON request failed for https://www.myntra.com/gateway/v4/search/zoiro?rows=50&o=749&plaEnabled=false&xdEnabled=false&isFacet=true&p=16 on attempt 2/3: HTTP Error 400:  | run_id=run_20260929_110725_467584_2daea7 | route=https://www.myntra.com/gateway/v4/search/zoiro?rows=50&o=749&plaEnabled=false&xdEnabled=false&isFacet=true&p=16 | attempt=2/3
2026-09-29 11:40:22 | WARNING | NETWORK   | JSON request failed for https://www.myntra.com/gateway/v4/search/zoiro?rows=50&o=749&plaEnabled=false&xdEnabled=false&isFacet=true&p=16 on attempt 3/3: HTTP Error 400:  | run_id=run_20260929_110725_467584_2daea7 | route=https://www.myntra.com/gateway/v4/search/zoiro?rows=50&o=749&plaEnabled=false&xdEnabled=false&isFacet=true&p=16 | attempt=3/3
2026-09-29 11:40:23 | WARNING | LISTING   | Route fetch failed for https://www.myntra.com/zoiro page 16 (Failed to fetch JSON payload from https://www.myntra.com/gateway/v4/search/zoiro?rows=50&o=749&plaEnabled=false&xdEnabled=false&isFacet=true&p=16: HTTP Error 400: ). Will retry with another pass or fallback route. | run_id=run_20260929_110725_467584_2daea7 | brand=Zoiro | page=16 | route=https://www.myntra.com/zoiro
2026-09-29 11:40:23 | INFO    | BRAND     | Skipping redundant route https://www.myntra.com/zoiro-sportswear for Zoiro (100% of first page already captured). | run_id=run_20260929_110725_467584_2daea7 | brand=Zoiro | route=https://www.myntra.com/zoiro-sportswear
2026-09-29 11:40:23 | INFO    | BRAND     | Skipping redundant route https://www.myntra.com/track-pants?f=Brand%3AZoiro for Zoiro (100% of first page already captured). | run_id=run_20260929_110725_467584_2daea7 | brand=Zoiro | route=https://www.myntra.com/track-pants?f=Brand%3AZoiro
2026-09-29 11:40:23 | INFO    | BRAND     | Skipping redundant route https://www.myntra.com/tshirts?f=Brand%3AZoiro for Zoiro (100% of first page already captured). | run_id=run_20260929_110725_467584_2daea7 | brand=Zoiro | route=https://www.myntra.com/tshirts?f=Brand%3AZoiro
2026-09-29 11:40:23 | INFO    | LISTING   | Listing Zoiro route https://www.myntra.com/gym-wear?f=Brand%3AZoiro page 1 -> https://www.myntra.com/gateway/v4/search/gym-wear?f=Brand%3AZoiro&rows=50&o=0&plaEnabled=false&xdEnabled=false&isFacet=true&p=1 | run_id=run_20260929_110725_467584_2daea7 | brand=Zoiro | page=1 | route=https://www.myntra.com/gym-wear?f=Brand%3AZoiro | seen=0 | expected=8
2026-09-29 11:40:24 | INFO    | LISTING   | Listing Zoiro route https://www.myntra.com/sports-wear?f=Brand%3AZoiro page 1 -> https://www.myntra.com/gateway/v4/search/sports-wear?f=Brand%3AZoiro&rows=50&o=0&plaEnabled=false&xdEnabled=false&isFacet=true&p=1 | run_id=run_20260929_110725_467584_2daea7 | brand=Zoiro | page=1 | route=https://www.myntra.com/sports-wear?f=Brand%3AZoiro | seen=0 | expected=8
2026-09-29 11:40:26 | INFO    | LISTING   | Listing Zoiro route https://www.myntra.com/sports-wear?f=Brand%3AZoiro page 2 -> https://www.myntra.com/gateway/v4/search/sports-wear?f=Brand%3AZoiro&rows=50&o=50&plaEnabled=false&xdEnabled=false&isFacet=true&p=2 | run_id=run_20260929_110725_467584_2daea7 | brand=Zoiro | page=2 | route=https://www.myntra.com/sports-wear?f=Brand%3AZoiro | seen=8 | expected=8
2026-09-29 11:40:26 | WARNING | BRAND     | Brand Zoiro finished below expected count: saw 659 unique activewear products vs expected 717. | run_id=run_20260929_110725_467584_2daea7 | brand=Zoiro | seen=659 | expected=717
2026-09-29 11:40:26 | INFO    | BRAND     | Brand scrape completed in 28s (1395.1 products/min). | run_id=run_20260929_110725_467584_2daea7 | brand=Zoiro | status=COMPLETED | saved=659 | seen=659 | expected=717 | elapsed_label=28s | products_per_minute=1395.1
2026-09-29 11:40:26 | INFO    | AUDIT     | Audit retry completed for Zoiro: saved=1, shortfall_before=59 | run_id=run_20260929_110725_467584_2daea7 | brand=Zoiro | saved=1
2026-09-29 11:40:26 | INFO    | BRAND     | Resolving brand routes. | run_id=run_20260929_110725_467584_2daea7 | brand=TechnoSport
2026-09-29 11:40:33 | INFO    | BRAND     | Resolved TechnoSport -> 10 routes (best brand total=3440): https://www.myntra.com/technosport, https://www.myntra.com/activewear?f=Brand%3ATechnosport, https://www.myntra.com/sports-wear?f=Brand%3ATechnosport, https://www.myntra.com/technosport-men, https://www.myntra.com/tshirts?f=Brand%3ATechnosport, https://www.myntra.com/track-pants?f=Brand%3ATechnosport, https://www.myntra.com/technosport-women, https://www.myntra.com/shorts?f=Brand%3ATechnosport, https://www.myntra.com/sweatshirts?f=Brand%3ATechnosport, https://www.myntra.com/jackets?f=Brand%3ATechnosport | run_id=run_20260929_110725_467584_2daea7 | brand=TechnoSport | expected=3440
2026-09-29 11:40:33 | INFO    | BRAND     | Starting brand scrape. | run_id=run_20260929_110725_467584_2daea7 | brand=TechnoSport | expected=4767
2026-09-29 11:40:33 | INFO    | LISTING   | Listing TechnoSport route https://www.myntra.com/technosport page 1 -> https://www.myntra.com/gateway/v4/search/technosport?rows=50&o=0&plaEnabled=false&xdEnabled=false&isFacet=true&p=1 | run_id=run_20260929_110725_467584_2daea7 | brand=TechnoSport | page=1 | route=https://www.myntra.com/technosport | seen=0 | expected=3441
2026-09-29 11:40:35 | INFO    | PDP       | Processed 2 target products for TechnoSport in 1s (152.08 products/min). | run_id=run_20260929_110725_467584_2daea7 | brand=TechnoSport | saved=2 | elapsed_label=1s | products_per_minute=152.08
2026-09-29 11:40:35 | INFO    | LISTING   | Listing TechnoSport route https://www.myntra.com/technosport page 2 -> https://www.myntra.com/gateway/v4/search/technosport?rows=50&o=50&plaEnabled=false&xdEnabled=false&isFacet=true&p=2 | run_id=run_20260929_110725_467584_2daea7 | brand=TechnoSport | page=2 | route=https://www.myntra.com/technosport | seen=50 | expected=3444
2026-09-29 11:40:36 | INFO    | PDP       | Processed 1 target products for TechnoSport in 1s (111.14 products/min). | run_id=run_20260929_110725_467584_2daea7 | brand=TechnoSport | saved=1 | elapsed_label=1s | products_per_minute=111.14
2026-09-29 11:40:36 | INFO    | LISTING   | Listing TechnoSport route https://www.myntra.com/technosport page 3 -> https://www.myntra.com/gateway/v4/search/technosport?rows=50&o=100&plaEnabled=false&xdEnabled=false&isFacet=true&p=3 | run_id=run_20260929_110725_467584_2daea7 | brand=TechnoSport | page=3 | route=https://www.myntra.com/technosport | seen=100 | expected=3444
2026-09-29 11:40:37 | INFO    | LISTING   | Listing TechnoSport route https://www.myntra.com/technosport page 4 -> https://www.myntra.com/gateway/v4/search/technosport?rows=50&o=150&plaEnabled=false&xdEnabled=false&isFacet=true&p=4 | run_id=run_20260929_110725_467584_2daea7 | brand=TechnoSport | page=4 | route=https://www.myntra.com/technosport | seen=150 | expected=3444
2026-09-29 11:40:37 | INFO    | LISTING   | Listing TechnoSport route https://www.myntra.com/technosport page 5 -> https://www.myntra.com/gateway/v4/search/technosport?rows=50&o=200&plaEnabled=false&xdEnabled=false&isFacet=true&p=5 | run_id=run_20260929_110725_467584_2daea7 | brand=TechnoSport | page=5 | route=https://www.myntra.com/technosport | seen=199 | expected=3444
2026-09-29 11:40:38 | INFO    | LISTING   | Listing TechnoSport route https://www.myntra.com/technosport page 6 -> https://www.myntra.com/gateway/v4/search/technosport?rows=50&o=250&plaEnabled=false&xdEnabled=false&isFacet=true&p=6 | run_id=run_20260929_110725_467584_2daea7 | brand=TechnoSport | page=6 | route=https://www.myntra.com/technosport | seen=249 | expected=3444
2026-09-29 11:40:38 | INFO    | LISTING   | Listing TechnoSport route https://www.myntra.com/technosport page 7 -> https://www.myntra.com/gateway/v4/search/technosport?rows=50&o=300&plaEnabled=false&xdEnabled=false&isFacet=true&p=7 | run_id=run_20260929_110725_467584_2daea7 | brand=TechnoSport | page=7 | route=https://www.myntra.com/technosport | seen=299 | expected=3444
2026-09-29 11:40:39 | INFO    | LISTING   | Listing TechnoSport route https://www.myntra.com/technosport page 8 -> https://www.myntra.com/gateway/v4/search/technosport?rows=50&o=350&plaEnabled=false&xdEnabled=false&isFacet=true&p=8 | run_id=run_20260929_110725_467584_2daea7 | brand=TechnoSport | page=8 | route=https://www.myntra.com/technosport | seen=348 | expected=3444
2026-09-29 11:40:40 | INFO    | LISTING   | Listing TechnoSport route https://www.myntra.com/technosport page 9 -> https://www.myntra.com/gateway/v4/search/technosport?rows=50&o=400&plaEnabled=false&xdEnabled=false&isFacet=true&p=9 | run_id=run_20260929_110725_467584_2daea7 | brand=TechnoSport | page=9 | route=https://www.myntra.com/technosport | seen=398 | expected=3444
2026-09-29 11:40:41 | INFO    | PDP       | Processed 2 target products for TechnoSport in 0s (245.49 products/min). | run_id=run_20260929_110725_467584_2daea7 | brand=TechnoSport | saved=2 | elapsed_label=0s | products_per_minute=245.49
2026-09-29 11:40:41 | INFO    | LISTING   | Listing TechnoSport route https://www.myntra.com/technosport page 10 -> https://www.myntra.com/gateway/v4/search/technosport?rows=50&o=450&plaEnabled=false&xdEnabled=false&isFacet=true&p=10 | run_id=run_20260929_110725_467584_2daea7 | brand=TechnoSport | page=10 | route=https://www.myntra.com/technosport | seen=448 | expected=3444
2026-09-29 11:40:41 | INFO    | LISTING   | Listing TechnoSport route https://www.myntra.com/technosport page 11 -> https://www.myntra.com/gateway/v4/search/technosport?rows=50&o=500&plaEnabled=false&xdEnabled=false&isFacet=true&p=11 | run_id=run_20260929_110725_467584_2daea7 | brand=TechnoSport | page=11 | route=https://www.myntra.com/technosport | seen=497 | expected=3444
2026-09-29 11:40:42 | INFO    | LISTING   | Listing TechnoSport route https://www.myntra.com/technosport page 12 -> https://www.myntra.com/gateway/v4/search/technosport?rows=50&o=550&plaEnabled=false&xdEnabled=false&isFacet=true&p=12 | run_id=run_20260929_110725_467584_2daea7 | brand=TechnoSport | page=12 | route=https://www.myntra.com/technosport | seen=547 | expected=3444
2026-09-29 11:40:43 | INFO    | LISTING   | Listing TechnoSport route https://www.myntra.com/technosport page 13 -> https://www.myntra.com/gateway/v4/search/technosport?rows=50&o=600&plaEnabled=false&xdEnabled=false&isFacet=true&p=13 | run_id=run_20260929_110725_467584_2daea7 | brand=TechnoSport | page=13 | route=https://www.myntra.com/technosport | seen=596 | expected=3444
2026-09-29 11:40:43 | INFO    | LISTING   | Listing TechnoSport route https://www.myntra.com/technosport page 14 -> https://www.myntra.com/gateway/v4/search/technosport?rows=50&o=650&plaEnabled=false&xdEnabled=false&isFacet=true&p=14 | run_id=run_20260929_110725_467584_2daea7 | brand=TechnoSport | page=14 | route=https://www.myntra.com/technosport | seen=641 | expected=3444
2026-09-29 11:40:44 | INFO    | LISTING   | Listing TechnoSport route https://www.myntra.com/technosport page 15 -> https://www.myntra.com/gateway/v4/search/technosport?rows=50&o=700&plaEnabled=false&xdEnabled=false&isFacet=true&p=15 | run_id=run_20260929_110725_467584_2daea7 | brand=TechnoSport | page=15 | route=https://www.myntra.com/technosport | seen=690 | expected=3444
2026-09-29 11:40:45 | INFO    | LISTING   | Listing TechnoSport route https://www.myntra.com/technosport page 16 -> https://www.myntra.com/gateway/v4/search/technosport?rows=50&o=750&plaEnabled=false&xdEnabled=false&isFacet=true&p=16 | run_id=run_20260929_110725_467584_2daea7 | brand=TechnoSport | page=16 | route=https://www.myntra.com/technosport | seen=740 | expected=3444
2026-09-29 11:40:46 | INFO    | PDP       | Processed 1 target products for TechnoSport in 1s (95.39 products/min). | run_id=run_20260929_110725_467584_2daea7 | brand=TechnoSport | saved=1 | elapsed_label=1s | products_per_minute=95.39
2026-09-29 11:40:46 | INFO    | LISTING   | Listing TechnoSport route https://www.myntra.com/technosport page 17 -> https://www.myntra.com/gateway/v4/search/technosport?rows=50&o=800&plaEnabled=false&xdEnabled=false&isFacet=true&p=17 | run_id=run_20260929_110725_467584_2daea7 | brand=TechnoSport | page=17 | route=https://www.myntra.com/technosport | seen=790 | expected=3444
2026-09-29 11:40:47 | INFO    | PDP       | Processed 1 target products for TechnoSport in 0s (150.07 products/min). | run_id=run_20260929_110725_467584_2daea7 | brand=TechnoSport | saved=1 | elapsed_label=0s | products_per_minute=150.07
2026-09-29 11:40:47 | INFO    | LISTING   | Listing TechnoSport route https://www.myntra.com/technosport page 18 -> https://www.myntra.com/gateway/v4/search/technosport?rows=50&o=850&plaEnabled=false&xdEnabled=false&isFacet=true&p=18 | run_id=run_20260929_110725_467584_2daea7 | brand=TechnoSport | page=18 | route=https://www.myntra.com/technosport | seen=840 | expected=3444
2026-09-29 11:40:48 | INFO    | LISTING   | Listing TechnoSport route https://www.myntra.com/technosport page 19 -> https://www.myntra.com/gateway/v4/search/technosport?rows=50&o=900&plaEnabled=false&xdEnabled=false&isFacet=true&p=19 | run_id=run_20260929_110725_467584_2daea7 | brand=TechnoSport | page=19 | route=https://www.myntra.com/technosport | seen=881 | expected=3444
2026-09-29 11:40:48 | INFO    | LISTING   | Listing TechnoSport route https://www.myntra.com/technosport page 20 -> https://www.myntra.com/gateway/v4/search/technosport?rows=50&o=950&plaEnabled=false&xdEnabled=false&isFacet=true&p=20 | run_id=run_20260929_110725_467584_2daea7 | brand=TechnoSport | page=20 | route=https://www.myntra.com/technosport | seen=911 | expected=3444
2026-09-29 11:40:49 | INFO    | LISTING   | Listing TechnoSport route https://www.myntra.com/technosport page 21 -> https://www.myntra.com/gateway/v4/search/technosport?rows=50&o=1000&plaEnabled=false&xdEnabled=false&isFacet=true&p=21 | run_id=run_20260929_110725_467584_2daea7 | brand=TechnoSport | page=21 | route=https://www.myntra.com/technosport | seen=959 | expected=3444
2026-09-29 11:40:50 | INFO    | LISTING   | Listing TechnoSport route https://www.myntra.com/technosport page 22 -> https://www.myntra.com/gateway/v4/search/technosport?rows=50&o=1050&plaEnabled=false&xdEnabled=false&isFacet=true&p=22 | run_id=run_20260929_110725_467584_2daea7 | brand=TechnoSport | page=22 | route=https://www.myntra.com/technosport | seen=1009 | expected=3444
2026-09-29 11:40:50 | INFO    | LISTING   | Listing TechnoSport route https://www.myntra.com/technosport page 23 -> https://www.myntra.com/gateway/v4/search/technosport?rows=50&o=1100&plaEnabled=false&xdEnabled=false&isFacet=true&p=23 | run_id=run_20260929_110725_467584_2daea7 | brand=TechnoSport | page=23 | route=https://www.myntra.com/technosport | seen=1059 | expected=3444
2026-09-29 11:40:51 | INFO    | LISTING   | Listing TechnoSport route https://www.myntra.com/technosport page 24 -> https://www.myntra.com/gateway/v4/search/technosport?rows=50&o=1150&plaEnabled=false&xdEnabled=false&isFacet=true&p=24 | run_id=run_20260929_110725_467584_2daea7 | brand=TechnoSport | page=24 | route=https://www.myntra.com/technosport | seen=1108 | expected=3444
2026-09-29 11:40:51 | INFO    | LISTING   | Listing TechnoSport route https://www.myntra.com/technosport page 25 -> https://www.myntra.com/gateway/v4/search/technosport?rows=50&o=1200&plaEnabled=false&xdEnabled=false&isFacet=true&p=25 | run_id=run_20260929_110725_467584_2daea7 | brand=TechnoSport | page=25 | route=https://www.myntra.com/technosport | seen=1158 | expected=3444
2026-09-29 11:40:52 | INFO    | LISTING   | Listing TechnoSport route https://www.myntra.com/technosport page 26 -> https://www.myntra.com/gateway/v4/search/technosport?rows=50&o=1250&plaEnabled=false&xdEnabled=false&isFacet=true&p=26 | run_id=run_20260929_110725_467584_2daea7 | brand=TechnoSport | page=26 | route=https://www.myntra.com/technosport | seen=1207 | expected=3444
2026-09-29 11:40:53 | INFO    | LISTING   | Listing TechnoSport route https://www.myntra.com/technosport page 27 -> https://www.myntra.com/gateway/v4/search/technosport?rows=50&o=1300&plaEnabled=false&xdEnabled=false&isFacet=true&p=27 | run_id=run_20260929_110725_467584_2daea7 | brand=TechnoSport | page=27 | route=https://www.myntra.com/technosport | seen=1254 | expected=3444
2026-09-29 11:40:53 | INFO    | LISTING   | Listing TechnoSport route https://www.myntra.com/technosport page 28 -> https://www.myntra.com/gateway/v4/search/technosport?rows=50&o=1350&plaEnabled=false&xdEnabled=false&isFacet=true&p=28 | run_id=run_20260929_110725_467584_2daea7 | brand=TechnoSport | page=28 | route=https://www.myntra.com/technosport | seen=1304 | expected=3444
2026-09-29 11:40:54 | INFO    | LISTING   | Listing TechnoSport route https://www.myntra.com/technosport page 29 -> https://www.myntra.com/gateway/v4/search/technosport?rows=50&o=1400&plaEnabled=false&xdEnabled=false&isFacet=true&p=29 | run_id=run_20260929_110725_467584_2daea7 | brand=TechnoSport | page=29 | route=https://www.myntra.com/technosport | seen=1354 | expected=3444
2026-09-29 11:40:55 | INFO    | PDP       | Processed 1 target products for TechnoSport in 0s (147.66 products/min). | run_id=run_20260929_110725_467584_2daea7 | brand=TechnoSport | saved=1 | elapsed_label=0s | products_per_minute=147.66
2026-09-29 11:40:55 | INFO    | LISTING   | Listing TechnoSport route https://www.myntra.com/technosport page 30 -> https://www.myntra.com/gateway/v4/search/technosport?rows=50&o=1450&plaEnabled=false&xdEnabled=false&isFacet=true&p=30 | run_id=run_20260929_110725_467584_2daea7 | brand=TechnoSport | page=30 | route=https://www.myntra.com/technosport | seen=1404 | expected=3444
2026-09-29 11:40:55 | INFO    | LISTING   | Listing TechnoSport route https://www.myntra.com/technosport page 31 -> https://www.myntra.com/gateway/v4/search/technosport?rows=50&o=1500&plaEnabled=false&xdEnabled=false&isFacet=true&p=31 | run_id=run_20260929_110725_467584_2daea7 | brand=TechnoSport | page=31 | route=https://www.myntra.com/technosport | seen=1454 | expected=3444
2026-09-29 11:40:56 | INFO    | LISTING   | Listing TechnoSport route https://www.myntra.com/technosport page 32 -> https://www.myntra.com/gateway/v4/search/technosport?rows=50&o=1550&plaEnabled=false&xdEnabled=false&isFacet=true&p=32 | run_id=run_20260929_110725_467584_2daea7 | brand=TechnoSport | page=32 | route=https://www.myntra.com/technosport | seen=1504 | expected=3444
2026-09-29 11:40:57 | INFO    | LISTING   | Listing TechnoSport route https://www.myntra.com/technosport page 33 -> https://www.myntra.com/gateway/v4/search/technosport?rows=50&o=1600&plaEnabled=false&xdEnabled=false&isFacet=true&p=33 | run_id=run_20260929_110725_467584_2daea7 | brand=TechnoSport | page=33 | route=https://www.myntra.com/technosport | seen=1554 | expected=3444
2026-09-29 11:40:57 | INFO    | LISTING   | Listing TechnoSport route https://www.myntra.com/technosport page 34 -> https://www.myntra.com/gateway/v4/search/technosport?rows=50&o=1650&plaEnabled=false&xdEnabled=false&isFacet=true&p=34 | run_id=run_20260929_110725_467584_2daea7 | brand=TechnoSport | page=34 | route=https://www.myntra.com/technosport | seen=1604 | expected=3444
2026-09-29 11:40:58 | INFO    | LISTING   | Listing TechnoSport route https://www.myntra.com/technosport page 35 -> https://www.myntra.com/gateway/v4/search/technosport?rows=50&o=1700&plaEnabled=false&xdEnabled=false&isFacet=true&p=35 | run_id=run_20260929_110725_467584_2daea7 | brand=TechnoSport | page=35 | route=https://www.myntra.com/technosport | seen=1652 | expected=3444
2026-09-29 11:40:59 | INFO    | LISTING   | Listing TechnoSport route https://www.myntra.com/technosport page 36 -> https://www.myntra.com/gateway/v4/search/technosport?rows=50&o=1750&plaEnabled=false&xdEnabled=false&isFacet=true&p=36 | run_id=run_20260929_110725_467584_2daea7 | brand=TechnoSport | page=36 | route=https://www.myntra.com/technosport | seen=1702 | expected=3444
2026-09-29 11:41:00 | INFO    | LISTING   | Listing TechnoSport route https://www.myntra.com/technosport page 37 -> https://www.myntra.com/gateway/v4/search/technosport?rows=50&o=1800&plaEnabled=false&xdEnabled=false&isFacet=true&p=37 | run_id=run_20260929_110725_467584_2daea7 | brand=TechnoSport | page=37 | route=https://www.myntra.com/technosport | seen=1752 | expected=3444
2026-09-29 11:41:00 | INFO    | LISTING   | Listing TechnoSport route https://www.myntra.com/technosport page 38 -> https://www.myntra.com/gateway/v4/search/technosport?rows=50&o=1850&plaEnabled=false&xdEnabled=false&isFacet=true&p=38 | run_id=run_20260929_110725_467584_2daea7 | brand=TechnoSport | page=38 | route=https://www.myntra.com/technosport | seen=1802 | expected=3444
2026-09-29 11:41:01 | INFO    | LISTING   | Listing TechnoSport route https://www.myntra.com/technosport page 39 -> https://www.myntra.com/gateway/v4/search/technosport?rows=50&o=1900&plaEnabled=false&xdEnabled=false&isFacet=true&p=39 | run_id=run_20260929_110725_467584_2daea7 | brand=TechnoSport | page=39 | route=https://www.myntra.com/technosport | seen=1851 | expected=3444
2026-09-29 11:41:01 | INFO    | LISTING   | Listing TechnoSport route https://www.myntra.com/technosport page 40 -> https://www.myntra.com/gateway/v4/search/technosport?rows=50&o=1950&plaEnabled=false&xdEnabled=false&isFacet=true&p=40 | run_id=run_20260929_110725_467584_2daea7 | brand=TechnoSport | page=40 | route=https://www.myntra.com/technosport | seen=1901 | expected=3444
2026-09-29 11:41:02 | INFO    | LISTING   | Listing TechnoSport route https://www.myntra.com/technosport page 41 -> https://www.myntra.com/gateway/v4/search/technosport?rows=50&o=2000&plaEnabled=false&xdEnabled=false&isFacet=true&p=41 | run_id=run_20260929_110725_467584_2daea7 | brand=TechnoSport | page=41 | route=https://www.myntra.com/technosport | seen=1945 | expected=3444
2026-09-29 11:41:02 | INFO    | LISTING   | Listing TechnoSport route https://www.myntra.com/technosport page 42 -> https://www.myntra.com/gateway/v4/search/technosport?rows=50&o=2050&plaEnabled=false&xdEnabled=false&isFacet=true&p=42 | run_id=run_20260929_110725_467584_2daea7 | brand=TechnoSport | page=42 | route=https://www.myntra.com/technosport | seen=1991 | expected=3444
2026-09-29 11:41:03 | INFO    | LISTING   | Listing TechnoSport route https://www.myntra.com/technosport page 43 -> https://www.myntra.com/gateway/v4/search/technosport?rows=50&o=2100&plaEnabled=false&xdEnabled=false&isFacet=true&p=43 | run_id=run_20260929_110725_467584_2daea7 | brand=TechnoSport | page=43 | route=https://www.myntra.com/technosport | seen=2041 | expected=3444
2026-09-29 11:41:04 | INFO    | LISTING   | Listing TechnoSport route https://www.myntra.com/technosport page 44 -> https://www.myntra.com/gateway/v4/search/technosport?rows=50&o=2150&plaEnabled=false&xdEnabled=false&isFacet=true&p=44 | run_id=run_20260929_110725_467584_2daea7 | brand=TechnoSport | page=44 | route=https://www.myntra.com/technosport | seen=2091 | expected=3444
2026-09-29 11:41:04 | INFO    | LISTING   | Listing TechnoSport route https://www.myntra.com/technosport page 45 -> https://www.myntra.com/gateway/v4/search/technosport?rows=50&o=2200&plaEnabled=false&xdEnabled=false&isFacet=true&p=45 | run_id=run_20260929_110725_467584_2daea7 | brand=TechnoSport | page=45 | route=https://www.myntra.com/technosport | seen=2141 | expected=3444
2026-09-29 11:41:06 | INFO    | PDP       | Processed 2 target products for TechnoSport in 1s (94.3 products/min). | run_id=run_20260929_110725_467584_2daea7 | brand=TechnoSport | saved=2 | elapsed_label=1s | products_per_minute=94.3
2026-09-29 11:41:06 | INFO    | LISTING   | Listing TechnoSport route https://www.myntra.com/technosport page 46 -> https://www.myntra.com/gateway/v4/search/technosport?rows=50&o=2250&plaEnabled=false&xdEnabled=false&isFacet=true&p=46 | run_id=run_20260929_110725_467584_2daea7 | brand=TechnoSport | page=46 | route=https://www.myntra.com/technosport | seen=2191 | expected=3444
2026-09-29 11:41:07 | INFO    | LISTING   | Listing TechnoSport route https://www.myntra.com/technosport page 47 -> https://www.myntra.com/gateway/v4/search/technosport?rows=50&o=2300&plaEnabled=false&xdEnabled=false&isFacet=true&p=47 | run_id=run_20260929_110725_467584_2daea7 | brand=TechnoSport | page=47 | route=https://www.myntra.com/technosport | seen=2241 | expected=3444
2026-09-29 11:41:08 | INFO    | LISTING   | Listing TechnoSport route https://www.myntra.com/technosport page 48 -> https://www.myntra.com/gateway/v4/search/technosport?rows=50&o=2350&plaEnabled=false&xdEnabled=false&isFacet=true&p=48 | run_id=run_20260929_110725_467584_2daea7 | brand=TechnoSport | page=48 | route=https://www.myntra.com/technosport | seen=2291 | expected=3444
2026-09-29 11:41:08 | INFO    | LISTING   | Listing TechnoSport route https://www.myntra.com/technosport page 49 -> https://www.myntra.com/gateway/v4/search/technosport?rows=50&o=2400&plaEnabled=false&xdEnabled=false&isFacet=true&p=49 | run_id=run_20260929_110725_467584_2daea7 | brand=TechnoSport | page=49 | route=https://www.myntra.com/technosport | seen=2341 | expected=3444
2026-09-29 11:41:09 | INFO    | LISTING   | Listing TechnoSport route https://www.myntra.com/technosport page 50 -> https://www.myntra.com/gateway/v4/search/technosport?rows=50&o=2450&plaEnabled=false&xdEnabled=false&isFacet=true&p=50 | run_id=run_20260929_110725_467584_2daea7 | brand=TechnoSport | page=50 | route=https://www.myntra.com/technosport | seen=2389 | expected=3444
2026-09-29 11:41:10 | INFO    | PDP       | Processed 1 target products for TechnoSport in 1s (71.96 products/min). | run_id=run_20260929_110725_467584_2daea7 | brand=TechnoSport | saved=1 | elapsed_label=1s | products_per_minute=71.96
2026-09-29 11:41:10 | INFO    | LISTING   | Listing TechnoSport route https://www.myntra.com/technosport page 51 -> https://www.myntra.com/gateway/v4/search/technosport?rows=50&o=2500&plaEnabled=false&xdEnabled=false&isFacet=true&p=51 | run_id=run_20260929_110725_467584_2daea7 | brand=TechnoSport | page=51 | route=https://www.myntra.com/technosport | seen=2433 | expected=3444
2026-09-29 11:41:11 | INFO    | LISTING   | Listing TechnoSport route https://www.myntra.com/technosport page 52 -> https://www.myntra.com/gateway/v4/search/technosport?rows=50&o=2550&plaEnabled=false&xdEnabled=false&isFacet=true&p=52 | run_id=run_20260929_110725_467584_2daea7 | brand=TechnoSport | page=52 | route=https://www.myntra.com/technosport | seen=2482 | expected=3444
2026-09-29 11:41:12 | INFO    | LISTING   | Listing TechnoSport route https://www.myntra.com/technosport page 53 -> https://www.myntra.com/gateway/v4/search/technosport?rows=50&o=2600&plaEnabled=false&xdEnabled=false&isFacet=true&p=53 | run_id=run_20260929_110725_467584_2daea7 | brand=TechnoSport | page=53 | route=https://www.myntra.com/technosport | seen=2532 | expected=3444
2026-09-29 11:41:12 | INFO    | LISTING   | Listing TechnoSport route https://www.myntra.com/technosport page 54 -> https://www.myntra.com/gateway/v4/search/technosport?rows=50&o=2650&plaEnabled=false&xdEnabled=false&isFacet=true&p=54 | run_id=run_20260929_110725_467584_2daea7 | brand=TechnoSport | page=54 | route=https://www.myntra.com/technosport | seen=2582 | expected=3444
2026-09-29 11:41:13 | INFO    | PDP       | Processed 2 target products for TechnoSport in 0s (296.59 products/min). | run_id=run_20260929_110725_467584_2daea7 | brand=TechnoSport | saved=2 | elapsed_label=0s | products_per_minute=296.59
2026-09-29 11:41:13 | INFO    | LISTING   | Listing TechnoSport route https://www.myntra.com/technosport page 55 -> https://www.myntra.com/gateway/v4/search/technosport?rows=50&o=2700&plaEnabled=false&xdEnabled=false&isFacet=true&p=55 | run_id=run_20260929_110725_467584_2daea7 | brand=TechnoSport | page=55 | route=https://www.myntra.com/technosport | seen=2632 | expected=3444
2026-09-29 11:41:14 | INFO    | LISTING   | Listing TechnoSport route https://www.myntra.com/technosport page 56 -> https://www.myntra.com/gateway/v4/search/technosport?rows=50&o=2750&plaEnabled=false&xdEnabled=false&isFacet=true&p=56 | run_id=run_20260929_110725_467584_2daea7 | brand=TechnoSport | page=56 | route=https://www.myntra.com/technosport | seen=2682 | expected=3444
2026-09-29 11:41:14 | INFO    | LISTING   | Listing TechnoSport route https://www.myntra.com/technosport page 57 -> https://www.myntra.com/gateway/v4/search/technosport?rows=50&o=2800&plaEnabled=false&xdEnabled=false&isFacet=true&p=57 | run_id=run_20260929_110725_467584_2daea7 | brand=TechnoSport | page=57 | route=https://www.myntra.com/technosport | seen=2732 | expected=3444
2026-09-29 11:41:15 | INFO    | LISTING   | Listing TechnoSport route https://www.myntra.com/technosport page 58 -> https://www.myntra.com/gateway/v4/search/technosport?rows=50&o=2850&plaEnabled=false&xdEnabled=false&isFacet=true&p=58 | run_id=run_20260929_110725_467584_2daea7 | brand=TechnoSport | page=58 | route=https://www.myntra.com/technosport | seen=2782 | expected=3444
2026-09-29 11:41:16 | INFO    | PDP       | Processed 1 target products for TechnoSport in 1s (112.22 products/min). | run_id=run_20260929_110725_467584_2daea7 | brand=TechnoSport | saved=1 | elapsed_label=1s | products_per_minute=112.22
2026-09-29 11:41:16 | INFO    | LISTING   | Listing TechnoSport route https://www.myntra.com/technosport page 59 -> https://www.myntra.com/gateway/v4/search/technosport?rows=50&o=2900&plaEnabled=false&xdEnabled=false&isFacet=true&p=59 | run_id=run_20260929_110725_467584_2daea7 | brand=TechnoSport | page=59 | route=https://www.myntra.com/technosport | seen=2832 | expected=3444
2026-09-29 11:41:18 | INFO    | PDP       | Processed 1 target products for TechnoSport in 0s (168.45 products/min). | run_id=run_20260929_110725_467584_2daea7 | brand=TechnoSport | saved=1 | elapsed_label=0s | products_per_minute=168.45
2026-09-29 11:41:18 | INFO    | LISTING   | Listing TechnoSport route https://www.myntra.com/technosport page 60 -> https://www.myntra.com/gateway/v4/search/technosport?rows=50&o=2950&plaEnabled=false&xdEnabled=false&isFacet=true&p=60 | run_id=run_20260929_110725_467584_2daea7 | brand=TechnoSport | page=60 | route=https://www.myntra.com/technosport | seen=2882 | expected=3444
2026-09-29 11:41:19 | INFO    | PDP       | Processed 1 target products for TechnoSport in 0s (170.97 products/min). | run_id=run_20260929_110725_467584_2daea7 | brand=TechnoSport | saved=1 | elapsed_label=0s | products_per_minute=170.97
2026-09-29 11:41:19 | INFO    | LISTING   | Listing TechnoSport route https://www.myntra.com/technosport page 61 -> https://www.myntra.com/gateway/v4/search/technosport?rows=50&o=3000&plaEnabled=false&xdEnabled=false&isFacet=true&p=61 | run_id=run_20260929_110725_467584_2daea7 | brand=TechnoSport | page=61 | route=https://www.myntra.com/technosport | seen=2932 | expected=3444
2026-09-29 11:41:20 | INFO    | PDP       | Processed 1 target products for TechnoSport in 0s (167.8 products/min). | run_id=run_20260929_110725_467584_2daea7 | brand=TechnoSport | saved=1 | elapsed_label=0s | products_per_minute=167.8
2026-09-29 11:41:20 | INFO    | LISTING   | Listing TechnoSport route https://www.myntra.com/technosport page 62 -> https://www.myntra.com/gateway/v4/search/technosport?rows=50&o=3050&plaEnabled=false&xdEnabled=false&isFacet=true&p=62 | run_id=run_20260929_110725_467584_2daea7 | brand=TechnoSport | page=62 | route=https://www.myntra.com/technosport | seen=2982 | expected=3444
2026-09-29 11:41:20 | INFO    | LISTING   | Listing TechnoSport route https://www.myntra.com/technosport page 63 -> https://www.myntra.com/gateway/v4/search/technosport?rows=50&o=3100&plaEnabled=false&xdEnabled=false&isFacet=true&p=63 | run_id=run_20260929_110725_467584_2daea7 | brand=TechnoSport | page=63 | route=https://www.myntra.com/technosport | seen=3032 | expected=3444
2026-09-29 11:41:21 | INFO    | LISTING   | Listing TechnoSport route https://www.myntra.com/technosport page 64 -> https://www.myntra.com/gateway/v4/search/technosport?rows=50&o=3150&plaEnabled=false&xdEnabled=false&isFacet=true&p=64 | run_id=run_20260929_110725_467584_2daea7 | brand=TechnoSport | page=64 | route=https://www.myntra.com/technosport | seen=3082 | expected=3444
2026-09-29 11:41:21 | INFO    | LISTING   | Listing TechnoSport route https://www.myntra.com/technosport page 65 -> https://www.myntra.com/gateway/v4/search/technosport?rows=50&o=3200&plaEnabled=false&xdEnabled=false&isFacet=true&p=65 | run_id=run_20260929_110725_467584_2daea7 | brand=TechnoSport | page=65 | route=https://www.myntra.com/technosport | seen=3132 | expected=3444
2026-09-29 11:41:22 | INFO    | LISTING   | Listing TechnoSport route https://www.myntra.com/technosport page 66 -> https://www.myntra.com/gateway/v4/search/technosport?rows=50&o=3250&plaEnabled=false&xdEnabled=false&isFacet=true&p=66 | run_id=run_20260929_110725_467584_2daea7 | brand=TechnoSport | page=66 | route=https://www.myntra.com/technosport | seen=3181 | expected=3444
2026-09-29 11:41:22 | INFO    | LISTING   | Listing TechnoSport route https://www.myntra.com/technosport page 67 -> https://www.myntra.com/gateway/v4/search/technosport?rows=50&o=3300&plaEnabled=false&xdEnabled=false&isFacet=true&p=67 | run_id=run_20260929_110725_467584_2daea7 | brand=TechnoSport | page=67 | route=https://www.myntra.com/technosport | seen=3231 | expected=3444
2026-09-29 11:41:23 | INFO    | LISTING   | Listing TechnoSport route https://www.myntra.com/technosport page 68 -> https://www.myntra.com/gateway/v4/search/technosport?rows=50&o=3350&plaEnabled=false&xdEnabled=false&isFacet=true&p=68 | run_id=run_20260929_110725_467584_2daea7 | brand=TechnoSport | page=68 | route=https://www.myntra.com/technosport | seen=3281 | expected=3444
2026-09-29 11:41:23 | INFO    | LISTING   | Listing TechnoSport route https://www.myntra.com/technosport page 69 -> https://www.myntra.com/gateway/v4/search/technosport?rows=50&o=3400&plaEnabled=false&xdEnabled=false&isFacet=true&p=69 | run_id=run_20260929_110725_467584_2daea7 | brand=TechnoSport | page=69 | route=https://www.myntra.com/technosport | seen=3331 | expected=3444
2026-09-29 11:41:25 | INFO    | PDP       | Processed 1 target products for TechnoSport in 1s (43.86 products/min). | run_id=run_20260929_110725_467584_2daea7 | brand=TechnoSport | saved=1 | elapsed_label=1s | products_per_minute=43.86
2026-09-29 11:41:25 | INFO    | BRAND     | Skipping redundant route https://www.myntra.com/activewear?f=Brand%3ATechnosport for TechnoSport (100% of first page already captured). | run_id=run_20260929_110725_467584_2daea7 | brand=TechnoSport | route=https://www.myntra.com/activewear?f=Brand%3ATechnosport
2026-09-29 11:41:25 | INFO    | BRAND     | Skipping redundant route https://www.myntra.com/sports-wear?f=Brand%3ATechnosport for TechnoSport (100% of first page already captured). | run_id=run_20260929_110725_467584_2daea7 | brand=TechnoSport | route=https://www.myntra.com/sports-wear?f=Brand%3ATechnosport
2026-09-29 11:41:25 | INFO    | BRAND     | Skipping redundant route https://www.myntra.com/technosport-men for TechnoSport (100% of first page already captured). | run_id=run_20260929_110725_467584_2daea7 | brand=TechnoSport | route=https://www.myntra.com/technosport-men
2026-09-29 11:41:25 | INFO    | BRAND     | Skipping redundant route https://www.myntra.com/tshirts?f=Brand%3ATechnosport for TechnoSport (100% of first page already captured). | run_id=run_20260929_110725_467584_2daea7 | brand=TechnoSport | route=https://www.myntra.com/tshirts?f=Brand%3ATechnosport
2026-09-29 11:41:25 | INFO    | BRAND     | Skipping redundant route https://www.myntra.com/track-pants?f=Brand%3ATechnosport for TechnoSport (100% of first page already captured). | run_id=run_20260929_110725_467584_2daea7 | brand=TechnoSport | route=https://www.myntra.com/track-pants?f=Brand%3ATechnosport
2026-09-29 11:41:25 | INFO    | BRAND     | Skipping redundant route https://www.myntra.com/technosport-women for TechnoSport (100% of first page already captured). | run_id=run_20260929_110725_467584_2daea7 | brand=TechnoSport | route=https://www.myntra.com/technosport-women
2026-09-29 11:41:25 | INFO    | BRAND     | Skipping redundant route https://www.myntra.com/shorts?f=Brand%3ATechnosport for TechnoSport (100% of first page already captured). | run_id=run_20260929_110725_467584_2daea7 | brand=TechnoSport | route=https://www.myntra.com/shorts?f=Brand%3ATechnosport
2026-09-29 11:41:25 | INFO    | BRAND     | Skipping redundant route https://www.myntra.com/sweatshirts?f=Brand%3ATechnosport for TechnoSport (100% of first page already captured). | run_id=run_20260929_110725_467584_2daea7 | brand=TechnoSport | route=https://www.myntra.com/sweatshirts?f=Brand%3ATechnosport
2026-09-29 11:41:25 | INFO    | BRAND     | Skipping redundant route https://www.myntra.com/jackets?f=Brand%3ATechnosport for TechnoSport (100% of first page already captured). | run_id=run_20260929_110725_467584_2daea7 | brand=TechnoSport | route=https://www.myntra.com/jackets?f=Brand%3ATechnosport
2026-09-29 11:41:25 | WARNING | BRAND     | Brand TechnoSport finished below expected count: saw 3380 unique activewear products vs expected 4767. | run_id=run_20260929_110725_467584_2daea7 | brand=TechnoSport | seen=3380 | expected=4767
2026-09-29 11:41:25 | INFO    | BRAND     | Brand scrape completed in 59s (3454.19 products/min). | run_id=run_20260929_110725_467584_2daea7 | brand=TechnoSport | status=COMPLETED | saved=3401 | seen=3383 | expected=4767 | elapsed_label=59s | products_per_minute=3454.19
2026-09-29 11:41:25 | INFO    | AUDIT     | Audit retry completed for TechnoSport: saved=18, shortfall_before=1376 | run_id=run_20260929_110725_467584_2daea7 | brand=TechnoSport | saved=18
2026-09-29 11:41:25 | WARNING | AUDIT     | Audit pass 2 found 6 incomplete brands; retrying them: FUAARK, BlissClub, Cava, Dollar (Forcenxt), Zoiro, TechnoSport | run_id=run_20260929_110725_467584_2daea7 | attempt=2
2026-09-29 11:41:26 | INFO    | BRAND     | Resolving brand routes. | run_id=run_20260929_110725_467584_2daea7 | brand=FUAARK
2026-09-29 11:41:31 | INFO    | BRAND     | Resolved FUAARK -> 6 routes (best brand total=1281): https://www.myntra.com/fuaark, https://www.myntra.com/fuaark-gym-wear, https://www.myntra.com/fuaark-men, https://www.myntra.com/sports-wear?f=Brand%3AFUAARK, https://www.myntra.com/activewear?f=Brand%3AFUAARK, https://www.myntra.com/fuaark-activewear | run_id=run_20260929_110725_467584_2daea7 | brand=FUAARK | expected=1281
2026-09-29 11:41:31 | INFO    | BRAND     | Starting brand scrape. | run_id=run_20260929_110725_467584_2daea7 | brand=FUAARK | expected=2215
2026-09-29 11:41:31 | INFO    | LISTING   | Listing FUAARK route https://www.myntra.com/fuaark page 1 -> https://www.myntra.com/gateway/v4/search/fuaark?rows=50&o=0&plaEnabled=false&xdEnabled=false&isFacet=true&p=1 | run_id=run_20260929_110725_467584_2daea7 | brand=FUAARK | page=1 | route=https://www.myntra.com/fuaark | seen=0 | expected=1281
2026-09-29 11:41:33 | INFO    | LISTING   | Listing FUAARK route https://www.myntra.com/fuaark page 2 -> https://www.myntra.com/gateway/v4/search/fuaark?rows=50&o=50&plaEnabled=false&xdEnabled=false&isFacet=true&p=2 | run_id=run_20260929_110725_467584_2daea7 | brand=FUAARK | page=2 | route=https://www.myntra.com/fuaark | seen=50 | expected=1281
2026-09-29 11:41:34 | INFO    | LISTING   | Listing FUAARK route https://www.myntra.com/fuaark page 3 -> https://www.myntra.com/gateway/v4/search/fuaark?rows=50&o=100&plaEnabled=false&xdEnabled=false&isFacet=true&p=3 | run_id=run_20260929_110725_467584_2daea7 | brand=FUAARK | page=3 | route=https://www.myntra.com/fuaark | seen=100 | expected=1281
2026-09-29 11:41:35 | INFO    | LISTING   | Listing FUAARK route https://www.myntra.com/fuaark page 4 -> https://www.myntra.com/gateway/v4/search/fuaark?rows=50&o=150&plaEnabled=false&xdEnabled=false&isFacet=true&p=4 | run_id=run_20260929_110725_467584_2daea7 | brand=FUAARK | page=4 | route=https://www.myntra.com/fuaark | seen=150 | expected=1281
2026-09-29 11:41:35 | INFO    | LISTING   | Listing FUAARK route https://www.myntra.com/fuaark page 5 -> https://www.myntra.com/gateway/v4/search/fuaark?rows=50&o=200&plaEnabled=false&xdEnabled=false&isFacet=true&p=5 | run_id=run_20260929_110725_467584_2daea7 | brand=FUAARK | page=5 | route=https://www.myntra.com/fuaark | seen=200 | expected=1281
2026-09-29 11:41:36 | INFO    | LISTING   | Listing FUAARK route https://www.myntra.com/fuaark page 6 -> https://www.myntra.com/gateway/v4/search/fuaark?rows=50&o=250&plaEnabled=false&xdEnabled=false&isFacet=true&p=6 | run_id=run_20260929_110725_467584_2daea7 | brand=FUAARK | page=6 | route=https://www.myntra.com/fuaark | seen=250 | expected=1281
2026-09-29 11:41:37 | INFO    | LISTING   | Listing FUAARK route https://www.myntra.com/fuaark page 7 -> https://www.myntra.com/gateway/v4/search/fuaark?rows=50&o=300&plaEnabled=false&xdEnabled=false&isFacet=true&p=7 | run_id=run_20260929_110725_467584_2daea7 | brand=FUAARK | page=7 | route=https://www.myntra.com/fuaark | seen=300 | expected=1281
2026-09-29 11:41:38 | INFO    | LISTING   | Listing FUAARK route https://www.myntra.com/fuaark page 8 -> https://www.myntra.com/gateway/v4/search/fuaark?rows=50&o=350&plaEnabled=false&xdEnabled=false&isFacet=true&p=8 | run_id=run_20260929_110725_467584_2daea7 | brand=FUAARK | page=8 | route=https://www.myntra.com/fuaark | seen=350 | expected=1281
2026-09-29 11:41:39 | INFO    | LISTING   | Listing FUAARK route https://www.myntra.com/fuaark page 9 -> https://www.myntra.com/gateway/v4/search/fuaark?rows=50&o=400&plaEnabled=false&xdEnabled=false&isFacet=true&p=9 | run_id=run_20260929_110725_467584_2daea7 | brand=FUAARK | page=9 | route=https://www.myntra.com/fuaark | seen=400 | expected=1281
2026-09-29 11:41:39 | INFO    | LISTING   | Listing FUAARK route https://www.myntra.com/fuaark page 10 -> https://www.myntra.com/gateway/v4/search/fuaark?rows=50&o=450&plaEnabled=false&xdEnabled=false&isFacet=true&p=10 | run_id=run_20260929_110725_467584_2daea7 | brand=FUAARK | page=10 | route=https://www.myntra.com/fuaark | seen=445 | expected=1281
2026-09-29 11:41:40 | INFO    | LISTING   | Listing FUAARK route https://www.myntra.com/fuaark page 11 -> https://www.myntra.com/gateway/v4/search/fuaark?rows=50&o=500&plaEnabled=false&xdEnabled=false&isFacet=true&p=11 | run_id=run_20260929_110725_467584_2daea7 | brand=FUAARK | page=11 | route=https://www.myntra.com/fuaark | seen=495 | expected=1281
2026-09-29 11:41:41 | INFO    | LISTING   | Listing FUAARK route https://www.myntra.com/fuaark page 12 -> https://www.myntra.com/gateway/v4/search/fuaark?rows=50&o=550&plaEnabled=false&xdEnabled=false&isFacet=true&p=12 | run_id=run_20260929_110725_467584_2daea7 | brand=FUAARK | page=12 | route=https://www.myntra.com/fuaark | seen=545 | expected=1281
2026-09-29 11:41:42 | INFO    | LISTING   | Listing FUAARK route https://www.myntra.com/fuaark page 13 -> https://www.myntra.com/gateway/v4/search/fuaark?rows=50&o=600&plaEnabled=false&xdEnabled=false&isFacet=true&p=13 | run_id=run_20260929_110725_467584_2daea7 | brand=FUAARK | page=13 | route=https://www.myntra.com/fuaark | seen=595 | expected=1281
2026-09-29 11:41:42 | INFO    | LISTING   | Listing FUAARK route https://www.myntra.com/fuaark page 14 -> https://www.myntra.com/gateway/v4/search/fuaark?rows=50&o=650&plaEnabled=false&xdEnabled=false&isFacet=true&p=14 | run_id=run_20260929_110725_467584_2daea7 | brand=FUAARK | page=14 | route=https://www.myntra.com/fuaark | seen=645 | expected=1281
2026-09-29 11:41:43 | INFO    | LISTING   | Listing FUAARK route https://www.myntra.com/fuaark page 15 -> https://www.myntra.com/gateway/v4/search/fuaark?rows=50&o=700&plaEnabled=false&xdEnabled=false&isFacet=true&p=15 | run_id=run_20260929_110725_467584_2daea7 | brand=FUAARK | page=15 | route=https://www.myntra.com/fuaark | seen=695 | expected=1281
2026-09-29 11:41:44 | INFO    | LISTING   | Listing FUAARK route https://www.myntra.com/fuaark page 16 -> https://www.myntra.com/gateway/v4/search/fuaark?rows=50&o=750&plaEnabled=false&xdEnabled=false&isFacet=true&p=16 | run_id=run_20260929_110725_467584_2daea7 | brand=FUAARK | page=16 | route=https://www.myntra.com/fuaark | seen=745 | expected=1281
2026-09-29 11:41:45 | INFO    | LISTING   | Listing FUAARK route https://www.myntra.com/fuaark page 17 -> https://www.myntra.com/gateway/v4/search/fuaark?rows=50&o=800&plaEnabled=false&xdEnabled=false&isFacet=true&p=17 | run_id=run_20260929_110725_467584_2daea7 | brand=FUAARK | page=17 | route=https://www.myntra.com/fuaark | seen=795 | expected=1281
2026-09-29 11:41:45 | INFO    | LISTING   | Listing FUAARK route https://www.myntra.com/fuaark page 18 -> https://www.myntra.com/gateway/v4/search/fuaark?rows=50&o=850&plaEnabled=false&xdEnabled=false&isFacet=true&p=18 | run_id=run_20260929_110725_467584_2daea7 | brand=FUAARK | page=18 | route=https://www.myntra.com/fuaark | seen=845 | expected=1281
2026-09-29 11:41:46 | INFO    | LISTING   | Listing FUAARK route https://www.myntra.com/fuaark page 19 -> https://www.myntra.com/gateway/v4/search/fuaark?rows=50&o=900&plaEnabled=false&xdEnabled=false&isFacet=true&p=19 | run_id=run_20260929_110725_467584_2daea7 | brand=FUAARK | page=19 | route=https://www.myntra.com/fuaark | seen=894 | expected=1281
2026-09-29 11:41:46 | INFO    | LISTING   | Listing FUAARK route https://www.myntra.com/fuaark page 20 -> https://www.myntra.com/gateway/v4/search/fuaark?rows=50&o=950&plaEnabled=false&xdEnabled=false&isFacet=true&p=20 | run_id=run_20260929_110725_467584_2daea7 | brand=FUAARK | page=20 | route=https://www.myntra.com/fuaark | seen=944 | expected=1281
2026-09-29 11:41:47 | INFO    | LISTING   | Listing FUAARK route https://www.myntra.com/fuaark page 21 -> https://www.myntra.com/gateway/v4/search/fuaark?rows=50&o=1000&plaEnabled=false&xdEnabled=false&isFacet=true&p=21 | run_id=run_20260929_110725_467584_2daea7 | brand=FUAARK | page=21 | route=https://www.myntra.com/fuaark | seen=994 | expected=1281
2026-09-29 11:41:48 | INFO    | LISTING   | Listing FUAARK route https://www.myntra.com/fuaark page 22 -> https://www.myntra.com/gateway/v4/search/fuaark?rows=50&o=1050&plaEnabled=false&xdEnabled=false&isFacet=true&p=22 | run_id=run_20260929_110725_467584_2daea7 | brand=FUAARK | page=22 | route=https://www.myntra.com/fuaark | seen=1044 | expected=1281
2026-09-29 11:41:48 | INFO    | LISTING   | Listing FUAARK route https://www.myntra.com/fuaark page 23 -> https://www.myntra.com/gateway/v4/search/fuaark?rows=50&o=1100&plaEnabled=false&xdEnabled=false&isFacet=true&p=23 | run_id=run_20260929_110725_467584_2daea7 | brand=FUAARK | page=23 | route=https://www.myntra.com/fuaark | seen=1094 | expected=1281
2026-09-29 11:41:49 | INFO    | LISTING   | Listing FUAARK route https://www.myntra.com/fuaark page 24 -> https://www.myntra.com/gateway/v4/search/fuaark?rows=50&o=1150&plaEnabled=false&xdEnabled=false&isFacet=true&p=24 | run_id=run_20260929_110725_467584_2daea7 | brand=FUAARK | page=24 | route=https://www.myntra.com/fuaark | seen=1144 | expected=1281
2026-09-29 11:41:50 | INFO    | LISTING   | Listing FUAARK route https://www.myntra.com/fuaark page 25 -> https://www.myntra.com/gateway/v4/search/fuaark?rows=50&o=1200&plaEnabled=false&xdEnabled=false&isFacet=true&p=25 | run_id=run_20260929_110725_467584_2daea7 | brand=FUAARK | page=25 | route=https://www.myntra.com/fuaark | seen=1194 | expected=1281
2026-09-29 11:41:50 | INFO    | LISTING   | Listing FUAARK route https://www.myntra.com/fuaark page 26 -> https://www.myntra.com/gateway/v4/search/fuaark?rows=50&o=1250&plaEnabled=false&xdEnabled=false&isFacet=true&p=26 | run_id=run_20260929_110725_467584_2daea7 | brand=FUAARK | page=26 | route=https://www.myntra.com/fuaark | seen=1244 | expected=1281
2026-09-29 11:41:51 | INFO    | LISTING   | Listing FUAARK route https://www.myntra.com/fuaark page 27 -> https://www.myntra.com/gateway/v4/search/fuaark?rows=50&o=1300&plaEnabled=false&xdEnabled=false&isFacet=true&p=27 | run_id=run_20260929_110725_467584_2daea7 | brand=FUAARK | page=27 | route=https://www.myntra.com/fuaark | seen=1281 | expected=1281
2026-09-29 11:41:51 | WARNING | LISTING   | Empty listing page for FUAARK on page 27 before expected end; continuing. | run_id=run_20260929_110725_467584_2daea7 | brand=FUAARK | page=27 | route=https://www.myntra.com/fuaark
2026-09-29 11:41:51 | INFO    | LISTING   | Listing FUAARK route https://www.myntra.com/fuaark page 28 -> https://www.myntra.com/gateway/v4/search/fuaark?rows=50&o=1350&plaEnabled=false&xdEnabled=false&isFacet=true&p=28 | run_id=run_20260929_110725_467584_2daea7 | brand=FUAARK | page=28 | route=https://www.myntra.com/fuaark | seen=1281 | expected=1281
2026-09-29 11:41:52 | WARNING | NETWORK   | JSON request failed for https://www.myntra.com/gateway/v4/search/fuaark?rows=50&o=1350&plaEnabled=false&xdEnabled=false&isFacet=true&p=28 on attempt 1/3: HTTP Error 400:  | run_id=run_20260929_110725_467584_2daea7 | route=https://www.myntra.com/gateway/v4/search/fuaark?rows=50&o=1350&plaEnabled=false&xdEnabled=false&isFacet=true&p=28 | attempt=1/3
2026-09-29 11:41:54 | WARNING | NETWORK   | JSON request failed for https://www.myntra.com/gateway/v4/search/fuaark?rows=50&o=1350&plaEnabled=false&xdEnabled=false&isFacet=true&p=28 on attempt 2/3: HTTP Error 400:  | run_id=run_20260929_110725_467584_2daea7 | route=https://www.myntra.com/gateway/v4/search/fuaark?rows=50&o=1350&plaEnabled=false&xdEnabled=false&isFacet=true&p=28 | attempt=2/3
2026-09-29 11:41:56 | WARNING | NETWORK   | JSON request failed for https://www.myntra.com/gateway/v4/search/fuaark?rows=50&o=1350&plaEnabled=false&xdEnabled=false&isFacet=true&p=28 on attempt 3/3: HTTP Error 400:  | run_id=run_20260929_110725_467584_2daea7 | route=https://www.myntra.com/gateway/v4/search/fuaark?rows=50&o=1350&plaEnabled=false&xdEnabled=false&isFacet=true&p=28 | attempt=3/3
2026-09-29 11:41:57 | WARNING | NETWORK   | JSON request failed for https://www.myntra.com/gateway/v4/search/fuaark?rows=50&o=1349&plaEnabled=false&xdEnabled=false&isFacet=true&p=28 on attempt 1/3: HTTP Error 400:  | run_id=run_20260929_110725_467584_2daea7 | route=https://www.myntra.com/gateway/v4/search/fuaark?rows=50&o=1349&plaEnabled=false&xdEnabled=false&isFacet=true&p=28 | attempt=1/3
2026-09-29 11:41:58 | WARNING | NETWORK   | JSON request failed for https://www.myntra.com/gateway/v4/search/fuaark?rows=50&o=1349&plaEnabled=false&xdEnabled=false&isFacet=true&p=28 on attempt 2/3: HTTP Error 400:  | run_id=run_20260929_110725_467584_2daea7 | route=https://www.myntra.com/gateway/v4/search/fuaark?rows=50&o=1349&plaEnabled=false&xdEnabled=false&isFacet=true&p=28 | attempt=2/3
2026-09-29 11:42:01 | WARNING | NETWORK   | JSON request failed for https://www.myntra.com/gateway/v4/search/fuaark?rows=50&o=1349&plaEnabled=false&xdEnabled=false&isFacet=true&p=28 on attempt 3/3: HTTP Error 400:  | run_id=run_20260929_110725_467584_2daea7 | route=https://www.myntra.com/gateway/v4/search/fuaark?rows=50&o=1349&plaEnabled=false&xdEnabled=false&isFacet=true&p=28 | attempt=3/3
2026-09-29 11:42:01 | WARNING | LISTING   | Route fetch failed for https://www.myntra.com/fuaark page 28 (Failed to fetch JSON payload from https://www.myntra.com/gateway/v4/search/fuaark?rows=50&o=1349&plaEnabled=false&xdEnabled=false&isFacet=true&p=28: HTTP Error 400: ). Will retry with another pass or fallback route. | run_id=run_20260929_110725_467584_2daea7 | brand=FUAARK | page=28 | route=https://www.myntra.com/fuaark
2026-09-29 11:42:01 | INFO    | BRAND     | Skipping redundant route https://www.myntra.com/fuaark-gym-wear for FUAARK (100% of first page already captured). | run_id=run_20260929_110725_467584_2daea7 | brand=FUAARK | route=https://www.myntra.com/fuaark-gym-wear
2026-09-29 11:42:01 | INFO    | BRAND     | Skipping redundant route https://www.myntra.com/fuaark-men for FUAARK (100% of first page already captured). | run_id=run_20260929_110725_467584_2daea7 | brand=FUAARK | route=https://www.myntra.com/fuaark-men
2026-09-29 11:42:01 | INFO    | BRAND     | Skipping redundant route https://www.myntra.com/sports-wear?f=Brand%3AFUAARK for FUAARK (100% of first page already captured). | run_id=run_20260929_110725_467584_2daea7 | brand=FUAARK | route=https://www.myntra.com/sports-wear?f=Brand%3AFUAARK
2026-09-29 11:42:01 | INFO    | BRAND     | Skipping redundant route https://www.myntra.com/activewear?f=Brand%3AFUAARK for FUAARK (100% of first page already captured). | run_id=run_20260929_110725_467584_2daea7 | brand=FUAARK | route=https://www.myntra.com/activewear?f=Brand%3AFUAARK
2026-09-29 11:42:01 | INFO    | BRAND     | Skipping redundant route https://www.myntra.com/fuaark-activewear for FUAARK (100% of first page already captured). | run_id=run_20260929_110725_467584_2daea7 | brand=FUAARK | route=https://www.myntra.com/fuaark-activewear
2026-09-29 11:42:01 | WARNING | BRAND     | Brand FUAARK finished below expected count: saw 1281 unique activewear products vs expected 2215. | run_id=run_20260929_110725_467584_2daea7 | brand=FUAARK | seen=1281 | expected=2215
2026-09-29 11:42:01 | INFO    | BRAND     | Brand scrape completed in 36s (2150.01 products/min). | run_id=run_20260929_110725_467584_2daea7 | brand=FUAARK | status=COMPLETED | saved=1282 | seen=1282 | expected=2215 | elapsed_label=36s | products_per_minute=2150.01
2026-09-29 11:42:01 | INFO    | AUDIT     | Audit retry completed for FUAARK: saved=0, shortfall_before=933 | run_id=run_20260929_110725_467584_2daea7 | brand=FUAARK | saved=0
2026-09-29 11:42:01 | INFO    | BRAND     | Resolving brand routes. | run_id=run_20260929_110725_467584_2daea7 | brand=BlissClub
2026-09-29 11:42:05 | INFO    | BRAND     | Resolved BlissClub -> 5 routes (best brand total=1014): https://www.myntra.com/blissclub, https://www.myntra.com/blissclub-gym-wear, https://www.myntra.com/blissclub-women, https://www.myntra.com/blissclub-sportswear, https://www.myntra.com/blissclub-activewear | run_id=run_20260929_110725_467584_2daea7 | brand=BlissClub | expected=1014
2026-09-29 11:42:05 | INFO    | BRAND     | Starting brand scrape. | run_id=run_20260929_110725_467584_2daea7 | brand=BlissClub | expected=1133
2026-09-29 11:42:05 | INFO    | LISTING   | Listing BlissClub route https://www.myntra.com/blissclub page 1 -> https://www.myntra.com/gateway/v4/search/blissclub?rows=50&o=0&plaEnabled=false&xdEnabled=false&isFacet=true&p=1 | run_id=run_20260929_110725_467584_2daea7 | brand=BlissClub | page=1 | route=https://www.myntra.com/blissclub | seen=0 | expected=1014
2026-09-29 11:42:06 | INFO    | LISTING   | Listing BlissClub route https://www.myntra.com/blissclub page 2 -> https://www.myntra.com/gateway/v4/search/blissclub?rows=50&o=50&plaEnabled=false&xdEnabled=false&isFacet=true&p=2 | run_id=run_20260929_110725_467584_2daea7 | brand=BlissClub | page=2 | route=https://www.myntra.com/blissclub | seen=50 | expected=1014
2026-09-29 11:42:07 | INFO    | LISTING   | Listing BlissClub route https://www.myntra.com/blissclub page 3 -> https://www.myntra.com/gateway/v4/search/blissclub?rows=50&o=100&plaEnabled=false&xdEnabled=false&isFacet=true&p=3 | run_id=run_20260929_110725_467584_2daea7 | brand=BlissClub | page=3 | route=https://www.myntra.com/blissclub | seen=100 | expected=1014
2026-09-29 11:42:07 | INFO    | LISTING   | Listing BlissClub route https://www.myntra.com/blissclub page 4 -> https://www.myntra.com/gateway/v4/search/blissclub?rows=50&o=150&plaEnabled=false&xdEnabled=false&isFacet=true&p=4 | run_id=run_20260929_110725_467584_2daea7 | brand=BlissClub | page=4 | route=https://www.myntra.com/blissclub | seen=150 | expected=1014
2026-09-29 11:42:08 | INFO    | LISTING   | Listing BlissClub route https://www.myntra.com/blissclub page 5 -> https://www.myntra.com/gateway/v4/search/blissclub?rows=50&o=200&plaEnabled=false&xdEnabled=false&isFacet=true&p=5 | run_id=run_20260929_110725_467584_2daea7 | brand=BlissClub | page=5 | route=https://www.myntra.com/blissclub | seen=200 | expected=1014
2026-09-29 11:42:10 | INFO    | PDP       | Processed 6 target products for BlissClub in 1s (345.6 products/min). | run_id=run_20260929_110725_467584_2daea7 | brand=BlissClub | saved=6 | elapsed_label=1s | products_per_minute=345.6
2026-09-29 11:42:10 | INFO    | LISTING   | Listing BlissClub route https://www.myntra.com/blissclub page 6 -> https://www.myntra.com/gateway/v4/search/blissclub?rows=50&o=250&plaEnabled=false&xdEnabled=false&isFacet=true&p=6 | run_id=run_20260929_110725_467584_2daea7 | brand=BlissClub | page=6 | route=https://www.myntra.com/blissclub | seen=250 | expected=1014
2026-09-29 11:42:12 | INFO    | PDP       | Processed 5 target products for BlissClub in 1s (293.29 products/min). | run_id=run_20260929_110725_467584_2daea7 | brand=BlissClub | saved=5 | elapsed_label=1s | products_per_minute=293.29
2026-09-29 11:42:12 | INFO    | LISTING   | Listing BlissClub route https://www.myntra.com/blissclub page 7 -> https://www.myntra.com/gateway/v4/search/blissclub?rows=50&o=300&plaEnabled=false&xdEnabled=false&isFacet=true&p=7 | run_id=run_20260929_110725_467584_2daea7 | brand=BlissClub | page=7 | route=https://www.myntra.com/blissclub | seen=300 | expected=1014
2026-09-29 11:42:13 | INFO    | PDP       | Processed 2 target products for BlissClub in 1s (227.04 products/min). | run_id=run_20260929_110725_467584_2daea7 | brand=BlissClub | saved=2 | elapsed_label=1s | products_per_minute=227.04
2026-09-29 11:42:13 | INFO    | LISTING   | Listing BlissClub route https://www.myntra.com/blissclub page 8 -> https://www.myntra.com/gateway/v4/search/blissclub?rows=50&o=350&plaEnabled=false&xdEnabled=false&isFacet=true&p=8 | run_id=run_20260929_110725_467584_2daea7 | brand=BlissClub | page=8 | route=https://www.myntra.com/blissclub | seen=350 | expected=1014
2026-09-29 11:42:14 | INFO    | PDP       | Processed 5 target products for BlissClub in 1s (389.12 products/min). | run_id=run_20260929_110725_467584_2daea7 | brand=BlissClub | saved=5 | elapsed_label=1s | products_per_minute=389.12
2026-09-29 11:42:14 | INFO    | LISTING   | Listing BlissClub route https://www.myntra.com/blissclub page 9 -> https://www.myntra.com/gateway/v4/search/blissclub?rows=50&o=400&plaEnabled=false&xdEnabled=false&isFacet=true&p=9 | run_id=run_20260929_110725_467584_2daea7 | brand=BlissClub | page=9 | route=https://www.myntra.com/blissclub | seen=398 | expected=1014
2026-09-29 11:42:16 | INFO    | PDP       | Processed 8 target products for BlissClub in 1s (567.87 products/min). | run_id=run_20260929_110725_467584_2daea7 | brand=BlissClub | saved=8 | elapsed_label=1s | products_per_minute=567.87
2026-09-29 11:42:16 | INFO    | LISTING   | Listing BlissClub route https://www.myntra.com/blissclub page 10 -> https://www.myntra.com/gateway/v4/search/blissclub?rows=50&o=450&plaEnabled=false&xdEnabled=false&isFacet=true&p=10 | run_id=run_20260929_110725_467584_2daea7 | brand=BlissClub | page=10 | route=https://www.myntra.com/blissclub | seen=448 | expected=1014
2026-09-29 11:42:18 | INFO    | PDP       | Processed 16 target products for BlissClub in 1s (688.46 products/min). | run_id=run_20260929_110725_467584_2daea7 | brand=BlissClub | saved=16 | elapsed_label=1s | products_per_minute=688.46
2026-09-29 11:42:18 | INFO    | LISTING   | Listing BlissClub route https://www.myntra.com/blissclub page 11 -> https://www.myntra.com/gateway/v4/search/blissclub?rows=50&o=500&plaEnabled=false&xdEnabled=false&isFacet=true&p=11 | run_id=run_20260929_110725_467584_2daea7 | brand=BlissClub | page=11 | route=https://www.myntra.com/blissclub | seen=497 | expected=1014
2026-09-29 11:42:20 | INFO    | PDP       | Processed 9 target products for BlissClub in 1s (649.02 products/min). | run_id=run_20260929_110725_467584_2daea7 | brand=BlissClub | saved=9 | elapsed_label=1s | products_per_minute=649.02
2026-09-29 11:42:20 | INFO    | LISTING   | Listing BlissClub route https://www.myntra.com/blissclub page 12 -> https://www.myntra.com/gateway/v4/search/blissclub?rows=50&o=550&plaEnabled=false&xdEnabled=false&isFacet=true&p=12 | run_id=run_20260929_110725_467584_2daea7 | brand=BlissClub | page=12 | route=https://www.myntra.com/blissclub | seen=542 | expected=1014
2026-09-29 11:42:21 | INFO    | LISTING   | Listing BlissClub route https://www.myntra.com/blissclub page 13 -> https://www.myntra.com/gateway/v4/search/blissclub?rows=50&o=600&plaEnabled=false&xdEnabled=false&isFacet=true&p=13 | run_id=run_20260929_110725_467584_2daea7 | brand=BlissClub | page=13 | route=https://www.myntra.com/blissclub | seen=592 | expected=1014
2026-09-29 11:42:21 | INFO    | LISTING   | Listing BlissClub route https://www.myntra.com/blissclub page 14 -> https://www.myntra.com/gateway/v4/search/blissclub?rows=50&o=650&plaEnabled=false&xdEnabled=false&isFacet=true&p=14 | run_id=run_20260929_110725_467584_2daea7 | brand=BlissClub | page=14 | route=https://www.myntra.com/blissclub | seen=642 | expected=1014
2026-09-29 11:42:22 | INFO    | LISTING   | Listing BlissClub route https://www.myntra.com/blissclub page 15 -> https://www.myntra.com/gateway/v4/search/blissclub?rows=50&o=700&plaEnabled=false&xdEnabled=false&isFacet=true&p=15 | run_id=run_20260929_110725_467584_2daea7 | brand=BlissClub | page=15 | route=https://www.myntra.com/blissclub | seen=692 | expected=1014
2026-09-29 11:42:22 | INFO    | LISTING   | Listing BlissClub route https://www.myntra.com/blissclub page 16 -> https://www.myntra.com/gateway/v4/search/blissclub?rows=50&o=750&plaEnabled=false&xdEnabled=false&isFacet=true&p=16 | run_id=run_20260929_110725_467584_2daea7 | brand=BlissClub | page=16 | route=https://www.myntra.com/blissclub | seen=742 | expected=1014
2026-09-29 11:42:23 | INFO    | LISTING   | Listing BlissClub route https://www.myntra.com/blissclub page 17 -> https://www.myntra.com/gateway/v4/search/blissclub?rows=50&o=800&plaEnabled=false&xdEnabled=false&isFacet=true&p=17 | run_id=run_20260929_110725_467584_2daea7 | brand=BlissClub | page=17 | route=https://www.myntra.com/blissclub | seen=791 | expected=1014
2026-09-29 11:42:23 | INFO    | LISTING   | Listing BlissClub route https://www.myntra.com/blissclub page 18 -> https://www.myntra.com/gateway/v4/search/blissclub?rows=50&o=850&plaEnabled=false&xdEnabled=false&isFacet=true&p=18 | run_id=run_20260929_110725_467584_2daea7 | brand=BlissClub | page=18 | route=https://www.myntra.com/blissclub | seen=841 | expected=1014
2026-09-29 11:42:24 | INFO    | LISTING   | Listing BlissClub route https://www.myntra.com/blissclub page 19 -> https://www.myntra.com/gateway/v4/search/blissclub?rows=50&o=900&plaEnabled=false&xdEnabled=false&isFacet=true&p=19 | run_id=run_20260929_110725_467584_2daea7 | brand=BlissClub | page=19 | route=https://www.myntra.com/blissclub | seen=891 | expected=1014
2026-09-29 11:42:25 | INFO    | LISTING   | Listing BlissClub route https://www.myntra.com/blissclub page 20 -> https://www.myntra.com/gateway/v4/search/blissclub?rows=50&o=950&plaEnabled=false&xdEnabled=false&isFacet=true&p=20 | run_id=run_20260929_110725_467584_2daea7 | brand=BlissClub | page=20 | route=https://www.myntra.com/blissclub | seen=941 | expected=1014
2026-09-29 11:42:26 | INFO    | LISTING   | Listing BlissClub route https://www.myntra.com/blissclub page 21 -> https://www.myntra.com/gateway/v4/search/blissclub?rows=50&o=1000&plaEnabled=false&xdEnabled=false&isFacet=true&p=21 | run_id=run_20260929_110725_467584_2daea7 | brand=BlissClub | page=21 | route=https://www.myntra.com/blissclub | seen=991 | expected=1014
2026-09-29 11:42:26 | INFO    | LISTING   | Listing BlissClub route https://www.myntra.com/blissclub page 22 -> https://www.myntra.com/gateway/v4/search/blissclub?rows=50&o=1050&plaEnabled=false&xdEnabled=false&isFacet=true&p=22 | run_id=run_20260929_110725_467584_2daea7 | brand=BlissClub | page=22 | route=https://www.myntra.com/blissclub | seen=1010 | expected=1014
2026-09-29 11:42:27 | WARNING | LISTING   | Empty listing page for BlissClub on page 22 before expected end; continuing. | run_id=run_20260929_110725_467584_2daea7 | brand=BlissClub | page=22 | route=https://www.myntra.com/blissclub
2026-09-29 11:42:27 | INFO    | LISTING   | Listing BlissClub route https://www.myntra.com/blissclub page 23 -> https://www.myntra.com/gateway/v4/search/blissclub?rows=50&o=1100&plaEnabled=false&xdEnabled=false&isFacet=true&p=23 | run_id=run_20260929_110725_467584_2daea7 | brand=BlissClub | page=23 | route=https://www.myntra.com/blissclub | seen=1010 | expected=1014
2026-09-29 11:42:27 | WARNING | NETWORK   | JSON request failed for https://www.myntra.com/gateway/v4/search/blissclub?rows=50&o=1100&plaEnabled=false&xdEnabled=false&isFacet=true&p=23 on attempt 1/3: HTTP Error 400:  | run_id=run_20260929_110725_467584_2daea7 | route=https://www.myntra.com/gateway/v4/search/blissclub?rows=50&o=1100&plaEnabled=false&xdEnabled=false&isFacet=true&p=23 | attempt=1/3
2026-09-29 11:42:29 | WARNING | NETWORK   | JSON request failed for https://www.myntra.com/gateway/v4/search/blissclub?rows=50&o=1100&plaEnabled=false&xdEnabled=false&isFacet=true&p=23 on attempt 2/3: HTTP Error 400:  | run_id=run_20260929_110725_467584_2daea7 | route=https://www.myntra.com/gateway/v4/search/blissclub?rows=50&o=1100&plaEnabled=false&xdEnabled=false&isFacet=true&p=23 | attempt=2/3
2026-09-29 11:42:32 | WARNING | NETWORK   | JSON request failed for https://www.myntra.com/gateway/v4/search/blissclub?rows=50&o=1100&plaEnabled=false&xdEnabled=false&isFacet=true&p=23 on attempt 3/3: HTTP Error 400:  | run_id=run_20260929_110725_467584_2daea7 | route=https://www.myntra.com/gateway/v4/search/blissclub?rows=50&o=1100&plaEnabled=false&xdEnabled=false&isFacet=true&p=23 | attempt=3/3
2026-09-29 11:42:32 | WARNING | NETWORK   | JSON request failed for https://www.myntra.com/gateway/v4/search/blissclub?rows=50&o=1099&plaEnabled=false&xdEnabled=false&isFacet=true&p=23 on attempt 1/3: HTTP Error 400:  | run_id=run_20260929_110725_467584_2daea7 | route=https://www.myntra.com/gateway/v4/search/blissclub?rows=50&o=1099&plaEnabled=false&xdEnabled=false&isFacet=true&p=23 | attempt=1/3
2026-09-29 11:42:33 | WARNING | NETWORK   | JSON request failed for https://www.myntra.com/gateway/v4/search/blissclub?rows=50&o=1099&plaEnabled=false&xdEnabled=false&isFacet=true&p=23 on attempt 2/3: HTTP Error 400:  | run_id=run_20260929_110725_467584_2daea7 | route=https://www.myntra.com/gateway/v4/search/blissclub?rows=50&o=1099&plaEnabled=false&xdEnabled=false&isFacet=true&p=23 | attempt=2/3
2026-09-29 11:42:36 | WARNING | NETWORK   | JSON request failed for https://www.myntra.com/gateway/v4/search/blissclub?rows=50&o=1099&plaEnabled=false&xdEnabled=false&isFacet=true&p=23 on attempt 3/3: HTTP Error 400:  | run_id=run_20260929_110725_467584_2daea7 | route=https://www.myntra.com/gateway/v4/search/blissclub?rows=50&o=1099&plaEnabled=false&xdEnabled=false&isFacet=true&p=23 | attempt=3/3
2026-09-29 11:42:36 | WARNING | LISTING   | Route fetch failed for https://www.myntra.com/blissclub page 23 (Failed to fetch JSON payload from https://www.myntra.com/gateway/v4/search/blissclub?rows=50&o=1099&plaEnabled=false&xdEnabled=false&isFacet=true&p=23: HTTP Error 400: ). Will retry with another pass or fallback route. | run_id=run_20260929_110725_467584_2daea7 | brand=BlissClub | page=23 | route=https://www.myntra.com/blissclub
2026-09-29 11:42:36 | INFO    | BRAND     | Skipping redundant route https://www.myntra.com/blissclub-gym-wear for BlissClub (100% of first page already captured). | run_id=run_20260929_110725_467584_2daea7 | brand=BlissClub | route=https://www.myntra.com/blissclub-gym-wear
2026-09-29 11:42:36 | INFO    | BRAND     | Skipping redundant route https://www.myntra.com/blissclub-women for BlissClub (100% of first page already captured). | run_id=run_20260929_110725_467584_2daea7 | brand=BlissClub | route=https://www.myntra.com/blissclub-women
2026-09-29 11:42:36 | INFO    | BRAND     | Skipping redundant route https://www.myntra.com/blissclub-sportswear for BlissClub (100% of first page already captured). | run_id=run_20260929_110725_467584_2daea7 | brand=BlissClub | route=https://www.myntra.com/blissclub-sportswear
2026-09-29 11:42:36 | INFO    | BRAND     | Skipping redundant route https://www.myntra.com/blissclub-activewear for BlissClub (100% of first page already captured). | run_id=run_20260929_110725_467584_2daea7 | brand=BlissClub | route=https://www.myntra.com/blissclub-activewear
2026-09-29 11:42:36 | WARNING | BRAND     | Brand BlissClub finished below expected count: saw 1010 unique activewear products vs expected 1133. | run_id=run_20260929_110725_467584_2daea7 | brand=BlissClub | seen=1010 | expected=1133
2026-09-29 11:42:36 | INFO    | BRAND     | Brand scrape completed in 35s (1733.34 products/min). | run_id=run_20260929_110725_467584_2daea7 | brand=BlissClub | status=COMPLETED | saved=1012 | seen=1010 | expected=1133 | elapsed_label=35s | products_per_minute=1733.34
2026-09-29 11:42:36 | INFO    | AUDIT     | Audit retry completed for BlissClub: saved=51, shortfall_before=170 | run_id=run_20260929_110725_467584_2daea7 | brand=BlissClub | saved=51
2026-09-29 11:42:36 | INFO    | BRAND     | Resolving brand routes. | run_id=run_20260929_110725_467584_2daea7 | brand=Cava
2026-09-29 11:42:40 | INFO    | BRAND     | Resolved Cava -> 6 routes (best brand total=408): https://www.myntra.com/cava, https://www.myntra.com/cava-athleisure, https://www.myntra.com/cava-women, https://www.myntra.com/cava-gym-wear, https://www.myntra.com/cava-activewear, https://www.myntra.com/cava-sportswear | run_id=run_20260929_110725_467584_2daea7 | brand=Cava | expected=408
2026-09-29 11:42:40 | INFO    | BRAND     | Starting brand scrape. | run_id=run_20260929_110725_467584_2daea7 | brand=Cava | expected=511
2026-09-29 11:42:40 | INFO    | LISTING   | Listing Cava route https://www.myntra.com/cava page 1 -> https://www.myntra.com/gateway/v4/search/cava?rows=50&o=0&plaEnabled=false&xdEnabled=false&isFacet=true&p=1 | run_id=run_20260929_110725_467584_2daea7 | brand=Cava | page=1 | route=https://www.myntra.com/cava | seen=0 | expected=408
2026-09-29 11:42:41 | INFO    | LISTING   | Listing Cava route https://www.myntra.com/cava page 2 -> https://www.myntra.com/gateway/v4/search/cava?rows=50&o=50&plaEnabled=false&xdEnabled=false&isFacet=true&p=2 | run_id=run_20260929_110725_467584_2daea7 | brand=Cava | page=2 | route=https://www.myntra.com/cava | seen=50 | expected=408
2026-09-29 11:42:41 | INFO    | LISTING   | Listing Cava route https://www.myntra.com/cava page 3 -> https://www.myntra.com/gateway/v4/search/cava?rows=50&o=100&plaEnabled=false&xdEnabled=false&isFacet=true&p=3 | run_id=run_20260929_110725_467584_2daea7 | brand=Cava | page=3 | route=https://www.myntra.com/cava | seen=100 | expected=408
2026-09-29 11:42:42 | INFO    | LISTING   | Listing Cava route https://www.myntra.com/cava page 4 -> https://www.myntra.com/gateway/v4/search/cava?rows=50&o=150&plaEnabled=false&xdEnabled=false&isFacet=true&p=4 | run_id=run_20260929_110725_467584_2daea7 | brand=Cava | page=4 | route=https://www.myntra.com/cava | seen=150 | expected=408
2026-09-29 11:42:42 | INFO    | LISTING   | Listing Cava route https://www.myntra.com/cava page 5 -> https://www.myntra.com/gateway/v4/search/cava?rows=50&o=200&plaEnabled=false&xdEnabled=false&isFacet=true&p=5 | run_id=run_20260929_110725_467584_2daea7 | brand=Cava | page=5 | route=https://www.myntra.com/cava | seen=200 | expected=408
2026-09-29 11:42:43 | INFO    | LISTING   | Listing Cava route https://www.myntra.com/cava page 6 -> https://www.myntra.com/gateway/v4/search/cava?rows=50&o=250&plaEnabled=false&xdEnabled=false&isFacet=true&p=6 | run_id=run_20260929_110725_467584_2daea7 | brand=Cava | page=6 | route=https://www.myntra.com/cava | seen=250 | expected=408
2026-09-29 11:42:44 | INFO    | LISTING   | Listing Cava route https://www.myntra.com/cava page 7 -> https://www.myntra.com/gateway/v4/search/cava?rows=50&o=300&plaEnabled=false&xdEnabled=false&isFacet=true&p=7 | run_id=run_20260929_110725_467584_2daea7 | brand=Cava | page=7 | route=https://www.myntra.com/cava | seen=300 | expected=408
2026-09-29 11:42:44 | INFO    | LISTING   | Listing Cava route https://www.myntra.com/cava page 8 -> https://www.myntra.com/gateway/v4/search/cava?rows=50&o=350&plaEnabled=false&xdEnabled=false&isFacet=true&p=8 | run_id=run_20260929_110725_467584_2daea7 | brand=Cava | page=8 | route=https://www.myntra.com/cava | seen=350 | expected=408
2026-09-29 11:42:45 | INFO    | LISTING   | Listing Cava route https://www.myntra.com/cava page 9 -> https://www.myntra.com/gateway/v4/search/cava?rows=50&o=400&plaEnabled=false&xdEnabled=false&isFacet=true&p=9 | run_id=run_20260929_110725_467584_2daea7 | brand=Cava | page=9 | route=https://www.myntra.com/cava | seen=400 | expected=408
2026-09-29 11:42:45 | INFO    | LISTING   | Listing Cava route https://www.myntra.com/cava page 10 -> https://www.myntra.com/gateway/v4/search/cava?rows=50&o=450&plaEnabled=false&xdEnabled=false&isFacet=true&p=10 | run_id=run_20260929_110725_467584_2daea7 | brand=Cava | page=10 | route=https://www.myntra.com/cava | seen=408 | expected=408
2026-09-29 11:42:46 | WARNING | LISTING   | Empty listing page for Cava on page 10 before expected end; continuing. | run_id=run_20260929_110725_467584_2daea7 | brand=Cava | page=10 | route=https://www.myntra.com/cava
2026-09-29 11:42:46 | INFO    | LISTING   | Listing Cava route https://www.myntra.com/cava page 11 -> https://www.myntra.com/gateway/v4/search/cava?rows=50&o=500&plaEnabled=false&xdEnabled=false&isFacet=true&p=11 | run_id=run_20260929_110725_467584_2daea7 | brand=Cava | page=11 | route=https://www.myntra.com/cava | seen=408 | expected=408
2026-09-29 11:42:46 | WARNING | NETWORK   | JSON request failed for https://www.myntra.com/gateway/v4/search/cava?rows=50&o=500&plaEnabled=false&xdEnabled=false&isFacet=true&p=11 on attempt 1/3: HTTP Error 400:  | run_id=run_20260929_110725_467584_2daea7 | route=https://www.myntra.com/gateway/v4/search/cava?rows=50&o=500&plaEnabled=false&xdEnabled=false&isFacet=true&p=11 | attempt=1/3
2026-09-29 11:42:48 | WARNING | NETWORK   | JSON request failed for https://www.myntra.com/gateway/v4/search/cava?rows=50&o=500&plaEnabled=false&xdEnabled=false&isFacet=true&p=11 on attempt 2/3: HTTP Error 400:  | run_id=run_20260929_110725_467584_2daea7 | route=https://www.myntra.com/gateway/v4/search/cava?rows=50&o=500&plaEnabled=false&xdEnabled=false&isFacet=true&p=11 | attempt=2/3
2026-09-29 11:42:50 | WARNING | NETWORK   | JSON request failed for https://www.myntra.com/gateway/v4/search/cava?rows=50&o=500&plaEnabled=false&xdEnabled=false&isFacet=true&p=11 on attempt 3/3: HTTP Error 400:  | run_id=run_20260929_110725_467584_2daea7 | route=https://www.myntra.com/gateway/v4/search/cava?rows=50&o=500&plaEnabled=false&xdEnabled=false&isFacet=true&p=11 | attempt=3/3
2026-09-29 11:42:51 | WARNING | LISTING   | Empty listing page for Cava on page 11 before expected end; continuing. | run_id=run_20260929_110725_467584_2daea7 | brand=Cava | page=11 | route=https://www.myntra.com/cava
2026-09-29 11:42:51 | INFO    | LISTING   | Listing Cava route https://www.myntra.com/cava page 12 -> https://www.myntra.com/gateway/v4/search/cava?rows=50&o=550&plaEnabled=false&xdEnabled=false&isFacet=true&p=12 | run_id=run_20260929_110725_467584_2daea7 | brand=Cava | page=12 | route=https://www.myntra.com/cava | seen=408 | expected=408
2026-09-29 11:42:51 | WARNING | NETWORK   | JSON request failed for https://www.myntra.com/gateway/v4/search/cava?rows=50&o=550&plaEnabled=false&xdEnabled=false&isFacet=true&p=12 on attempt 1/3: HTTP Error 400:  | run_id=run_20260929_110725_467584_2daea7 | route=https://www.myntra.com/gateway/v4/search/cava?rows=50&o=550&plaEnabled=false&xdEnabled=false&isFacet=true&p=12 | attempt=1/3
2026-09-29 11:42:53 | WARNING | NETWORK   | JSON request failed for https://www.myntra.com/gateway/v4/search/cava?rows=50&o=550&plaEnabled=false&xdEnabled=false&isFacet=true&p=12 on attempt 2/3: HTTP Error 400:  | run_id=run_20260929_110725_467584_2daea7 | route=https://www.myntra.com/gateway/v4/search/cava?rows=50&o=550&plaEnabled=false&xdEnabled=false&isFacet=true&p=12 | attempt=2/3
2026-09-29 11:42:56 | WARNING | NETWORK   | JSON request failed for https://www.myntra.com/gateway/v4/search/cava?rows=50&o=550&plaEnabled=false&xdEnabled=false&isFacet=true&p=12 on attempt 3/3: HTTP Error 400:  | run_id=run_20260929_110725_467584_2daea7 | route=https://www.myntra.com/gateway/v4/search/cava?rows=50&o=550&plaEnabled=false&xdEnabled=false&isFacet=true&p=12 | attempt=3/3
2026-09-29 11:42:56 | WARNING | NETWORK   | JSON request failed for https://www.myntra.com/gateway/v4/search/cava?rows=50&o=549&plaEnabled=false&xdEnabled=false&isFacet=true&p=12 on attempt 1/3: HTTP Error 400:  | run_id=run_20260929_110725_467584_2daea7 | route=https://www.myntra.com/gateway/v4/search/cava?rows=50&o=549&plaEnabled=false&xdEnabled=false&isFacet=true&p=12 | attempt=1/3
2026-09-29 11:42:58 | WARNING | NETWORK   | JSON request failed for https://www.myntra.com/gateway/v4/search/cava?rows=50&o=549&plaEnabled=false&xdEnabled=false&isFacet=true&p=12 on attempt 2/3: HTTP Error 400:  | run_id=run_20260929_110725_467584_2daea7 | route=https://www.myntra.com/gateway/v4/search/cava?rows=50&o=549&plaEnabled=false&xdEnabled=false&isFacet=true&p=12 | attempt=2/3
2026-09-29 11:43:00 | WARNING | NETWORK   | JSON request failed for https://www.myntra.com/gateway/v4/search/cava?rows=50&o=549&plaEnabled=false&xdEnabled=false&isFacet=true&p=12 on attempt 3/3: HTTP Error 400:  | run_id=run_20260929_110725_467584_2daea7 | route=https://www.myntra.com/gateway/v4/search/cava?rows=50&o=549&plaEnabled=false&xdEnabled=false&isFacet=true&p=12 | attempt=3/3
2026-09-29 11:43:01 | WARNING | LISTING   | Route fetch failed for https://www.myntra.com/cava page 12 (Failed to fetch JSON payload from https://www.myntra.com/gateway/v4/search/cava?rows=50&o=549&plaEnabled=false&xdEnabled=false&isFacet=true&p=12: HTTP Error 400: ). Will retry with another pass or fallback route. | run_id=run_20260929_110725_467584_2daea7 | brand=Cava | page=12 | route=https://www.myntra.com/cava
2026-09-29 11:43:01 | INFO    | BRAND     | Skipping redundant route https://www.myntra.com/cava-athleisure for Cava (100% of first page already captured). | run_id=run_20260929_110725_467584_2daea7 | brand=Cava | route=https://www.myntra.com/cava-athleisure
2026-09-29 11:43:01 | INFO    | BRAND     | Skipping redundant route https://www.myntra.com/cava-women for Cava (100% of first page already captured). | run_id=run_20260929_110725_467584_2daea7 | brand=Cava | route=https://www.myntra.com/cava-women
2026-09-29 11:43:01 | INFO    | BRAND     | Skipping redundant route https://www.myntra.com/cava-gym-wear for Cava (100% of first page already captured). | run_id=run_20260929_110725_467584_2daea7 | brand=Cava | route=https://www.myntra.com/cava-gym-wear
2026-09-29 11:43:01 | INFO    | BRAND     | Skipping redundant route https://www.myntra.com/cava-activewear for Cava (100% of first page already captured). | run_id=run_20260929_110725_467584_2daea7 | brand=Cava | route=https://www.myntra.com/cava-activewear
2026-09-29 11:43:01 | INFO    | BRAND     | Skipping redundant route https://www.myntra.com/cava-sportswear for Cava (100% of first page already captured). | run_id=run_20260929_110725_467584_2daea7 | brand=Cava | route=https://www.myntra.com/cava-sportswear
2026-09-29 11:43:01 | WARNING | BRAND     | Brand Cava finished below expected count: saw 408 unique activewear products vs expected 511. | run_id=run_20260929_110725_467584_2daea7 | brand=Cava | seen=408 | expected=511
2026-09-29 11:43:01 | INFO    | BRAND     | Brand scrape completed in 24s (1004.28 products/min). | run_id=run_20260929_110725_467584_2daea7 | brand=Cava | status=COMPLETED | saved=408 | seen=408 | expected=511 | elapsed_label=24s | products_per_minute=1004.28
2026-09-29 11:43:01 | INFO    | AUDIT     | Audit retry completed for Cava: saved=0, shortfall_before=103 | run_id=run_20260929_110725_467584_2daea7 | brand=Cava | saved=0
2026-09-29 11:43:01 | INFO    | BRAND     | Resolving brand routes. | run_id=run_20260929_110725_467584_2daea7 | brand=Dollar (Forcenxt)
2026-09-29 11:43:10 | INFO    | BRAND     | Resolved Dollar (Forcenxt) -> 17 routes (best brand total=2923): https://www.myntra.com/force-nxt, https://www.myntra.com/dollar-missy, https://www.myntra.com/dollar-bigboss, https://www.myntra.com/tshirts?f=Brand%3ADollar, https://www.myntra.com/leggings?f=Brand%3ADollar%20Missy, https://www.myntra.com/dollar?f=Brand%3ADollar%3A%3AGender%3Aboys, https://www.myntra.com/dollar?f=Brand%3ADollar%3A%3AGender%3Awomen, https://www.myntra.com/dollar-socks, https://www.myntra.com/bra?f=Brand%3ADollar%20Missy, https://www.myntra.com/camisoles?f=Brand%3ADollar%20Missy, https://www.myntra.com/trousers?f=Brand%3ADollar%20Missy, https://www.myntra.com/trunk?f=Brand%3ADollar, https://www.myntra.com/shorts?f=Brand%3ADollar, https://www.myntra.com/track-pants?f=Brand%3ADollar, https://www.myntra.com/briefs?f=Brand%3ADollar, https://www.myntra.com/thermal?f=Brand%3ADollar, https://www.myntra.com/dollar-ultra | run_id=run_20260929_110725_467584_2daea7 | brand=Dollar (Forcenxt) | expected=2923
2026-09-29 11:43:10 | INFO    | BRAND     | Starting brand scrape. | run_id=run_20260929_110725_467584_2daea7 | brand=Dollar (Forcenxt) | expected=11613
2026-09-29 11:43:10 | INFO    | LISTING   | Listing Dollar (Forcenxt) route https://www.myntra.com/force-nxt page 1 -> https://www.myntra.com/gateway/v4/search/force-nxt?rows=50&o=0&plaEnabled=false&xdEnabled=false&isFacet=true&p=1 | run_id=run_20260929_110725_467584_2daea7 | brand=Dollar (Forcenxt) | page=1 | route=https://www.myntra.com/force-nxt | seen=0 | expected=2923
2026-09-29 11:43:11 | INFO    | LISTING   | Listing Dollar (Forcenxt) route https://www.myntra.com/force-nxt page 2 -> https://www.myntra.com/gateway/v4/search/force-nxt?rows=50&o=50&plaEnabled=false&xdEnabled=false&isFacet=true&p=2 | run_id=run_20260929_110725_467584_2daea7 | brand=Dollar (Forcenxt) | page=2 | route=https://www.myntra.com/force-nxt | seen=50 | expected=2923
2026-09-29 11:43:11 | INFO    | LISTING   | Listing Dollar (Forcenxt) route https://www.myntra.com/force-nxt page 3 -> https://www.myntra.com/gateway/v4/search/force-nxt?rows=50&o=100&plaEnabled=false&xdEnabled=false&isFacet=true&p=3 | run_id=run_20260929_110725_467584_2daea7 | brand=Dollar (Forcenxt) | page=3 | route=https://www.myntra.com/force-nxt | seen=92 | expected=2923
2026-09-29 11:43:12 | INFO    | LISTING   | Listing Dollar (Forcenxt) route https://www.myntra.com/force-nxt page 4 -> https://www.myntra.com/gateway/v4/search/force-nxt?rows=50&o=150&plaEnabled=false&xdEnabled=false&isFacet=true&p=4 | run_id=run_20260929_110725_467584_2daea7 | brand=Dollar (Forcenxt) | page=4 | route=https://www.myntra.com/force-nxt | seen=134 | expected=2923
2026-09-29 11:43:13 | INFO    | LISTING   | Listing Dollar (Forcenxt) route https://www.myntra.com/force-nxt page 5 -> https://www.myntra.com/gateway/v4/search/force-nxt?rows=50&o=200&plaEnabled=false&xdEnabled=false&isFacet=true&p=5 | run_id=run_20260929_110725_467584_2daea7 | brand=Dollar (Forcenxt) | page=5 | route=https://www.myntra.com/force-nxt | seen=177 | expected=2923
2026-09-29 11:43:13 | INFO    | LISTING   | Listing Dollar (Forcenxt) route https://www.myntra.com/force-nxt page 6 -> https://www.myntra.com/gateway/v4/search/force-nxt?rows=50&o=250&plaEnabled=false&xdEnabled=false&isFacet=true&p=6 | run_id=run_20260929_110725_467584_2daea7 | brand=Dollar (Forcenxt) | page=6 | route=https://www.myntra.com/force-nxt | seen=223 | expected=2923
2026-09-29 11:43:14 | INFO    | LISTING   | Listing Dollar (Forcenxt) route https://www.myntra.com/force-nxt page 7 -> https://www.myntra.com/gateway/v4/search/force-nxt?rows=50&o=300&plaEnabled=false&xdEnabled=false&isFacet=true&p=7 | run_id=run_20260929_110725_467584_2daea7 | brand=Dollar (Forcenxt) | page=7 | route=https://www.myntra.com/force-nxt | seen=264 | expected=2923
2026-09-29 11:43:14 | INFO    | LISTING   | Listing Dollar (Forcenxt) route https://www.myntra.com/force-nxt page 8 -> https://www.myntra.com/gateway/v4/search/force-nxt?rows=50&o=350&plaEnabled=false&xdEnabled=false&isFacet=true&p=8 | run_id=run_20260929_110725_467584_2daea7 | brand=Dollar (Forcenxt) | page=8 | route=https://www.myntra.com/force-nxt | seen=310 | expected=2923
2026-09-29 11:43:15 | INFO    | LISTING   | Listing Dollar (Forcenxt) route https://www.myntra.com/force-nxt page 9 -> https://www.myntra.com/gateway/v4/search/force-nxt?rows=50&o=400&plaEnabled=false&xdEnabled=false&isFacet=true&p=9 | run_id=run_20260929_110725_467584_2daea7 | brand=Dollar (Forcenxt) | page=9 | route=https://www.myntra.com/force-nxt | seen=359 | expected=2923
2026-09-29 11:43:15 | INFO    | LISTING   | Listing Dollar (Forcenxt) route https://www.myntra.com/force-nxt page 10 -> https://www.myntra.com/gateway/v4/search/force-nxt?rows=50&o=450&plaEnabled=false&xdEnabled=false&isFacet=true&p=10 | run_id=run_20260929_110725_467584_2daea7 | brand=Dollar (Forcenxt) | page=10 | route=https://www.myntra.com/force-nxt | seen=409 | expected=2923
2026-09-29 11:43:16 | INFO    | LISTING   | Listing Dollar (Forcenxt) route https://www.myntra.com/force-nxt page 11 -> https://www.myntra.com/gateway/v4/search/force-nxt?rows=50&o=500&plaEnabled=false&xdEnabled=false&isFacet=true&p=11 | run_id=run_20260929_110725_467584_2daea7 | brand=Dollar (Forcenxt) | page=11 | route=https://www.myntra.com/force-nxt | seen=459 | expected=2923
2026-09-29 11:43:16 | INFO    | LISTING   | Listing Dollar (Forcenxt) route https://www.myntra.com/force-nxt page 12 -> https://www.myntra.com/gateway/v4/search/force-nxt?rows=50&o=550&plaEnabled=false&xdEnabled=false&isFacet=true&p=12 | run_id=run_20260929_110725_467584_2daea7 | brand=Dollar (Forcenxt) | page=12 | route=https://www.myntra.com/force-nxt | seen=507 | expected=2923
2026-09-29 11:43:17 | INFO    | LISTING   | Listing Dollar (Forcenxt) route https://www.myntra.com/force-nxt page 13 -> https://www.myntra.com/gateway/v4/search/force-nxt?rows=50&o=600&plaEnabled=false&xdEnabled=false&isFacet=true&p=13 | run_id=run_20260929_110725_467584_2daea7 | brand=Dollar (Forcenxt) | page=13 | route=https://www.myntra.com/force-nxt | seen=557 | expected=2923
2026-09-29 11:43:18 | INFO    | LISTING   | Listing Dollar (Forcenxt) route https://www.myntra.com/force-nxt page 14 -> https://www.myntra.com/gateway/v4/search/force-nxt?rows=50&o=650&plaEnabled=false&xdEnabled=false&isFacet=true&p=14 | run_id=run_20260929_110725_467584_2daea7 | brand=Dollar (Forcenxt) | page=14 | route=https://www.myntra.com/force-nxt | seen=607 | expected=2923
2026-09-29 11:43:18 | INFO    | LISTING   | Listing Dollar (Forcenxt) route https://www.myntra.com/force-nxt page 15 -> https://www.myntra.com/gateway/v4/search/force-nxt?rows=50&o=700&plaEnabled=false&xdEnabled=false&isFacet=true&p=15 | run_id=run_20260929_110725_467584_2daea7 | brand=Dollar (Forcenxt) | page=15 | route=https://www.myntra.com/force-nxt | seen=656 | expected=2923
2026-09-29 11:43:19 | INFO    | LISTING   | Listing Dollar (Forcenxt) route https://www.myntra.com/force-nxt page 16 -> https://www.myntra.com/gateway/v4/search/force-nxt?rows=50&o=750&plaEnabled=false&xdEnabled=false&isFacet=true&p=16 | run_id=run_20260929_110725_467584_2daea7 | brand=Dollar (Forcenxt) | page=16 | route=https://www.myntra.com/force-nxt | seen=706 | expected=2923
2026-09-29 11:43:19 | INFO    | LISTING   | Listing Dollar (Forcenxt) route https://www.myntra.com/force-nxt page 17 -> https://www.myntra.com/gateway/v4/search/force-nxt?rows=50&o=800&plaEnabled=false&xdEnabled=false&isFacet=true&p=17 | run_id=run_20260929_110725_467584_2daea7 | brand=Dollar (Forcenxt) | page=17 | route=https://www.myntra.com/force-nxt | seen=756 | expected=2923
2026-09-29 11:43:20 | INFO    | LISTING   | Listing Dollar (Forcenxt) route https://www.myntra.com/force-nxt page 18 -> https://www.myntra.com/gateway/v4/search/force-nxt?rows=50&o=850&plaEnabled=false&xdEnabled=false&isFacet=true&p=18 | run_id=run_20260929_110725_467584_2daea7 | brand=Dollar (Forcenxt) | page=18 | route=https://www.myntra.com/force-nxt | seen=806 | expected=2923
2026-09-29 11:43:20 | INFO    | LISTING   | Listing Dollar (Forcenxt) route https://www.myntra.com/force-nxt page 19 -> https://www.myntra.com/gateway/v4/search/force-nxt?rows=50&o=900&plaEnabled=false&xdEnabled=false&isFacet=true&p=19 | run_id=run_20260929_110725_467584_2daea7 | brand=Dollar (Forcenxt) | page=19 | route=https://www.myntra.com/force-nxt | seen=853 | expected=2923
2026-09-29 11:43:21 | INFO    | LISTING   | Listing Dollar (Forcenxt) route https://www.myntra.com/force-nxt page 20 -> https://www.myntra.com/gateway/v4/search/force-nxt?rows=50&o=950&plaEnabled=false&xdEnabled=false&isFacet=true&p=20 | run_id=run_20260929_110725_467584_2daea7 | brand=Dollar (Forcenxt) | page=20 | route=https://www.myntra.com/force-nxt | seen=903 | expected=2923
2026-09-29 11:43:21 | INFO    | LISTING   | Listing Dollar (Forcenxt) route https://www.myntra.com/force-nxt page 21 -> https://www.myntra.com/gateway/v4/search/force-nxt?rows=50&o=1000&plaEnabled=false&xdEnabled=false&isFacet=true&p=21 | run_id=run_20260929_110725_467584_2daea7 | brand=Dollar (Forcenxt) | page=21 | route=https://www.myntra.com/force-nxt | seen=953 | expected=2923
2026-09-29 11:43:22 | INFO    | LISTING   | Listing Dollar (Forcenxt) route https://www.myntra.com/force-nxt page 22 -> https://www.myntra.com/gateway/v4/search/force-nxt?rows=50&o=1050&plaEnabled=false&xdEnabled=false&isFacet=true&p=22 | run_id=run_20260929_110725_467584_2daea7 | brand=Dollar (Forcenxt) | page=22 | route=https://www.myntra.com/force-nxt | seen=1003 | expected=2923
2026-09-29 11:43:22 | INFO    | LISTING   | Listing Dollar (Forcenxt) route https://www.myntra.com/force-nxt page 23 -> https://www.myntra.com/gateway/v4/search/force-nxt?rows=50&o=1100&plaEnabled=false&xdEnabled=false&isFacet=true&p=23 | run_id=run_20260929_110725_467584_2daea7 | brand=Dollar (Forcenxt) | page=23 | route=https://www.myntra.com/force-nxt | seen=1053 | expected=2923
2026-09-29 11:43:23 | INFO    | LISTING   | Listing Dollar (Forcenxt) route https://www.myntra.com/force-nxt page 24 -> https://www.myntra.com/gateway/v4/search/force-nxt?rows=50&o=1150&plaEnabled=false&xdEnabled=false&isFacet=true&p=24 | run_id=run_20260929_110725_467584_2daea7 | brand=Dollar (Forcenxt) | page=24 | route=https://www.myntra.com/force-nxt | seen=1103 | expected=2923
2026-09-29 11:43:24 | INFO    | LISTING   | Listing Dollar (Forcenxt) route https://www.myntra.com/force-nxt page 25 -> https://www.myntra.com/gateway/v4/search/force-nxt?rows=50&o=1200&plaEnabled=false&xdEnabled=false&isFacet=true&p=25 | run_id=run_20260929_110725_467584_2daea7 | brand=Dollar (Forcenxt) | page=25 | route=https://www.myntra.com/force-nxt | seen=1153 | expected=2923
2026-09-29 11:43:24 | INFO    | LISTING   | Listing Dollar (Forcenxt) route https://www.myntra.com/force-nxt page 26 -> https://www.myntra.com/gateway/v4/search/force-nxt?rows=50&o=1250&plaEnabled=false&xdEnabled=false&isFacet=true&p=26 | run_id=run_20260929_110725_467584_2daea7 | brand=Dollar (Forcenxt) | page=26 | route=https://www.myntra.com/force-nxt | seen=1199 | expected=2923
2026-09-29 11:43:25 | INFO    | LISTING   | Listing Dollar (Forcenxt) route https://www.myntra.com/force-nxt page 27 -> https://www.myntra.com/gateway/v4/search/force-nxt?rows=50&o=1300&plaEnabled=false&xdEnabled=false&isFacet=true&p=27 | run_id=run_20260929_110725_467584_2daea7 | brand=Dollar (Forcenxt) | page=27 | route=https://www.myntra.com/force-nxt | seen=1249 | expected=2923
2026-09-29 11:43:26 | INFO    | LISTING   | Listing Dollar (Forcenxt) route https://www.myntra.com/force-nxt page 28 -> https://www.myntra.com/gateway/v4/search/force-nxt?rows=50&o=1350&plaEnabled=false&xdEnabled=false&isFacet=true&p=28 | run_id=run_20260929_110725_467584_2daea7 | brand=Dollar (Forcenxt) | page=28 | route=https://www.myntra.com/force-nxt | seen=1299 | expected=2923
2026-09-29 11:43:27 | INFO    | LISTING   | Listing Dollar (Forcenxt) route https://www.myntra.com/force-nxt page 29 -> https://www.myntra.com/gateway/v4/search/force-nxt?rows=50&o=1400&plaEnabled=false&xdEnabled=false&isFacet=true&p=29 | run_id=run_20260929_110725_467584_2daea7 | brand=Dollar (Forcenxt) | page=29 | route=https://www.myntra.com/force-nxt | seen=1349 | expected=2923
2026-09-29 11:43:27 | INFO    | LISTING   | Listing Dollar (Forcenxt) route https://www.myntra.com/force-nxt page 30 -> https://www.myntra.com/gateway/v4/search/force-nxt?rows=50&o=1450&plaEnabled=false&xdEnabled=false&isFacet=true&p=30 | run_id=run_20260929_110725_467584_2daea7 | brand=Dollar (Forcenxt) | page=30 | route=https://www.myntra.com/force-nxt | seen=1399 | expected=2923
2026-09-29 11:43:28 | INFO    | LISTING   | Listing Dollar (Forcenxt) route https://www.myntra.com/force-nxt page 31 -> https://www.myntra.com/gateway/v4/search/force-nxt?rows=50&o=1500&plaEnabled=false&xdEnabled=false&isFacet=true&p=31 | run_id=run_20260929_110725_467584_2daea7 | brand=Dollar (Forcenxt) | page=31 | route=https://www.myntra.com/force-nxt | seen=1449 | expected=2923
2026-09-29 11:43:29 | INFO    | LISTING   | Listing Dollar (Forcenxt) route https://www.myntra.com/force-nxt page 32 -> https://www.myntra.com/gateway/v4/search/force-nxt?rows=50&o=1550&plaEnabled=false&xdEnabled=false&isFacet=true&p=32 | run_id=run_20260929_110725_467584_2daea7 | brand=Dollar (Forcenxt) | page=32 | route=https://www.myntra.com/force-nxt | seen=1499 | expected=2923
2026-09-29 11:43:29 | INFO    | LISTING   | Listing Dollar (Forcenxt) route https://www.myntra.com/force-nxt page 33 -> https://www.myntra.com/gateway/v4/search/force-nxt?rows=50&o=1600&plaEnabled=false&xdEnabled=false&isFacet=true&p=33 | run_id=run_20260929_110725_467584_2daea7 | brand=Dollar (Forcenxt) | page=33 | route=https://www.myntra.com/force-nxt | seen=1549 | expected=2923
2026-09-29 11:43:30 | INFO    | LISTING   | Listing Dollar (Forcenxt) route https://www.myntra.com/force-nxt page 34 -> https://www.myntra.com/gateway/v4/search/force-nxt?rows=50&o=1650&plaEnabled=false&xdEnabled=false&isFacet=true&p=34 | run_id=run_20260929_110725_467584_2daea7 | brand=Dollar (Forcenxt) | page=34 | route=https://www.myntra.com/force-nxt | seen=1599 | expected=2923
2026-09-29 11:43:31 | INFO    | LISTING   | Listing Dollar (Forcenxt) route https://www.myntra.com/force-nxt page 35 -> https://www.myntra.com/gateway/v4/search/force-nxt?rows=50&o=1700&plaEnabled=false&xdEnabled=false&isFacet=true&p=35 | run_id=run_20260929_110725_467584_2daea7 | brand=Dollar (Forcenxt) | page=35 | route=https://www.myntra.com/force-nxt | seen=1649 | expected=2923
2026-09-29 11:43:31 | INFO    | LISTING   | Listing Dollar (Forcenxt) route https://www.myntra.com/force-nxt page 36 -> https://www.myntra.com/gateway/v4/search/force-nxt?rows=50&o=1750&plaEnabled=false&xdEnabled=false&isFacet=true&p=36 | run_id=run_20260929_110725_467584_2daea7 | brand=Dollar (Forcenxt) | page=36 | route=https://www.myntra.com/force-nxt | seen=1699 | expected=2923
2026-09-29 11:43:32 | INFO    | LISTING   | Listing Dollar (Forcenxt) route https://www.myntra.com/force-nxt page 37 -> https://www.myntra.com/gateway/v4/search/force-nxt?rows=50&o=1800&plaEnabled=false&xdEnabled=false&isFacet=true&p=37 | run_id=run_20260929_110725_467584_2daea7 | brand=Dollar (Forcenxt) | page=37 | route=https://www.myntra.com/force-nxt | seen=1749 | expected=2923
2026-09-29 11:43:33 | INFO    | LISTING   | Listing Dollar (Forcenxt) route https://www.myntra.com/force-nxt page 38 -> https://www.myntra.com/gateway/v4/search/force-nxt?rows=50&o=1850&plaEnabled=false&xdEnabled=false&isFacet=true&p=38 | run_id=run_20260929_110725_467584_2daea7 | brand=Dollar (Forcenxt) | page=38 | route=https://www.myntra.com/force-nxt | seen=1799 | expected=2923
2026-09-29 11:43:33 | INFO    | LISTING   | Listing Dollar (Forcenxt) route https://www.myntra.com/force-nxt page 39 -> https://www.myntra.com/gateway/v4/search/force-nxt?rows=50&o=1900&plaEnabled=false&xdEnabled=false&isFacet=true&p=39 | run_id=run_20260929_110725_467584_2daea7 | brand=Dollar (Forcenxt) | page=39 | route=https://www.myntra.com/force-nxt | seen=1849 | expected=2923
2026-09-29 11:43:34 | INFO    | LISTING   | Listing Dollar (Forcenxt) route https://www.myntra.com/force-nxt page 40 -> https://www.myntra.com/gateway/v4/search/force-nxt?rows=50&o=1950&plaEnabled=false&xdEnabled=false&isFacet=true&p=40 | run_id=run_20260929_110725_467584_2daea7 | brand=Dollar (Forcenxt) | page=40 | route=https://www.myntra.com/force-nxt | seen=1899 | expected=2923
2026-09-29 11:43:35 | INFO    | LISTING   | Listing Dollar (Forcenxt) route https://www.myntra.com/force-nxt page 41 -> https://www.myntra.com/gateway/v4/search/force-nxt?rows=50&o=2000&plaEnabled=false&xdEnabled=false&isFacet=true&p=41 | run_id=run_20260929_110725_467584_2daea7 | brand=Dollar (Forcenxt) | page=41 | route=https://www.myntra.com/force-nxt | seen=1947 | expected=2923
2026-09-29 11:43:35 | INFO    | LISTING   | Listing Dollar (Forcenxt) route https://www.myntra.com/force-nxt page 42 -> https://www.myntra.com/gateway/v4/search/force-nxt?rows=50&o=2050&plaEnabled=false&xdEnabled=false&isFacet=true&p=42 | run_id=run_20260929_110725_467584_2daea7 | brand=Dollar (Forcenxt) | page=42 | route=https://www.myntra.com/force-nxt | seen=1997 | expected=2923
2026-09-29 11:43:36 | INFO    | LISTING   | Listing Dollar (Forcenxt) route https://www.myntra.com/force-nxt page 43 -> https://www.myntra.com/gateway/v4/search/force-nxt?rows=50&o=2100&plaEnabled=false&xdEnabled=false&isFacet=true&p=43 | run_id=run_20260929_110725_467584_2daea7 | brand=Dollar (Forcenxt) | page=43 | route=https://www.myntra.com/force-nxt | seen=2047 | expected=2923
2026-09-29 11:43:37 | INFO    | LISTING   | Listing Dollar (Forcenxt) route https://www.myntra.com/force-nxt page 44 -> https://www.myntra.com/gateway/v4/search/force-nxt?rows=50&o=2150&plaEnabled=false&xdEnabled=false&isFacet=true&p=44 | run_id=run_20260929_110725_467584_2daea7 | brand=Dollar (Forcenxt) | page=44 | route=https://www.myntra.com/force-nxt | seen=2097 | expected=2923
2026-09-29 11:43:37 | INFO    | LISTING   | Listing Dollar (Forcenxt) route https://www.myntra.com/force-nxt page 45 -> https://www.myntra.com/gateway/v4/search/force-nxt?rows=50&o=2200&plaEnabled=false&xdEnabled=false&isFacet=true&p=45 | run_id=run_20260929_110725_467584_2daea7 | brand=Dollar (Forcenxt) | page=45 | route=https://www.myntra.com/force-nxt | seen=2147 | expected=2923
2026-09-29 11:43:38 | INFO    | LISTING   | Listing Dollar (Forcenxt) route https://www.myntra.com/force-nxt page 46 -> https://www.myntra.com/gateway/v4/search/force-nxt?rows=50&o=2250&plaEnabled=false&xdEnabled=false&isFacet=true&p=46 | run_id=run_20260929_110725_467584_2daea7 | brand=Dollar (Forcenxt) | page=46 | route=https://www.myntra.com/force-nxt | seen=2197 | expected=2923
2026-09-29 11:43:38 | INFO    | LISTING   | Listing Dollar (Forcenxt) route https://www.myntra.com/force-nxt page 47 -> https://www.myntra.com/gateway/v4/search/force-nxt?rows=50&o=2300&plaEnabled=false&xdEnabled=false&isFacet=true&p=47 | run_id=run_20260929_110725_467584_2daea7 | brand=Dollar (Forcenxt) | page=47 | route=https://www.myntra.com/force-nxt | seen=2244 | expected=2923
2026-09-29 11:43:39 | INFO    | LISTING   | Listing Dollar (Forcenxt) route https://www.myntra.com/force-nxt page 48 -> https://www.myntra.com/gateway/v4/search/force-nxt?rows=50&o=2350&plaEnabled=false&xdEnabled=false&isFacet=true&p=48 | run_id=run_20260929_110725_467584_2daea7 | brand=Dollar (Forcenxt) | page=48 | route=https://www.myntra.com/force-nxt | seen=2289 | expected=2923
2026-09-29 11:43:39 | INFO    | LISTING   | Listing Dollar (Forcenxt) route https://www.myntra.com/force-nxt page 49 -> https://www.myntra.com/gateway/v4/search/force-nxt?rows=50&o=2400&plaEnabled=false&xdEnabled=false&isFacet=true&p=49 | run_id=run_20260929_110725_467584_2daea7 | brand=Dollar (Forcenxt) | page=49 | route=https://www.myntra.com/force-nxt | seen=2336 | expected=2923
2026-09-29 11:43:40 | INFO    | LISTING   | Listing Dollar (Forcenxt) route https://www.myntra.com/force-nxt page 50 -> https://www.myntra.com/gateway/v4/search/force-nxt?rows=50&o=2450&plaEnabled=false&xdEnabled=false&isFacet=true&p=50 | run_id=run_20260929_110725_467584_2daea7 | brand=Dollar (Forcenxt) | page=50 | route=https://www.myntra.com/force-nxt | seen=2379 | expected=2923
2026-09-29 11:43:41 | INFO    | LISTING   | Listing Dollar (Forcenxt) route https://www.myntra.com/force-nxt page 51 -> https://www.myntra.com/gateway/v4/search/force-nxt?rows=50&o=2500&plaEnabled=false&xdEnabled=false&isFacet=true&p=51 | run_id=run_20260929_110725_467584_2daea7 | brand=Dollar (Forcenxt) | page=51 | route=https://www.myntra.com/force-nxt | seen=2429 | expected=2923
2026-09-29 11:43:42 | INFO    | LISTING   | Listing Dollar (Forcenxt) route https://www.myntra.com/force-nxt page 52 -> https://www.myntra.com/gateway/v4/search/force-nxt?rows=50&o=2550&plaEnabled=false&xdEnabled=false&isFacet=true&p=52 | run_id=run_20260929_110725_467584_2daea7 | brand=Dollar (Forcenxt) | page=52 | route=https://www.myntra.com/force-nxt | seen=2479 | expected=2923
2026-09-29 11:43:42 | INFO    | LISTING   | Listing Dollar (Forcenxt) route https://www.myntra.com/force-nxt page 53 -> https://www.myntra.com/gateway/v4/search/force-nxt?rows=50&o=2600&plaEnabled=false&xdEnabled=false&isFacet=true&p=53 | run_id=run_20260929_110725_467584_2daea7 | brand=Dollar (Forcenxt) | page=53 | route=https://www.myntra.com/force-nxt | seen=2529 | expected=2923
2026-09-29 11:43:43 | INFO    | LISTING   | Listing Dollar (Forcenxt) route https://www.myntra.com/force-nxt page 54 -> https://www.myntra.com/gateway/v4/search/force-nxt?rows=50&o=2650&plaEnabled=false&xdEnabled=false&isFacet=true&p=54 | run_id=run_20260929_110725_467584_2daea7 | brand=Dollar (Forcenxt) | page=54 | route=https://www.myntra.com/force-nxt | seen=2579 | expected=2923
2026-09-29 11:43:43 | INFO    | LISTING   | Listing Dollar (Forcenxt) route https://www.myntra.com/force-nxt page 55 -> https://www.myntra.com/gateway/v4/search/force-nxt?rows=50&o=2700&plaEnabled=false&xdEnabled=false&isFacet=true&p=55 | run_id=run_20260929_110725_467584_2daea7 | brand=Dollar (Forcenxt) | page=55 | route=https://www.myntra.com/force-nxt | seen=2629 | expected=2923
2026-09-29 11:43:44 | INFO    | LISTING   | Listing Dollar (Forcenxt) route https://www.myntra.com/force-nxt page 56 -> https://www.myntra.com/gateway/v4/search/force-nxt?rows=50&o=2750&plaEnabled=false&xdEnabled=false&isFacet=true&p=56 | run_id=run_20260929_110725_467584_2daea7 | brand=Dollar (Forcenxt) | page=56 | route=https://www.myntra.com/force-nxt | seen=2679 | expected=2923
2026-09-29 11:43:45 | INFO    | LISTING   | Listing Dollar (Forcenxt) route https://www.myntra.com/force-nxt page 57 -> https://www.myntra.com/gateway/v4/search/force-nxt?rows=50&o=2800&plaEnabled=false&xdEnabled=false&isFacet=true&p=57 | run_id=run_20260929_110725_467584_2daea7 | brand=Dollar (Forcenxt) | page=57 | route=https://www.myntra.com/force-nxt | seen=2729 | expected=2923
2026-09-29 11:43:45 | INFO    | LISTING   | Listing Dollar (Forcenxt) route https://www.myntra.com/force-nxt page 58 -> https://www.myntra.com/gateway/v4/search/force-nxt?rows=50&o=2850&plaEnabled=false&xdEnabled=false&isFacet=true&p=58 | run_id=run_20260929_110725_467584_2daea7 | brand=Dollar (Forcenxt) | page=58 | route=https://www.myntra.com/force-nxt | seen=2779 | expected=2923
2026-09-29 11:43:46 | INFO    | LISTING   | Listing Dollar (Forcenxt) route https://www.myntra.com/force-nxt page 59 -> https://www.myntra.com/gateway/v4/search/force-nxt?rows=50&o=2900&plaEnabled=false&xdEnabled=false&isFacet=true&p=59 | run_id=run_20260929_110725_467584_2daea7 | brand=Dollar (Forcenxt) | page=59 | route=https://www.myntra.com/force-nxt | seen=2829 | expected=2923
2026-09-29 11:43:46 | INFO    | LISTING   | Listing Dollar (Forcenxt) route https://www.myntra.com/force-nxt page 60 -> https://www.myntra.com/gateway/v4/search/force-nxt?rows=50&o=2950&plaEnabled=false&xdEnabled=false&isFacet=true&p=60 | run_id=run_20260929_110725_467584_2daea7 | brand=Dollar (Forcenxt) | page=60 | route=https://www.myntra.com/force-nxt | seen=2879 | expected=2923
2026-09-29 11:43:47 | INFO    | LISTING   | Listing Dollar (Forcenxt) route https://www.myntra.com/force-nxt page 61 -> https://www.myntra.com/gateway/v4/search/force-nxt?rows=50&o=3000&plaEnabled=false&xdEnabled=false&isFacet=true&p=61 | run_id=run_20260929_110725_467584_2daea7 | brand=Dollar (Forcenxt) | page=61 | route=https://www.myntra.com/force-nxt | seen=2898 | expected=2923
2026-09-29 11:43:47 | WARNING | LISTING   | Empty listing page for Dollar (Forcenxt) on page 61 before expected end; continuing. | run_id=run_20260929_110725_467584_2daea7 | brand=Dollar (Forcenxt) | page=61 | route=https://www.myntra.com/force-nxt
2026-09-29 11:43:47 | INFO    | LISTING   | Listing Dollar (Forcenxt) route https://www.myntra.com/force-nxt page 62 -> https://www.myntra.com/gateway/v4/search/force-nxt?rows=50&o=3050&plaEnabled=false&xdEnabled=false&isFacet=true&p=62 | run_id=run_20260929_110725_467584_2daea7 | brand=Dollar (Forcenxt) | page=62 | route=https://www.myntra.com/force-nxt | seen=2898 | expected=2923
2026-09-29 11:43:48 | WARNING | NETWORK   | JSON request failed for https://www.myntra.com/gateway/v4/search/force-nxt?rows=50&o=3050&plaEnabled=false&xdEnabled=false&isFacet=true&p=62 on attempt 1/3: HTTP Error 400:  | run_id=run_20260929_110725_467584_2daea7 | route=https://www.myntra.com/gateway/v4/search/force-nxt?rows=50&o=3050&plaEnabled=false&xdEnabled=false&isFacet=true&p=62 | attempt=1/3
2026-09-29 11:43:50 | WARNING | NETWORK   | JSON request failed for https://www.myntra.com/gateway/v4/search/force-nxt?rows=50&o=3050&plaEnabled=false&xdEnabled=false&isFacet=true&p=62 on attempt 2/3: HTTP Error 400:  | run_id=run_20260929_110725_467584_2daea7 | route=https://www.myntra.com/gateway/v4/search/force-nxt?rows=50&o=3050&plaEnabled=false&xdEnabled=false&isFacet=true&p=62 | attempt=2/3
2026-09-29 11:43:52 | WARNING | NETWORK   | JSON request failed for https://www.myntra.com/gateway/v4/search/force-nxt?rows=50&o=3050&plaEnabled=false&xdEnabled=false&isFacet=true&p=62 on attempt 3/3: HTTP Error 400:  | run_id=run_20260929_110725_467584_2daea7 | route=https://www.myntra.com/gateway/v4/search/force-nxt?rows=50&o=3050&plaEnabled=false&xdEnabled=false&isFacet=true&p=62 | attempt=3/3
2026-09-29 11:43:53 | WARNING | NETWORK   | JSON request failed for https://www.myntra.com/gateway/v4/search/force-nxt?rows=50&o=3049&plaEnabled=false&xdEnabled=false&isFacet=true&p=62 on attempt 1/3: HTTP Error 400:  | run_id=run_20260929_110725_467584_2daea7 | route=https://www.myntra.com/gateway/v4/search/force-nxt?rows=50&o=3049&plaEnabled=false&xdEnabled=false&isFacet=true&p=62 | attempt=1/3
2026-09-29 11:43:54 | WARNING | NETWORK   | JSON request failed for https://www.myntra.com/gateway/v4/search/force-nxt?rows=50&o=3049&plaEnabled=false&xdEnabled=false&isFacet=true&p=62 on attempt 2/3: HTTP Error 400:  | run_id=run_20260929_110725_467584_2daea7 | route=https://www.myntra.com/gateway/v4/search/force-nxt?rows=50&o=3049&plaEnabled=false&xdEnabled=false&isFacet=true&p=62 | attempt=2/3
2026-09-29 11:43:57 | WARNING | NETWORK   | JSON request failed for https://www.myntra.com/gateway/v4/search/force-nxt?rows=50&o=3049&plaEnabled=false&xdEnabled=false&isFacet=true&p=62 on attempt 3/3: HTTP Error 400:  | run_id=run_20260929_110725_467584_2daea7 | route=https://www.myntra.com/gateway/v4/search/force-nxt?rows=50&o=3049&plaEnabled=false&xdEnabled=false&isFacet=true&p=62 | attempt=3/3
2026-09-29 11:43:57 | WARNING | LISTING   | Route fetch failed for https://www.myntra.com/force-nxt page 62 (Failed to fetch JSON payload from https://www.myntra.com/gateway/v4/search/force-nxt?rows=50&o=3049&plaEnabled=false&xdEnabled=false&isFacet=true&p=62: HTTP Error 400: ). Will retry with another pass or fallback route. | run_id=run_20260929_110725_467584_2daea7 | brand=Dollar (Forcenxt) | page=62 | route=https://www.myntra.com/force-nxt
2026-09-29 11:43:57 | INFO    | LISTING   | Listing Dollar (Forcenxt) route https://www.myntra.com/dollar-missy page 1 -> https://www.myntra.com/gateway/v4/search/dollar-missy?rows=50&o=0&plaEnabled=false&xdEnabled=false&isFacet=true&p=1 | run_id=run_20260929_110725_467584_2daea7 | brand=Dollar (Forcenxt) | page=1 | route=https://www.myntra.com/dollar-missy | seen=0 | expected=2173
2026-09-29 11:43:58 | INFO    | LISTING   | Listing Dollar (Forcenxt) route https://www.myntra.com/dollar-missy page 2 -> https://www.myntra.com/gateway/v4/search/dollar-missy?rows=50&o=50&plaEnabled=false&xdEnabled=false&isFacet=true&p=2 | run_id=run_20260929_110725_467584_2daea7 | brand=Dollar (Forcenxt) | page=2 | route=https://www.myntra.com/dollar-missy | seen=24 | expected=2173
2026-09-29 11:43:59 | INFO    | LISTING   | Listing Dollar (Forcenxt) route https://www.myntra.com/dollar-missy page 3 -> https://www.myntra.com/gateway/v4/search/dollar-missy?rows=50&o=100&plaEnabled=false&xdEnabled=false&isFacet=true&p=3 | run_id=run_20260929_110725_467584_2daea7 | brand=Dollar (Forcenxt) | page=3 | route=https://www.myntra.com/dollar-missy | seen=51 | expected=2173
2026-09-29 11:44:00 | INFO    | LISTING   | Listing Dollar (Forcenxt) route https://www.myntra.com/dollar-missy page 4 -> https://www.myntra.com/gateway/v4/search/dollar-missy?rows=50&o=150&plaEnabled=false&xdEnabled=false&isFacet=true&p=4 | run_id=run_20260929_110725_467584_2daea7 | brand=Dollar (Forcenxt) | page=4 | route=https://www.myntra.com/dollar-missy | seen=64 | expected=2173
2026-09-29 11:44:01 | INFO    | LISTING   | Listing Dollar (Forcenxt) route https://www.myntra.com/dollar-missy page 5 -> https://www.myntra.com/gateway/v4/search/dollar-missy?rows=50&o=200&plaEnabled=false&xdEnabled=false&isFacet=true&p=5 | run_id=run_20260929_110725_467584_2daea7 | brand=Dollar (Forcenxt) | page=5 | route=https://www.myntra.com/dollar-missy | seen=111 | expected=2173
2026-09-29 11:44:01 | INFO    | LISTING   | Listing Dollar (Forcenxt) route https://www.myntra.com/dollar-missy page 6 -> https://www.myntra.com/gateway/v4/search/dollar-missy?rows=50&o=250&plaEnabled=false&xdEnabled=false&isFacet=true&p=6 | run_id=run_20260929_110725_467584_2daea7 | brand=Dollar (Forcenxt) | page=6 | route=https://www.myntra.com/dollar-missy | seen=151 | expected=2173
2026-09-29 11:44:02 | INFO    | LISTING   | Listing Dollar (Forcenxt) route https://www.myntra.com/dollar-missy page 7 -> https://www.myntra.com/gateway/v4/search/dollar-missy?rows=50&o=300&plaEnabled=false&xdEnabled=false&isFacet=true&p=7 | run_id=run_20260929_110725_467584_2daea7 | brand=Dollar (Forcenxt) | page=7 | route=https://www.myntra.com/dollar-missy | seen=189 | expected=2173
2026-09-29 11:44:02 | INFO    | LISTING   | Listing Dollar (Forcenxt) route https://www.myntra.com/dollar-missy page 8 -> https://www.myntra.com/gateway/v4/search/dollar-missy?rows=50&o=350&plaEnabled=false&xdEnabled=false&isFacet=true&p=8 | run_id=run_20260929_110725_467584_2daea7 | brand=Dollar (Forcenxt) | page=8 | route=https://www.myntra.com/dollar-missy | seen=234 | expected=2173
2026-09-29 11:44:03 | INFO    | LISTING   | Listing Dollar (Forcenxt) route https://www.myntra.com/dollar-missy page 9 -> https://www.myntra.com/gateway/v4/search/dollar-missy?rows=50&o=400&plaEnabled=false&xdEnabled=false&isFacet=true&p=9 | run_id=run_20260929_110725_467584_2daea7 | brand=Dollar (Forcenxt) | page=9 | route=https://www.myntra.com/dollar-missy | seen=264 | expected=2173
2026-09-29 11:44:04 | INFO    | LISTING   | Listing Dollar (Forcenxt) route https://www.myntra.com/dollar-missy page 10 -> https://www.myntra.com/gateway/v4/search/dollar-missy?rows=50&o=450&plaEnabled=false&xdEnabled=false&isFacet=true&p=10 | run_id=run_20260929_110725_467584_2daea7 | brand=Dollar (Forcenxt) | page=10 | route=https://www.myntra.com/dollar-missy | seen=296 | expected=2173
2026-09-29 11:44:04 | INFO    | LISTING   | Listing Dollar (Forcenxt) route https://www.myntra.com/dollar-missy page 11 -> https://www.myntra.com/gateway/v4/search/dollar-missy?rows=50&o=500&plaEnabled=false&xdEnabled=false&isFacet=true&p=11 | run_id=run_20260929_110725_467584_2daea7 | brand=Dollar (Forcenxt) | page=11 | route=https://www.myntra.com/dollar-missy | seen=331 | expected=2173
2026-09-29 11:44:05 | INFO    | LISTING   | Listing Dollar (Forcenxt) route https://www.myntra.com/dollar-missy page 12 -> https://www.myntra.com/gateway/v4/search/dollar-missy?rows=50&o=550&plaEnabled=false&xdEnabled=false&isFacet=true&p=12 | run_id=run_20260929_110725_467584_2daea7 | brand=Dollar (Forcenxt) | page=12 | route=https://www.myntra.com/dollar-missy | seen=372 | expected=2173
2026-09-29 11:44:06 | INFO    | LISTING   | Listing Dollar (Forcenxt) route https://www.myntra.com/dollar-missy page 13 -> https://www.myntra.com/gateway/v4/search/dollar-missy?rows=50&o=600&plaEnabled=false&xdEnabled=false&isFacet=true&p=13 | run_id=run_20260929_110725_467584_2daea7 | brand=Dollar (Forcenxt) | page=13 | route=https://www.myntra.com/dollar-missy | seen=397 | expected=2173
2026-09-29 11:44:06 | INFO    | LISTING   | Listing Dollar (Forcenxt) route https://www.myntra.com/dollar-missy page 14 -> https://www.myntra.com/gateway/v4/search/dollar-missy?rows=50&o=650&plaEnabled=false&xdEnabled=false&isFacet=true&p=14 | run_id=run_20260929_110725_467584_2daea7 | brand=Dollar (Forcenxt) | page=14 | route=https://www.myntra.com/dollar-missy | seen=438 | expected=2173
2026-09-29 11:44:07 | INFO    | LISTING   | Listing Dollar (Forcenxt) route https://www.myntra.com/dollar-missy page 15 -> https://www.myntra.com/gateway/v4/search/dollar-missy?rows=50&o=700&plaEnabled=false&xdEnabled=false&isFacet=true&p=15 | run_id=run_20260929_110725_467584_2daea7 | brand=Dollar (Forcenxt) | page=15 | route=https://www.myntra.com/dollar-missy | seen=443 | expected=2173
2026-09-29 11:44:07 | INFO    | LISTING   | Listing Dollar (Forcenxt) route https://www.myntra.com/dollar-missy page 16 -> https://www.myntra.com/gateway/v4/search/dollar-missy?rows=50&o=750&plaEnabled=false&xdEnabled=false&isFacet=true&p=16 | run_id=run_20260929_110725_467584_2daea7 | brand=Dollar (Forcenxt) | page=16 | route=https://www.myntra.com/dollar-missy | seen=466 | expected=2173
2026-09-29 11:44:08 | INFO    | LISTING   | Listing Dollar (Forcenxt) route https://www.myntra.com/dollar-missy page 17 -> https://www.myntra.com/gateway/v4/search/dollar-missy?rows=50&o=800&plaEnabled=false&xdEnabled=false&isFacet=true&p=17 | run_id=run_20260929_110725_467584_2daea7 | brand=Dollar (Forcenxt) | page=17 | route=https://www.myntra.com/dollar-missy | seen=479 | expected=2173
2026-09-29 11:44:09 | INFO    | LISTING   | Listing Dollar (Forcenxt) route https://www.myntra.com/dollar-missy page 18 -> https://www.myntra.com/gateway/v4/search/dollar-missy?rows=50&o=850&plaEnabled=false&xdEnabled=false&isFacet=true&p=18 | run_id=run_20260929_110725_467584_2daea7 | brand=Dollar (Forcenxt) | page=18 | route=https://www.myntra.com/dollar-missy | seen=521 | expected=2173
2026-09-29 11:44:10 | INFO    | LISTING   | Listing Dollar (Forcenxt) route https://www.myntra.com/dollar-missy page 19 -> https://www.myntra.com/gateway/v4/search/dollar-missy?rows=50&o=900&plaEnabled=false&xdEnabled=false&isFacet=true&p=19 | run_id=run_20260929_110725_467584_2daea7 | brand=Dollar (Forcenxt) | page=19 | route=https://www.myntra.com/dollar-missy | seen=559 | expected=2173
2026-09-29 11:44:10 | INFO    | LISTING   | Listing Dollar (Forcenxt) route https://www.myntra.com/dollar-missy page 20 -> https://www.myntra.com/gateway/v4/search/dollar-missy?rows=50&o=950&plaEnabled=false&xdEnabled=false&isFacet=true&p=20 | run_id=run_20260929_110725_467584_2daea7 | brand=Dollar (Forcenxt) | page=20 | route=https://www.myntra.com/dollar-missy | seen=601 | expected=2173
2026-09-29 11:44:11 | INFO    | LISTING   | Listing Dollar (Forcenxt) route https://www.myntra.com/dollar-missy page 21 -> https://www.myntra.com/gateway/v4/search/dollar-missy?rows=50&o=1000&plaEnabled=false&xdEnabled=false&isFacet=true&p=21 | run_id=run_20260929_110725_467584_2daea7 | brand=Dollar (Forcenxt) | page=21 | route=https://www.myntra.com/dollar-missy | seen=650 | expected=2173
2026-09-29 11:44:12 | INFO    | LISTING   | Listing Dollar (Forcenxt) route https://www.myntra.com/dollar-missy page 22 -> https://www.myntra.com/gateway/v4/search/dollar-missy?rows=50&o=1050&plaEnabled=false&xdEnabled=false&isFacet=true&p=22 | run_id=run_20260929_110725_467584_2daea7 | brand=Dollar (Forcenxt) | page=22 | route=https://www.myntra.com/dollar-missy | seen=693 | expected=2173
2026-09-29 11:44:13 | INFO    | LISTING   | Listing Dollar (Forcenxt) route https://www.myntra.com/dollar-missy page 23 -> https://www.myntra.com/gateway/v4/search/dollar-missy?rows=50&o=1100&plaEnabled=false&xdEnabled=false&isFacet=true&p=23 | run_id=run_20260929_110725_467584_2daea7 | brand=Dollar (Forcenxt) | page=23 | route=https://www.myntra.com/dollar-missy | seen=735 | expected=2173
2026-09-29 11:44:14 | INFO    | LISTING   | Listing Dollar (Forcenxt) route https://www.myntra.com/dollar-missy page 24 -> https://www.myntra.com/gateway/v4/search/dollar-missy?rows=50&o=1150&plaEnabled=false&xdEnabled=false&isFacet=true&p=24 | run_id=run_20260929_110725_467584_2daea7 | brand=Dollar (Forcenxt) | page=24 | route=https://www.myntra.com/dollar-missy | seen=749 | expected=2173
2026-09-29 11:44:15 | INFO    | LISTING   | Listing Dollar (Forcenxt) route https://www.myntra.com/dollar-missy page 25 -> https://www.myntra.com/gateway/v4/search/dollar-missy?rows=50&o=1200&plaEnabled=false&xdEnabled=false&isFacet=true&p=25 | run_id=run_20260929_110725_467584_2daea7 | brand=Dollar (Forcenxt) | page=25 | route=https://www.myntra.com/dollar-missy | seen=759 | expected=2173
2026-09-29 11:44:15 | INFO    | LISTING   | Listing Dollar (Forcenxt) route https://www.myntra.com/dollar-missy page 26 -> https://www.myntra.com/gateway/v4/search/dollar-missy?rows=50&o=1250&plaEnabled=false&xdEnabled=false&isFacet=true&p=26 | run_id=run_20260929_110725_467584_2daea7 | brand=Dollar (Forcenxt) | page=26 | route=https://www.myntra.com/dollar-missy | seen=782 | expected=2173
2026-09-29 11:44:16 | INFO    | LISTING   | Listing Dollar (Forcenxt) route https://www.myntra.com/dollar-missy page 27 -> https://www.myntra.com/gateway/v4/search/dollar-missy?rows=50&o=1300&plaEnabled=false&xdEnabled=false&isFacet=true&p=27 | run_id=run_20260929_110725_467584_2daea7 | brand=Dollar (Forcenxt) | page=27 | route=https://www.myntra.com/dollar-missy | seen=803 | expected=2173
2026-09-29 11:44:16 | INFO    | LISTING   | Listing Dollar (Forcenxt) route https://www.myntra.com/dollar-missy page 28 -> https://www.myntra.com/gateway/v4/search/dollar-missy?rows=50&o=1350&plaEnabled=false&xdEnabled=false&isFacet=true&p=28 | run_id=run_20260929_110725_467584_2daea7 | brand=Dollar (Forcenxt) | page=28 | route=https://www.myntra.com/dollar-missy | seen=813 | expected=2173
2026-09-29 11:44:17 | INFO    | LISTING   | Listing Dollar (Forcenxt) route https://www.myntra.com/dollar-missy page 29 -> https://www.myntra.com/gateway/v4/search/dollar-missy?rows=50&o=1400&plaEnabled=false&xdEnabled=false&isFacet=true&p=29 | run_id=run_20260929_110725_467584_2daea7 | brand=Dollar (Forcenxt) | page=29 | route=https://www.myntra.com/dollar-missy | seen=863 | expected=2173
2026-09-29 11:44:19 | INFO    | LISTING   | Listing Dollar (Forcenxt) route https://www.myntra.com/dollar-missy page 30 -> https://www.myntra.com/gateway/v4/search/dollar-missy?rows=50&o=1450&plaEnabled=false&xdEnabled=false&isFacet=true&p=30 | run_id=run_20260929_110725_467584_2daea7 | brand=Dollar (Forcenxt) | page=30 | route=https://www.myntra.com/dollar-missy | seen=909 | expected=2173
2026-09-29 11:44:20 | INFO    | LISTING   | Listing Dollar (Forcenxt) route https://www.myntra.com/dollar-missy page 31 -> https://www.myntra.com/gateway/v4/search/dollar-missy?rows=50&o=1500&plaEnabled=false&xdEnabled=false&isFacet=true&p=31 | run_id=run_20260929_110725_467584_2daea7 | brand=Dollar (Forcenxt) | page=31 | route=https://www.myntra.com/dollar-missy | seen=959 | expected=2173
2026-09-29 11:44:21 | INFO    | LISTING   | Listing Dollar (Forcenxt) route https://www.myntra.com/dollar-missy page 32 -> https://www.myntra.com/gateway/v4/search/dollar-missy?rows=50&o=1550&plaEnabled=false&xdEnabled=false&isFacet=true&p=32 | run_id=run_20260929_110725_467584_2daea7 | brand=Dollar (Forcenxt) | page=32 | route=https://www.myntra.com/dollar-missy | seen=1009 | expected=2173
2026-09-29 11:44:22 | INFO    | LISTING   | Listing Dollar (Forcenxt) route https://www.myntra.com/dollar-missy page 33 -> https://www.myntra.com/gateway/v4/search/dollar-missy?rows=50&o=1600&plaEnabled=false&xdEnabled=false&isFacet=true&p=33 | run_id=run_20260929_110725_467584_2daea7 | brand=Dollar (Forcenxt) | page=33 | route=https://www.myntra.com/dollar-missy | seen=1055 | expected=2173
2026-09-29 11:44:23 | INFO    | LISTING   | Listing Dollar (Forcenxt) route https://www.myntra.com/dollar-missy page 34 -> https://www.myntra.com/gateway/v4/search/dollar-missy?rows=50&o=1650&plaEnabled=false&xdEnabled=false&isFacet=true&p=34 | run_id=run_20260929_110725_467584_2daea7 | brand=Dollar (Forcenxt) | page=34 | route=https://www.myntra.com/dollar-missy | seen=1104 | expected=2173
2026-09-29 11:44:24 | INFO    | LISTING   | Listing Dollar (Forcenxt) route https://www.myntra.com/dollar-missy page 35 -> https://www.myntra.com/gateway/v4/search/dollar-missy?rows=50&o=1700&plaEnabled=false&xdEnabled=false&isFacet=true&p=35 | run_id=run_20260929_110725_467584_2daea7 | brand=Dollar (Forcenxt) | page=35 | route=https://www.myntra.com/dollar-missy | seen=1154 | expected=2173
2026-09-29 11:44:24 | INFO    | LISTING   | Listing Dollar (Forcenxt) route https://www.myntra.com/dollar-missy page 36 -> https://www.myntra.com/gateway/v4/search/dollar-missy?rows=50&o=1750&plaEnabled=false&xdEnabled=false&isFacet=true&p=36 | run_id=run_20260929_110725_467584_2daea7 | brand=Dollar (Forcenxt) | page=36 | route=https://www.myntra.com/dollar-missy | seen=1202 | expected=2173
2026-09-29 11:44:25 | INFO    | LISTING   | Listing Dollar (Forcenxt) route https://www.myntra.com/dollar-missy page 37 -> https://www.myntra.com/gateway/v4/search/dollar-missy?rows=50&o=1800&plaEnabled=false&xdEnabled=false&isFacet=true&p=37 | run_id=run_20260929_110725_467584_2daea7 | brand=Dollar (Forcenxt) | page=37 | route=https://www.myntra.com/dollar-missy | seen=1250 | expected=2173
2026-09-29 11:44:27 | INFO    | LISTING   | Listing Dollar (Forcenxt) route https://www.myntra.com/dollar-missy page 38 -> https://www.myntra.com/gateway/v4/search/dollar-missy?rows=50&o=1850&plaEnabled=false&xdEnabled=false&isFacet=true&p=38 | run_id=run_20260929_110725_467584_2daea7 | brand=Dollar (Forcenxt) | page=38 | route=https://www.myntra.com/dollar-missy | seen=1291 | expected=2173
2026-09-29 11:44:28 | INFO    | LISTING   | Listing Dollar (Forcenxt) route https://www.myntra.com/dollar-missy page 39 -> https://www.myntra.com/gateway/v4/search/dollar-missy?rows=50&o=1900&plaEnabled=false&xdEnabled=false&isFacet=true&p=39 | run_id=run_20260929_110725_467584_2daea7 | brand=Dollar (Forcenxt) | page=39 | route=https://www.myntra.com/dollar-missy | seen=1338 | expected=2173
2026-09-29 11:44:28 | INFO    | LISTING   | Listing Dollar (Forcenxt) route https://www.myntra.com/dollar-missy page 40 -> https://www.myntra.com/gateway/v4/search/dollar-missy?rows=50&o=1950&plaEnabled=false&xdEnabled=false&isFacet=true&p=40 | run_id=run_20260929_110725_467584_2daea7 | brand=Dollar (Forcenxt) | page=40 | route=https://www.myntra.com/dollar-missy | seen=1377 | expected=2173
2026-09-29 11:44:29 | INFO    | LISTING   | Listing Dollar (Forcenxt) route https://www.myntra.com/dollar-missy page 41 -> https://www.myntra.com/gateway/v4/search/dollar-missy?rows=50&o=2000&plaEnabled=false&xdEnabled=false&isFacet=true&p=41 | run_id=run_20260929_110725_467584_2daea7 | brand=Dollar (Forcenxt) | page=41 | route=https://www.myntra.com/dollar-missy | seen=1417 | expected=2173
2026-09-29 11:44:29 | INFO    | LISTING   | Listing Dollar (Forcenxt) route https://www.myntra.com/dollar-missy page 42 -> https://www.myntra.com/gateway/v4/search/dollar-missy?rows=50&o=2050&plaEnabled=false&xdEnabled=false&isFacet=true&p=42 | run_id=run_20260929_110725_467584_2daea7 | brand=Dollar (Forcenxt) | page=42 | route=https://www.myntra.com/dollar-missy | seen=1456 | expected=2173
2026-09-29 11:44:30 | INFO    | LISTING   | Listing Dollar (Forcenxt) route https://www.myntra.com/dollar-missy page 43 -> https://www.myntra.com/gateway/v4/search/dollar-missy?rows=50&o=2100&plaEnabled=false&xdEnabled=false&isFacet=true&p=43 | run_id=run_20260929_110725_467584_2daea7 | brand=Dollar (Forcenxt) | page=43 | route=https://www.myntra.com/dollar-missy | seen=1494 | expected=2173
2026-09-29 11:44:31 | INFO    | LISTING   | Listing Dollar (Forcenxt) route https://www.myntra.com/dollar-missy page 44 -> https://www.myntra.com/gateway/v4/search/dollar-missy?rows=50&o=2150&plaEnabled=false&xdEnabled=false&isFacet=true&p=44 | run_id=run_20260929_110725_467584_2daea7 | brand=Dollar (Forcenxt) | page=44 | route=https://www.myntra.com/dollar-missy | seen=1541 | expected=2173
2026-09-29 11:44:32 | INFO    | LISTING   | Listing Dollar (Forcenxt) route https://www.myntra.com/dollar-missy page 45 -> https://www.myntra.com/gateway/v4/search/dollar-missy?rows=50&o=2200&plaEnabled=false&xdEnabled=false&isFacet=true&p=45 | run_id=run_20260929_110725_467584_2daea7 | brand=Dollar (Forcenxt) | page=45 | route=https://www.myntra.com/dollar-missy | seen=1557 | expected=2173
2026-09-29 11:44:32 | WARNING | LISTING   | Empty listing page for Dollar (Forcenxt) on page 45 before expected end; continuing. | run_id=run_20260929_110725_467584_2daea7 | brand=Dollar (Forcenxt) | page=45 | route=https://www.myntra.com/dollar-missy
2026-09-29 11:44:32 | INFO    | LISTING   | Listing Dollar (Forcenxt) route https://www.myntra.com/dollar-missy page 46 -> https://www.myntra.com/gateway/v4/search/dollar-missy?rows=50&o=2250&plaEnabled=false&xdEnabled=false&isFacet=true&p=46 | run_id=run_20260929_110725_467584_2daea7 | brand=Dollar (Forcenxt) | page=46 | route=https://www.myntra.com/dollar-missy | seen=1557 | expected=2173
2026-09-29 11:44:33 | WARNING | NETWORK   | JSON request failed for https://www.myntra.com/gateway/v4/search/dollar-missy?rows=50&o=2250&plaEnabled=false&xdEnabled=false&isFacet=true&p=46 on attempt 1/3: HTTP Error 400:  | run_id=run_20260929_110725_467584_2daea7 | route=https://www.myntra.com/gateway/v4/search/dollar-missy?rows=50&o=2250&plaEnabled=false&xdEnabled=false&isFacet=true&p=46 | attempt=1/3
2026-09-29 11:44:36 | WARNING | NETWORK   | JSON request failed for https://www.myntra.com/gateway/v4/search/dollar-missy?rows=50&o=2250&plaEnabled=false&xdEnabled=false&isFacet=true&p=46 on attempt 2/3: HTTP Error 400:  | run_id=run_20260929_110725_467584_2daea7 | route=https://www.myntra.com/gateway/v4/search/dollar-missy?rows=50&o=2250&plaEnabled=false&xdEnabled=false&isFacet=true&p=46 | attempt=2/3
2026-09-29 11:44:38 | WARNING | NETWORK   | JSON request failed for https://www.myntra.com/gateway/v4/search/dollar-missy?rows=50&o=2250&plaEnabled=false&xdEnabled=false&isFacet=true&p=46 on attempt 3/3: HTTP Error 400:  | run_id=run_20260929_110725_467584_2daea7 | route=https://www.myntra.com/gateway/v4/search/dollar-missy?rows=50&o=2250&plaEnabled=false&xdEnabled=false&isFacet=true&p=46 | attempt=3/3
2026-09-29 11:44:39 | WARNING | NETWORK   | JSON request failed for https://www.myntra.com/gateway/v4/search/dollar-missy?rows=50&o=2249&plaEnabled=false&xdEnabled=false&isFacet=true&p=46 on attempt 1/3: HTTP Error 400:  | run_id=run_20260929_110725_467584_2daea7 | route=https://www.myntra.com/gateway/v4/search/dollar-missy?rows=50&o=2249&plaEnabled=false&xdEnabled=false&isFacet=true&p=46 | attempt=1/3
2026-09-29 11:44:41 | WARNING | NETWORK   | JSON request failed for https://www.myntra.com/gateway/v4/search/dollar-missy?rows=50&o=2249&plaEnabled=false&xdEnabled=false&isFacet=true&p=46 on attempt 2/3: HTTP Error 400:  | run_id=run_20260929_110725_467584_2daea7 | route=https://www.myntra.com/gateway/v4/search/dollar-missy?rows=50&o=2249&plaEnabled=false&xdEnabled=false&isFacet=true&p=46 | attempt=2/3
2026-09-29 11:44:44 | WARNING | NETWORK   | JSON request failed for https://www.myntra.com/gateway/v4/search/dollar-missy?rows=50&o=2249&plaEnabled=false&xdEnabled=false&isFacet=true&p=46 on attempt 3/3: HTTP Error 400:  | run_id=run_20260929_110725_467584_2daea7 | route=https://www.myntra.com/gateway/v4/search/dollar-missy?rows=50&o=2249&plaEnabled=false&xdEnabled=false&isFacet=true&p=46 | attempt=3/3
2026-09-29 11:44:44 | WARNING | LISTING   | Route fetch failed for https://www.myntra.com/dollar-missy page 46 (Failed to fetch JSON payload from https://www.myntra.com/gateway/v4/search/dollar-missy?rows=50&o=2249&plaEnabled=false&xdEnabled=false&isFacet=true&p=46: HTTP Error 400: ). Will retry with another pass or fallback route. | run_id=run_20260929_110725_467584_2daea7 | brand=Dollar (Forcenxt) | page=46 | route=https://www.myntra.com/dollar-missy
2026-09-29 11:44:44 | WARNING | LISTING   | Retrying route https://www.myntra.com/dollar-missy for Dollar (Forcenxt) (pass 1/2) after incomplete coverage: 1557/2173 unique products seen. | run_id=run_20260929_110725_467584_2daea7 | brand=Dollar (Forcenxt) | route=https://www.myntra.com/dollar-missy | seen=1557 | expected=2173 | attempt=1/2
2026-09-29 11:44:44 | INFO    | LISTING   | Listing Dollar (Forcenxt) route https://www.myntra.com/dollar-missy page 1 -> https://www.myntra.com/gateway/v4/search/dollar-missy?rows=50&o=0&plaEnabled=false&xdEnabled=false&isFacet=true&p=1 | run_id=run_20260929_110725_467584_2daea7 | brand=Dollar (Forcenxt) | page=1 | route=https://www.myntra.com/dollar-missy | seen=1557 | expected=2173
2026-09-29 11:44:45 | INFO    | LISTING   | Listing Dollar (Forcenxt) route https://www.myntra.com/dollar-missy page 2 -> https://www.myntra.com/gateway/v4/search/dollar-missy?rows=50&o=50&plaEnabled=false&xdEnabled=false&isFacet=true&p=2 | run_id=run_20260929_110725_467584_2daea7 | brand=Dollar (Forcenxt) | page=2 | route=https://www.myntra.com/dollar-missy | seen=1557 | expected=2173
2026-09-29 11:44:46 | INFO    | LISTING   | Listing Dollar (Forcenxt) route https://www.myntra.com/dollar-missy page 3 -> https://www.myntra.com/gateway/v4/search/dollar-missy?rows=50&o=100&plaEnabled=false&xdEnabled=false&isFacet=true&p=3 | run_id=run_20260929_110725_467584_2daea7 | brand=Dollar (Forcenxt) | page=3 | route=https://www.myntra.com/dollar-missy | seen=1557 | expected=2173
2026-09-29 11:44:46 | WARNING | LISTING   | Route https://www.myntra.com/dollar-missy for Dollar (Forcenxt) stalled for 3 consecutive pages before reaching expected total; restarting route pass. | run_id=run_20260929_110725_467584_2daea7 | brand=Dollar (Forcenxt) | page=3 | route=https://www.myntra.com/dollar-missy | seen=1557 | expected=2173
2026-09-29 11:44:46 | WARNING | LISTING   | Retrying route https://www.myntra.com/dollar-missy for Dollar (Forcenxt) (pass 2/2) after incomplete coverage: 1557/2173 unique products seen. | run_id=run_20260929_110725_467584_2daea7 | brand=Dollar (Forcenxt) | route=https://www.myntra.com/dollar-missy | seen=1557 | expected=2173 | attempt=2/2
2026-09-29 11:44:46 | INFO    | LISTING   | Listing Dollar (Forcenxt) route https://www.myntra.com/dollar-missy page 1 -> https://www.myntra.com/gateway/v4/search/dollar-missy?rows=50&o=0&plaEnabled=false&xdEnabled=false&isFacet=true&p=1 | run_id=run_20260929_110725_467584_2daea7 | brand=Dollar (Forcenxt) | page=1 | route=https://www.myntra.com/dollar-missy | seen=1557 | expected=2173
2026-09-29 11:44:48 | INFO    | LISTING   | Listing Dollar (Forcenxt) route https://www.myntra.com/dollar-missy page 2 -> https://www.myntra.com/gateway/v4/search/dollar-missy?rows=50&o=50&plaEnabled=false&xdEnabled=false&isFacet=true&p=2 | run_id=run_20260929_110725_467584_2daea7 | brand=Dollar (Forcenxt) | page=2 | route=https://www.myntra.com/dollar-missy | seen=1557 | expected=2173
2026-09-29 11:44:48 | INFO    | LISTING   | Listing Dollar (Forcenxt) route https://www.myntra.com/dollar-missy page 3 -> https://www.myntra.com/gateway/v4/search/dollar-missy?rows=50&o=100&plaEnabled=false&xdEnabled=false&isFacet=true&p=3 | run_id=run_20260929_110725_467584_2daea7 | brand=Dollar (Forcenxt) | page=3 | route=https://www.myntra.com/dollar-missy | seen=1557 | expected=2173
2026-09-29 11:44:49 | WARNING | LISTING   | Route https://www.myntra.com/dollar-missy for Dollar (Forcenxt) stalled for 3 consecutive pages before reaching expected total; restarting route pass. | run_id=run_20260929_110725_467584_2daea7 | brand=Dollar (Forcenxt) | page=3 | route=https://www.myntra.com/dollar-missy | seen=1557 | expected=2173
2026-09-29 11:44:49 | INFO    | LISTING   | Listing Dollar (Forcenxt) route https://www.myntra.com/dollar-bigboss page 1 -> https://www.myntra.com/gateway/v4/search/dollar-bigboss?rows=50&o=0&plaEnabled=false&xdEnabled=false&isFacet=true&p=1 | run_id=run_20260929_110725_467584_2daea7 | brand=Dollar (Forcenxt) | page=1 | route=https://www.myntra.com/dollar-bigboss | seen=0 | expected=1288
2026-09-29 11:44:50 | INFO    | LISTING   | Listing Dollar (Forcenxt) route https://www.myntra.com/dollar-bigboss page 2 -> https://www.myntra.com/gateway/v4/search/dollar-bigboss?rows=50&o=50&plaEnabled=false&xdEnabled=false&isFacet=true&p=2 | run_id=run_20260929_110725_467584_2daea7 | brand=Dollar (Forcenxt) | page=2 | route=https://www.myntra.com/dollar-bigboss | seen=50 | expected=1288
2026-09-29 11:44:50 | INFO    | LISTING   | Listing Dollar (Forcenxt) route https://www.myntra.com/dollar-bigboss page 3 -> https://www.myntra.com/gateway/v4/search/dollar-bigboss?rows=50&o=100&plaEnabled=false&xdEnabled=false&isFacet=true&p=3 | run_id=run_20260929_110725_467584_2daea7 | brand=Dollar (Forcenxt) | page=3 | route=https://www.myntra.com/dollar-bigboss | seen=99 | expected=1288
2026-09-29 11:44:51 | INFO    | LISTING   | Listing Dollar (Forcenxt) route https://www.myntra.com/dollar-bigboss page 4 -> https://www.myntra.com/gateway/v4/search/dollar-bigboss?rows=50&o=150&plaEnabled=false&xdEnabled=false&isFacet=true&p=4 | run_id=run_20260929_110725_467584_2daea7 | brand=Dollar (Forcenxt) | page=4 | route=https://www.myntra.com/dollar-bigboss | seen=149 | expected=1288
2026-09-29 11:44:52 | INFO    | LISTING   | Listing Dollar (Forcenxt) route https://www.myntra.com/dollar-bigboss page 5 -> https://www.myntra.com/gateway/v4/search/dollar-bigboss?rows=50&o=200&plaEnabled=false&xdEnabled=false&isFacet=true&p=5 | run_id=run_20260929_110725_467584_2daea7 | brand=Dollar (Forcenxt) | page=5 | route=https://www.myntra.com/dollar-bigboss | seen=199 | expected=1288
2026-09-29 11:44:52 | INFO    | LISTING   | Listing Dollar (Forcenxt) route https://www.myntra.com/dollar-bigboss page 6 -> https://www.myntra.com/gateway/v4/search/dollar-bigboss?rows=50&o=250&plaEnabled=false&xdEnabled=false&isFacet=true&p=6 | run_id=run_20260929_110725_467584_2daea7 | brand=Dollar (Forcenxt) | page=6 | route=https://www.myntra.com/dollar-bigboss | seen=249 | expected=1288
2026-09-29 11:44:53 | INFO    | LISTING   | Listing Dollar (Forcenxt) route https://www.myntra.com/dollar-bigboss page 7 -> https://www.myntra.com/gateway/v4/search/dollar-bigboss?rows=50&o=300&plaEnabled=false&xdEnabled=false&isFacet=true&p=7 | run_id=run_20260929_110725_467584_2daea7 | brand=Dollar (Forcenxt) | page=7 | route=https://www.myntra.com/dollar-bigboss | seen=298 | expected=1288
2026-09-29 11:44:53 | INFO    | LISTING   | Listing Dollar (Forcenxt) route https://www.myntra.com/dollar-bigboss page 8 -> https://www.myntra.com/gateway/v4/search/dollar-bigboss?rows=50&o=350&plaEnabled=false&xdEnabled=false&isFacet=true&p=8 | run_id=run_20260929_110725_467584_2daea7 | brand=Dollar (Forcenxt) | page=8 | route=https://www.myntra.com/dollar-bigboss | seen=348 | expected=1288
2026-09-29 11:44:54 | INFO    | LISTING   | Listing Dollar (Forcenxt) route https://www.myntra.com/dollar-bigboss page 9 -> https://www.myntra.com/gateway/v4/search/dollar-bigboss?rows=50&o=400&plaEnabled=false&xdEnabled=false&isFacet=true&p=9 | run_id=run_20260929_110725_467584_2daea7 | brand=Dollar (Forcenxt) | page=9 | route=https://www.myntra.com/dollar-bigboss | seen=398 | expected=1288
2026-09-29 11:44:54 | INFO    | LISTING   | Listing Dollar (Forcenxt) route https://www.myntra.com/dollar-bigboss page 10 -> https://www.myntra.com/gateway/v4/search/dollar-bigboss?rows=50&o=450&plaEnabled=false&xdEnabled=false&isFacet=true&p=10 | run_id=run_20260929_110725_467584_2daea7 | brand=Dollar (Forcenxt) | page=10 | route=https://www.myntra.com/dollar-bigboss | seen=448 | expected=1288
2026-09-29 11:44:55 | INFO    | LISTING   | Listing Dollar (Forcenxt) route https://www.myntra.com/dollar-bigboss page 11 -> https://www.myntra.com/gateway/v4/search/dollar-bigboss?rows=50&o=500&plaEnabled=false&xdEnabled=false&isFacet=true&p=11 | run_id=run_20260929_110725_467584_2daea7 | brand=Dollar (Forcenxt) | page=11 | route=https://www.myntra.com/dollar-bigboss | seen=497 | expected=1288
2026-09-29 11:44:55 | INFO    | LISTING   | Listing Dollar (Forcenxt) route https://www.myntra.com/dollar-bigboss page 12 -> https://www.myntra.com/gateway/v4/search/dollar-bigboss?rows=50&o=550&plaEnabled=false&xdEnabled=false&isFacet=true&p=12 | run_id=run_20260929_110725_467584_2daea7 | brand=Dollar (Forcenxt) | page=12 | route=https://www.myntra.com/dollar-bigboss | seen=547 | expected=1288
2026-09-29 11:44:56 | INFO    | LISTING   | Listing Dollar (Forcenxt) route https://www.myntra.com/dollar-bigboss page 13 -> https://www.myntra.com/gateway/v4/search/dollar-bigboss?rows=50&o=600&plaEnabled=false&xdEnabled=false&isFacet=true&p=13 | run_id=run_20260929_110725_467584_2daea7 | brand=Dollar (Forcenxt) | page=13 | route=https://www.myntra.com/dollar-bigboss | seen=597 | expected=1288
2026-09-29 11:44:56 | INFO    | LISTING   | Listing Dollar (Forcenxt) route https://www.myntra.com/dollar-bigboss page 14 -> https://www.myntra.com/gateway/v4/search/dollar-bigboss?rows=50&o=650&plaEnabled=false&xdEnabled=false&isFacet=true&p=14 | run_id=run_20260929_110725_467584_2daea7 | brand=Dollar (Forcenxt) | page=14 | route=https://www.myntra.com/dollar-bigboss | seen=647 | expected=1288
2026-09-29 11:44:57 | INFO    | LISTING   | Listing Dollar (Forcenxt) route https://www.myntra.com/dollar-bigboss page 15 -> https://www.myntra.com/gateway/v4/search/dollar-bigboss?rows=50&o=700&plaEnabled=false&xdEnabled=false&isFacet=true&p=15 | run_id=run_20260929_110725_467584_2daea7 | brand=Dollar (Forcenxt) | page=15 | route=https://www.myntra.com/dollar-bigboss | seen=697 | expected=1288
2026-09-29 11:44:58 | INFO    | LISTING   | Listing Dollar (Forcenxt) route https://www.myntra.com/dollar-bigboss page 16 -> https://www.myntra.com/gateway/v4/search/dollar-bigboss?rows=50&o=750&plaEnabled=false&xdEnabled=false&isFacet=true&p=16 | run_id=run_20260929_110725_467584_2daea7 | brand=Dollar (Forcenxt) | page=16 | route=https://www.myntra.com/dollar-bigboss | seen=747 | expected=1288
2026-09-29 11:44:58 | INFO    | LISTING   | Listing Dollar (Forcenxt) route https://www.myntra.com/dollar-bigboss page 17 -> https://www.myntra.com/gateway/v4/search/dollar-bigboss?rows=50&o=800&plaEnabled=false&xdEnabled=false&isFacet=true&p=17 | run_id=run_20260929_110725_467584_2daea7 | brand=Dollar (Forcenxt) | page=17 | route=https://www.myntra.com/dollar-bigboss | seen=797 | expected=1288
2026-09-29 11:44:59 | INFO    | LISTING   | Listing Dollar (Forcenxt) route https://www.myntra.com/dollar-bigboss page 18 -> https://www.myntra.com/gateway/v4/search/dollar-bigboss?rows=50&o=850&plaEnabled=false&xdEnabled=false&isFacet=true&p=18 | run_id=run_20260929_110725_467584_2daea7 | brand=Dollar (Forcenxt) | page=18 | route=https://www.myntra.com/dollar-bigboss | seen=847 | expected=1288
2026-09-29 11:44:59 | INFO    | LISTING   | Listing Dollar (Forcenxt) route https://www.myntra.com/dollar-bigboss page 19 -> https://www.myntra.com/gateway/v4/search/dollar-bigboss?rows=50&o=900&plaEnabled=false&xdEnabled=false&isFacet=true&p=19 | run_id=run_20260929_110725_467584_2daea7 | brand=Dollar (Forcenxt) | page=19 | route=https://www.myntra.com/dollar-bigboss | seen=897 | expected=1288
2026-09-29 11:45:00 | INFO    | LISTING   | Listing Dollar (Forcenxt) route https://www.myntra.com/dollar-bigboss page 20 -> https://www.myntra.com/gateway/v4/search/dollar-bigboss?rows=50&o=950&plaEnabled=false&xdEnabled=false&isFacet=true&p=20 | run_id=run_20260929_110725_467584_2daea7 | brand=Dollar (Forcenxt) | page=20 | route=https://www.myntra.com/dollar-bigboss | seen=947 | expected=1288
2026-09-29 11:45:00 | INFO    | LISTING   | Listing Dollar (Forcenxt) route https://www.myntra.com/dollar-bigboss page 21 -> https://www.myntra.com/gateway/v4/search/dollar-bigboss?rows=50&o=1000&plaEnabled=false&xdEnabled=false&isFacet=true&p=21 | run_id=run_20260929_110725_467584_2daea7 | brand=Dollar (Forcenxt) | page=21 | route=https://www.myntra.com/dollar-bigboss | seen=997 | expected=1288
2026-09-29 11:45:01 | INFO    | LISTING   | Listing Dollar (Forcenxt) route https://www.myntra.com/dollar-bigboss page 22 -> https://www.myntra.com/gateway/v4/search/dollar-bigboss?rows=50&o=1050&plaEnabled=false&xdEnabled=false&isFacet=true&p=22 | run_id=run_20260929_110725_467584_2daea7 | brand=Dollar (Forcenxt) | page=22 | route=https://www.myntra.com/dollar-bigboss | seen=1047 | expected=1288
2026-09-29 11:45:01 | INFO    | LISTING   | Listing Dollar (Forcenxt) route https://www.myntra.com/dollar-bigboss page 23 -> https://www.myntra.com/gateway/v4/search/dollar-bigboss?rows=50&o=1100&plaEnabled=false&xdEnabled=false&isFacet=true&p=23 | run_id=run_20260929_110725_467584_2daea7 | brand=Dollar (Forcenxt) | page=23 | route=https://www.myntra.com/dollar-bigboss | seen=1097 | expected=1288
2026-09-29 11:45:02 | INFO    | LISTING   | Listing Dollar (Forcenxt) route https://www.myntra.com/dollar-bigboss page 24 -> https://www.myntra.com/gateway/v4/search/dollar-bigboss?rows=50&o=1150&plaEnabled=false&xdEnabled=false&isFacet=true&p=24 | run_id=run_20260929_110725_467584_2daea7 | brand=Dollar (Forcenxt) | page=24 | route=https://www.myntra.com/dollar-bigboss | seen=1147 | expected=1288
2026-09-29 11:45:02 | INFO    | LISTING   | Listing Dollar (Forcenxt) route https://www.myntra.com/dollar-bigboss page 25 -> https://www.myntra.com/gateway/v4/search/dollar-bigboss?rows=50&o=1200&plaEnabled=false&xdEnabled=false&isFacet=true&p=25 | run_id=run_20260929_110725_467584_2daea7 | brand=Dollar (Forcenxt) | page=25 | route=https://www.myntra.com/dollar-bigboss | seen=1197 | expected=1288
2026-09-29 11:45:03 | INFO    | LISTING   | Listing Dollar (Forcenxt) route https://www.myntra.com/dollar-bigboss page 26 -> https://www.myntra.com/gateway/v4/search/dollar-bigboss?rows=50&o=1250&plaEnabled=false&xdEnabled=false&isFacet=true&p=26 | run_id=run_20260929_110725_467584_2daea7 | brand=Dollar (Forcenxt) | page=26 | route=https://www.myntra.com/dollar-bigboss | seen=1247 | expected=1288
2026-09-29 11:45:03 | INFO    | LISTING   | Listing Dollar (Forcenxt) route https://www.myntra.com/dollar-bigboss page 27 -> https://www.myntra.com/gateway/v4/search/dollar-bigboss?rows=50&o=1300&plaEnabled=false&xdEnabled=false&isFacet=true&p=27 | run_id=run_20260929_110725_467584_2daea7 | brand=Dollar (Forcenxt) | page=27 | route=https://www.myntra.com/dollar-bigboss | seen=1288 | expected=1288
2026-09-29 11:45:04 | WARNING | LISTING   | Empty listing page for Dollar (Forcenxt) on page 27 before expected end; continuing. | run_id=run_20260929_110725_467584_2daea7 | brand=Dollar (Forcenxt) | page=27 | route=https://www.myntra.com/dollar-bigboss
2026-09-29 11:45:04 | INFO    | LISTING   | Listing Dollar (Forcenxt) route https://www.myntra.com/dollar-bigboss page 28 -> https://www.myntra.com/gateway/v4/search/dollar-bigboss?rows=50&o=1350&plaEnabled=false&xdEnabled=false&isFacet=true&p=28 | run_id=run_20260929_110725_467584_2daea7 | brand=Dollar (Forcenxt) | page=28 | route=https://www.myntra.com/dollar-bigboss | seen=1288 | expected=1288
2026-09-29 11:45:04 | WARNING | NETWORK   | JSON request failed for https://www.myntra.com/gateway/v4/search/dollar-bigboss?rows=50&o=1350&plaEnabled=false&xdEnabled=false&isFacet=true&p=28 on attempt 1/3: HTTP Error 400:  | run_id=run_20260929_110725_467584_2daea7 | route=https://www.myntra.com/gateway/v4/search/dollar-bigboss?rows=50&o=1350&plaEnabled=false&xdEnabled=false&isFacet=true&p=28 | attempt=1/3
2026-09-29 11:45:06 | WARNING | NETWORK   | JSON request failed for https://www.myntra.com/gateway/v4/search/dollar-bigboss?rows=50&o=1350&plaEnabled=false&xdEnabled=false&isFacet=true&p=28 on attempt 2/3: HTTP Error 400:  | run_id=run_20260929_110725_467584_2daea7 | route=https://www.myntra.com/gateway/v4/search/dollar-bigboss?rows=50&o=1350&plaEnabled=false&xdEnabled=false&isFacet=true&p=28 | attempt=2/3
2026-09-29 11:45:08 | WARNING | NETWORK   | JSON request failed for https://www.myntra.com/gateway/v4/search/dollar-bigboss?rows=50&o=1350&plaEnabled=false&xdEnabled=false&isFacet=true&p=28 on attempt 3/3: HTTP Error 400:  | run_id=run_20260929_110725_467584_2daea7 | route=https://www.myntra.com/gateway/v4/search/dollar-bigboss?rows=50&o=1350&plaEnabled=false&xdEnabled=false&isFacet=true&p=28 | attempt=3/3
2026-09-29 11:45:09 | WARNING | NETWORK   | JSON request failed for https://www.myntra.com/gateway/v4/search/dollar-bigboss?rows=50&o=1349&plaEnabled=false&xdEnabled=false&isFacet=true&p=28 on attempt 1/3: HTTP Error 400:  | run_id=run_20260929_110725_467584_2daea7 | route=https://www.myntra.com/gateway/v4/search/dollar-bigboss?rows=50&o=1349&plaEnabled=false&xdEnabled=false&isFacet=true&p=28 | attempt=1/3
2026-09-29 11:45:10 | WARNING | NETWORK   | JSON request failed for https://www.myntra.com/gateway/v4/search/dollar-bigboss?rows=50&o=1349&plaEnabled=false&xdEnabled=false&isFacet=true&p=28 on attempt 2/3: HTTP Error 400:  | run_id=run_20260929_110725_467584_2daea7 | route=https://www.myntra.com/gateway/v4/search/dollar-bigboss?rows=50&o=1349&plaEnabled=false&xdEnabled=false&isFacet=true&p=28 | attempt=2/3
2026-09-29 11:45:13 | WARNING | NETWORK   | JSON request failed for https://www.myntra.com/gateway/v4/search/dollar-bigboss?rows=50&o=1349&plaEnabled=false&xdEnabled=false&isFacet=true&p=28 on attempt 3/3: HTTP Error 400:  | run_id=run_20260929_110725_467584_2daea7 | route=https://www.myntra.com/gateway/v4/search/dollar-bigboss?rows=50&o=1349&plaEnabled=false&xdEnabled=false&isFacet=true&p=28 | attempt=3/3
2026-09-29 11:45:13 | WARNING | LISTING   | Route fetch failed for https://www.myntra.com/dollar-bigboss page 28 (Failed to fetch JSON payload from https://www.myntra.com/gateway/v4/search/dollar-bigboss?rows=50&o=1349&plaEnabled=false&xdEnabled=false&isFacet=true&p=28: HTTP Error 400: ). Will retry with another pass or fallback route. | run_id=run_20260929_110725_467584_2daea7 | brand=Dollar (Forcenxt) | page=28 | route=https://www.myntra.com/dollar-bigboss
2026-09-29 11:45:13 | INFO    | LISTING   | Listing Dollar (Forcenxt) route https://www.myntra.com/tshirts?f=Brand%3ADollar page 1 -> https://www.myntra.com/gateway/v4/search/tshirts?f=Brand%3ADollar&rows=50&o=0&plaEnabled=false&xdEnabled=false&isFacet=true&p=1 | run_id=run_20260929_110725_467584_2daea7 | brand=Dollar (Forcenxt) | page=1 | route=https://www.myntra.com/tshirts?f=Brand%3ADollar | seen=0 | expected=1202
2026-09-29 11:45:15 | INFO    | LISTING   | Listing Dollar (Forcenxt) route https://www.myntra.com/tshirts?f=Brand%3ADollar page 2 -> https://www.myntra.com/gateway/v4/search/tshirts?f=Brand%3ADollar&rows=50&o=50&plaEnabled=false&xdEnabled=false&isFacet=true&p=2 | run_id=run_20260929_110725_467584_2daea7 | brand=Dollar (Forcenxt) | page=2 | route=https://www.myntra.com/tshirts?f=Brand%3ADollar | seen=48 | expected=1202
2026-09-29 11:45:16 | INFO    | LISTING   | Listing Dollar (Forcenxt) route https://www.myntra.com/tshirts?f=Brand%3ADollar page 3 -> https://www.myntra.com/gateway/v4/search/tshirts?f=Brand%3ADollar&rows=50&o=100&plaEnabled=false&xdEnabled=false&isFacet=true&p=3 | run_id=run_20260929_110725_467584_2daea7 | brand=Dollar (Forcenxt) | page=3 | route=https://www.myntra.com/tshirts?f=Brand%3ADollar | seen=85 | expected=1202
2026-09-29 11:45:16 | INFO    | LISTING   | Listing Dollar (Forcenxt) route https://www.myntra.com/tshirts?f=Brand%3ADollar page 4 -> https://www.myntra.com/gateway/v4/search/tshirts?f=Brand%3ADollar&rows=50&o=150&plaEnabled=false&xdEnabled=false&isFacet=true&p=4 | run_id=run_20260929_110725_467584_2daea7 | brand=Dollar (Forcenxt) | page=4 | route=https://www.myntra.com/tshirts?f=Brand%3ADollar | seen=126 | expected=1202
2026-09-29 11:45:17 | INFO    | LISTING   | Listing Dollar (Forcenxt) route https://www.myntra.com/tshirts?f=Brand%3ADollar page 5 -> https://www.myntra.com/gateway/v4/search/tshirts?f=Brand%3ADollar&rows=50&o=200&plaEnabled=false&xdEnabled=false&isFacet=true&p=5 | run_id=run_20260929_110725_467584_2daea7 | brand=Dollar (Forcenxt) | page=5 | route=https://www.myntra.com/tshirts?f=Brand%3ADollar | seen=169 | expected=1202
2026-09-29 11:45:18 | INFO    | LISTING   | Listing Dollar (Forcenxt) route https://www.myntra.com/tshirts?f=Brand%3ADollar page 6 -> https://www.myntra.com/gateway/v4/search/tshirts?f=Brand%3ADollar&rows=50&o=250&plaEnabled=false&xdEnabled=false&isFacet=true&p=6 | run_id=run_20260929_110725_467584_2daea7 | brand=Dollar (Forcenxt) | page=6 | route=https://www.myntra.com/tshirts?f=Brand%3ADollar | seen=207 | expected=1202
2026-09-29 11:45:18 | INFO    | LISTING   | Listing Dollar (Forcenxt) route https://www.myntra.com/tshirts?f=Brand%3ADollar page 7 -> https://www.myntra.com/gateway/v4/search/tshirts?f=Brand%3ADollar&rows=50&o=300&plaEnabled=false&xdEnabled=false&isFacet=true&p=7 | run_id=run_20260929_110725_467584_2daea7 | brand=Dollar (Forcenxt) | page=7 | route=https://www.myntra.com/tshirts?f=Brand%3ADollar | seen=240 | expected=1202
2026-09-29 11:45:19 | INFO    | LISTING   | Listing Dollar (Forcenxt) route https://www.myntra.com/tshirts?f=Brand%3ADollar page 8 -> https://www.myntra.com/gateway/v4/search/tshirts?f=Brand%3ADollar&rows=50&o=350&plaEnabled=false&xdEnabled=false&isFacet=true&p=8 | run_id=run_20260929_110725_467584_2daea7 | brand=Dollar (Forcenxt) | page=8 | route=https://www.myntra.com/tshirts?f=Brand%3ADollar | seen=276 | expected=1202
2026-09-29 11:45:20 | INFO    | LISTING   | Listing Dollar (Forcenxt) route https://www.myntra.com/tshirts?f=Brand%3ADollar page 9 -> https://www.myntra.com/gateway/v4/search/tshirts?f=Brand%3ADollar&rows=50&o=400&plaEnabled=false&xdEnabled=false&isFacet=true&p=9 | run_id=run_20260929_110725_467584_2daea7 | brand=Dollar (Forcenxt) | page=9 | route=https://www.myntra.com/tshirts?f=Brand%3ADollar | seen=321 | expected=1202
2026-09-29 11:45:20 | INFO    | LISTING   | Listing Dollar (Forcenxt) route https://www.myntra.com/tshirts?f=Brand%3ADollar page 10 -> https://www.myntra.com/gateway/v4/search/tshirts?f=Brand%3ADollar&rows=50&o=450&plaEnabled=false&xdEnabled=false&isFacet=true&p=10 | run_id=run_20260929_110725_467584_2daea7 | brand=Dollar (Forcenxt) | page=10 | route=https://www.myntra.com/tshirts?f=Brand%3ADollar | seen=371 | expected=1202
2026-09-29 11:45:21 | INFO    | LISTING   | Listing Dollar (Forcenxt) route https://www.myntra.com/tshirts?f=Brand%3ADollar page 11 -> https://www.myntra.com/gateway/v4/search/tshirts?f=Brand%3ADollar&rows=50&o=500&plaEnabled=false&xdEnabled=false&isFacet=true&p=11 | run_id=run_20260929_110725_467584_2daea7 | brand=Dollar (Forcenxt) | page=11 | route=https://www.myntra.com/tshirts?f=Brand%3ADollar | seen=421 | expected=1202
2026-09-29 11:45:22 | INFO    | LISTING   | Listing Dollar (Forcenxt) route https://www.myntra.com/tshirts?f=Brand%3ADollar page 12 -> https://www.myntra.com/gateway/v4/search/tshirts?f=Brand%3ADollar&rows=50&o=550&plaEnabled=false&xdEnabled=false&isFacet=true&p=12 | run_id=run_20260929_110725_467584_2daea7 | brand=Dollar (Forcenxt) | page=12 | route=https://www.myntra.com/tshirts?f=Brand%3ADollar | seen=471 | expected=1202
2026-09-29 11:45:22 | INFO    | LISTING   | Listing Dollar (Forcenxt) route https://www.myntra.com/tshirts?f=Brand%3ADollar page 13 -> https://www.myntra.com/gateway/v4/search/tshirts?f=Brand%3ADollar&rows=50&o=600&plaEnabled=false&xdEnabled=false&isFacet=true&p=13 | run_id=run_20260929_110725_467584_2daea7 | brand=Dollar (Forcenxt) | page=13 | route=https://www.myntra.com/tshirts?f=Brand%3ADollar | seen=521 | expected=1202
2026-09-29 11:45:23 | INFO    | LISTING   | Listing Dollar (Forcenxt) route https://www.myntra.com/tshirts?f=Brand%3ADollar page 14 -> https://www.myntra.com/gateway/v4/search/tshirts?f=Brand%3ADollar&rows=50&o=650&plaEnabled=false&xdEnabled=false&isFacet=true&p=14 | run_id=run_20260929_110725_467584_2daea7 | brand=Dollar (Forcenxt) | page=14 | route=https://www.myntra.com/tshirts?f=Brand%3ADollar | seen=571 | expected=1202
2026-09-29 11:45:24 | INFO    | LISTING   | Listing Dollar (Forcenxt) route https://www.myntra.com/tshirts?f=Brand%3ADollar page 15 -> https://www.myntra.com/gateway/v4/search/tshirts?f=Brand%3ADollar&rows=50&o=700&plaEnabled=false&xdEnabled=false&isFacet=true&p=15 | run_id=run_20260929_110725_467584_2daea7 | brand=Dollar (Forcenxt) | page=15 | route=https://www.myntra.com/tshirts?f=Brand%3ADollar | seen=621 | expected=1202
2026-09-29 11:45:24 | INFO    | LISTING   | Listing Dollar (Forcenxt) route https://www.myntra.com/tshirts?f=Brand%3ADollar page 16 -> https://www.myntra.com/gateway/v4/search/tshirts?f=Brand%3ADollar&rows=50&o=750&plaEnabled=false&xdEnabled=false&isFacet=true&p=16 | run_id=run_20260929_110725_467584_2daea7 | brand=Dollar (Forcenxt) | page=16 | route=https://www.myntra.com/tshirts?f=Brand%3ADollar | seen=663 | expected=1202
2026-09-29 11:45:25 | INFO    | LISTING   | Listing Dollar (Forcenxt) route https://www.myntra.com/tshirts?f=Brand%3ADollar page 17 -> https://www.myntra.com/gateway/v4/search/tshirts?f=Brand%3ADollar&rows=50&o=800&plaEnabled=false&xdEnabled=false&isFacet=true&p=17 | run_id=run_20260929_110725_467584_2daea7 | brand=Dollar (Forcenxt) | page=17 | route=https://www.myntra.com/tshirts?f=Brand%3ADollar | seen=711 | expected=1202
2026-09-29 11:45:26 | INFO    | LISTING   | Listing Dollar (Forcenxt) route https://www.myntra.com/tshirts?f=Brand%3ADollar page 18 -> https://www.myntra.com/gateway/v4/search/tshirts?f=Brand%3ADollar&rows=50&o=850&plaEnabled=false&xdEnabled=false&isFacet=true&p=18 | run_id=run_20260929_110725_467584_2daea7 | brand=Dollar (Forcenxt) | page=18 | route=https://www.myntra.com/tshirts?f=Brand%3ADollar | seen=754 | expected=1202
2026-09-29 11:45:26 | INFO    | LISTING   | Listing Dollar (Forcenxt) route https://www.myntra.com/tshirts?f=Brand%3ADollar page 19 -> https://www.myntra.com/gateway/v4/search/tshirts?f=Brand%3ADollar&rows=50&o=900&plaEnabled=false&xdEnabled=false&isFacet=true&p=19 | run_id=run_20260929_110725_467584_2daea7 | brand=Dollar (Forcenxt) | page=19 | route=https://www.myntra.com/tshirts?f=Brand%3ADollar | seen=778 | expected=1202
2026-09-29 11:45:27 | INFO    | LISTING   | Listing Dollar (Forcenxt) route https://www.myntra.com/tshirts?f=Brand%3ADollar page 20 -> https://www.myntra.com/gateway/v4/search/tshirts?f=Brand%3ADollar&rows=50&o=950&plaEnabled=false&xdEnabled=false&isFacet=true&p=20 | run_id=run_20260929_110725_467584_2daea7 | brand=Dollar (Forcenxt) | page=20 | route=https://www.myntra.com/tshirts?f=Brand%3ADollar | seen=822 | expected=1202
2026-09-29 11:45:28 | INFO    | LISTING   | Listing Dollar (Forcenxt) route https://www.myntra.com/tshirts?f=Brand%3ADollar page 21 -> https://www.myntra.com/gateway/v4/search/tshirts?f=Brand%3ADollar&rows=50&o=1000&plaEnabled=false&xdEnabled=false&isFacet=true&p=21 | run_id=run_20260929_110725_467584_2daea7 | brand=Dollar (Forcenxt) | page=21 | route=https://www.myntra.com/tshirts?f=Brand%3ADollar | seen=867 | expected=1202
2026-09-29 11:45:28 | INFO    | LISTING   | Listing Dollar (Forcenxt) route https://www.myntra.com/tshirts?f=Brand%3ADollar page 22 -> https://www.myntra.com/gateway/v4/search/tshirts?f=Brand%3ADollar&rows=50&o=1050&plaEnabled=false&xdEnabled=false&isFacet=true&p=22 | run_id=run_20260929_110725_467584_2daea7 | brand=Dollar (Forcenxt) | page=22 | route=https://www.myntra.com/tshirts?f=Brand%3ADollar | seen=899 | expected=1202
2026-09-29 11:45:29 | INFO    | LISTING   | Listing Dollar (Forcenxt) route https://www.myntra.com/tshirts?f=Brand%3ADollar page 23 -> https://www.myntra.com/gateway/v4/search/tshirts?f=Brand%3ADollar&rows=50&o=1100&plaEnabled=false&xdEnabled=false&isFacet=true&p=23 | run_id=run_20260929_110725_467584_2daea7 | brand=Dollar (Forcenxt) | page=23 | route=https://www.myntra.com/tshirts?f=Brand%3ADollar | seen=934 | expected=1202
2026-09-29 11:45:30 | INFO    | LISTING   | Listing Dollar (Forcenxt) route https://www.myntra.com/tshirts?f=Brand%3ADollar page 24 -> https://www.myntra.com/gateway/v4/search/tshirts?f=Brand%3ADollar&rows=50&o=1150&plaEnabled=false&xdEnabled=false&isFacet=true&p=24 | run_id=run_20260929_110725_467584_2daea7 | brand=Dollar (Forcenxt) | page=24 | route=https://www.myntra.com/tshirts?f=Brand%3ADollar | seen=973 | expected=1202
2026-09-29 11:45:30 | INFO    | LISTING   | Listing Dollar (Forcenxt) route https://www.myntra.com/tshirts?f=Brand%3ADollar page 25 -> https://www.myntra.com/gateway/v4/search/tshirts?f=Brand%3ADollar&rows=50&o=1200&plaEnabled=false&xdEnabled=false&isFacet=true&p=25 | run_id=run_20260929_110725_467584_2daea7 | brand=Dollar (Forcenxt) | page=25 | route=https://www.myntra.com/tshirts?f=Brand%3ADollar | seen=1006 | expected=1202
2026-09-29 11:45:31 | INFO    | LISTING   | Listing Dollar (Forcenxt) route https://www.myntra.com/tshirts?f=Brand%3ADollar page 26 -> https://www.myntra.com/gateway/v4/search/tshirts?f=Brand%3ADollar&rows=50&o=1250&plaEnabled=false&xdEnabled=false&isFacet=true&p=26 | run_id=run_20260929_110725_467584_2daea7 | brand=Dollar (Forcenxt) | page=26 | route=https://www.myntra.com/tshirts?f=Brand%3ADollar | seen=1007 | expected=1202
2026-09-29 11:45:31 | WARNING | LISTING   | Empty listing page for Dollar (Forcenxt) on page 26 before expected end; continuing. | run_id=run_20260929_110725_467584_2daea7 | brand=Dollar (Forcenxt) | page=26 | route=https://www.myntra.com/tshirts?f=Brand%3ADollar
2026-09-29 11:45:31 | INFO    | LISTING   | Listing Dollar (Forcenxt) route https://www.myntra.com/tshirts?f=Brand%3ADollar page 27 -> https://www.myntra.com/gateway/v4/search/tshirts?f=Brand%3ADollar&rows=50&o=1300&plaEnabled=false&xdEnabled=false&isFacet=true&p=27 | run_id=run_20260929_110725_467584_2daea7 | brand=Dollar (Forcenxt) | page=27 | route=https://www.myntra.com/tshirts?f=Brand%3ADollar | seen=1007 | expected=1202
2026-09-29 11:45:32 | WARNING | NETWORK   | JSON request failed for https://www.myntra.com/gateway/v4/search/tshirts?f=Brand%3ADollar&rows=50&o=1300&plaEnabled=false&xdEnabled=false&isFacet=true&p=27 on attempt 1/3: HTTP Error 400:  | run_id=run_20260929_110725_467584_2daea7 | route=https://www.myntra.com/gateway/v4/search/tshirts?f=Brand%3ADollar&rows=50&o=1300&plaEnabled=false&xdEnabled=false&isFacet=true&p=27 | attempt=1/3
2026-09-29 11:45:33 | WARNING | NETWORK   | JSON request failed for https://www.myntra.com/gateway/v4/search/tshirts?f=Brand%3ADollar&rows=50&o=1300&plaEnabled=false&xdEnabled=false&isFacet=true&p=27 on attempt 2/3: HTTP Error 400:  | run_id=run_20260929_110725_467584_2daea7 | route=https://www.myntra.com/gateway/v4/search/tshirts?f=Brand%3ADollar&rows=50&o=1300&plaEnabled=false&xdEnabled=false&isFacet=true&p=27 | attempt=2/3
2026-09-29 11:45:37 | WARNING | NETWORK   | JSON request failed for https://www.myntra.com/gateway/v4/search/tshirts?f=Brand%3ADollar&rows=50&o=1300&plaEnabled=false&xdEnabled=false&isFacet=true&p=27 on attempt 3/3: HTTP Error 400:  | run_id=run_20260929_110725_467584_2daea7 | route=https://www.myntra.com/gateway/v4/search/tshirts?f=Brand%3ADollar&rows=50&o=1300&plaEnabled=false&xdEnabled=false&isFacet=true&p=27 | attempt=3/3
2026-09-29 11:45:37 | WARNING | NETWORK   | JSON request failed for https://www.myntra.com/gateway/v4/search/tshirts?f=Brand%3ADollar&rows=50&o=1299&plaEnabled=false&xdEnabled=false&isFacet=true&p=27 on attempt 1/3: HTTP Error 400:  | run_id=run_20260929_110725_467584_2daea7 | route=https://www.myntra.com/gateway/v4/search/tshirts?f=Brand%3ADollar&rows=50&o=1299&plaEnabled=false&xdEnabled=false&isFacet=true&p=27 | attempt=1/3
2026-09-29 11:45:39 | WARNING | NETWORK   | JSON request failed for https://www.myntra.com/gateway/v4/search/tshirts?f=Brand%3ADollar&rows=50&o=1299&plaEnabled=false&xdEnabled=false&isFacet=true&p=27 on attempt 2/3: HTTP Error 400:  | run_id=run_20260929_110725_467584_2daea7 | route=https://www.myntra.com/gateway/v4/search/tshirts?f=Brand%3ADollar&rows=50&o=1299&plaEnabled=false&xdEnabled=false&isFacet=true&p=27 | attempt=2/3
2026-09-29 11:45:41 | WARNING | NETWORK   | JSON request failed for https://www.myntra.com/gateway/v4/search/tshirts?f=Brand%3ADollar&rows=50&o=1299&plaEnabled=false&xdEnabled=false&isFacet=true&p=27 on attempt 3/3: HTTP Error 400:  | run_id=run_20260929_110725_467584_2daea7 | route=https://www.myntra.com/gateway/v4/search/tshirts?f=Brand%3ADollar&rows=50&o=1299&plaEnabled=false&xdEnabled=false&isFacet=true&p=27 | attempt=3/3
2026-09-29 11:45:42 | WARNING | LISTING   | Route fetch failed for https://www.myntra.com/tshirts?f=Brand%3ADollar page 27 (Failed to fetch JSON payload from https://www.myntra.com/gateway/v4/search/tshirts?f=Brand%3ADollar&rows=50&o=1299&plaEnabled=false&xdEnabled=false&isFacet=true&p=27: HTTP Error 400: ). Will retry with another pass or fallback route. | run_id=run_20260929_110725_467584_2daea7 | brand=Dollar (Forcenxt) | page=27 | route=https://www.myntra.com/tshirts?f=Brand%3ADollar
2026-09-29 11:45:42 | WARNING | LISTING   | Retrying route https://www.myntra.com/tshirts?f=Brand%3ADollar for Dollar (Forcenxt) (pass 1/2) after incomplete coverage: 1007/1202 unique products seen. | run_id=run_20260929_110725_467584_2daea7 | brand=Dollar (Forcenxt) | route=https://www.myntra.com/tshirts?f=Brand%3ADollar | seen=1007 | expected=1202 | attempt=1/2
2026-09-29 11:45:42 | INFO    | LISTING   | Listing Dollar (Forcenxt) route https://www.myntra.com/tshirts?f=Brand%3ADollar page 1 -> https://www.myntra.com/gateway/v4/search/tshirts?f=Brand%3ADollar&rows=50&o=0&plaEnabled=false&xdEnabled=false&isFacet=true&p=1 | run_id=run_20260929_110725_467584_2daea7 | brand=Dollar (Forcenxt) | page=1 | route=https://www.myntra.com/tshirts?f=Brand%3ADollar | seen=1007 | expected=1202
2026-09-29 11:45:43 | INFO    | LISTING   | Listing Dollar (Forcenxt) route https://www.myntra.com/tshirts?f=Brand%3ADollar page 2 -> https://www.myntra.com/gateway/v4/search/tshirts?f=Brand%3ADollar&rows=50&o=50&plaEnabled=false&xdEnabled=false&isFacet=true&p=2 | run_id=run_20260929_110725_467584_2daea7 | brand=Dollar (Forcenxt) | page=2 | route=https://www.myntra.com/tshirts?f=Brand%3ADollar | seen=1007 | expected=1202
2026-09-29 11:45:44 | INFO    | LISTING   | Listing Dollar (Forcenxt) route https://www.myntra.com/tshirts?f=Brand%3ADollar page 3 -> https://www.myntra.com/gateway/v4/search/tshirts?f=Brand%3ADollar&rows=50&o=100&plaEnabled=false&xdEnabled=false&isFacet=true&p=3 | run_id=run_20260929_110725_467584_2daea7 | brand=Dollar (Forcenxt) | page=3 | route=https://www.myntra.com/tshirts?f=Brand%3ADollar | seen=1007 | expected=1202
2026-09-29 11:45:45 | WARNING | LISTING   | Route https://www.myntra.com/tshirts?f=Brand%3ADollar for Dollar (Forcenxt) stalled for 3 consecutive pages before reaching expected total; restarting route pass. | run_id=run_20260929_110725_467584_2daea7 | brand=Dollar (Forcenxt) | page=3 | route=https://www.myntra.com/tshirts?f=Brand%3ADollar | seen=1007 | expected=1202
2026-09-29 11:45:45 | WARNING | LISTING   | Retrying route https://www.myntra.com/tshirts?f=Brand%3ADollar for Dollar (Forcenxt) (pass 2/2) after incomplete coverage: 1007/1202 unique products seen. | run_id=run_20260929_110725_467584_2daea7 | brand=Dollar (Forcenxt) | route=https://www.myntra.com/tshirts?f=Brand%3ADollar | seen=1007 | expected=1202 | attempt=2/2
2026-09-29 11:45:45 | INFO    | LISTING   | Listing Dollar (Forcenxt) route https://www.myntra.com/tshirts?f=Brand%3ADollar page 1 -> https://www.myntra.com/gateway/v4/search/tshirts?f=Brand%3ADollar&rows=50&o=0&plaEnabled=false&xdEnabled=false&isFacet=true&p=1 | run_id=run_20260929_110725_467584_2daea7 | brand=Dollar (Forcenxt) | page=1 | route=https://www.myntra.com/tshirts?f=Brand%3ADollar | seen=1007 | expected=1202
2026-09-29 11:45:47 | INFO    | LISTING   | Listing Dollar (Forcenxt) route https://www.myntra.com/tshirts?f=Brand%3ADollar page 2 -> https://www.myntra.com/gateway/v4/search/tshirts?f=Brand%3ADollar&rows=50&o=50&plaEnabled=false&xdEnabled=false&isFacet=true&p=2 | run_id=run_20260929_110725_467584_2daea7 | brand=Dollar (Forcenxt) | page=2 | route=https://www.myntra.com/tshirts?f=Brand%3ADollar | seen=1007 | expected=1202
2026-09-29 11:45:47 | INFO    | LISTING   | Listing Dollar (Forcenxt) route https://www.myntra.com/tshirts?f=Brand%3ADollar page 3 -> https://www.myntra.com/gateway/v4/search/tshirts?f=Brand%3ADollar&rows=50&o=100&plaEnabled=false&xdEnabled=false&isFacet=true&p=3 | run_id=run_20260929_110725_467584_2daea7 | brand=Dollar (Forcenxt) | page=3 | route=https://www.myntra.com/tshirts?f=Brand%3ADollar | seen=1007 | expected=1202
2026-09-29 11:45:48 | WARNING | LISTING   | Route https://www.myntra.com/tshirts?f=Brand%3ADollar for Dollar (Forcenxt) stalled for 3 consecutive pages before reaching expected total; restarting route pass. | run_id=run_20260929_110725_467584_2daea7 | brand=Dollar (Forcenxt) | page=3 | route=https://www.myntra.com/tshirts?f=Brand%3ADollar | seen=1007 | expected=1202
2026-09-29 11:45:48 | INFO    | BRAND     | Skipping redundant route https://www.myntra.com/leggings?f=Brand%3ADollar%20Missy for Dollar (Forcenxt) (100% of first page already captured). | run_id=run_20260929_110725_467584_2daea7 | brand=Dollar (Forcenxt) | route=https://www.myntra.com/leggings?f=Brand%3ADollar%20Missy
2026-09-29 11:45:48 | INFO    | LISTING   | Listing Dollar (Forcenxt) route https://www.myntra.com/dollar?f=Brand%3ADollar%3A%3AGender%3Aboys page 1 -> https://www.myntra.com/gateway/v4/search/dollar?f=Brand%3ADollar%3A%3AGender%3Aboys&rows=50&o=0&plaEnabled=false&xdEnabled=false&isFacet=true&p=1 | run_id=run_20260929_110725_467584_2daea7 | brand=Dollar (Forcenxt) | page=1 | route=https://www.myntra.com/dollar?f=Brand%3ADollar%3A%3AGender%3Aboys | seen=0 | expected=728
2026-09-29 11:45:49 | INFO    | LISTING   | Listing Dollar (Forcenxt) route https://www.myntra.com/dollar?f=Brand%3ADollar%3A%3AGender%3Aboys page 2 -> https://www.myntra.com/gateway/v4/search/dollar?f=Brand%3ADollar%3A%3AGender%3Aboys&rows=50&o=50&plaEnabled=false&xdEnabled=false&isFacet=true&p=2 | run_id=run_20260929_110725_467584_2daea7 | brand=Dollar (Forcenxt) | page=2 | route=https://www.myntra.com/dollar?f=Brand%3ADollar%3A%3AGender%3Aboys | seen=35 | expected=728
2026-09-29 11:45:49 | INFO    | LISTING   | Listing Dollar (Forcenxt) route https://www.myntra.com/dollar?f=Brand%3ADollar%3A%3AGender%3Aboys page 3 -> https://www.myntra.com/gateway/v4/search/dollar?f=Brand%3ADollar%3A%3AGender%3Aboys&rows=50&o=100&plaEnabled=false&xdEnabled=false&isFacet=true&p=3 | run_id=run_20260929_110725_467584_2daea7 | brand=Dollar (Forcenxt) | page=3 | route=https://www.myntra.com/dollar?f=Brand%3ADollar%3A%3AGender%3Aboys | seen=66 | expected=728
2026-09-29 11:45:50 | INFO    | LISTING   | Listing Dollar (Forcenxt) route https://www.myntra.com/dollar?f=Brand%3ADollar%3A%3AGender%3Aboys page 4 -> https://www.myntra.com/gateway/v4/search/dollar?f=Brand%3ADollar%3A%3AGender%3Aboys&rows=50&o=150&plaEnabled=false&xdEnabled=false&isFacet=true&p=4 | run_id=run_20260929_110725_467584_2daea7 | brand=Dollar (Forcenxt) | page=4 | route=https://www.myntra.com/dollar?f=Brand%3ADollar%3A%3AGender%3Aboys | seen=105 | expected=728
2026-09-29 11:45:51 | INFO    | LISTING   | Listing Dollar (Forcenxt) route https://www.myntra.com/dollar?f=Brand%3ADollar%3A%3AGender%3Aboys page 5 -> https://www.myntra.com/gateway/v4/search/dollar?f=Brand%3ADollar%3A%3AGender%3Aboys&rows=50&o=200&plaEnabled=false&xdEnabled=false&isFacet=true&p=5 | run_id=run_20260929_110725_467584_2daea7 | brand=Dollar (Forcenxt) | page=5 | route=https://www.myntra.com/dollar?f=Brand%3ADollar%3A%3AGender%3Aboys | seen=144 | expected=728
2026-09-29 11:45:51 | INFO    | LISTING   | Listing Dollar (Forcenxt) route https://www.myntra.com/dollar?f=Brand%3ADollar%3A%3AGender%3Aboys page 6 -> https://www.myntra.com/gateway/v4/search/dollar?f=Brand%3ADollar%3A%3AGender%3Aboys&rows=50&o=250&plaEnabled=false&xdEnabled=false&isFacet=true&p=6 | run_id=run_20260929_110725_467584_2daea7 | brand=Dollar (Forcenxt) | page=6 | route=https://www.myntra.com/dollar?f=Brand%3ADollar%3A%3AGender%3Aboys | seen=181 | expected=728
2026-09-29 11:45:52 | INFO    | LISTING   | Listing Dollar (Forcenxt) route https://www.myntra.com/dollar?f=Brand%3ADollar%3A%3AGender%3Aboys page 7 -> https://www.myntra.com/gateway/v4/search/dollar?f=Brand%3ADollar%3A%3AGender%3Aboys&rows=50&o=300&plaEnabled=false&xdEnabled=false&isFacet=true&p=7 | run_id=run_20260929_110725_467584_2daea7 | brand=Dollar (Forcenxt) | page=7 | route=https://www.myntra.com/dollar?f=Brand%3ADollar%3A%3AGender%3Aboys | seen=231 | expected=728
2026-09-29 11:45:52 | INFO    | LISTING   | Listing Dollar (Forcenxt) route https://www.myntra.com/dollar?f=Brand%3ADollar%3A%3AGender%3Aboys page 8 -> https://www.myntra.com/gateway/v4/search/dollar?f=Brand%3ADollar%3A%3AGender%3Aboys&rows=50&o=350&plaEnabled=false&xdEnabled=false&isFacet=true&p=8 | run_id=run_20260929_110725_467584_2daea7 | brand=Dollar (Forcenxt) | page=8 | route=https://www.myntra.com/dollar?f=Brand%3ADollar%3A%3AGender%3Aboys | seen=281 | expected=728
2026-09-29 11:45:53 | INFO    | LISTING   | Listing Dollar (Forcenxt) route https://www.myntra.com/dollar?f=Brand%3ADollar%3A%3AGender%3Aboys page 9 -> https://www.myntra.com/gateway/v4/search/dollar?f=Brand%3ADollar%3A%3AGender%3Aboys&rows=50&o=400&plaEnabled=false&xdEnabled=false&isFacet=true&p=9 | run_id=run_20260929_110725_467584_2daea7 | brand=Dollar (Forcenxt) | page=9 | route=https://www.myntra.com/dollar?f=Brand%3ADollar%3A%3AGender%3Aboys | seen=331 | expected=728
2026-09-29 11:45:53 | INFO    | LISTING   | Listing Dollar (Forcenxt) route https://www.myntra.com/dollar?f=Brand%3ADollar%3A%3AGender%3Aboys page 10 -> https://www.myntra.com/gateway/v4/search/dollar?f=Brand%3ADollar%3A%3AGender%3Aboys&rows=50&o=450&plaEnabled=false&xdEnabled=false&isFacet=true&p=10 | run_id=run_20260929_110725_467584_2daea7 | brand=Dollar (Forcenxt) | page=10 | route=https://www.myntra.com/dollar?f=Brand%3ADollar%3A%3AGender%3Aboys | seen=381 | expected=728
2026-09-29 11:45:54 | INFO    | LISTING   | Listing Dollar (Forcenxt) route https://www.myntra.com/dollar?f=Brand%3ADollar%3A%3AGender%3Aboys page 11 -> https://www.myntra.com/gateway/v4/search/dollar?f=Brand%3ADollar%3A%3AGender%3Aboys&rows=50&o=500&plaEnabled=false&xdEnabled=false&isFacet=true&p=11 | run_id=run_20260929_110725_467584_2daea7 | brand=Dollar (Forcenxt) | page=11 | route=https://www.myntra.com/dollar?f=Brand%3ADollar%3A%3AGender%3Aboys | seen=431 | expected=728
2026-09-29 11:45:54 | INFO    | LISTING   | Listing Dollar (Forcenxt) route https://www.myntra.com/dollar?f=Brand%3ADollar%3A%3AGender%3Aboys page 12 -> https://www.myntra.com/gateway/v4/search/dollar?f=Brand%3ADollar%3A%3AGender%3Aboys&rows=50&o=550&plaEnabled=false&xdEnabled=false&isFacet=true&p=12 | run_id=run_20260929_110725_467584_2daea7 | brand=Dollar (Forcenxt) | page=12 | route=https://www.myntra.com/dollar?f=Brand%3ADollar%3A%3AGender%3Aboys | seen=481 | expected=728
2026-09-29 11:45:55 | INFO    | LISTING   | Listing Dollar (Forcenxt) route https://www.myntra.com/dollar?f=Brand%3ADollar%3A%3AGender%3Aboys page 13 -> https://www.myntra.com/gateway/v4/search/dollar?f=Brand%3ADollar%3A%3AGender%3Aboys&rows=50&o=600&plaEnabled=false&xdEnabled=false&isFacet=true&p=13 | run_id=run_20260929_110725_467584_2daea7 | brand=Dollar (Forcenxt) | page=13 | route=https://www.myntra.com/dollar?f=Brand%3ADollar%3A%3AGender%3Aboys | seen=531 | expected=728
2026-09-29 11:45:55 | INFO    | LISTING   | Listing Dollar (Forcenxt) route https://www.myntra.com/dollar?f=Brand%3ADollar%3A%3AGender%3Aboys page 14 -> https://www.myntra.com/gateway/v4/search/dollar?f=Brand%3ADollar%3A%3AGender%3Aboys&rows=50&o=650&plaEnabled=false&xdEnabled=false&isFacet=true&p=14 | run_id=run_20260929_110725_467584_2daea7 | brand=Dollar (Forcenxt) | page=14 | route=https://www.myntra.com/dollar?f=Brand%3ADollar%3A%3AGender%3Aboys | seen=571 | expected=728
2026-09-29 11:45:56 | INFO    | LISTING   | Listing Dollar (Forcenxt) route https://www.myntra.com/dollar?f=Brand%3ADollar%3A%3AGender%3Aboys page 15 -> https://www.myntra.com/gateway/v4/search/dollar?f=Brand%3ADollar%3A%3AGender%3Aboys&rows=50&o=700&plaEnabled=false&xdEnabled=false&isFacet=true&p=15 | run_id=run_20260929_110725_467584_2daea7 | brand=Dollar (Forcenxt) | page=15 | route=https://www.myntra.com/dollar?f=Brand%3ADollar%3A%3AGender%3Aboys | seen=612 | expected=728
2026-09-29 11:45:56 | INFO    | LISTING   | Listing Dollar (Forcenxt) route https://www.myntra.com/dollar?f=Brand%3ADollar%3A%3AGender%3Aboys page 16 -> https://www.myntra.com/gateway/v4/search/dollar?f=Brand%3ADollar%3A%3AGender%3Aboys&rows=50&o=750&plaEnabled=false&xdEnabled=false&isFacet=true&p=16 | run_id=run_20260929_110725_467584_2daea7 | brand=Dollar (Forcenxt) | page=16 | route=https://www.myntra.com/dollar?f=Brand%3ADollar%3A%3AGender%3Aboys | seen=640 | expected=728
2026-09-29 11:45:57 | WARNING | LISTING   | Empty listing page for Dollar (Forcenxt) on page 16 before expected end; continuing. | run_id=run_20260929_110725_467584_2daea7 | brand=Dollar (Forcenxt) | page=16 | route=https://www.myntra.com/dollar?f=Brand%3ADollar%3A%3AGender%3Aboys
2026-09-29 11:45:57 | INFO    | LISTING   | Listing Dollar (Forcenxt) route https://www.myntra.com/dollar?f=Brand%3ADollar%3A%3AGender%3Aboys page 17 -> https://www.myntra.com/gateway/v4/search/dollar?f=Brand%3ADollar%3A%3AGender%3Aboys&rows=50&o=800&plaEnabled=false&xdEnabled=false&isFacet=true&p=17 | run_id=run_20260929_110725_467584_2daea7 | brand=Dollar (Forcenxt) | page=17 | route=https://www.myntra.com/dollar?f=Brand%3ADollar%3A%3AGender%3Aboys | seen=640 | expected=728
2026-09-29 11:45:57 | WARNING | NETWORK   | JSON request failed for https://www.myntra.com/gateway/v4/search/dollar?f=Brand%3ADollar%3A%3AGender%3Aboys&rows=50&o=800&plaEnabled=false&xdEnabled=false&isFacet=true&p=17 on attempt 1/3: HTTP Error 400:  | run_id=run_20260929_110725_467584_2daea7 | route=https://www.myntra.com/gateway/v4/search/dollar?f=Brand%3ADollar%3A%3AGender%3Aboys&rows=50&o=800&plaEnabled=false&xdEnabled=false&isFacet=true&p=17 | attempt=1/3
2026-09-29 11:45:59 | WARNING | NETWORK   | JSON request failed for https://www.myntra.com/gateway/v4/search/dollar?f=Brand%3ADollar%3A%3AGender%3Aboys&rows=50&o=800&plaEnabled=false&xdEnabled=false&isFacet=true&p=17 on attempt 2/3: HTTP Error 400:  | run_id=run_20260929_110725_467584_2daea7 | route=https://www.myntra.com/gateway/v4/search/dollar?f=Brand%3ADollar%3A%3AGender%3Aboys&rows=50&o=800&plaEnabled=false&xdEnabled=false&isFacet=true&p=17 | attempt=2/3
2026-09-29 11:46:02 | WARNING | NETWORK   | JSON request failed for https://www.myntra.com/gateway/v4/search/dollar?f=Brand%3ADollar%3A%3AGender%3Aboys&rows=50&o=800&plaEnabled=false&xdEnabled=false&isFacet=true&p=17 on attempt 3/3: HTTP Error 400:  | run_id=run_20260929_110725_467584_2daea7 | route=https://www.myntra.com/gateway/v4/search/dollar?f=Brand%3ADollar%3A%3AGender%3Aboys&rows=50&o=800&plaEnabled=false&xdEnabled=false&isFacet=true&p=17 | attempt=3/3
2026-09-29 11:46:02 | WARNING | NETWORK   | JSON request failed for https://www.myntra.com/gateway/v4/search/dollar?f=Brand%3ADollar%3A%3AGender%3Aboys&rows=50&o=799&plaEnabled=false&xdEnabled=false&isFacet=true&p=17 on attempt 1/3: HTTP Error 400:  | run_id=run_20260929_110725_467584_2daea7 | route=https://www.myntra.com/gateway/v4/search/dollar?f=Brand%3ADollar%3A%3AGender%3Aboys&rows=50&o=799&plaEnabled=false&xdEnabled=false&isFacet=true&p=17 | attempt=1/3
2026-09-29 11:46:04 | WARNING | NETWORK   | JSON request failed for https://www.myntra.com/gateway/v4/search/dollar?f=Brand%3ADollar%3A%3AGender%3Aboys&rows=50&o=799&plaEnabled=false&xdEnabled=false&isFacet=true&p=17 on attempt 2/3: HTTP Error 400:  | run_id=run_20260929_110725_467584_2daea7 | route=https://www.myntra.com/gateway/v4/search/dollar?f=Brand%3ADollar%3A%3AGender%3Aboys&rows=50&o=799&plaEnabled=false&xdEnabled=false&isFacet=true&p=17 | attempt=2/3
2026-09-29 11:46:06 | WARNING | NETWORK   | JSON request failed for https://www.myntra.com/gateway/v4/search/dollar?f=Brand%3ADollar%3A%3AGender%3Aboys&rows=50&o=799&plaEnabled=false&xdEnabled=false&isFacet=true&p=17 on attempt 3/3: HTTP Error 400:  | run_id=run_20260929_110725_467584_2daea7 | route=https://www.myntra.com/gateway/v4/search/dollar?f=Brand%3ADollar%3A%3AGender%3Aboys&rows=50&o=799&plaEnabled=false&xdEnabled=false&isFacet=true&p=17 | attempt=3/3
2026-09-29 11:46:07 | WARNING | LISTING   | Route fetch failed for https://www.myntra.com/dollar?f=Brand%3ADollar%3A%3AGender%3Aboys page 17 (Failed to fetch JSON payload from https://www.myntra.com/gateway/v4/search/dollar?f=Brand%3ADollar%3A%3AGender%3Aboys&rows=50&o=799&plaEnabled=false&xdEnabled=false&isFacet=true&p=17: HTTP Error 400: ). Will retry with another pass or fallback route. | run_id=run_20260929_110725_467584_2daea7 | brand=Dollar (Forcenxt) | page=17 | route=https://www.myntra.com/dollar?f=Brand%3ADollar%3A%3AGender%3Aboys
2026-09-29 11:46:07 | WARNING | LISTING   | Retrying route https://www.myntra.com/dollar?f=Brand%3ADollar%3A%3AGender%3Aboys for Dollar (Forcenxt) (pass 1/2) after incomplete coverage: 640/728 unique products seen. | run_id=run_20260929_110725_467584_2daea7 | brand=Dollar (Forcenxt) | route=https://www.myntra.com/dollar?f=Brand%3ADollar%3A%3AGender%3Aboys | seen=640 | expected=728 | attempt=1/2
2026-09-29 11:46:07 | INFO    | LISTING   | Listing Dollar (Forcenxt) route https://www.myntra.com/dollar?f=Brand%3ADollar%3A%3AGender%3Aboys page 1 -> https://www.myntra.com/gateway/v4/search/dollar?f=Brand%3ADollar%3A%3AGender%3Aboys&rows=50&o=0&plaEnabled=false&xdEnabled=false&isFacet=true&p=1 | run_id=run_20260929_110725_467584_2daea7 | brand=Dollar (Forcenxt) | page=1 | route=https://www.myntra.com/dollar?f=Brand%3ADollar%3A%3AGender%3Aboys | seen=640 | expected=728
2026-09-29 11:46:08 | INFO    | LISTING   | Listing Dollar (Forcenxt) route https://www.myntra.com/dollar?f=Brand%3ADollar%3A%3AGender%3Aboys page 2 -> https://www.myntra.com/gateway/v4/search/dollar?f=Brand%3ADollar%3A%3AGender%3Aboys&rows=50&o=50&plaEnabled=false&xdEnabled=false&isFacet=true&p=2 | run_id=run_20260929_110725_467584_2daea7 | brand=Dollar (Forcenxt) | page=2 | route=https://www.myntra.com/dollar?f=Brand%3ADollar%3A%3AGender%3Aboys | seen=641 | expected=728
2026-09-29 11:46:09 | INFO    | LISTING   | Listing Dollar (Forcenxt) route https://www.myntra.com/dollar?f=Brand%3ADollar%3A%3AGender%3Aboys page 3 -> https://www.myntra.com/gateway/v4/search/dollar?f=Brand%3ADollar%3A%3AGender%3Aboys&rows=50&o=100&plaEnabled=false&xdEnabled=false&isFacet=true&p=3 | run_id=run_20260929_110725_467584_2daea7 | brand=Dollar (Forcenxt) | page=3 | route=https://www.myntra.com/dollar?f=Brand%3ADollar%3A%3AGender%3Aboys | seen=641 | expected=728
2026-09-29 11:46:09 | INFO    | LISTING   | Listing Dollar (Forcenxt) route https://www.myntra.com/dollar?f=Brand%3ADollar%3A%3AGender%3Aboys page 4 -> https://www.myntra.com/gateway/v4/search/dollar?f=Brand%3ADollar%3A%3AGender%3Aboys&rows=50&o=150&plaEnabled=false&xdEnabled=false&isFacet=true&p=4 | run_id=run_20260929_110725_467584_2daea7 | brand=Dollar (Forcenxt) | page=4 | route=https://www.myntra.com/dollar?f=Brand%3ADollar%3A%3AGender%3Aboys | seen=641 | expected=728
2026-09-29 11:46:10 | WARNING | LISTING   | Route https://www.myntra.com/dollar?f=Brand%3ADollar%3A%3AGender%3Aboys for Dollar (Forcenxt) stalled for 3 consecutive pages before reaching expected total; restarting route pass. | run_id=run_20260929_110725_467584_2daea7 | brand=Dollar (Forcenxt) | page=4 | route=https://www.myntra.com/dollar?f=Brand%3ADollar%3A%3AGender%3Aboys | seen=641 | expected=728
2026-09-29 11:46:10 | WARNING | LISTING   | Retrying route https://www.myntra.com/dollar?f=Brand%3ADollar%3A%3AGender%3Aboys for Dollar (Forcenxt) (pass 2/2) after incomplete coverage: 641/728 unique products seen. | run_id=run_20260929_110725_467584_2daea7 | brand=Dollar (Forcenxt) | route=https://www.myntra.com/dollar?f=Brand%3ADollar%3A%3AGender%3Aboys | seen=641 | expected=728 | attempt=2/2
2026-09-29 11:46:10 | INFO    | LISTING   | Listing Dollar (Forcenxt) route https://www.myntra.com/dollar?f=Brand%3ADollar%3A%3AGender%3Aboys page 1 -> https://www.myntra.com/gateway/v4/search/dollar?f=Brand%3ADollar%3A%3AGender%3Aboys&rows=50&o=0&plaEnabled=false&xdEnabled=false&isFacet=true&p=1 | run_id=run_20260929_110725_467584_2daea7 | brand=Dollar (Forcenxt) | page=1 | route=https://www.myntra.com/dollar?f=Brand%3ADollar%3A%3AGender%3Aboys | seen=641 | expected=728
2026-09-29 11:46:11 | INFO    | LISTING   | Listing Dollar (Forcenxt) route https://www.myntra.com/dollar?f=Brand%3ADollar%3A%3AGender%3Aboys page 2 -> https://www.myntra.com/gateway/v4/search/dollar?f=Brand%3ADollar%3A%3AGender%3Aboys&rows=50&o=50&plaEnabled=false&xdEnabled=false&isFacet=true&p=2 | run_id=run_20260929_110725_467584_2daea7 | brand=Dollar (Forcenxt) | page=2 | route=https://www.myntra.com/dollar?f=Brand%3ADollar%3A%3AGender%3Aboys | seen=641 | expected=728
2026-09-29 11:46:12 | INFO    | LISTING   | Listing Dollar (Forcenxt) route https://www.myntra.com/dollar?f=Brand%3ADollar%3A%3AGender%3Aboys page 3 -> https://www.myntra.com/gateway/v4/search/dollar?f=Brand%3ADollar%3A%3AGender%3Aboys&rows=50&o=100&plaEnabled=false&xdEnabled=false&isFacet=true&p=3 | run_id=run_20260929_110725_467584_2daea7 | brand=Dollar (Forcenxt) | page=3 | route=https://www.myntra.com/dollar?f=Brand%3ADollar%3A%3AGender%3Aboys | seen=641 | expected=728
2026-09-29 11:46:12 | WARNING | LISTING   | Route https://www.myntra.com/dollar?f=Brand%3ADollar%3A%3AGender%3Aboys for Dollar (Forcenxt) stalled for 3 consecutive pages before reaching expected total; restarting route pass. | run_id=run_20260929_110725_467584_2daea7 | brand=Dollar (Forcenxt) | page=3 | route=https://www.myntra.com/dollar?f=Brand%3ADollar%3A%3AGender%3Aboys | seen=641 | expected=728
2026-09-29 11:46:12 | INFO    | LISTING   | Listing Dollar (Forcenxt) route https://www.myntra.com/dollar?f=Brand%3ADollar%3A%3AGender%3Awomen page 1 -> https://www.myntra.com/gateway/v4/search/dollar?f=Brand%3ADollar%3A%3AGender%3Awomen&rows=50&o=0&plaEnabled=false&xdEnabled=false&isFacet=true&p=1 | run_id=run_20260929_110725_467584_2daea7 | brand=Dollar (Forcenxt) | page=1 | route=https://www.myntra.com/dollar?f=Brand%3ADollar%3A%3AGender%3Awomen | seen=0 | expected=621
2026-09-29 11:46:13 | INFO    | LISTING   | Listing Dollar (Forcenxt) route https://www.myntra.com/dollar?f=Brand%3ADollar%3A%3AGender%3Awomen page 2 -> https://www.myntra.com/gateway/v4/search/dollar?f=Brand%3ADollar%3A%3AGender%3Awomen&rows=50&o=50&plaEnabled=false&xdEnabled=false&isFacet=true&p=2 | run_id=run_20260929_110725_467584_2daea7 | brand=Dollar (Forcenxt) | page=2 | route=https://www.myntra.com/dollar?f=Brand%3ADollar%3A%3AGender%3Awomen | seen=48 | expected=621
2026-09-29 11:46:14 | INFO    | LISTING   | Listing Dollar (Forcenxt) route https://www.myntra.com/dollar?f=Brand%3ADollar%3A%3AGender%3Awomen page 3 -> https://www.myntra.com/gateway/v4/search/dollar?f=Brand%3ADollar%3A%3AGender%3Awomen&rows=50&o=100&plaEnabled=false&xdEnabled=false&isFacet=true&p=3 | run_id=run_20260929_110725_467584_2daea7 | brand=Dollar (Forcenxt) | page=3 | route=https://www.myntra.com/dollar?f=Brand%3ADollar%3A%3AGender%3Awomen | seen=97 | expected=621
2026-09-29 11:46:15 | INFO    | LISTING   | Listing Dollar (Forcenxt) route https://www.myntra.com/dollar?f=Brand%3ADollar%3A%3AGender%3Awomen page 4 -> https://www.myntra.com/gateway/v4/search/dollar?f=Brand%3ADollar%3A%3AGender%3Awomen&rows=50&o=150&plaEnabled=false&xdEnabled=false&isFacet=true&p=4 | run_id=run_20260929_110725_467584_2daea7 | brand=Dollar (Forcenxt) | page=4 | route=https://www.myntra.com/dollar?f=Brand%3ADollar%3A%3AGender%3Awomen | seen=136 | expected=621
2026-09-29 11:46:15 | INFO    | LISTING   | Listing Dollar (Forcenxt) route https://www.myntra.com/dollar?f=Brand%3ADollar%3A%3AGender%3Awomen page 5 -> https://www.myntra.com/gateway/v4/search/dollar?f=Brand%3ADollar%3A%3AGender%3Awomen&rows=50&o=200&plaEnabled=false&xdEnabled=false&isFacet=true&p=5 | run_id=run_20260929_110725_467584_2daea7 | brand=Dollar (Forcenxt) | page=5 | route=https://www.myntra.com/dollar?f=Brand%3ADollar%3A%3AGender%3Awomen | seen=184 | expected=621
2026-09-29 11:46:16 | INFO    | LISTING   | Listing Dollar (Forcenxt) route https://www.myntra.com/dollar?f=Brand%3ADollar%3A%3AGender%3Awomen page 6 -> https://www.myntra.com/gateway/v4/search/dollar?f=Brand%3ADollar%3A%3AGender%3Awomen&rows=50&o=250&plaEnabled=false&xdEnabled=false&isFacet=true&p=6 | run_id=run_20260929_110725_467584_2daea7 | brand=Dollar (Forcenxt) | page=6 | route=https://www.myntra.com/dollar?f=Brand%3ADollar%3A%3AGender%3Awomen | seen=231 | expected=621
2026-09-29 11:46:16 | INFO    | LISTING   | Listing Dollar (Forcenxt) route https://www.myntra.com/dollar?f=Brand%3ADollar%3A%3AGender%3Awomen page 7 -> https://www.myntra.com/gateway/v4/search/dollar?f=Brand%3ADollar%3A%3AGender%3Awomen&rows=50&o=300&plaEnabled=false&xdEnabled=false&isFacet=true&p=7 | run_id=run_20260929_110725_467584_2daea7 | brand=Dollar (Forcenxt) | page=7 | route=https://www.myntra.com/dollar?f=Brand%3ADollar%3A%3AGender%3Awomen | seen=270 | expected=621
2026-09-29 11:46:18 | INFO    | LISTING   | Listing Dollar (Forcenxt) route https://www.myntra.com/dollar?f=Brand%3ADollar%3A%3AGender%3Awomen page 8 -> https://www.myntra.com/gateway/v4/search/dollar?f=Brand%3ADollar%3A%3AGender%3Awomen&rows=50&o=350&plaEnabled=false&xdEnabled=false&isFacet=true&p=8 | run_id=run_20260929_110725_467584_2daea7 | brand=Dollar (Forcenxt) | page=8 | route=https://www.myntra.com/dollar?f=Brand%3ADollar%3A%3AGender%3Awomen | seen=310 | expected=621
2026-09-29 11:46:18 | INFO    | LISTING   | Listing Dollar (Forcenxt) route https://www.myntra.com/dollar?f=Brand%3ADollar%3A%3AGender%3Awomen page 9 -> https://www.myntra.com/gateway/v4/search/dollar?f=Brand%3ADollar%3A%3AGender%3Awomen&rows=50&o=400&plaEnabled=false&xdEnabled=false&isFacet=true&p=9 | run_id=run_20260929_110725_467584_2daea7 | brand=Dollar (Forcenxt) | page=9 | route=https://www.myntra.com/dollar?f=Brand%3ADollar%3A%3AGender%3Awomen | seen=347 | expected=621
2026-09-29 11:46:19 | INFO    | LISTING   | Listing Dollar (Forcenxt) route https://www.myntra.com/dollar?f=Brand%3ADollar%3A%3AGender%3Awomen page 10 -> https://www.myntra.com/gateway/v4/search/dollar?f=Brand%3ADollar%3A%3AGender%3Awomen&rows=50&o=450&plaEnabled=false&xdEnabled=false&isFacet=true&p=10 | run_id=run_20260929_110725_467584_2daea7 | brand=Dollar (Forcenxt) | page=10 | route=https://www.myntra.com/dollar?f=Brand%3ADollar%3A%3AGender%3Awomen | seen=397 | expected=621
2026-09-29 11:46:20 | INFO    | LISTING   | Listing Dollar (Forcenxt) route https://www.myntra.com/dollar?f=Brand%3ADollar%3A%3AGender%3Awomen page 11 -> https://www.myntra.com/gateway/v4/search/dollar?f=Brand%3ADollar%3A%3AGender%3Awomen&rows=50&o=500&plaEnabled=false&xdEnabled=false&isFacet=true&p=11 | run_id=run_20260929_110725_467584_2daea7 | brand=Dollar (Forcenxt) | page=11 | route=https://www.myntra.com/dollar?f=Brand%3ADollar%3A%3AGender%3Awomen | seen=421 | expected=621
2026-09-29 11:46:20 | INFO    | LISTING   | Listing Dollar (Forcenxt) route https://www.myntra.com/dollar?f=Brand%3ADollar%3A%3AGender%3Awomen page 12 -> https://www.myntra.com/gateway/v4/search/dollar?f=Brand%3ADollar%3A%3AGender%3Awomen&rows=50&o=550&plaEnabled=false&xdEnabled=false&isFacet=true&p=12 | run_id=run_20260929_110725_467584_2daea7 | brand=Dollar (Forcenxt) | page=12 | route=https://www.myntra.com/dollar?f=Brand%3ADollar%3A%3AGender%3Awomen | seen=455 | expected=621
2026-09-29 11:46:21 | INFO    | LISTING   | Listing Dollar (Forcenxt) route https://www.myntra.com/dollar?f=Brand%3ADollar%3A%3AGender%3Awomen page 13 -> https://www.myntra.com/gateway/v4/search/dollar?f=Brand%3ADollar%3A%3AGender%3Awomen&rows=50&o=600&plaEnabled=false&xdEnabled=false&isFacet=true&p=13 | run_id=run_20260929_110725_467584_2daea7 | brand=Dollar (Forcenxt) | page=13 | route=https://www.myntra.com/dollar?f=Brand%3ADollar%3A%3AGender%3Awomen | seen=488 | expected=621
2026-09-29 11:46:22 | INFO    | LISTING   | Listing Dollar (Forcenxt) route https://www.myntra.com/dollar?f=Brand%3ADollar%3A%3AGender%3Awomen page 14 -> https://www.myntra.com/gateway/v4/search/dollar?f=Brand%3ADollar%3A%3AGender%3Awomen&rows=50&o=650&plaEnabled=false&xdEnabled=false&isFacet=true&p=14 | run_id=run_20260929_110725_467584_2daea7 | brand=Dollar (Forcenxt) | page=14 | route=https://www.myntra.com/dollar?f=Brand%3ADollar%3A%3AGender%3Awomen | seen=491 | expected=621
2026-09-29 11:46:23 | WARNING | LISTING   | Empty listing page for Dollar (Forcenxt) on page 14 before expected end; continuing. | run_id=run_20260929_110725_467584_2daea7 | brand=Dollar (Forcenxt) | page=14 | route=https://www.myntra.com/dollar?f=Brand%3ADollar%3A%3AGender%3Awomen
2026-09-29 11:46:23 | INFO    | LISTING   | Listing Dollar (Forcenxt) route https://www.myntra.com/dollar?f=Brand%3ADollar%3A%3AGender%3Awomen page 15 -> https://www.myntra.com/gateway/v4/search/dollar?f=Brand%3ADollar%3A%3AGender%3Awomen&rows=50&o=700&plaEnabled=false&xdEnabled=false&isFacet=true&p=15 | run_id=run_20260929_110725_467584_2daea7 | brand=Dollar (Forcenxt) | page=15 | route=https://www.myntra.com/dollar?f=Brand%3ADollar%3A%3AGender%3Awomen | seen=491 | expected=621
2026-09-29 11:46:23 | WARNING | NETWORK   | JSON request failed for https://www.myntra.com/gateway/v4/search/dollar?f=Brand%3ADollar%3A%3AGender%3Awomen&rows=50&o=700&plaEnabled=false&xdEnabled=false&isFacet=true&p=15 on attempt 1/3: HTTP Error 400:  | run_id=run_20260929_110725_467584_2daea7 | route=https://www.myntra.com/gateway/v4/search/dollar?f=Brand%3ADollar%3A%3AGender%3Awomen&rows=50&o=700&plaEnabled=false&xdEnabled=false&isFacet=true&p=15 | attempt=1/3
2026-09-29 11:46:25 | WARNING | NETWORK   | JSON request failed for https://www.myntra.com/gateway/v4/search/dollar?f=Brand%3ADollar%3A%3AGender%3Awomen&rows=50&o=700&plaEnabled=false&xdEnabled=false&isFacet=true&p=15 on attempt 2/3: HTTP Error 400:  | run_id=run_20260929_110725_467584_2daea7 | route=https://www.myntra.com/gateway/v4/search/dollar?f=Brand%3ADollar%3A%3AGender%3Awomen&rows=50&o=700&plaEnabled=false&xdEnabled=false&isFacet=true&p=15 | attempt=2/3
2026-09-29 11:46:28 | WARNING | NETWORK   | JSON request failed for https://www.myntra.com/gateway/v4/search/dollar?f=Brand%3ADollar%3A%3AGender%3Awomen&rows=50&o=700&plaEnabled=false&xdEnabled=false&isFacet=true&p=15 on attempt 3/3: HTTP Error 400:  | run_id=run_20260929_110725_467584_2daea7 | route=https://www.myntra.com/gateway/v4/search/dollar?f=Brand%3ADollar%3A%3AGender%3Awomen&rows=50&o=700&plaEnabled=false&xdEnabled=false&isFacet=true&p=15 | attempt=3/3
2026-09-29 11:46:28 | WARNING | NETWORK   | JSON request failed for https://www.myntra.com/gateway/v4/search/dollar?f=Brand%3ADollar%3A%3AGender%3Awomen&rows=50&o=699&plaEnabled=false&xdEnabled=false&isFacet=true&p=15 on attempt 1/3: HTTP Error 400:  | run_id=run_20260929_110725_467584_2daea7 | route=https://www.myntra.com/gateway/v4/search/dollar?f=Brand%3ADollar%3A%3AGender%3Awomen&rows=50&o=699&plaEnabled=false&xdEnabled=false&isFacet=true&p=15 | attempt=1/3
2026-09-29 11:46:30 | WARNING | NETWORK   | JSON request failed for https://www.myntra.com/gateway/v4/search/dollar?f=Brand%3ADollar%3A%3AGender%3Awomen&rows=50&o=699&plaEnabled=false&xdEnabled=false&isFacet=true&p=15 on attempt 2/3: HTTP Error 400:  | run_id=run_20260929_110725_467584_2daea7 | route=https://www.myntra.com/gateway/v4/search/dollar?f=Brand%3ADollar%3A%3AGender%3Awomen&rows=50&o=699&plaEnabled=false&xdEnabled=false&isFacet=true&p=15 | attempt=2/3
2026-09-29 11:46:33 | WARNING | NETWORK   | JSON request failed for https://www.myntra.com/gateway/v4/search/dollar?f=Brand%3ADollar%3A%3AGender%3Awomen&rows=50&o=699&plaEnabled=false&xdEnabled=false&isFacet=true&p=15 on attempt 3/3: HTTP Error 400:  | run_id=run_20260929_110725_467584_2daea7 | route=https://www.myntra.com/gateway/v4/search/dollar?f=Brand%3ADollar%3A%3AGender%3Awomen&rows=50&o=699&plaEnabled=false&xdEnabled=false&isFacet=true&p=15 | attempt=3/3
2026-09-29 11:46:33 | WARNING | LISTING   | Route fetch failed for https://www.myntra.com/dollar?f=Brand%3ADollar%3A%3AGender%3Awomen page 15 (Failed to fetch JSON payload from https://www.myntra.com/gateway/v4/search/dollar?f=Brand%3ADollar%3A%3AGender%3Awomen&rows=50&o=699&plaEnabled=false&xdEnabled=false&isFacet=true&p=15: HTTP Error 400: ). Will retry with another pass or fallback route. | run_id=run_20260929_110725_467584_2daea7 | brand=Dollar (Forcenxt) | page=15 | route=https://www.myntra.com/dollar?f=Brand%3ADollar%3A%3AGender%3Awomen
2026-09-29 11:46:33 | WARNING | LISTING   | Retrying route https://www.myntra.com/dollar?f=Brand%3ADollar%3A%3AGender%3Awomen for Dollar (Forcenxt) (pass 1/2) after incomplete coverage: 491/621 unique products seen. | run_id=run_20260929_110725_467584_2daea7 | brand=Dollar (Forcenxt) | route=https://www.myntra.com/dollar?f=Brand%3ADollar%3A%3AGender%3Awomen | seen=491 | expected=621 | attempt=1/2
2026-09-29 11:46:33 | INFO    | LISTING   | Listing Dollar (Forcenxt) route https://www.myntra.com/dollar?f=Brand%3ADollar%3A%3AGender%3Awomen page 1 -> https://www.myntra.com/gateway/v4/search/dollar?f=Brand%3ADollar%3A%3AGender%3Awomen&rows=50&o=0&plaEnabled=false&xdEnabled=false&isFacet=true&p=1 | run_id=run_20260929_110725_467584_2daea7 | brand=Dollar (Forcenxt) | page=1 | route=https://www.myntra.com/dollar?f=Brand%3ADollar%3A%3AGender%3Awomen | seen=491 | expected=621
2026-09-29 11:46:35 | INFO    | LISTING   | Listing Dollar (Forcenxt) route https://www.myntra.com/dollar?f=Brand%3ADollar%3A%3AGender%3Awomen page 2 -> https://www.myntra.com/gateway/v4/search/dollar?f=Brand%3ADollar%3A%3AGender%3Awomen&rows=50&o=50&plaEnabled=false&xdEnabled=false&isFacet=true&p=2 | run_id=run_20260929_110725_467584_2daea7 | brand=Dollar (Forcenxt) | page=2 | route=https://www.myntra.com/dollar?f=Brand%3ADollar%3A%3AGender%3Awomen | seen=491 | expected=621
2026-09-29 11:46:35 | INFO    | LISTING   | Listing Dollar (Forcenxt) route https://www.myntra.com/dollar?f=Brand%3ADollar%3A%3AGender%3Awomen page 3 -> https://www.myntra.com/gateway/v4/search/dollar?f=Brand%3ADollar%3A%3AGender%3Awomen&rows=50&o=100&plaEnabled=false&xdEnabled=false&isFacet=true&p=3 | run_id=run_20260929_110725_467584_2daea7 | brand=Dollar (Forcenxt) | page=3 | route=https://www.myntra.com/dollar?f=Brand%3ADollar%3A%3AGender%3Awomen | seen=491 | expected=621
2026-09-29 11:46:36 | WARNING | LISTING   | Route https://www.myntra.com/dollar?f=Brand%3ADollar%3A%3AGender%3Awomen for Dollar (Forcenxt) stalled for 3 consecutive pages before reaching expected total; restarting route pass. | run_id=run_20260929_110725_467584_2daea7 | brand=Dollar (Forcenxt) | page=3 | route=https://www.myntra.com/dollar?f=Brand%3ADollar%3A%3AGender%3Awomen | seen=491 | expected=621
2026-09-29 11:46:36 | WARNING | LISTING   | Retrying route https://www.myntra.com/dollar?f=Brand%3ADollar%3A%3AGender%3Awomen for Dollar (Forcenxt) (pass 2/2) after incomplete coverage: 491/621 unique products seen. | run_id=run_20260929_110725_467584_2daea7 | brand=Dollar (Forcenxt) | route=https://www.myntra.com/dollar?f=Brand%3ADollar%3A%3AGender%3Awomen | seen=491 | expected=621 | attempt=2/2
2026-09-29 11:46:36 | INFO    | LISTING   | Listing Dollar (Forcenxt) route https://www.myntra.com/dollar?f=Brand%3ADollar%3A%3AGender%3Awomen page 1 -> https://www.myntra.com/gateway/v4/search/dollar?f=Brand%3ADollar%3A%3AGender%3Awomen&rows=50&o=0&plaEnabled=false&xdEnabled=false&isFacet=true&p=1 | run_id=run_20260929_110725_467584_2daea7 | brand=Dollar (Forcenxt) | page=1 | route=https://www.myntra.com/dollar?f=Brand%3ADollar%3A%3AGender%3Awomen | seen=491 | expected=621
2026-09-29 11:46:37 | INFO    | LISTING   | Listing Dollar (Forcenxt) route https://www.myntra.com/dollar?f=Brand%3ADollar%3A%3AGender%3Awomen page 2 -> https://www.myntra.com/gateway/v4/search/dollar?f=Brand%3ADollar%3A%3AGender%3Awomen&rows=50&o=50&plaEnabled=false&xdEnabled=false&isFacet=true&p=2 | run_id=run_20260929_110725_467584_2daea7 | brand=Dollar (Forcenxt) | page=2 | route=https://www.myntra.com/dollar?f=Brand%3ADollar%3A%3AGender%3Awomen | seen=491 | expected=621
2026-09-29 11:46:38 | INFO    | LISTING   | Listing Dollar (Forcenxt) route https://www.myntra.com/dollar?f=Brand%3ADollar%3A%3AGender%3Awomen page 3 -> https://www.myntra.com/gateway/v4/search/dollar?f=Brand%3ADollar%3A%3AGender%3Awomen&rows=50&o=100&plaEnabled=false&xdEnabled=false&isFacet=true&p=3 | run_id=run_20260929_110725_467584_2daea7 | brand=Dollar (Forcenxt) | page=3 | route=https://www.myntra.com/dollar?f=Brand%3ADollar%3A%3AGender%3Awomen | seen=491 | expected=621
2026-09-29 11:46:39 | WARNING | LISTING   | Route https://www.myntra.com/dollar?f=Brand%3ADollar%3A%3AGender%3Awomen for Dollar (Forcenxt) stalled for 3 consecutive pages before reaching expected total; restarting route pass. | run_id=run_20260929_110725_467584_2daea7 | brand=Dollar (Forcenxt) | page=3 | route=https://www.myntra.com/dollar?f=Brand%3ADollar%3A%3AGender%3Awomen | seen=491 | expected=621
2026-09-29 11:46:39 | INFO    | LISTING   | Listing Dollar (Forcenxt) route https://www.myntra.com/dollar-socks page 1 -> https://www.myntra.com/gateway/v4/search/dollar-socks?rows=50&o=0&plaEnabled=false&xdEnabled=false&isFacet=true&p=1 | run_id=run_20260929_110725_467584_2daea7 | brand=Dollar (Forcenxt) | page=1 | route=https://www.myntra.com/dollar-socks | seen=0 | expected=547
2026-09-29 11:46:40 | INFO    | LISTING   | Listing Dollar (Forcenxt) route https://www.myntra.com/dollar-socks page 2 -> https://www.myntra.com/gateway/v4/search/dollar-socks?rows=50&o=50&plaEnabled=false&xdEnabled=false&isFacet=true&p=2 | run_id=run_20260929_110725_467584_2daea7 | brand=Dollar (Forcenxt) | page=2 | route=https://www.myntra.com/dollar-socks | seen=50 | expected=547
2026-09-29 11:46:40 | INFO    | LISTING   | Listing Dollar (Forcenxt) route https://www.myntra.com/dollar-socks page 3 -> https://www.myntra.com/gateway/v4/search/dollar-socks?rows=50&o=100&plaEnabled=false&xdEnabled=false&isFacet=true&p=3 | run_id=run_20260929_110725_467584_2daea7 | brand=Dollar (Forcenxt) | page=3 | route=https://www.myntra.com/dollar-socks | seen=100 | expected=547
2026-09-29 11:46:41 | INFO    | LISTING   | Listing Dollar (Forcenxt) route https://www.myntra.com/dollar-socks page 4 -> https://www.myntra.com/gateway/v4/search/dollar-socks?rows=50&o=150&plaEnabled=false&xdEnabled=false&isFacet=true&p=4 | run_id=run_20260929_110725_467584_2daea7 | brand=Dollar (Forcenxt) | page=4 | route=https://www.myntra.com/dollar-socks | seen=150 | expected=547
2026-09-29 11:46:42 | INFO    | LISTING   | Listing Dollar (Forcenxt) route https://www.myntra.com/dollar-socks page 5 -> https://www.myntra.com/gateway/v4/search/dollar-socks?rows=50&o=200&plaEnabled=false&xdEnabled=false&isFacet=true&p=5 | run_id=run_20260929_110725_467584_2daea7 | brand=Dollar (Forcenxt) | page=5 | route=https://www.myntra.com/dollar-socks | seen=200 | expected=547
2026-09-29 11:46:43 | INFO    | LISTING   | Listing Dollar (Forcenxt) route https://www.myntra.com/dollar-socks page 6 -> https://www.myntra.com/gateway/v4/search/dollar-socks?rows=50&o=250&plaEnabled=false&xdEnabled=false&isFacet=true&p=6 | run_id=run_20260929_110725_467584_2daea7 | brand=Dollar (Forcenxt) | page=6 | route=https://www.myntra.com/dollar-socks | seen=250 | expected=547
2026-09-29 11:46:43 | INFO    | LISTING   | Listing Dollar (Forcenxt) route https://www.myntra.com/dollar-socks page 7 -> https://www.myntra.com/gateway/v4/search/dollar-socks?rows=50&o=300&plaEnabled=false&xdEnabled=false&isFacet=true&p=7 | run_id=run_20260929_110725_467584_2daea7 | brand=Dollar (Forcenxt) | page=7 | route=https://www.myntra.com/dollar-socks | seen=300 | expected=547
2026-09-29 11:46:44 | INFO    | LISTING   | Listing Dollar (Forcenxt) route https://www.myntra.com/dollar-socks page 8 -> https://www.myntra.com/gateway/v4/search/dollar-socks?rows=50&o=350&plaEnabled=false&xdEnabled=false&isFacet=true&p=8 | run_id=run_20260929_110725_467584_2daea7 | brand=Dollar (Forcenxt) | page=8 | route=https://www.myntra.com/dollar-socks | seen=350 | expected=547
2026-09-29 11:46:44 | INFO    | LISTING   | Listing Dollar (Forcenxt) route https://www.myntra.com/dollar-socks page 9 -> https://www.myntra.com/gateway/v4/search/dollar-socks?rows=50&o=400&plaEnabled=false&xdEnabled=false&isFacet=true&p=9 | run_id=run_20260929_110725_467584_2daea7 | brand=Dollar (Forcenxt) | page=9 | route=https://www.myntra.com/dollar-socks | seen=400 | expected=547
2026-09-29 11:46:45 | INFO    | LISTING   | Listing Dollar (Forcenxt) route https://www.myntra.com/dollar-socks page 10 -> https://www.myntra.com/gateway/v4/search/dollar-socks?rows=50&o=450&plaEnabled=false&xdEnabled=false&isFacet=true&p=10 | run_id=run_20260929_110725_467584_2daea7 | brand=Dollar (Forcenxt) | page=10 | route=https://www.myntra.com/dollar-socks | seen=450 | expected=547
2026-09-29 11:46:45 | INFO    | LISTING   | Listing Dollar (Forcenxt) route https://www.myntra.com/dollar-socks page 11 -> https://www.myntra.com/gateway/v4/search/dollar-socks?rows=50&o=500&plaEnabled=false&xdEnabled=false&isFacet=true&p=11 | run_id=run_20260929_110725_467584_2daea7 | brand=Dollar (Forcenxt) | page=11 | route=https://www.myntra.com/dollar-socks | seen=500 | expected=547
2026-09-29 11:46:46 | INFO    | LISTING   | Listing Dollar (Forcenxt) route https://www.myntra.com/dollar-socks page 12 -> https://www.myntra.com/gateway/v4/search/dollar-socks?rows=50&o=550&plaEnabled=false&xdEnabled=false&isFacet=true&p=12 | run_id=run_20260929_110725_467584_2daea7 | brand=Dollar (Forcenxt) | page=12 | route=https://www.myntra.com/dollar-socks | seen=547 | expected=547
2026-09-29 11:46:46 | WARNING | LISTING   | Empty listing page for Dollar (Forcenxt) on page 12 before expected end; continuing. | run_id=run_20260929_110725_467584_2daea7 | brand=Dollar (Forcenxt) | page=12 | route=https://www.myntra.com/dollar-socks
2026-09-29 11:46:46 | INFO    | LISTING   | Listing Dollar (Forcenxt) route https://www.myntra.com/dollar-socks page 13 -> https://www.myntra.com/gateway/v4/search/dollar-socks?rows=50&o=600&plaEnabled=false&xdEnabled=false&isFacet=true&p=13 | run_id=run_20260929_110725_467584_2daea7 | brand=Dollar (Forcenxt) | page=13 | route=https://www.myntra.com/dollar-socks | seen=547 | expected=547
2026-09-29 11:46:47 | WARNING | NETWORK   | JSON request failed for https://www.myntra.com/gateway/v4/search/dollar-socks?rows=50&o=600&plaEnabled=false&xdEnabled=false&isFacet=true&p=13 on attempt 1/3: HTTP Error 400:  | run_id=run_20260929_110725_467584_2daea7 | route=https://www.myntra.com/gateway/v4/search/dollar-socks?rows=50&o=600&plaEnabled=false&xdEnabled=false&isFacet=true&p=13 | attempt=1/3
2026-09-29 11:46:49 | WARNING | NETWORK   | JSON request failed for https://www.myntra.com/gateway/v4/search/dollar-socks?rows=50&o=600&plaEnabled=false&xdEnabled=false&isFacet=true&p=13 on attempt 2/3: HTTP Error 400:  | run_id=run_20260929_110725_467584_2daea7 | route=https://www.myntra.com/gateway/v4/search/dollar-socks?rows=50&o=600&plaEnabled=false&xdEnabled=false&isFacet=true&p=13 | attempt=2/3
2026-09-29 11:46:52 | WARNING | NETWORK   | JSON request failed for https://www.myntra.com/gateway/v4/search/dollar-socks?rows=50&o=600&plaEnabled=false&xdEnabled=false&isFacet=true&p=13 on attempt 3/3: HTTP Error 400:  | run_id=run_20260929_110725_467584_2daea7 | route=https://www.myntra.com/gateway/v4/search/dollar-socks?rows=50&o=600&plaEnabled=false&xdEnabled=false&isFacet=true&p=13 | attempt=3/3
2026-09-29 11:46:52 | WARNING | NETWORK   | JSON request failed for https://www.myntra.com/gateway/v4/search/dollar-socks?rows=50&o=599&plaEnabled=false&xdEnabled=false&isFacet=true&p=13 on attempt 1/3: HTTP Error 400:  | run_id=run_20260929_110725_467584_2daea7 | route=https://www.myntra.com/gateway/v4/search/dollar-socks?rows=50&o=599&plaEnabled=false&xdEnabled=false&isFacet=true&p=13 | attempt=1/3
2026-09-29 11:46:54 | WARNING | NETWORK   | JSON request failed for https://www.myntra.com/gateway/v4/search/dollar-socks?rows=50&o=599&plaEnabled=false&xdEnabled=false&isFacet=true&p=13 on attempt 2/3: HTTP Error 400:  | run_id=run_20260929_110725_467584_2daea7 | route=https://www.myntra.com/gateway/v4/search/dollar-socks?rows=50&o=599&plaEnabled=false&xdEnabled=false&isFacet=true&p=13 | attempt=2/3
2026-09-29 11:46:56 | WARNING | NETWORK   | JSON request failed for https://www.myntra.com/gateway/v4/search/dollar-socks?rows=50&o=599&plaEnabled=false&xdEnabled=false&isFacet=true&p=13 on attempt 3/3: HTTP Error 400:  | run_id=run_20260929_110725_467584_2daea7 | route=https://www.myntra.com/gateway/v4/search/dollar-socks?rows=50&o=599&plaEnabled=false&xdEnabled=false&isFacet=true&p=13 | attempt=3/3
2026-09-29 11:46:57 | WARNING | LISTING   | Route fetch failed for https://www.myntra.com/dollar-socks page 13 (Failed to fetch JSON payload from https://www.myntra.com/gateway/v4/search/dollar-socks?rows=50&o=599&plaEnabled=false&xdEnabled=false&isFacet=true&p=13: HTTP Error 400: ). Will retry with another pass or fallback route. | run_id=run_20260929_110725_467584_2daea7 | brand=Dollar (Forcenxt) | page=13 | route=https://www.myntra.com/dollar-socks
2026-09-29 11:46:57 | INFO    | BRAND     | Skipping redundant route https://www.myntra.com/bra?f=Brand%3ADollar%20Missy for Dollar (Forcenxt) (100% of first page already captured). | run_id=run_20260929_110725_467584_2daea7 | brand=Dollar (Forcenxt) | route=https://www.myntra.com/bra?f=Brand%3ADollar%20Missy
2026-09-29 11:46:57 | INFO    | LISTING   | Listing Dollar (Forcenxt) route https://www.myntra.com/camisoles?f=Brand%3ADollar%20Missy page 1 -> https://www.myntra.com/gateway/v4/search/camisoles?f=Brand%3ADollar+Missy&rows=50&o=0&plaEnabled=false&xdEnabled=false&isFacet=true&p=1 | run_id=run_20260929_110725_467584_2daea7 | brand=Dollar (Forcenxt) | page=1 | route=https://www.myntra.com/camisoles?f=Brand%3ADollar%20Missy | seen=0 | expected=288
2026-09-29 11:46:58 | INFO    | LISTING   | Listing Dollar (Forcenxt) route https://www.myntra.com/camisoles?f=Brand%3ADollar%20Missy page 2 -> https://www.myntra.com/gateway/v4/search/camisoles?f=Brand%3ADollar+Missy&rows=50&o=50&plaEnabled=false&xdEnabled=false&isFacet=true&p=2 | run_id=run_20260929_110725_467584_2daea7 | brand=Dollar (Forcenxt) | page=2 | route=https://www.myntra.com/camisoles?f=Brand%3ADollar%20Missy | seen=0 | expected=288
2026-09-29 11:46:58 | INFO    | LISTING   | Listing Dollar (Forcenxt) route https://www.myntra.com/camisoles?f=Brand%3ADollar%20Missy page 3 -> https://www.myntra.com/gateway/v4/search/camisoles?f=Brand%3ADollar+Missy&rows=50&o=100&plaEnabled=false&xdEnabled=false&isFacet=true&p=3 | run_id=run_20260929_110725_467584_2daea7 | brand=Dollar (Forcenxt) | page=3 | route=https://www.myntra.com/camisoles?f=Brand%3ADollar%20Missy | seen=0 | expected=288
2026-09-29 11:46:59 | WARNING | LISTING   | Route https://www.myntra.com/camisoles?f=Brand%3ADollar%20Missy for Dollar (Forcenxt) stalled for 3 consecutive pages before reaching expected total; restarting route pass. | run_id=run_20260929_110725_467584_2daea7 | brand=Dollar (Forcenxt) | page=3 | route=https://www.myntra.com/camisoles?f=Brand%3ADollar%20Missy | seen=0 | expected=288
2026-09-29 11:46:59 | WARNING | LISTING   | Retrying route https://www.myntra.com/camisoles?f=Brand%3ADollar%20Missy for Dollar (Forcenxt) (pass 1/2) after incomplete coverage: 0/288 unique products seen. | run_id=run_20260929_110725_467584_2daea7 | brand=Dollar (Forcenxt) | route=https://www.myntra.com/camisoles?f=Brand%3ADollar%20Missy | seen=0 | expected=288 | attempt=1/2
2026-09-29 11:46:59 | INFO    | LISTING   | Listing Dollar (Forcenxt) route https://www.myntra.com/camisoles?f=Brand%3ADollar%20Missy page 1 -> https://www.myntra.com/gateway/v4/search/camisoles?f=Brand%3ADollar+Missy&rows=50&o=0&plaEnabled=false&xdEnabled=false&isFacet=true&p=1 | run_id=run_20260929_110725_467584_2daea7 | brand=Dollar (Forcenxt) | page=1 | route=https://www.myntra.com/camisoles?f=Brand%3ADollar%20Missy | seen=0 | expected=288
2026-09-29 11:47:02 | INFO    | LISTING   | Listing Dollar (Forcenxt) route https://www.myntra.com/camisoles?f=Brand%3ADollar%20Missy page 2 -> https://www.myntra.com/gateway/v4/search/camisoles?f=Brand%3ADollar+Missy&rows=50&o=50&plaEnabled=false&xdEnabled=false&isFacet=true&p=2 | run_id=run_20260929_110725_467584_2daea7 | brand=Dollar (Forcenxt) | page=2 | route=https://www.myntra.com/camisoles?f=Brand%3ADollar%20Missy | seen=0 | expected=288
2026-09-29 11:47:03 | INFO    | LISTING   | Listing Dollar (Forcenxt) route https://www.myntra.com/camisoles?f=Brand%3ADollar%20Missy page 3 -> https://www.myntra.com/gateway/v4/search/camisoles?f=Brand%3ADollar+Missy&rows=50&o=100&plaEnabled=false&xdEnabled=false&isFacet=true&p=3 | run_id=run_20260929_110725_467584_2daea7 | brand=Dollar (Forcenxt) | page=3 | route=https://www.myntra.com/camisoles?f=Brand%3ADollar%20Missy | seen=0 | expected=288
2026-09-29 11:47:03 | WARNING | LISTING   | Route https://www.myntra.com/camisoles?f=Brand%3ADollar%20Missy for Dollar (Forcenxt) stalled for 3 consecutive pages before reaching expected total; restarting route pass. | run_id=run_20260929_110725_467584_2daea7 | brand=Dollar (Forcenxt) | page=3 | route=https://www.myntra.com/camisoles?f=Brand%3ADollar%20Missy | seen=0 | expected=288
2026-09-29 11:47:03 | WARNING | LISTING   | Retrying route https://www.myntra.com/camisoles?f=Brand%3ADollar%20Missy for Dollar (Forcenxt) (pass 2/2) after incomplete coverage: 0/288 unique products seen. | run_id=run_20260929_110725_467584_2daea7 | brand=Dollar (Forcenxt) | route=https://www.myntra.com/camisoles?f=Brand%3ADollar%20Missy | seen=0 | expected=288 | attempt=2/2
2026-09-29 11:47:03 | INFO    | LISTING   | Listing Dollar (Forcenxt) route https://www.myntra.com/camisoles?f=Brand%3ADollar%20Missy page 1 -> https://www.myntra.com/gateway/v4/search/camisoles?f=Brand%3ADollar+Missy&rows=50&o=0&plaEnabled=false&xdEnabled=false&isFacet=true&p=1 | run_id=run_20260929_110725_467584_2daea7 | brand=Dollar (Forcenxt) | page=1 | route=https://www.myntra.com/camisoles?f=Brand%3ADollar%20Missy | seen=0 | expected=288
2026-09-29 11:47:04 | INFO    | LISTING   | Listing Dollar (Forcenxt) route https://www.myntra.com/camisoles?f=Brand%3ADollar%20Missy page 2 -> https://www.myntra.com/gateway/v4/search/camisoles?f=Brand%3ADollar+Missy&rows=50&o=50&plaEnabled=false&xdEnabled=false&isFacet=true&p=2 | run_id=run_20260929_110725_467584_2daea7 | brand=Dollar (Forcenxt) | page=2 | route=https://www.myntra.com/camisoles?f=Brand%3ADollar%20Missy | seen=0 | expected=288
2026-09-29 11:47:05 | INFO    | LISTING   | Listing Dollar (Forcenxt) route https://www.myntra.com/camisoles?f=Brand%3ADollar%20Missy page 3 -> https://www.myntra.com/gateway/v4/search/camisoles?f=Brand%3ADollar+Missy&rows=50&o=100&plaEnabled=false&xdEnabled=false&isFacet=true&p=3 | run_id=run_20260929_110725_467584_2daea7 | brand=Dollar (Forcenxt) | page=3 | route=https://www.myntra.com/camisoles?f=Brand%3ADollar%20Missy | seen=0 | expected=288
2026-09-29 11:47:05 | WARNING | LISTING   | Route https://www.myntra.com/camisoles?f=Brand%3ADollar%20Missy for Dollar (Forcenxt) stalled for 3 consecutive pages before reaching expected total; restarting route pass. | run_id=run_20260929_110725_467584_2daea7 | brand=Dollar (Forcenxt) | page=3 | route=https://www.myntra.com/camisoles?f=Brand%3ADollar%20Missy | seen=0 | expected=288
2026-09-29 11:47:05 | INFO    | LISTING   | Listing Dollar (Forcenxt) route https://www.myntra.com/trousers?f=Brand%3ADollar%20Missy page 1 -> https://www.myntra.com/gateway/v4/search/trousers?f=Brand%3ADollar+Missy&rows=50&o=0&plaEnabled=false&xdEnabled=false&isFacet=true&p=1 | run_id=run_20260929_110725_467584_2daea7 | brand=Dollar (Forcenxt) | page=1 | route=https://www.myntra.com/trousers?f=Brand%3ADollar%20Missy | seen=0 | expected=255
2026-09-29 11:47:07 | INFO    | LISTING   | Listing Dollar (Forcenxt) route https://www.myntra.com/trousers?f=Brand%3ADollar%20Missy page 2 -> https://www.myntra.com/gateway/v4/search/trousers?f=Brand%3ADollar+Missy&rows=50&o=50&plaEnabled=false&xdEnabled=false&isFacet=true&p=2 | run_id=run_20260929_110725_467584_2daea7 | brand=Dollar (Forcenxt) | page=2 | route=https://www.myntra.com/trousers?f=Brand%3ADollar%20Missy | seen=0 | expected=255
2026-09-29 11:47:07 | INFO    | LISTING   | Listing Dollar (Forcenxt) route https://www.myntra.com/trousers?f=Brand%3ADollar%20Missy page 3 -> https://www.myntra.com/gateway/v4/search/trousers?f=Brand%3ADollar+Missy&rows=50&o=100&plaEnabled=false&xdEnabled=false&isFacet=true&p=3 | run_id=run_20260929_110725_467584_2daea7 | brand=Dollar (Forcenxt) | page=3 | route=https://www.myntra.com/trousers?f=Brand%3ADollar%20Missy | seen=0 | expected=255
2026-09-29 11:47:08 | WARNING | LISTING   | Route https://www.myntra.com/trousers?f=Brand%3ADollar%20Missy for Dollar (Forcenxt) stalled for 3 consecutive pages before reaching expected total; restarting route pass. | run_id=run_20260929_110725_467584_2daea7 | brand=Dollar (Forcenxt) | page=3 | route=https://www.myntra.com/trousers?f=Brand%3ADollar%20Missy | seen=0 | expected=255
2026-09-29 11:47:08 | WARNING | LISTING   | Retrying route https://www.myntra.com/trousers?f=Brand%3ADollar%20Missy for Dollar (Forcenxt) (pass 1/2) after incomplete coverage: 0/255 unique products seen. | run_id=run_20260929_110725_467584_2daea7 | brand=Dollar (Forcenxt) | route=https://www.myntra.com/trousers?f=Brand%3ADollar%20Missy | seen=0 | expected=255 | attempt=1/2
2026-09-29 11:47:08 | INFO    | LISTING   | Listing Dollar (Forcenxt) route https://www.myntra.com/trousers?f=Brand%3ADollar%20Missy page 1 -> https://www.myntra.com/gateway/v4/search/trousers?f=Brand%3ADollar+Missy&rows=50&o=0&plaEnabled=false&xdEnabled=false&isFacet=true&p=1 | run_id=run_20260929_110725_467584_2daea7 | brand=Dollar (Forcenxt) | page=1 | route=https://www.myntra.com/trousers?f=Brand%3ADollar%20Missy | seen=0 | expected=255
2026-09-29 11:47:09 | INFO    | LISTING   | Listing Dollar (Forcenxt) route https://www.myntra.com/trousers?f=Brand%3ADollar%20Missy page 2 -> https://www.myntra.com/gateway/v4/search/trousers?f=Brand%3ADollar+Missy&rows=50&o=50&plaEnabled=false&xdEnabled=false&isFacet=true&p=2 | run_id=run_20260929_110725_467584_2daea7 | brand=Dollar (Forcenxt) | page=2 | route=https://www.myntra.com/trousers?f=Brand%3ADollar%20Missy | seen=0 | expected=255
2026-09-29 11:47:10 | INFO    | LISTING   | Listing Dollar (Forcenxt) route https://www.myntra.com/trousers?f=Brand%3ADollar%20Missy page 3 -> https://www.myntra.com/gateway/v4/search/trousers?f=Brand%3ADollar+Missy&rows=50&o=100&plaEnabled=false&xdEnabled=false&isFacet=true&p=3 | run_id=run_20260929_110725_467584_2daea7 | brand=Dollar (Forcenxt) | page=3 | route=https://www.myntra.com/trousers?f=Brand%3ADollar%20Missy | seen=0 | expected=255
2026-09-29 11:47:11 | WARNING | LISTING   | Route https://www.myntra.com/trousers?f=Brand%3ADollar%20Missy for Dollar (Forcenxt) stalled for 3 consecutive pages before reaching expected total; restarting route pass. | run_id=run_20260929_110725_467584_2daea7 | brand=Dollar (Forcenxt) | page=3 | route=https://www.myntra.com/trousers?f=Brand%3ADollar%20Missy | seen=0 | expected=255
2026-09-29 11:47:11 | WARNING | LISTING   | Retrying route https://www.myntra.com/trousers?f=Brand%3ADollar%20Missy for Dollar (Forcenxt) (pass 2/2) after incomplete coverage: 0/255 unique products seen. | run_id=run_20260929_110725_467584_2daea7 | brand=Dollar (Forcenxt) | route=https://www.myntra.com/trousers?f=Brand%3ADollar%20Missy | seen=0 | expected=255 | attempt=2/2
2026-09-29 11:47:11 | INFO    | LISTING   | Listing Dollar (Forcenxt) route https://www.myntra.com/trousers?f=Brand%3ADollar%20Missy page 1 -> https://www.myntra.com/gateway/v4/search/trousers?f=Brand%3ADollar+Missy&rows=50&o=0&plaEnabled=false&xdEnabled=false&isFacet=true&p=1 | run_id=run_20260929_110725_467584_2daea7 | brand=Dollar (Forcenxt) | page=1 | route=https://www.myntra.com/trousers?f=Brand%3ADollar%20Missy | seen=0 | expected=255
2026-09-29 11:47:12 | INFO    | LISTING   | Listing Dollar (Forcenxt) route https://www.myntra.com/trousers?f=Brand%3ADollar%20Missy page 2 -> https://www.myntra.com/gateway/v4/search/trousers?f=Brand%3ADollar+Missy&rows=50&o=50&plaEnabled=false&xdEnabled=false&isFacet=true&p=2 | run_id=run_20260929_110725_467584_2daea7 | brand=Dollar (Forcenxt) | page=2 | route=https://www.myntra.com/trousers?f=Brand%3ADollar%20Missy | seen=0 | expected=255
2026-09-29 11:47:13 | INFO    | LISTING   | Listing Dollar (Forcenxt) route https://www.myntra.com/trousers?f=Brand%3ADollar%20Missy page 3 -> https://www.myntra.com/gateway/v4/search/trousers?f=Brand%3ADollar+Missy&rows=50&o=100&plaEnabled=false&xdEnabled=false&isFacet=true&p=3 | run_id=run_20260929_110725_467584_2daea7 | brand=Dollar (Forcenxt) | page=3 | route=https://www.myntra.com/trousers?f=Brand%3ADollar%20Missy | seen=0 | expected=255
2026-09-29 11:47:13 | WARNING | LISTING   | Route https://www.myntra.com/trousers?f=Brand%3ADollar%20Missy for Dollar (Forcenxt) stalled for 3 consecutive pages before reaching expected total; restarting route pass. | run_id=run_20260929_110725_467584_2daea7 | brand=Dollar (Forcenxt) | page=3 | route=https://www.myntra.com/trousers?f=Brand%3ADollar%20Missy | seen=0 | expected=255
2026-09-29 11:47:13 | INFO    | LISTING   | Listing Dollar (Forcenxt) route https://www.myntra.com/trunk?f=Brand%3ADollar page 1 -> https://www.myntra.com/gateway/v4/search/trunk?f=Brand%3ADollar&rows=50&o=0&plaEnabled=false&xdEnabled=false&isFacet=true&p=1 | run_id=run_20260929_110725_467584_2daea7 | brand=Dollar (Forcenxt) | page=1 | route=https://www.myntra.com/trunk?f=Brand%3ADollar | seen=0 | expected=233
2026-09-29 11:47:14 | INFO    | LISTING   | Listing Dollar (Forcenxt) route https://www.myntra.com/trunk?f=Brand%3ADollar page 2 -> https://www.myntra.com/gateway/v4/search/trunk?f=Brand%3ADollar&rows=50&o=50&plaEnabled=false&xdEnabled=false&isFacet=true&p=2 | run_id=run_20260929_110725_467584_2daea7 | brand=Dollar (Forcenxt) | page=2 | route=https://www.myntra.com/trunk?f=Brand%3ADollar | seen=50 | expected=233
2026-09-29 11:47:15 | INFO    | LISTING   | Listing Dollar (Forcenxt) route https://www.myntra.com/trunk?f=Brand%3ADollar page 3 -> https://www.myntra.com/gateway/v4/search/trunk?f=Brand%3ADollar&rows=50&o=100&plaEnabled=false&xdEnabled=false&isFacet=true&p=3 | run_id=run_20260929_110725_467584_2daea7 | brand=Dollar (Forcenxt) | page=3 | route=https://www.myntra.com/trunk?f=Brand%3ADollar | seen=100 | expected=233
2026-09-29 11:47:15 | INFO    | LISTING   | Listing Dollar (Forcenxt) route https://www.myntra.com/trunk?f=Brand%3ADollar page 4 -> https://www.myntra.com/gateway/v4/search/trunk?f=Brand%3ADollar&rows=50&o=150&plaEnabled=false&xdEnabled=false&isFacet=true&p=4 | run_id=run_20260929_110725_467584_2daea7 | brand=Dollar (Forcenxt) | page=4 | route=https://www.myntra.com/trunk?f=Brand%3ADollar | seen=150 | expected=233
2026-09-29 11:47:16 | INFO    | LISTING   | Listing Dollar (Forcenxt) route https://www.myntra.com/trunk?f=Brand%3ADollar page 5 -> https://www.myntra.com/gateway/v4/search/trunk?f=Brand%3ADollar&rows=50&o=200&plaEnabled=false&xdEnabled=false&isFacet=true&p=5 | run_id=run_20260929_110725_467584_2daea7 | brand=Dollar (Forcenxt) | page=5 | route=https://www.myntra.com/trunk?f=Brand%3ADollar | seen=200 | expected=233
2026-09-29 11:47:16 | INFO    | LISTING   | Listing Dollar (Forcenxt) route https://www.myntra.com/trunk?f=Brand%3ADollar page 6 -> https://www.myntra.com/gateway/v4/search/trunk?f=Brand%3ADollar&rows=50&o=250&plaEnabled=false&xdEnabled=false&isFacet=true&p=6 | run_id=run_20260929_110725_467584_2daea7 | brand=Dollar (Forcenxt) | page=6 | route=https://www.myntra.com/trunk?f=Brand%3ADollar | seen=232 | expected=233
2026-09-29 11:47:17 | WARNING | LISTING   | Empty listing page for Dollar (Forcenxt) on page 6 before expected end; continuing. | run_id=run_20260929_110725_467584_2daea7 | brand=Dollar (Forcenxt) | page=6 | route=https://www.myntra.com/trunk?f=Brand%3ADollar
2026-09-29 11:47:17 | INFO    | LISTING   | Listing Dollar (Forcenxt) route https://www.myntra.com/trunk?f=Brand%3ADollar page 7 -> https://www.myntra.com/gateway/v4/search/trunk?f=Brand%3ADollar&rows=50&o=300&plaEnabled=false&xdEnabled=false&isFacet=true&p=7 | run_id=run_20260929_110725_467584_2daea7 | brand=Dollar (Forcenxt) | page=7 | route=https://www.myntra.com/trunk?f=Brand%3ADollar | seen=232 | expected=233
2026-09-29 11:47:17 | INFO    | LISTING   | Listing Dollar (Forcenxt) route https://www.myntra.com/shorts?f=Brand%3ADollar page 1 -> https://www.myntra.com/gateway/v4/search/shorts?f=Brand%3ADollar&rows=50&o=0&plaEnabled=false&xdEnabled=false&isFacet=true&p=1 | run_id=run_20260929_110725_467584_2daea7 | brand=Dollar (Forcenxt) | page=1 | route=https://www.myntra.com/shorts?f=Brand%3ADollar | seen=0 | expected=230
2026-09-29 11:47:18 | INFO    | LISTING   | Listing Dollar (Forcenxt) route https://www.myntra.com/shorts?f=Brand%3ADollar page 2 -> https://www.myntra.com/gateway/v4/search/shorts?f=Brand%3ADollar&rows=50&o=50&plaEnabled=false&xdEnabled=false&isFacet=true&p=2 | run_id=run_20260929_110725_467584_2daea7 | brand=Dollar (Forcenxt) | page=2 | route=https://www.myntra.com/shorts?f=Brand%3ADollar | seen=50 | expected=230
2026-09-29 11:47:19 | INFO    | LISTING   | Listing Dollar (Forcenxt) route https://www.myntra.com/shorts?f=Brand%3ADollar page 3 -> https://www.myntra.com/gateway/v4/search/shorts?f=Brand%3ADollar&rows=50&o=100&plaEnabled=false&xdEnabled=false&isFacet=true&p=3 | run_id=run_20260929_110725_467584_2daea7 | brand=Dollar (Forcenxt) | page=3 | route=https://www.myntra.com/shorts?f=Brand%3ADollar | seen=100 | expected=230
2026-09-29 11:47:20 | INFO    | LISTING   | Listing Dollar (Forcenxt) route https://www.myntra.com/shorts?f=Brand%3ADollar page 4 -> https://www.myntra.com/gateway/v4/search/shorts?f=Brand%3ADollar&rows=50&o=150&plaEnabled=false&xdEnabled=false&isFacet=true&p=4 | run_id=run_20260929_110725_467584_2daea7 | brand=Dollar (Forcenxt) | page=4 | route=https://www.myntra.com/shorts?f=Brand%3ADollar | seen=150 | expected=230
2026-09-29 11:47:21 | INFO    | LISTING   | Listing Dollar (Forcenxt) route https://www.myntra.com/shorts?f=Brand%3ADollar page 5 -> https://www.myntra.com/gateway/v4/search/shorts?f=Brand%3ADollar&rows=50&o=200&plaEnabled=false&xdEnabled=false&isFacet=true&p=5 | run_id=run_20260929_110725_467584_2daea7 | brand=Dollar (Forcenxt) | page=5 | route=https://www.myntra.com/shorts?f=Brand%3ADollar | seen=200 | expected=230
2026-09-29 11:47:21 | INFO    | LISTING   | Listing Dollar (Forcenxt) route https://www.myntra.com/shorts?f=Brand%3ADollar page 6 -> https://www.myntra.com/gateway/v4/search/shorts?f=Brand%3ADollar&rows=50&o=250&plaEnabled=false&xdEnabled=false&isFacet=true&p=6 | run_id=run_20260929_110725_467584_2daea7 | brand=Dollar (Forcenxt) | page=6 | route=https://www.myntra.com/shorts?f=Brand%3ADollar | seen=230 | expected=230
2026-09-29 11:47:22 | WARNING | LISTING   | Empty listing page for Dollar (Forcenxt) on page 6 before expected end; continuing. | run_id=run_20260929_110725_467584_2daea7 | brand=Dollar (Forcenxt) | page=6 | route=https://www.myntra.com/shorts?f=Brand%3ADollar
2026-09-29 11:47:22 | INFO    | LISTING   | Listing Dollar (Forcenxt) route https://www.myntra.com/shorts?f=Brand%3ADollar page 7 -> https://www.myntra.com/gateway/v4/search/shorts?f=Brand%3ADollar&rows=50&o=300&plaEnabled=false&xdEnabled=false&isFacet=true&p=7 | run_id=run_20260929_110725_467584_2daea7 | brand=Dollar (Forcenxt) | page=7 | route=https://www.myntra.com/shorts?f=Brand%3ADollar | seen=230 | expected=230
2026-09-29 11:47:22 | WARNING | LISTING   | Empty listing page for Dollar (Forcenxt) on page 7 before expected end; continuing. | run_id=run_20260929_110725_467584_2daea7 | brand=Dollar (Forcenxt) | page=7 | route=https://www.myntra.com/shorts?f=Brand%3ADollar
2026-09-29 11:47:22 | INFO    | LISTING   | Listing Dollar (Forcenxt) route https://www.myntra.com/shorts?f=Brand%3ADollar page 8 -> https://www.myntra.com/gateway/v4/search/shorts?f=Brand%3ADollar&rows=50&o=350&plaEnabled=false&xdEnabled=false&isFacet=true&p=8 | run_id=run_20260929_110725_467584_2daea7 | brand=Dollar (Forcenxt) | page=8 | route=https://www.myntra.com/shorts?f=Brand%3ADollar | seen=230 | expected=230
2026-09-29 11:47:23 | INFO    | LISTING   | Listing Dollar (Forcenxt) route https://www.myntra.com/track-pants?f=Brand%3ADollar page 1 -> https://www.myntra.com/gateway/v4/search/track-pants?f=Brand%3ADollar&rows=50&o=0&plaEnabled=false&xdEnabled=false&isFacet=true&p=1 | run_id=run_20260929_110725_467584_2daea7 | brand=Dollar (Forcenxt) | page=1 | route=https://www.myntra.com/track-pants?f=Brand%3ADollar | seen=0 | expected=151
2026-09-29 11:47:24 | INFO    | LISTING   | Listing Dollar (Forcenxt) route https://www.myntra.com/track-pants?f=Brand%3ADollar page 2 -> https://www.myntra.com/gateway/v4/search/track-pants?f=Brand%3ADollar&rows=50&o=50&plaEnabled=false&xdEnabled=false&isFacet=true&p=2 | run_id=run_20260929_110725_467584_2daea7 | brand=Dollar (Forcenxt) | page=2 | route=https://www.myntra.com/track-pants?f=Brand%3ADollar | seen=50 | expected=151
2026-09-29 11:47:24 | INFO    | LISTING   | Listing Dollar (Forcenxt) route https://www.myntra.com/track-pants?f=Brand%3ADollar page 3 -> https://www.myntra.com/gateway/v4/search/track-pants?f=Brand%3ADollar&rows=50&o=100&plaEnabled=false&xdEnabled=false&isFacet=true&p=3 | run_id=run_20260929_110725_467584_2daea7 | brand=Dollar (Forcenxt) | page=3 | route=https://www.myntra.com/track-pants?f=Brand%3ADollar | seen=100 | expected=151
2026-09-29 11:47:25 | INFO    | LISTING   | Listing Dollar (Forcenxt) route https://www.myntra.com/track-pants?f=Brand%3ADollar page 4 -> https://www.myntra.com/gateway/v4/search/track-pants?f=Brand%3ADollar&rows=50&o=150&plaEnabled=false&xdEnabled=false&isFacet=true&p=4 | run_id=run_20260929_110725_467584_2daea7 | brand=Dollar (Forcenxt) | page=4 | route=https://www.myntra.com/track-pants?f=Brand%3ADollar | seen=150 | expected=151
2026-09-29 11:47:25 | INFO    | LISTING   | Listing Dollar (Forcenxt) route https://www.myntra.com/track-pants?f=Brand%3ADollar page 5 -> https://www.myntra.com/gateway/v4/search/track-pants?f=Brand%3ADollar&rows=50&o=200&plaEnabled=false&xdEnabled=false&isFacet=true&p=5 | run_id=run_20260929_110725_467584_2daea7 | brand=Dollar (Forcenxt) | page=5 | route=https://www.myntra.com/track-pants?f=Brand%3ADollar | seen=151 | expected=151
2026-09-29 11:47:26 | INFO    | LISTING   | Listing Dollar (Forcenxt) route https://www.myntra.com/briefs?f=Brand%3ADollar page 1 -> https://www.myntra.com/gateway/v4/search/briefs?f=Brand%3ADollar&rows=50&o=0&plaEnabled=false&xdEnabled=false&isFacet=true&p=1 | run_id=run_20260929_110725_467584_2daea7 | brand=Dollar (Forcenxt) | page=1 | route=https://www.myntra.com/briefs?f=Brand%3ADollar | seen=0 | expected=119
2026-09-29 11:47:27 | INFO    | LISTING   | Listing Dollar (Forcenxt) route https://www.myntra.com/briefs?f=Brand%3ADollar page 2 -> https://www.myntra.com/gateway/v4/search/briefs?f=Brand%3ADollar&rows=50&o=50&plaEnabled=false&xdEnabled=false&isFacet=true&p=2 | run_id=run_20260929_110725_467584_2daea7 | brand=Dollar (Forcenxt) | page=2 | route=https://www.myntra.com/briefs?f=Brand%3ADollar | seen=50 | expected=119
2026-09-29 11:47:28 | INFO    | LISTING   | Listing Dollar (Forcenxt) route https://www.myntra.com/briefs?f=Brand%3ADollar page 3 -> https://www.myntra.com/gateway/v4/search/briefs?f=Brand%3ADollar&rows=50&o=100&plaEnabled=false&xdEnabled=false&isFacet=true&p=3 | run_id=run_20260929_110725_467584_2daea7 | brand=Dollar (Forcenxt) | page=3 | route=https://www.myntra.com/briefs?f=Brand%3ADollar | seen=100 | expected=119
2026-09-29 11:47:28 | INFO    | LISTING   | Listing Dollar (Forcenxt) route https://www.myntra.com/briefs?f=Brand%3ADollar page 4 -> https://www.myntra.com/gateway/v4/search/briefs?f=Brand%3ADollar&rows=50&o=150&plaEnabled=false&xdEnabled=false&isFacet=true&p=4 | run_id=run_20260929_110725_467584_2daea7 | brand=Dollar (Forcenxt) | page=4 | route=https://www.myntra.com/briefs?f=Brand%3ADollar | seen=119 | expected=119
2026-09-29 11:47:29 | INFO    | LISTING   | Listing Dollar (Forcenxt) route https://www.myntra.com/thermal?f=Brand%3ADollar page 1 -> https://www.myntra.com/gateway/v4/search/thermal?f=Brand%3ADollar&rows=50&o=0&plaEnabled=false&xdEnabled=false&isFacet=true&p=1 | run_id=run_20260929_110725_467584_2daea7 | brand=Dollar (Forcenxt) | page=1 | route=https://www.myntra.com/thermal?f=Brand%3ADollar | seen=0 | expected=92
2026-09-29 11:47:30 | INFO    | LISTING   | Listing Dollar (Forcenxt) route https://www.myntra.com/thermal?f=Brand%3ADollar page 2 -> https://www.myntra.com/gateway/v4/search/thermal?f=Brand%3ADollar&rows=50&o=50&plaEnabled=false&xdEnabled=false&isFacet=true&p=2 | run_id=run_20260929_110725_467584_2daea7 | brand=Dollar (Forcenxt) | page=2 | route=https://www.myntra.com/thermal?f=Brand%3ADollar | seen=50 | expected=92
2026-09-29 11:47:30 | INFO    | LISTING   | Listing Dollar (Forcenxt) route https://www.myntra.com/thermal?f=Brand%3ADollar page 3 -> https://www.myntra.com/gateway/v4/search/thermal?f=Brand%3ADollar&rows=50&o=100&plaEnabled=false&xdEnabled=false&isFacet=true&p=3 | run_id=run_20260929_110725_467584_2daea7 | brand=Dollar (Forcenxt) | page=3 | route=https://www.myntra.com/thermal?f=Brand%3ADollar | seen=92 | expected=92
2026-09-29 11:47:31 | INFO    | LISTING   | Listing Dollar (Forcenxt) route https://www.myntra.com/dollar-ultra page 1 -> https://www.myntra.com/gateway/v4/search/dollar-ultra?rows=50&o=0&plaEnabled=false&xdEnabled=false&isFacet=true&p=1 | run_id=run_20260929_110725_467584_2daea7 | brand=Dollar (Forcenxt) | page=1 | route=https://www.myntra.com/dollar-ultra | seen=0 | expected=77
2026-09-29 11:47:32 | INFO    | LISTING   | Listing Dollar (Forcenxt) route https://www.myntra.com/dollar-ultra page 2 -> https://www.myntra.com/gateway/v4/search/dollar-ultra?rows=50&o=50&plaEnabled=false&xdEnabled=false&isFacet=true&p=2 | run_id=run_20260929_110725_467584_2daea7 | brand=Dollar (Forcenxt) | page=2 | route=https://www.myntra.com/dollar-ultra | seen=50 | expected=77
2026-09-29 11:47:32 | WARNING | BRAND     | Brand Dollar (Forcenxt) finished below expected count: saw 8718 unique activewear products vs expected 11613. | run_id=run_20260929_110725_467584_2daea7 | brand=Dollar (Forcenxt) | seen=8718 | expected=11613
2026-09-29 11:47:32 | INFO    | BRAND     | Brand scrape completed in 4m 31s (1928.43 products/min). | run_id=run_20260929_110725_467584_2daea7 | brand=Dollar (Forcenxt) | status=COMPLETED | saved=8720 | seen=8718 | expected=11613 | elapsed_label=4m 31s | products_per_minute=1928.43
2026-09-29 11:47:32 | INFO    | AUDIT     | Audit retry completed for Dollar (Forcenxt): saved=0, shortfall_before=2894 | run_id=run_20260929_110725_467584_2daea7 | brand=Dollar (Forcenxt) | saved=0
2026-09-29 11:47:32 | INFO    | BRAND     | Resolving brand routes. | run_id=run_20260929_110725_467584_2daea7 | brand=Zoiro
2026-09-29 11:47:36 | INFO    | BRAND     | Resolved Zoiro -> 6 routes (best brand total=659): https://www.myntra.com/zoiro, https://www.myntra.com/zoiro-sportswear, https://www.myntra.com/track-pants?f=Brand%3AZoiro, https://www.myntra.com/tshirts?f=Brand%3AZoiro, https://www.myntra.com/gym-wear?f=Brand%3AZoiro, https://www.myntra.com/sports-wear?f=Brand%3AZoiro | run_id=run_20260929_110725_467584_2daea7 | brand=Zoiro | expected=659
2026-09-29 11:47:36 | INFO    | BRAND     | Starting brand scrape. | run_id=run_20260929_110725_467584_2daea7 | brand=Zoiro | expected=717
2026-09-29 11:47:36 | INFO    | LISTING   | Listing Zoiro route https://www.myntra.com/zoiro page 1 -> https://www.myntra.com/gateway/v4/search/zoiro?rows=50&o=0&plaEnabled=false&xdEnabled=false&isFacet=true&p=1 | run_id=run_20260929_110725_467584_2daea7 | brand=Zoiro | page=1 | route=https://www.myntra.com/zoiro | seen=0 | expected=659
2026-09-29 11:47:37 | INFO    | LISTING   | Listing Zoiro route https://www.myntra.com/zoiro page 2 -> https://www.myntra.com/gateway/v4/search/zoiro?rows=50&o=50&plaEnabled=false&xdEnabled=false&isFacet=true&p=2 | run_id=run_20260929_110725_467584_2daea7 | brand=Zoiro | page=2 | route=https://www.myntra.com/zoiro | seen=50 | expected=659
2026-09-29 11:47:37 | INFO    | LISTING   | Listing Zoiro route https://www.myntra.com/zoiro page 3 -> https://www.myntra.com/gateway/v4/search/zoiro?rows=50&o=100&plaEnabled=false&xdEnabled=false&isFacet=true&p=3 | run_id=run_20260929_110725_467584_2daea7 | brand=Zoiro | page=3 | route=https://www.myntra.com/zoiro | seen=100 | expected=659
2026-09-29 11:47:38 | INFO    | LISTING   | Listing Zoiro route https://www.myntra.com/zoiro page 4 -> https://www.myntra.com/gateway/v4/search/zoiro?rows=50&o=150&plaEnabled=false&xdEnabled=false&isFacet=true&p=4 | run_id=run_20260929_110725_467584_2daea7 | brand=Zoiro | page=4 | route=https://www.myntra.com/zoiro | seen=150 | expected=659
2026-09-29 11:47:38 | INFO    | LISTING   | Listing Zoiro route https://www.myntra.com/zoiro page 5 -> https://www.myntra.com/gateway/v4/search/zoiro?rows=50&o=200&plaEnabled=false&xdEnabled=false&isFacet=true&p=5 | run_id=run_20260929_110725_467584_2daea7 | brand=Zoiro | page=5 | route=https://www.myntra.com/zoiro | seen=195 | expected=659
2026-09-29 11:47:39 | INFO    | LISTING   | Listing Zoiro route https://www.myntra.com/zoiro page 6 -> https://www.myntra.com/gateway/v4/search/zoiro?rows=50&o=250&plaEnabled=false&xdEnabled=false&isFacet=true&p=6 | run_id=run_20260929_110725_467584_2daea7 | brand=Zoiro | page=6 | route=https://www.myntra.com/zoiro | seen=245 | expected=659
2026-09-29 11:47:39 | INFO    | LISTING   | Listing Zoiro route https://www.myntra.com/zoiro page 7 -> https://www.myntra.com/gateway/v4/search/zoiro?rows=50&o=300&plaEnabled=false&xdEnabled=false&isFacet=true&p=7 | run_id=run_20260929_110725_467584_2daea7 | brand=Zoiro | page=7 | route=https://www.myntra.com/zoiro | seen=295 | expected=659
2026-09-29 11:47:40 | INFO    | LISTING   | Listing Zoiro route https://www.myntra.com/zoiro page 8 -> https://www.myntra.com/gateway/v4/search/zoiro?rows=50&o=350&plaEnabled=false&xdEnabled=false&isFacet=true&p=8 | run_id=run_20260929_110725_467584_2daea7 | brand=Zoiro | page=8 | route=https://www.myntra.com/zoiro | seen=345 | expected=659
2026-09-29 11:47:41 | INFO    | LISTING   | Listing Zoiro route https://www.myntra.com/zoiro page 9 -> https://www.myntra.com/gateway/v4/search/zoiro?rows=50&o=400&plaEnabled=false&xdEnabled=false&isFacet=true&p=9 | run_id=run_20260929_110725_467584_2daea7 | brand=Zoiro | page=9 | route=https://www.myntra.com/zoiro | seen=395 | expected=659
2026-09-29 11:47:41 | INFO    | LISTING   | Listing Zoiro route https://www.myntra.com/zoiro page 10 -> https://www.myntra.com/gateway/v4/search/zoiro?rows=50&o=450&plaEnabled=false&xdEnabled=false&isFacet=true&p=10 | run_id=run_20260929_110725_467584_2daea7 | brand=Zoiro | page=10 | route=https://www.myntra.com/zoiro | seen=445 | expected=659
2026-09-29 11:47:42 | INFO    | LISTING   | Listing Zoiro route https://www.myntra.com/zoiro page 11 -> https://www.myntra.com/gateway/v4/search/zoiro?rows=50&o=500&plaEnabled=false&xdEnabled=false&isFacet=true&p=11 | run_id=run_20260929_110725_467584_2daea7 | brand=Zoiro | page=11 | route=https://www.myntra.com/zoiro | seen=494 | expected=659
2026-09-29 11:47:42 | INFO    | LISTING   | Listing Zoiro route https://www.myntra.com/zoiro page 12 -> https://www.myntra.com/gateway/v4/search/zoiro?rows=50&o=550&plaEnabled=false&xdEnabled=false&isFacet=true&p=12 | run_id=run_20260929_110725_467584_2daea7 | brand=Zoiro | page=12 | route=https://www.myntra.com/zoiro | seen=544 | expected=659
2026-09-29 11:47:43 | INFO    | LISTING   | Listing Zoiro route https://www.myntra.com/zoiro page 13 -> https://www.myntra.com/gateway/v4/search/zoiro?rows=50&o=600&plaEnabled=false&xdEnabled=false&isFacet=true&p=13 | run_id=run_20260929_110725_467584_2daea7 | brand=Zoiro | page=13 | route=https://www.myntra.com/zoiro | seen=594 | expected=659
2026-09-29 11:47:44 | INFO    | LISTING   | Listing Zoiro route https://www.myntra.com/zoiro page 14 -> https://www.myntra.com/gateway/v4/search/zoiro?rows=50&o=650&plaEnabled=false&xdEnabled=false&isFacet=true&p=14 | run_id=run_20260929_110725_467584_2daea7 | brand=Zoiro | page=14 | route=https://www.myntra.com/zoiro | seen=643 | expected=659
2026-09-29 11:47:44 | INFO    | LISTING   | Listing Zoiro route https://www.myntra.com/zoiro page 15 -> https://www.myntra.com/gateway/v4/search/zoiro?rows=50&o=700&plaEnabled=false&xdEnabled=false&isFacet=true&p=15 | run_id=run_20260929_110725_467584_2daea7 | brand=Zoiro | page=15 | route=https://www.myntra.com/zoiro | seen=659 | expected=659
2026-09-29 11:47:45 | WARNING | LISTING   | Empty listing page for Zoiro on page 15 before expected end; continuing. | run_id=run_20260929_110725_467584_2daea7 | brand=Zoiro | page=15 | route=https://www.myntra.com/zoiro
2026-09-29 11:47:45 | INFO    | LISTING   | Listing Zoiro route https://www.myntra.com/zoiro page 16 -> https://www.myntra.com/gateway/v4/search/zoiro?rows=50&o=750&plaEnabled=false&xdEnabled=false&isFacet=true&p=16 | run_id=run_20260929_110725_467584_2daea7 | brand=Zoiro | page=16 | route=https://www.myntra.com/zoiro | seen=659 | expected=659
2026-09-29 11:47:45 | WARNING | NETWORK   | JSON request failed for https://www.myntra.com/gateway/v4/search/zoiro?rows=50&o=750&plaEnabled=false&xdEnabled=false&isFacet=true&p=16 on attempt 1/3: HTTP Error 400:  | run_id=run_20260929_110725_467584_2daea7 | route=https://www.myntra.com/gateway/v4/search/zoiro?rows=50&o=750&plaEnabled=false&xdEnabled=false&isFacet=true&p=16 | attempt=1/3
2026-09-29 11:47:47 | WARNING | NETWORK   | JSON request failed for https://www.myntra.com/gateway/v4/search/zoiro?rows=50&o=750&plaEnabled=false&xdEnabled=false&isFacet=true&p=16 on attempt 2/3: HTTP Error 400:  | run_id=run_20260929_110725_467584_2daea7 | route=https://www.myntra.com/gateway/v4/search/zoiro?rows=50&o=750&plaEnabled=false&xdEnabled=false&isFacet=true&p=16 | attempt=2/3
2026-09-29 11:47:50 | WARNING | NETWORK   | JSON request failed for https://www.myntra.com/gateway/v4/search/zoiro?rows=50&o=750&plaEnabled=false&xdEnabled=false&isFacet=true&p=16 on attempt 3/3: HTTP Error 400:  | run_id=run_20260929_110725_467584_2daea7 | route=https://www.myntra.com/gateway/v4/search/zoiro?rows=50&o=750&plaEnabled=false&xdEnabled=false&isFacet=true&p=16 | attempt=3/3
2026-09-29 11:47:50 | WARNING | NETWORK   | JSON request failed for https://www.myntra.com/gateway/v4/search/zoiro?rows=50&o=749&plaEnabled=false&xdEnabled=false&isFacet=true&p=16 on attempt 1/3: HTTP Error 400:  | run_id=run_20260929_110725_467584_2daea7 | route=https://www.myntra.com/gateway/v4/search/zoiro?rows=50&o=749&plaEnabled=false&xdEnabled=false&isFacet=true&p=16 | attempt=1/3
2026-09-29 11:47:52 | WARNING | NETWORK   | JSON request failed for https://www.myntra.com/gateway/v4/search/zoiro?rows=50&o=749&plaEnabled=false&xdEnabled=false&isFacet=true&p=16 on attempt 2/3: HTTP Error 400:  | run_id=run_20260929_110725_467584_2daea7 | route=https://www.myntra.com/gateway/v4/search/zoiro?rows=50&o=749&plaEnabled=false&xdEnabled=false&isFacet=true&p=16 | attempt=2/3
2026-09-29 11:47:55 | WARNING | NETWORK   | JSON request failed for https://www.myntra.com/gateway/v4/search/zoiro?rows=50&o=749&plaEnabled=false&xdEnabled=false&isFacet=true&p=16 on attempt 3/3: HTTP Error 400:  | run_id=run_20260929_110725_467584_2daea7 | route=https://www.myntra.com/gateway/v4/search/zoiro?rows=50&o=749&plaEnabled=false&xdEnabled=false&isFacet=true&p=16 | attempt=3/3
2026-09-29 11:47:55 | WARNING | LISTING   | Route fetch failed for https://www.myntra.com/zoiro page 16 (Failed to fetch JSON payload from https://www.myntra.com/gateway/v4/search/zoiro?rows=50&o=749&plaEnabled=false&xdEnabled=false&isFacet=true&p=16: HTTP Error 400: ). Will retry with another pass or fallback route. | run_id=run_20260929_110725_467584_2daea7 | brand=Zoiro | page=16 | route=https://www.myntra.com/zoiro
2026-09-29 11:47:55 | INFO    | BRAND     | Skipping redundant route https://www.myntra.com/zoiro-sportswear for Zoiro (100% of first page already captured). | run_id=run_20260929_110725_467584_2daea7 | brand=Zoiro | route=https://www.myntra.com/zoiro-sportswear
2026-09-29 11:47:55 | INFO    | BRAND     | Skipping redundant route https://www.myntra.com/track-pants?f=Brand%3AZoiro for Zoiro (100% of first page already captured). | run_id=run_20260929_110725_467584_2daea7 | brand=Zoiro | route=https://www.myntra.com/track-pants?f=Brand%3AZoiro
2026-09-29 11:47:55 | INFO    | BRAND     | Skipping redundant route https://www.myntra.com/tshirts?f=Brand%3AZoiro for Zoiro (100% of first page already captured). | run_id=run_20260929_110725_467584_2daea7 | brand=Zoiro | route=https://www.myntra.com/tshirts?f=Brand%3AZoiro
2026-09-29 11:47:55 | INFO    | LISTING   | Listing Zoiro route https://www.myntra.com/gym-wear?f=Brand%3AZoiro page 1 -> https://www.myntra.com/gateway/v4/search/gym-wear?f=Brand%3AZoiro&rows=50&o=0&plaEnabled=false&xdEnabled=false&isFacet=true&p=1 | run_id=run_20260929_110725_467584_2daea7 | brand=Zoiro | page=1 | route=https://www.myntra.com/gym-wear?f=Brand%3AZoiro | seen=0 | expected=8
2026-09-29 11:47:56 | INFO    | LISTING   | Listing Zoiro route https://www.myntra.com/sports-wear?f=Brand%3AZoiro page 1 -> https://www.myntra.com/gateway/v4/search/sports-wear?f=Brand%3AZoiro&rows=50&o=0&plaEnabled=false&xdEnabled=false&isFacet=true&p=1 | run_id=run_20260929_110725_467584_2daea7 | brand=Zoiro | page=1 | route=https://www.myntra.com/sports-wear?f=Brand%3AZoiro | seen=0 | expected=8
2026-09-29 11:47:57 | INFO    | LISTING   | Listing Zoiro route https://www.myntra.com/sports-wear?f=Brand%3AZoiro page 2 -> https://www.myntra.com/gateway/v4/search/sports-wear?f=Brand%3AZoiro&rows=50&o=50&plaEnabled=false&xdEnabled=false&isFacet=true&p=2 | run_id=run_20260929_110725_467584_2daea7 | brand=Zoiro | page=2 | route=https://www.myntra.com/sports-wear?f=Brand%3AZoiro | seen=8 | expected=8
2026-09-29 11:47:58 | WARNING | BRAND     | Brand Zoiro finished below expected count: saw 659 unique activewear products vs expected 717. | run_id=run_20260929_110725_467584_2daea7 | brand=Zoiro | seen=659 | expected=717
2026-09-29 11:47:58 | INFO    | BRAND     | Brand scrape completed in 26s (1531.56 products/min). | run_id=run_20260929_110725_467584_2daea7 | brand=Zoiro | status=COMPLETED | saved=659 | seen=659 | expected=717 | elapsed_label=26s | products_per_minute=1531.56
2026-09-29 11:47:58 | INFO    | AUDIT     | Audit retry completed for Zoiro: saved=0, shortfall_before=58 | run_id=run_20260929_110725_467584_2daea7 | brand=Zoiro | saved=0
2026-09-29 11:47:58 | INFO    | BRAND     | Resolving brand routes. | run_id=run_20260929_110725_467584_2daea7 | brand=TechnoSport
2026-09-29 11:48:03 | INFO    | BRAND     | Resolved TechnoSport -> 10 routes (best brand total=3461): https://www.myntra.com/technosport, https://www.myntra.com/activewear?f=Brand%3ATechnosport, https://www.myntra.com/sports-wear?f=Brand%3ATechnosport, https://www.myntra.com/technosport-men, https://www.myntra.com/tshirts?f=Brand%3ATechnosport, https://www.myntra.com/track-pants?f=Brand%3ATechnosport, https://www.myntra.com/technosport-women, https://www.myntra.com/shorts?f=Brand%3ATechnosport, https://www.myntra.com/sweatshirts?f=Brand%3ATechnosport, https://www.myntra.com/jackets?f=Brand%3ATechnosport | run_id=run_20260929_110725_467584_2daea7 | brand=TechnoSport | expected=3461
2026-09-29 11:48:03 | INFO    | BRAND     | Starting brand scrape. | run_id=run_20260929_110725_467584_2daea7 | brand=TechnoSport | expected=4788
2026-09-29 11:48:03 | INFO    | LISTING   | Listing TechnoSport route https://www.myntra.com/technosport page 1 -> https://www.myntra.com/gateway/v4/search/technosport?rows=50&o=0&plaEnabled=false&xdEnabled=false&isFacet=true&p=1 | run_id=run_20260929_110725_467584_2daea7 | brand=TechnoSport | page=1 | route=https://www.myntra.com/technosport | seen=0 | expected=3461
2026-09-29 11:48:04 | INFO    | LISTING   | Listing TechnoSport route https://www.myntra.com/technosport page 2 -> https://www.myntra.com/gateway/v4/search/technosport?rows=50&o=50&plaEnabled=false&xdEnabled=false&isFacet=true&p=2 | run_id=run_20260929_110725_467584_2daea7 | brand=TechnoSport | page=2 | route=https://www.myntra.com/technosport | seen=50 | expected=3461
2026-09-29 11:48:05 | INFO    | LISTING   | Listing TechnoSport route https://www.myntra.com/technosport page 3 -> https://www.myntra.com/gateway/v4/search/technosport?rows=50&o=100&plaEnabled=false&xdEnabled=false&isFacet=true&p=3 | run_id=run_20260929_110725_467584_2daea7 | brand=TechnoSport | page=3 | route=https://www.myntra.com/technosport | seen=100 | expected=3461
2026-09-29 11:48:05 | INFO    | LISTING   | Listing TechnoSport route https://www.myntra.com/technosport page 4 -> https://www.myntra.com/gateway/v4/search/technosport?rows=50&o=150&plaEnabled=false&xdEnabled=false&isFacet=true&p=4 | run_id=run_20260929_110725_467584_2daea7 | brand=TechnoSport | page=4 | route=https://www.myntra.com/technosport | seen=150 | expected=3461
2026-09-29 11:48:06 | INFO    | LISTING   | Listing TechnoSport route https://www.myntra.com/technosport page 5 -> https://www.myntra.com/gateway/v4/search/technosport?rows=50&o=200&plaEnabled=false&xdEnabled=false&isFacet=true&p=5 | run_id=run_20260929_110725_467584_2daea7 | brand=TechnoSport | page=5 | route=https://www.myntra.com/technosport | seen=199 | expected=3461
2026-09-29 11:48:06 | INFO    | LISTING   | Listing TechnoSport route https://www.myntra.com/technosport page 6 -> https://www.myntra.com/gateway/v4/search/technosport?rows=50&o=250&plaEnabled=false&xdEnabled=false&isFacet=true&p=6 | run_id=run_20260929_110725_467584_2daea7 | brand=TechnoSport | page=6 | route=https://www.myntra.com/technosport | seen=249 | expected=3461
2026-09-29 11:48:07 | INFO    | LISTING   | Listing TechnoSport route https://www.myntra.com/technosport page 7 -> https://www.myntra.com/gateway/v4/search/technosport?rows=50&o=300&plaEnabled=false&xdEnabled=false&isFacet=true&p=7 | run_id=run_20260929_110725_467584_2daea7 | brand=TechnoSport | page=7 | route=https://www.myntra.com/technosport | seen=299 | expected=3461
2026-09-29 11:48:07 | INFO    | LISTING   | Listing TechnoSport route https://www.myntra.com/technosport page 8 -> https://www.myntra.com/gateway/v4/search/technosport?rows=50&o=350&plaEnabled=false&xdEnabled=false&isFacet=true&p=8 | run_id=run_20260929_110725_467584_2daea7 | brand=TechnoSport | page=8 | route=https://www.myntra.com/technosport | seen=348 | expected=3461
2026-09-29 11:48:08 | INFO    | LISTING   | Listing TechnoSport route https://www.myntra.com/technosport page 9 -> https://www.myntra.com/gateway/v4/search/technosport?rows=50&o=400&plaEnabled=false&xdEnabled=false&isFacet=true&p=9 | run_id=run_20260929_110725_467584_2daea7 | brand=TechnoSport | page=9 | route=https://www.myntra.com/technosport | seen=398 | expected=3461
2026-09-29 11:48:09 | INFO    | LISTING   | Listing TechnoSport route https://www.myntra.com/technosport page 10 -> https://www.myntra.com/gateway/v4/search/technosport?rows=50&o=450&plaEnabled=false&xdEnabled=false&isFacet=true&p=10 | run_id=run_20260929_110725_467584_2daea7 | brand=TechnoSport | page=10 | route=https://www.myntra.com/technosport | seen=448 | expected=3461
2026-09-29 11:48:09 | INFO    | LISTING   | Listing TechnoSport route https://www.myntra.com/technosport page 11 -> https://www.myntra.com/gateway/v4/search/technosport?rows=50&o=500&plaEnabled=false&xdEnabled=false&isFacet=true&p=11 | run_id=run_20260929_110725_467584_2daea7 | brand=TechnoSport | page=11 | route=https://www.myntra.com/technosport | seen=497 | expected=3461
2026-09-29 11:48:10 | INFO    | LISTING   | Listing TechnoSport route https://www.myntra.com/technosport page 12 -> https://www.myntra.com/gateway/v4/search/technosport?rows=50&o=550&plaEnabled=false&xdEnabled=false&isFacet=true&p=12 | run_id=run_20260929_110725_467584_2daea7 | brand=TechnoSport | page=12 | route=https://www.myntra.com/technosport | seen=547 | expected=3461
2026-09-29 11:48:10 | INFO    | LISTING   | Listing TechnoSport route https://www.myntra.com/technosport page 13 -> https://www.myntra.com/gateway/v4/search/technosport?rows=50&o=600&plaEnabled=false&xdEnabled=false&isFacet=true&p=13 | run_id=run_20260929_110725_467584_2daea7 | brand=TechnoSport | page=13 | route=https://www.myntra.com/technosport | seen=596 | expected=3461
2026-09-29 11:48:11 | INFO    | LISTING   | Listing TechnoSport route https://www.myntra.com/technosport page 14 -> https://www.myntra.com/gateway/v4/search/technosport?rows=50&o=650&plaEnabled=false&xdEnabled=false&isFacet=true&p=14 | run_id=run_20260929_110725_467584_2daea7 | brand=TechnoSport | page=14 | route=https://www.myntra.com/technosport | seen=641 | expected=3461
2026-09-29 11:48:12 | INFO    | LISTING   | Listing TechnoSport route https://www.myntra.com/technosport page 15 -> https://www.myntra.com/gateway/v4/search/technosport?rows=50&o=700&plaEnabled=false&xdEnabled=false&isFacet=true&p=15 | run_id=run_20260929_110725_467584_2daea7 | brand=TechnoSport | page=15 | route=https://www.myntra.com/technosport | seen=690 | expected=3461
2026-09-29 11:48:12 | INFO    | LISTING   | Listing TechnoSport route https://www.myntra.com/technosport page 16 -> https://www.myntra.com/gateway/v4/search/technosport?rows=50&o=750&plaEnabled=false&xdEnabled=false&isFacet=true&p=16 | run_id=run_20260929_110725_467584_2daea7 | brand=TechnoSport | page=16 | route=https://www.myntra.com/technosport | seen=740 | expected=3461
2026-09-29 11:48:13 | INFO    | LISTING   | Listing TechnoSport route https://www.myntra.com/technosport page 17 -> https://www.myntra.com/gateway/v4/search/technosport?rows=50&o=800&plaEnabled=false&xdEnabled=false&isFacet=true&p=17 | run_id=run_20260929_110725_467584_2daea7 | brand=TechnoSport | page=17 | route=https://www.myntra.com/technosport | seen=790 | expected=3461
2026-09-29 11:48:13 | INFO    | LISTING   | Listing TechnoSport route https://www.myntra.com/technosport page 18 -> https://www.myntra.com/gateway/v4/search/technosport?rows=50&o=850&plaEnabled=false&xdEnabled=false&isFacet=true&p=18 | run_id=run_20260929_110725_467584_2daea7 | brand=TechnoSport | page=18 | route=https://www.myntra.com/technosport | seen=840 | expected=3461
2026-09-29 11:48:14 | INFO    | LISTING   | Listing TechnoSport route https://www.myntra.com/technosport page 19 -> https://www.myntra.com/gateway/v4/search/technosport?rows=50&o=900&plaEnabled=false&xdEnabled=false&isFacet=true&p=19 | run_id=run_20260929_110725_467584_2daea7 | brand=TechnoSport | page=19 | route=https://www.myntra.com/technosport | seen=883 | expected=3461
2026-09-29 11:48:15 | INFO    | LISTING   | Listing TechnoSport route https://www.myntra.com/technosport page 20 -> https://www.myntra.com/gateway/v4/search/technosport?rows=50&o=950&plaEnabled=false&xdEnabled=false&isFacet=true&p=20 | run_id=run_20260929_110725_467584_2daea7 | brand=TechnoSport | page=20 | route=https://www.myntra.com/technosport | seen=911 | expected=3461
2026-09-29 11:48:15 | INFO    | LISTING   | Listing TechnoSport route https://www.myntra.com/technosport page 21 -> https://www.myntra.com/gateway/v4/search/technosport?rows=50&o=1000&plaEnabled=false&xdEnabled=false&isFacet=true&p=21 | run_id=run_20260929_110725_467584_2daea7 | brand=TechnoSport | page=21 | route=https://www.myntra.com/technosport | seen=959 | expected=3461
2026-09-29 11:48:16 | INFO    | LISTING   | Listing TechnoSport route https://www.myntra.com/technosport page 22 -> https://www.myntra.com/gateway/v4/search/technosport?rows=50&o=1050&plaEnabled=false&xdEnabled=false&isFacet=true&p=22 | run_id=run_20260929_110725_467584_2daea7 | brand=TechnoSport | page=22 | route=https://www.myntra.com/technosport | seen=1009 | expected=3461
2026-09-29 11:48:16 | INFO    | LISTING   | Listing TechnoSport route https://www.myntra.com/technosport page 23 -> https://www.myntra.com/gateway/v4/search/technosport?rows=50&o=1100&plaEnabled=false&xdEnabled=false&isFacet=true&p=23 | run_id=run_20260929_110725_467584_2daea7 | brand=TechnoSport | page=23 | route=https://www.myntra.com/technosport | seen=1059 | expected=3461
2026-09-29 11:48:17 | INFO    | LISTING   | Listing TechnoSport route https://www.myntra.com/technosport page 24 -> https://www.myntra.com/gateway/v4/search/technosport?rows=50&o=1150&plaEnabled=false&xdEnabled=false&isFacet=true&p=24 | run_id=run_20260929_110725_467584_2daea7 | brand=TechnoSport | page=24 | route=https://www.myntra.com/technosport | seen=1109 | expected=3461
2026-09-29 11:48:17 | INFO    | LISTING   | Listing TechnoSport route https://www.myntra.com/technosport page 25 -> https://www.myntra.com/gateway/v4/search/technosport?rows=50&o=1200&plaEnabled=false&xdEnabled=false&isFacet=true&p=25 | run_id=run_20260929_110725_467584_2daea7 | brand=TechnoSport | page=25 | route=https://www.myntra.com/technosport | seen=1158 | expected=3461
2026-09-29 11:48:18 | INFO    | LISTING   | Listing TechnoSport route https://www.myntra.com/technosport page 26 -> https://www.myntra.com/gateway/v4/search/technosport?rows=50&o=1250&plaEnabled=false&xdEnabled=false&isFacet=true&p=26 | run_id=run_20260929_110725_467584_2daea7 | brand=TechnoSport | page=26 | route=https://www.myntra.com/technosport | seen=1207 | expected=3461
2026-09-29 11:48:19 | INFO    | LISTING   | Listing TechnoSport route https://www.myntra.com/technosport page 27 -> https://www.myntra.com/gateway/v4/search/technosport?rows=50&o=1300&plaEnabled=false&xdEnabled=false&isFacet=true&p=27 | run_id=run_20260929_110725_467584_2daea7 | brand=TechnoSport | page=27 | route=https://www.myntra.com/technosport | seen=1255 | expected=3461
2026-09-29 11:48:19 | INFO    | LISTING   | Listing TechnoSport route https://www.myntra.com/technosport page 28 -> https://www.myntra.com/gateway/v4/search/technosport?rows=50&o=1350&plaEnabled=false&xdEnabled=false&isFacet=true&p=28 | run_id=run_20260929_110725_467584_2daea7 | brand=TechnoSport | page=28 | route=https://www.myntra.com/technosport | seen=1304 | expected=3461
2026-09-29 11:48:20 | INFO    | LISTING   | Listing TechnoSport route https://www.myntra.com/technosport page 29 -> https://www.myntra.com/gateway/v4/search/technosport?rows=50&o=1400&plaEnabled=false&xdEnabled=false&isFacet=true&p=29 | run_id=run_20260929_110725_467584_2daea7 | brand=TechnoSport | page=29 | route=https://www.myntra.com/technosport | seen=1354 | expected=3461
2026-09-29 11:48:20 | INFO    | LISTING   | Listing TechnoSport route https://www.myntra.com/technosport page 30 -> https://www.myntra.com/gateway/v4/search/technosport?rows=50&o=1450&plaEnabled=false&xdEnabled=false&isFacet=true&p=30 | run_id=run_20260929_110725_467584_2daea7 | brand=TechnoSport | page=30 | route=https://www.myntra.com/technosport | seen=1404 | expected=3461
2026-09-29 11:48:21 | INFO    | LISTING   | Listing TechnoSport route https://www.myntra.com/technosport page 31 -> https://www.myntra.com/gateway/v4/search/technosport?rows=50&o=1500&plaEnabled=false&xdEnabled=false&isFacet=true&p=31 | run_id=run_20260929_110725_467584_2daea7 | brand=TechnoSport | page=31 | route=https://www.myntra.com/technosport | seen=1454 | expected=3461
2026-09-29 11:48:22 | INFO    | LISTING   | Listing TechnoSport route https://www.myntra.com/technosport page 32 -> https://www.myntra.com/gateway/v4/search/technosport?rows=50&o=1550&plaEnabled=false&xdEnabled=false&isFacet=true&p=32 | run_id=run_20260929_110725_467584_2daea7 | brand=TechnoSport | page=32 | route=https://www.myntra.com/technosport | seen=1504 | expected=3461
2026-09-29 11:48:22 | INFO    | LISTING   | Listing TechnoSport route https://www.myntra.com/technosport page 33 -> https://www.myntra.com/gateway/v4/search/technosport?rows=50&o=1600&plaEnabled=false&xdEnabled=false&isFacet=true&p=33 | run_id=run_20260929_110725_467584_2daea7 | brand=TechnoSport | page=33 | route=https://www.myntra.com/technosport | seen=1554 | expected=3461
2026-09-29 11:48:23 | INFO    | PDP       | Processed 1 target products for TechnoSport in 1s (117.73 products/min). | run_id=run_20260929_110725_467584_2daea7 | brand=TechnoSport | saved=1 | elapsed_label=1s | products_per_minute=117.73
2026-09-29 11:48:23 | INFO    | LISTING   | Listing TechnoSport route https://www.myntra.com/technosport page 34 -> https://www.myntra.com/gateway/v4/search/technosport?rows=50&o=1650&plaEnabled=false&xdEnabled=false&isFacet=true&p=34 | run_id=run_20260929_110725_467584_2daea7 | brand=TechnoSport | page=34 | route=https://www.myntra.com/technosport | seen=1604 | expected=3461
2026-09-29 11:48:24 | INFO    | LISTING   | Listing TechnoSport route https://www.myntra.com/technosport page 35 -> https://www.myntra.com/gateway/v4/search/technosport?rows=50&o=1700&plaEnabled=false&xdEnabled=false&isFacet=true&p=35 | run_id=run_20260929_110725_467584_2daea7 | brand=TechnoSport | page=35 | route=https://www.myntra.com/technosport | seen=1652 | expected=3461
2026-09-29 11:48:24 | INFO    | LISTING   | Listing TechnoSport route https://www.myntra.com/technosport page 36 -> https://www.myntra.com/gateway/v4/search/technosport?rows=50&o=1750&plaEnabled=false&xdEnabled=false&isFacet=true&p=36 | run_id=run_20260929_110725_467584_2daea7 | brand=TechnoSport | page=36 | route=https://www.myntra.com/technosport | seen=1702 | expected=3461
2026-09-29 11:48:25 | INFO    | LISTING   | Listing TechnoSport route https://www.myntra.com/technosport page 37 -> https://www.myntra.com/gateway/v4/search/technosport?rows=50&o=1800&plaEnabled=false&xdEnabled=false&isFacet=true&p=37 | run_id=run_20260929_110725_467584_2daea7 | brand=TechnoSport | page=37 | route=https://www.myntra.com/technosport | seen=1752 | expected=3461
2026-09-29 11:48:25 | INFO    | LISTING   | Listing TechnoSport route https://www.myntra.com/technosport page 38 -> https://www.myntra.com/gateway/v4/search/technosport?rows=50&o=1850&plaEnabled=false&xdEnabled=false&isFacet=true&p=38 | run_id=run_20260929_110725_467584_2daea7 | brand=TechnoSport | page=38 | route=https://www.myntra.com/technosport | seen=1802 | expected=3461
2026-09-29 11:48:26 | INFO    | LISTING   | Listing TechnoSport route https://www.myntra.com/technosport page 39 -> https://www.myntra.com/gateway/v4/search/technosport?rows=50&o=1900&plaEnabled=false&xdEnabled=false&isFacet=true&p=39 | run_id=run_20260929_110725_467584_2daea7 | brand=TechnoSport | page=39 | route=https://www.myntra.com/technosport | seen=1852 | expected=3461
2026-09-29 11:48:26 | INFO    | LISTING   | Listing TechnoSport route https://www.myntra.com/technosport page 40 -> https://www.myntra.com/gateway/v4/search/technosport?rows=50&o=1950&plaEnabled=false&xdEnabled=false&isFacet=true&p=40 | run_id=run_20260929_110725_467584_2daea7 | brand=TechnoSport | page=40 | route=https://www.myntra.com/technosport | seen=1901 | expected=3461
2026-09-29 11:48:27 | INFO    | PDP       | Processed 1 target products for TechnoSport in 0s (120.73 products/min). | run_id=run_20260929_110725_467584_2daea7 | brand=TechnoSport | saved=1 | elapsed_label=0s | products_per_minute=120.73
2026-09-29 11:48:27 | INFO    | LISTING   | Listing TechnoSport route https://www.myntra.com/technosport page 41 -> https://www.myntra.com/gateway/v4/search/technosport?rows=50&o=2000&plaEnabled=false&xdEnabled=false&isFacet=true&p=41 | run_id=run_20260929_110725_467584_2daea7 | brand=TechnoSport | page=41 | route=https://www.myntra.com/technosport | seen=1945 | expected=3461
2026-09-29 11:48:28 | INFO    | LISTING   | Listing TechnoSport route https://www.myntra.com/technosport page 42 -> https://www.myntra.com/gateway/v4/search/technosport?rows=50&o=2050&plaEnabled=false&xdEnabled=false&isFacet=true&p=42 | run_id=run_20260929_110725_467584_2daea7 | brand=TechnoSport | page=42 | route=https://www.myntra.com/technosport | seen=1995 | expected=3461
2026-09-29 11:48:29 | INFO    | LISTING   | Listing TechnoSport route https://www.myntra.com/technosport page 43 -> https://www.myntra.com/gateway/v4/search/technosport?rows=50&o=2100&plaEnabled=false&xdEnabled=false&isFacet=true&p=43 | run_id=run_20260929_110725_467584_2daea7 | brand=TechnoSport | page=43 | route=https://www.myntra.com/technosport | seen=2040 | expected=3461
2026-09-29 11:48:29 | INFO    | LISTING   | Listing TechnoSport route https://www.myntra.com/technosport page 44 -> https://www.myntra.com/gateway/v4/search/technosport?rows=50&o=2150&plaEnabled=false&xdEnabled=false&isFacet=true&p=44 | run_id=run_20260929_110725_467584_2daea7 | brand=TechnoSport | page=44 | route=https://www.myntra.com/technosport | seen=2090 | expected=3461
2026-09-29 11:48:30 | INFO    | LISTING   | Listing TechnoSport route https://www.myntra.com/technosport page 45 -> https://www.myntra.com/gateway/v4/search/technosport?rows=50&o=2200&plaEnabled=false&xdEnabled=false&isFacet=true&p=45 | run_id=run_20260929_110725_467584_2daea7 | brand=TechnoSport | page=45 | route=https://www.myntra.com/technosport | seen=2140 | expected=3461
2026-09-29 11:48:30 | INFO    | LISTING   | Listing TechnoSport route https://www.myntra.com/technosport page 46 -> https://www.myntra.com/gateway/v4/search/technosport?rows=50&o=2250&plaEnabled=false&xdEnabled=false&isFacet=true&p=46 | run_id=run_20260929_110725_467584_2daea7 | brand=TechnoSport | page=46 | route=https://www.myntra.com/technosport | seen=2190 | expected=3461
2026-09-29 11:48:31 | INFO    | LISTING   | Listing TechnoSport route https://www.myntra.com/technosport page 47 -> https://www.myntra.com/gateway/v4/search/technosport?rows=50&o=2300&plaEnabled=false&xdEnabled=false&isFacet=true&p=47 | run_id=run_20260929_110725_467584_2daea7 | brand=TechnoSport | page=47 | route=https://www.myntra.com/technosport | seen=2239 | expected=3461
2026-09-29 11:48:32 | INFO    | LISTING   | Listing TechnoSport route https://www.myntra.com/technosport page 48 -> https://www.myntra.com/gateway/v4/search/technosport?rows=50&o=2350&plaEnabled=false&xdEnabled=false&isFacet=true&p=48 | run_id=run_20260929_110725_467584_2daea7 | brand=TechnoSport | page=48 | route=https://www.myntra.com/technosport | seen=2289 | expected=3461
2026-09-29 11:48:32 | INFO    | LISTING   | Listing TechnoSport route https://www.myntra.com/technosport page 49 -> https://www.myntra.com/gateway/v4/search/technosport?rows=50&o=2400&plaEnabled=false&xdEnabled=false&isFacet=true&p=49 | run_id=run_20260929_110725_467584_2daea7 | brand=TechnoSport | page=49 | route=https://www.myntra.com/technosport | seen=2339 | expected=3461
2026-09-29 11:48:33 | INFO    | PDP       | Processed 1 target products for TechnoSport in 0s (139.38 products/min). | run_id=run_20260929_110725_467584_2daea7 | brand=TechnoSport | saved=1 | elapsed_label=0s | products_per_minute=139.38
2026-09-29 11:48:33 | INFO    | LISTING   | Listing TechnoSport route https://www.myntra.com/technosport page 50 -> https://www.myntra.com/gateway/v4/search/technosport?rows=50&o=2450&plaEnabled=false&xdEnabled=false&isFacet=true&p=50 | run_id=run_20260929_110725_467584_2daea7 | brand=TechnoSport | page=50 | route=https://www.myntra.com/technosport | seen=2388 | expected=3461
2026-09-29 11:48:34 | INFO    | LISTING   | Listing TechnoSport route https://www.myntra.com/technosport page 51 -> https://www.myntra.com/gateway/v4/search/technosport?rows=50&o=2500&plaEnabled=false&xdEnabled=false&isFacet=true&p=51 | run_id=run_20260929_110725_467584_2daea7 | brand=TechnoSport | page=51 | route=https://www.myntra.com/technosport | seen=2438 | expected=3461
2026-09-29 11:48:34 | INFO    | LISTING   | Listing TechnoSport route https://www.myntra.com/technosport page 52 -> https://www.myntra.com/gateway/v4/search/technosport?rows=50&o=2550&plaEnabled=false&xdEnabled=false&isFacet=true&p=52 | run_id=run_20260929_110725_467584_2daea7 | brand=TechnoSport | page=52 | route=https://www.myntra.com/technosport | seen=2487 | expected=3461
2026-09-29 11:48:35 | INFO    | PDP       | Processed 1 target products for TechnoSport in 1s (88.41 products/min). | run_id=run_20260929_110725_467584_2daea7 | brand=TechnoSport | saved=1 | elapsed_label=1s | products_per_minute=88.41
2026-09-29 11:48:35 | INFO    | LISTING   | Listing TechnoSport route https://www.myntra.com/technosport page 53 -> https://www.myntra.com/gateway/v4/search/technosport?rows=50&o=2600&plaEnabled=false&xdEnabled=false&isFacet=true&p=53 | run_id=run_20260929_110725_467584_2daea7 | brand=TechnoSport | page=53 | route=https://www.myntra.com/technosport | seen=2537 | expected=3461
2026-09-29 11:48:36 | INFO    | LISTING   | Listing TechnoSport route https://www.myntra.com/technosport page 54 -> https://www.myntra.com/gateway/v4/search/technosport?rows=50&o=2650&plaEnabled=false&xdEnabled=false&isFacet=true&p=54 | run_id=run_20260929_110725_467584_2daea7 | brand=TechnoSport | page=54 | route=https://www.myntra.com/technosport | seen=2587 | expected=3461
2026-09-29 11:48:37 | INFO    | PDP       | Processed 5 target products for TechnoSport in 1s (381.01 products/min). | run_id=run_20260929_110725_467584_2daea7 | brand=TechnoSport | saved=5 | elapsed_label=1s | products_per_minute=381.01
2026-09-29 11:48:37 | INFO    | LISTING   | Listing TechnoSport route https://www.myntra.com/technosport page 55 -> https://www.myntra.com/gateway/v4/search/technosport?rows=50&o=2700&plaEnabled=false&xdEnabled=false&isFacet=true&p=55 | run_id=run_20260929_110725_467584_2daea7 | brand=TechnoSport | page=55 | route=https://www.myntra.com/technosport | seen=2637 | expected=3461
2026-09-29 11:48:38 | INFO    | PDP       | Processed 1 target products for TechnoSport in 1s (114.97 products/min). | run_id=run_20260929_110725_467584_2daea7 | brand=TechnoSport | saved=1 | elapsed_label=1s | products_per_minute=114.97
2026-09-29 11:48:38 | INFO    | LISTING   | Listing TechnoSport route https://www.myntra.com/technosport page 56 -> https://www.myntra.com/gateway/v4/search/technosport?rows=50&o=2750&plaEnabled=false&xdEnabled=false&isFacet=true&p=56 | run_id=run_20260929_110725_467584_2daea7 | brand=TechnoSport | page=56 | route=https://www.myntra.com/technosport | seen=2687 | expected=3461
2026-09-29 11:48:39 | INFO    | LISTING   | Listing TechnoSport route https://www.myntra.com/technosport page 57 -> https://www.myntra.com/gateway/v4/search/technosport?rows=50&o=2800&plaEnabled=false&xdEnabled=false&isFacet=true&p=57 | run_id=run_20260929_110725_467584_2daea7 | brand=TechnoSport | page=57 | route=https://www.myntra.com/technosport | seen=2737 | expected=3461
2026-09-29 11:48:40 | INFO    | PDP       | Processed 1 target products for TechnoSport in 0s (121.81 products/min). | run_id=run_20260929_110725_467584_2daea7 | brand=TechnoSport | saved=1 | elapsed_label=0s | products_per_minute=121.81
2026-09-29 11:48:40 | INFO    | LISTING   | Listing TechnoSport route https://www.myntra.com/technosport page 58 -> https://www.myntra.com/gateway/v4/search/technosport?rows=50&o=2850&plaEnabled=false&xdEnabled=false&isFacet=true&p=58 | run_id=run_20260929_110725_467584_2daea7 | brand=TechnoSport | page=58 | route=https://www.myntra.com/technosport | seen=2787 | expected=3461
2026-09-29 11:48:41 | INFO    | LISTING   | Listing TechnoSport route https://www.myntra.com/technosport page 59 -> https://www.myntra.com/gateway/v4/search/technosport?rows=50&o=2900&plaEnabled=false&xdEnabled=false&isFacet=true&p=59 | run_id=run_20260929_110725_467584_2daea7 | brand=TechnoSport | page=59 | route=https://www.myntra.com/technosport | seen=2837 | expected=3461
2026-09-29 11:48:42 | INFO    | PDP       | Processed 1 target products for TechnoSport in 1s (112.8 products/min). | run_id=run_20260929_110725_467584_2daea7 | brand=TechnoSport | saved=1 | elapsed_label=1s | products_per_minute=112.8
2026-09-29 11:48:42 | INFO    | LISTING   | Listing TechnoSport route https://www.myntra.com/technosport page 60 -> https://www.myntra.com/gateway/v4/search/technosport?rows=50&o=2950&plaEnabled=false&xdEnabled=false&isFacet=true&p=60 | run_id=run_20260929_110725_467584_2daea7 | brand=TechnoSport | page=60 | route=https://www.myntra.com/technosport | seen=2887 | expected=3461
2026-09-29 11:48:42 | INFO    | LISTING   | Listing TechnoSport route https://www.myntra.com/technosport page 61 -> https://www.myntra.com/gateway/v4/search/technosport?rows=50&o=3000&plaEnabled=false&xdEnabled=false&isFacet=true&p=61 | run_id=run_20260929_110725_467584_2daea7 | brand=TechnoSport | page=61 | route=https://www.myntra.com/technosport | seen=2937 | expected=3461
2026-09-29 11:48:43 | INFO    | LISTING   | Listing TechnoSport route https://www.myntra.com/technosport page 62 -> https://www.myntra.com/gateway/v4/search/technosport?rows=50&o=3050&plaEnabled=false&xdEnabled=false&isFacet=true&p=62 | run_id=run_20260929_110725_467584_2daea7 | brand=TechnoSport | page=62 | route=https://www.myntra.com/technosport | seen=2987 | expected=3461
2026-09-29 11:48:43 | INFO    | LISTING   | Listing TechnoSport route https://www.myntra.com/technosport page 63 -> https://www.myntra.com/gateway/v4/search/technosport?rows=50&o=3100&plaEnabled=false&xdEnabled=false&isFacet=true&p=63 | run_id=run_20260929_110725_467584_2daea7 | brand=TechnoSport | page=63 | route=https://www.myntra.com/technosport | seen=3036 | expected=3461
2026-09-29 11:48:44 | INFO    | LISTING   | Listing TechnoSport route https://www.myntra.com/technosport page 64 -> https://www.myntra.com/gateway/v4/search/technosport?rows=50&o=3150&plaEnabled=false&xdEnabled=false&isFacet=true&p=64 | run_id=run_20260929_110725_467584_2daea7 | brand=TechnoSport | page=64 | route=https://www.myntra.com/technosport | seen=3086 | expected=3461
2026-09-29 11:48:45 | INFO    | PDP       | Processed 1 target products for TechnoSport in 1s (86.64 products/min). | run_id=run_20260929_110725_467584_2daea7 | brand=TechnoSport | saved=1 | elapsed_label=1s | products_per_minute=86.64
2026-09-29 11:48:45 | INFO    | LISTING   | Listing TechnoSport route https://www.myntra.com/technosport page 65 -> https://www.myntra.com/gateway/v4/search/technosport?rows=50&o=3200&plaEnabled=false&xdEnabled=false&isFacet=true&p=65 | run_id=run_20260929_110725_467584_2daea7 | brand=TechnoSport | page=65 | route=https://www.myntra.com/technosport | seen=3135 | expected=3461
2026-09-29 11:48:46 | INFO    | LISTING   | Listing TechnoSport route https://www.myntra.com/technosport page 66 -> https://www.myntra.com/gateway/v4/search/technosport?rows=50&o=3250&plaEnabled=false&xdEnabled=false&isFacet=true&p=66 | run_id=run_20260929_110725_467584_2daea7 | brand=TechnoSport | page=66 | route=https://www.myntra.com/technosport | seen=3185 | expected=3461
2026-09-29 11:48:46 | INFO    | LISTING   | Listing TechnoSport route https://www.myntra.com/technosport page 67 -> https://www.myntra.com/gateway/v4/search/technosport?rows=50&o=3300&plaEnabled=false&xdEnabled=false&isFacet=true&p=67 | run_id=run_20260929_110725_467584_2daea7 | brand=TechnoSport | page=67 | route=https://www.myntra.com/technosport | seen=3235 | expected=3461
2026-09-29 11:48:47 | INFO    | LISTING   | Listing TechnoSport route https://www.myntra.com/technosport page 68 -> https://www.myntra.com/gateway/v4/search/technosport?rows=50&o=3350&plaEnabled=false&xdEnabled=false&isFacet=true&p=68 | run_id=run_20260929_110725_467584_2daea7 | brand=TechnoSport | page=68 | route=https://www.myntra.com/technosport | seen=3285 | expected=3461
2026-09-29 11:48:47 | INFO    | LISTING   | Listing TechnoSport route https://www.myntra.com/technosport page 69 -> https://www.myntra.com/gateway/v4/search/technosport?rows=50&o=3400&plaEnabled=false&xdEnabled=false&isFacet=true&p=69 | run_id=run_20260929_110725_467584_2daea7 | brand=TechnoSport | page=69 | route=https://www.myntra.com/technosport | seen=3335 | expected=3461
2026-09-29 11:48:49 | INFO    | PDP       | Processed 12 target products for TechnoSport in 1s (571.37 products/min). | run_id=run_20260929_110725_467584_2daea7 | brand=TechnoSport | saved=12 | elapsed_label=1s | products_per_minute=571.37
2026-09-29 11:48:49 | INFO    | LISTING   | Listing TechnoSport route https://www.myntra.com/technosport page 70 -> https://www.myntra.com/gateway/v4/search/technosport?rows=50&o=3450&plaEnabled=false&xdEnabled=false&isFacet=true&p=70 | run_id=run_20260929_110725_467584_2daea7 | brand=TechnoSport | page=70 | route=https://www.myntra.com/technosport | seen=3385 | expected=3461
2026-09-29 11:48:51 | INFO    | PDP       | Processed 14 target products for TechnoSport in 2s (528.7 products/min). | run_id=run_20260929_110725_467584_2daea7 | brand=TechnoSport | saved=14 | elapsed_label=2s | products_per_minute=528.7
2026-09-29 11:48:51 | INFO    | BRAND     | Skipping redundant route https://www.myntra.com/activewear?f=Brand%3ATechnosport for TechnoSport (100% of first page already captured). | run_id=run_20260929_110725_467584_2daea7 | brand=TechnoSport | route=https://www.myntra.com/activewear?f=Brand%3ATechnosport
2026-09-29 11:48:51 | INFO    | BRAND     | Skipping redundant route https://www.myntra.com/sports-wear?f=Brand%3ATechnosport for TechnoSport (100% of first page already captured). | run_id=run_20260929_110725_467584_2daea7 | brand=TechnoSport | route=https://www.myntra.com/sports-wear?f=Brand%3ATechnosport
2026-09-29 11:48:51 | INFO    | BRAND     | Skipping redundant route https://www.myntra.com/technosport-men for TechnoSport (100% of first page already captured). | run_id=run_20260929_110725_467584_2daea7 | brand=TechnoSport | route=https://www.myntra.com/technosport-men
2026-09-29 11:48:51 | INFO    | BRAND     | Skipping redundant route https://www.myntra.com/tshirts?f=Brand%3ATechnosport for TechnoSport (100% of first page already captured). | run_id=run_20260929_110725_467584_2daea7 | brand=TechnoSport | route=https://www.myntra.com/tshirts?f=Brand%3ATechnosport
2026-09-29 11:48:51 | INFO    | BRAND     | Skipping redundant route https://www.myntra.com/track-pants?f=Brand%3ATechnosport for TechnoSport (100% of first page already captured). | run_id=run_20260929_110725_467584_2daea7 | brand=TechnoSport | route=https://www.myntra.com/track-pants?f=Brand%3ATechnosport
2026-09-29 11:48:51 | INFO    | BRAND     | Skipping redundant route https://www.myntra.com/technosport-women for TechnoSport (100% of first page already captured). | run_id=run_20260929_110725_467584_2daea7 | brand=TechnoSport | route=https://www.myntra.com/technosport-women
2026-09-29 11:48:51 | INFO    | BRAND     | Skipping redundant route https://www.myntra.com/shorts?f=Brand%3ATechnosport for TechnoSport (100% of first page already captured). | run_id=run_20260929_110725_467584_2daea7 | brand=TechnoSport | route=https://www.myntra.com/shorts?f=Brand%3ATechnosport
2026-09-29 11:48:51 | INFO    | BRAND     | Skipping redundant route https://www.myntra.com/sweatshirts?f=Brand%3ATechnosport for TechnoSport (100% of first page already captured). | run_id=run_20260929_110725_467584_2daea7 | brand=TechnoSport | route=https://www.myntra.com/sweatshirts?f=Brand%3ATechnosport
2026-09-29 11:48:51 | INFO    | BRAND     | Skipping redundant route https://www.myntra.com/jackets?f=Brand%3ATechnosport for TechnoSport (100% of first page already captured). | run_id=run_20260929_110725_467584_2daea7 | brand=TechnoSport | route=https://www.myntra.com/jackets?f=Brand%3ATechnosport
2026-09-29 11:48:51 | WARNING | BRAND     | Brand TechnoSport finished below expected count: saw 3435 unique activewear products vs expected 4788. | run_id=run_20260929_110725_467584_2daea7 | brand=TechnoSport | seen=3435 | expected=4788
2026-09-29 11:48:51 | INFO    | BRAND     | Brand scrape completed in 53s (3865.82 products/min). | run_id=run_20260929_110725_467584_2daea7 | brand=TechnoSport | status=COMPLETED | saved=3440 | seen=3435 | expected=4788 | elapsed_label=53s | products_per_minute=3865.82
2026-09-29 11:48:51 | INFO    | AUDIT     | Audit retry completed for TechnoSport: saved=39, shortfall_before=1366 | run_id=run_20260929_110725_467584_2daea7 | brand=TechnoSport | saved=39
2026-09-29 11:49:01 | INFO    | INVENTORY | Final inventory repair completed. | run_id=run_20260929_110725_467584_2daea7
2026-09-29 11:49:05 | INFO    | SNAPSHOT  | Final snapshot created. | run_id=run_20260929_110725_467584_2daea7
{
  "run_id": "run_20260929_110725_467584_2daea7",
  "brands_requested": 6,
  "brands_completed": 6,
  "saved_products": 15521,
  "listing_pages": 1179,
  "brands_not_currently_listed_on_myntra": [
    "Dollar (Forcenxt)"
  ],
  "marketplace_available_brand_count": 2328,
  "listing_products_seen": 57446,
  "listing_products_kept": 15521,
  "pdp_fetched": 15521,
  "pdp_failed": 0,
  "pdp_retry_recovered": 0,
  "pdp_skipped": 0,
  "products_saved": 15521,
  "strict_full_pdp_only": true,
  "failed_pdp_log": "/Users/turbom/Desktop/MYNTRA GTM BRANDS/ACTIVEWEAR/logs/failed_pdp_products.jsonl",
  "brand_run_details": {
    "FUAARK": {
      "expected_brand_total": 2215,
      "unique_target_products_seen": 1282,
      "brand_completion_ratio": 0.5788,
      "routes_scraped": [
        {
          "url": "https://www.myntra.com/fuaark",
          "route_total_count": 1281,
          "route_brand_count": 1281,
          "route_unique_target_products_seen": 1281,
          "route_total_pages_planned": 41,
          "route_completion_ratio": 1.0,
          "route_fetch_error": "Failed to fetch JSON payload from https://www.myntra.com/gateway/v4/search/fuaark?rows=50&o=1349&plaEnabled=false&xdEnabled=false&isFacet=true&p=28: HTTP Error 400: "
        }
      ],
      "saved_products": 1282,
      "duration_seconds": 35.78,
      "duration_label": "36s",
      "products_per_minute": 2150.01,
      "db_product_count": 1282,
      "audit_shortfall": 933,
      "audit_complete": false
    },
    "BlissClub": {
      "expected_brand_total": 1133,
      "unique_target_products_seen": 1010,
      "brand_completion_ratio": 0.8914,
      "routes_scraped": [
        {
          "url": "https://www.myntra.com/blissclub",
          "route_total_count": 1014,
          "route_brand_count": 1014,
          "route_unique_target_products_seen": 1010,
          "route_total_pages_planned": 32,
          "route_completion_ratio": 0.9961,
          "route_fetch_error": "Failed to fetch JSON payload from https://www.myntra.com/gateway/v4/search/blissclub?rows=50&o=1099&plaEnabled=false&xdEnabled=false&isFacet=true&p=23: HTTP Error 400: "
        }
      ],
      "saved_products": 1012,
      "duration_seconds": 35.03,
      "duration_label": "35s",
      "products_per_minute": 1733.34,
      "db_product_count": 1012,
      "audit_shortfall": 121,
      "audit_complete": false
    },
    "Cava": {
      "expected_brand_total": 511,
      "unique_target_products_seen": 408,
      "brand_completion_ratio": 0.7984,
      "routes_scraped": [
        {
          "url": "https://www.myntra.com/cava",
          "route_total_count": 408,
          "route_brand_count": 408,
          "route_unique_target_products_seen": 408,
          "route_total_pages_planned": 13,
          "route_completion_ratio": 1.0,
          "route_fetch_error": "Failed to fetch JSON payload from https://www.myntra.com/gateway/v4/search/cava?rows=50&o=549&plaEnabled=false&xdEnabled=false&isFacet=true&p=12: HTTP Error 400: "
        }
      ],
      "saved_products": 408,
      "duration_seconds": 24.38,
      "duration_label": "24s",
      "products_per_minute": 1004.28,
      "db_product_count": 408,
      "audit_shortfall": 103,
      "audit_complete": false
    },
    "Dollar (Forcenxt)": {
      "expected_brand_total": 11613,
      "unique_target_products_seen": 8718,
      "brand_completion_ratio": 0.7507,
      "routes_scraped": [
        {
          "url": "https://www.myntra.com/force-nxt",
          "route_total_count": 2923,
          "route_brand_count": 2923,
          "route_unique_target_products_seen": 2898,
          "route_total_pages_planned": 92,
          "route_completion_ratio": 0.9914,
          "route_fetch_error": "Failed to fetch JSON payload from https://www.myntra.com/gateway/v4/search/force-nxt?rows=50&o=3049&plaEnabled=false&xdEnabled=false&isFacet=true&p=62: HTTP Error 400: "
        },
        {
          "url": "https://www.myntra.com/dollar-missy",
          "route_total_count": 2173,
          "route_brand_count": 2173,
          "route_unique_target_products_seen": 1557,
          "route_total_pages_planned": 68,
          "route_completion_ratio": 0.7165,
          "route_fetch_error": "Failed to fetch JSON payload from https://www.myntra.com/gateway/v4/search/dollar-missy?rows=50&o=2249&plaEnabled=false&xdEnabled=false&isFacet=true&p=46: HTTP Error 400: "
        },
        {
          "url": "https://www.myntra.com/dollar-bigboss",
          "route_total_count": 1288,
          "route_brand_count": 1288,
          "route_unique_target_products_seen": 1288,
          "route_total_pages_planned": 41,
          "route_completion_ratio": 1.0,
          "route_fetch_error": "Failed to fetch JSON payload from https://www.myntra.com/gateway/v4/search/dollar-bigboss?rows=50&o=1349&plaEnabled=false&xdEnabled=false&isFacet=true&p=28: HTTP Error 400: "
        },
        {
          "url": "https://www.myntra.com/tshirts?f=Brand%3ADollar",
          "route_total_count": 1202,
          "route_brand_count": 1202,
          "route_unique_target_products_seen": 1007,
          "route_total_pages_planned": 38,
          "route_completion_ratio": 0.8378,
          "route_fetch_error": "Failed to fetch JSON payload from https://www.myntra.com/gateway/v4/search/tshirts?f=Brand%3ADollar&rows=50&o=1299&plaEnabled=false&xdEnabled=false&isFacet=true&p=27: HTTP Error 400: "
        },
        {
          "url": "https://www.myntra.com/dollar?f=Brand%3ADollar%3A%3AGender%3Aboys",
          "route_total_count": 728,
          "route_brand_count": 728,
          "route_unique_target_products_seen": 641,
          "route_total_pages_planned": 23,
          "route_completion_ratio": 0.8805,
          "route_fetch_error": "Failed to fetch JSON payload from https://www.myntra.com/gateway/v4/search/dollar?f=Brand%3ADollar%3A%3AGender%3Aboys&rows=50&o=799&plaEnabled=false&xdEnabled=false&isFacet=true&p=17: HTTP Error 400: "
        },
        {
          "url": "https://www.myntra.com/dollar?f=Brand%3ADollar%3A%3AGender%3Awomen",
          "route_total_count": 621,
          "route_brand_count": 621,
          "route_unique_target_products_seen": 491,
          "route_total_pages_planned": 20,
          "route_completion_ratio": 0.7907,
          "route_fetch_error": "Failed to fetch JSON payload from https://www.myntra.com/gateway/v4/search/dollar?f=Brand%3ADollar%3A%3AGender%3Awomen&rows=50&o=699&plaEnabled=false&xdEnabled=false&isFacet=true&p=15: HTTP Error 400: "
        },
        {
          "url": "https://www.myntra.com/dollar-socks",
          "route_total_count": 547,
          "route_brand_count": 547,
          "route_unique_target_products_seen": 547,
          "route_total_pages_planned": 18,
          "route_completion_ratio": 1.0,
          "route_fetch_error": "Failed to fetch JSON payload from https://www.myntra.com/gateway/v4/search/dollar-socks?rows=50&o=599&plaEnabled=false&xdEnabled=false&isFacet=true&p=13: HTTP Error 400: "
        },
        {
          "url": "https://www.myntra.com/camisoles?f=Brand%3ADollar%20Missy",
          "route_total_count": 288,
          "route_brand_count": 288,
          "route_unique_target_products_seen": 0,
          "route_total_pages_planned": 9,
          "route_completion_ratio": 0.0,
          "route_fetch_error": null
        },
        {
          "url": "https://www.myntra.com/trousers?f=Brand%3ADollar%20Missy",
          "route_total_count": 255,
          "route_brand_count": 255,
          "route_unique_target_products_seen": 0,
          "route_total_pages_planned": 7,
          "route_completion_ratio": 0.0,
          "route_fetch_error": null
        },
        {
          "url": "https://www.myntra.com/trunk?f=Brand%3ADollar",
          "route_total_count": 233,
          "route_brand_count": 233,
          "route_unique_target_products_seen": 232,
          "route_total_pages_planned": 7,
          "route_completion_ratio": 0.9957,
          "route_fetch_error": null
        },
        {
          "url": "https://www.myntra.com/shorts?f=Brand%3ADollar",
          "route_total_count": 230,
          "route_brand_count": 230,
          "route_unique_target_products_seen": 230,
          "route_total_pages_planned": 8,
          "route_completion_ratio": 1.0,
          "route_fetch_error": null
        },
        {
          "url": "https://www.myntra.com/track-pants?f=Brand%3ADollar",
          "route_total_count": 151,
          "route_brand_count": 151,
          "route_unique_target_products_seen": 151,
          "route_total_pages_planned": 5,
          "route_completion_ratio": 1.0,
          "route_fetch_error": null
        },
        {
          "url": "https://www.myntra.com/briefs?f=Brand%3ADollar",
          "route_total_count": 119,
          "route_brand_count": 119,
          "route_unique_target_products_seen": 119,
          "route_total_pages_planned": 4,
          "route_completion_ratio": 1.0,
          "route_fetch_error": null
        },
        {
          "url": "https://www.myntra.com/thermal?f=Brand%3ADollar",
          "route_total_count": 92,
          "route_brand_count": 92,
          "route_unique_target_products_seen": 92,
          "route_total_pages_planned": 3,
          "route_completion_ratio": 1.0,
          "route_fetch_error": null
        },
        {
          "url": "https://www.myntra.com/dollar-ultra",
          "route_total_count": 77,
          "route_brand_count": 77,
          "route_unique_target_products_seen": 77,
          "route_total_pages_planned": 2,
          "route_completion_ratio": 1.0,
          "route_fetch_error": null
        }
      ],
      "saved_products": 8720,
      "duration_seconds": 271.31,
      "duration_label": "4m 31s",
      "products_per_minute": 1928.43,
      "db_product_count": 8720,
      "audit_shortfall": 2893,
      "audit_complete": false
    },
    "Zoiro": {
      "expected_brand_total": 717,
      "unique_target_products_seen": 659,
      "brand_completion_ratio": 0.9191,
      "routes_scraped": [
        {
          "url": "https://www.myntra.com/zoiro",
          "route_total_count": 659,
          "route_brand_count": 659,
          "route_unique_target_products_seen": 659,
          "route_total_pages_planned": 21,
          "route_completion_ratio": 1.0,
          "route_fetch_error": "Failed to fetch JSON payload from https://www.myntra.com/gateway/v4/search/zoiro?rows=50&o=749&plaEnabled=false&xdEnabled=false&isFacet=true&p=16: HTTP Error 400: "
        },
        {
          "url": "https://www.myntra.com/gym-wear?f=Brand%3AZoiro",
          "route_total_count": 8,
          "route_brand_count": 8,
          "route_unique_target_products_seen": 8,
          "route_total_pages_planned": 1,
          "route_completion_ratio": 1.0,
          "route_fetch_error": null
        },
        {
          "url": "https://www.myntra.com/sports-wear?f=Brand%3AZoiro",
          "route_total_count": 8,
          "route_brand_count": 8,
          "route_unique_target_products_seen": 8,
          "route_total_pages_planned": 2,
          "route_completion_ratio": 1.0,
          "route_fetch_error": null
        }
      ],
      "saved_products": 659,
      "duration_seconds": 25.82,
      "duration_label": "26s",
      "products_per_minute": 1531.56,
      "db_product_count": 659,
      "audit_shortfall": 58,
      "audit_complete": false
    },
    "TechnoSport": {
      "expected_brand_total": 4788,
      "unique_target_products_seen": 3435,
      "brand_completion_ratio": 0.7174,
      "routes_scraped": [
        {
          "url": "https://www.myntra.com/technosport",
          "route_total_count": 3445,
          "route_brand_count": 3461,
          "route_unique_target_products_seen": 3435,
          "route_total_pages_planned": 70,
          "route_completion_ratio": 0.9925,
          "route_fetch_error": null
        }
      ],
      "saved_products": 3440,
      "duration_seconds": 53.39,
      "duration_label": "53s",
      "products_per_minute": 3865.82,
      "db_product_count": 3440,
      "audit_shortfall": 1348,
      "audit_complete": false
    }
  },
  "brand_failures": {},
  "brands_failed": [],
  "brand_audit_runs": [
    {
      "pass": 1,
      "incomplete_brands": [
        {
          "brand": "FUAARK",
          "expected_brand_total": 2218,
          "db_product_count": 1282,
          "shortfall": 936,
          "is_complete": false
        },
        {
          "brand": "BlissClub",
          "expected_brand_total": 1135,
          "db_product_count": 326,
          "shortfall": 809,
          "is_complete": false
        },
        {
          "brand": "Cava",
          "expected_brand_total": 511,
          "db_product_count": 408,
          "shortfall": 103,
          "is_complete": false
        },
        {
          "brand": "Dollar (Forcenxt)",
          "expected_brand_total": 11614,
          "db_product_count": 7167,
          "shortfall": 4447,
          "is_complete": false
        },
        {
          "brand": "Zoiro",
          "expected_brand_total": 717,
          "db_product_count": 658,
          "shortfall": 59,
          "is_complete": false
        },
        {
          "brand": "TechnoSport",
          "expected_brand_total": 4759,
          "db_product_count": 3383,
          "shortfall": 1376,
          "is_complete": false
        }
      ]
    },
    {
      "pass": 2,
      "incomplete_brands": [
        {
          "brand": "FUAARK",
          "expected_brand_total": 2215,
          "db_product_count": 1282,
          "shortfall": 933,
          "is_complete": false
        },
        {
          "brand": "BlissClub",
          "expected_brand_total": 1131,
          "db_product_count": 961,
          "shortfall": 170,
          "is_complete": false
        },
        {
          "brand": "Cava",
          "expected_brand_total": 511,
          "db_product_count": 408,
          "shortfall": 103,
          "is_complete": false
        },
        {
          "brand": "Dollar (Forcenxt)",
          "expected_brand_total": 11614,
          "db_product_count": 8720,
          "shortfall": 2894,
          "is_complete": false
        },
        {
          "brand": "Zoiro",
          "expected_brand_total": 717,
          "db_product_count": 659,
          "shortfall": 58,
          "is_complete": false
        },
        {
          "brand": "TechnoSport",
          "expected_brand_total": 4767,
          "db_product_count": 3401,
          "shortfall": 1366,
          "is_complete": false
        }
      ]
    }
  ],
  "brand_audit_final": [
    {
      "brand": "FUAARK",
      "expected_brand_total": 2215,
      "db_product_count": 1282,
      "shortfall": 933,
      "is_complete": false
    },
    {
      "brand": "BlissClub",
      "expected_brand_total": 1133,
      "db_product_count": 1012,
      "shortfall": 121,
      "is_complete": false
    },
    {
      "brand": "Cava",
      "expected_brand_total": 511,
      "db_product_count": 408,
      "shortfall": 103,
      "is_complete": false
    },
    {
      "brand": "Dollar (Forcenxt)",
      "expected_brand_total": 11613,
      "db_product_count": 8720,
      "shortfall": 2893,
      "is_complete": false
    },
    {
      "brand": "Zoiro",
      "expected_brand_total": 717,
      "db_product_count": 659,
      "shortfall": 58,
      "is_complete": false
    },
    {
      "brand": "TechnoSport",
      "expected_brand_total": 4788,
      "db_product_count": 3440,
      "shortfall": 1348,
      "is_complete": false
    }
  ],
  "brands_incomplete_after_audit": [
    "FUAARK",
    "BlissClub",
    "Cava",
    "Dollar (Forcenxt)",
    "Zoiro",
    "TechnoSport"
  ],
  "missing_target_brands_in_db": [],
  "periodic_snapshots": [
    {
      "date": "2026-09-29T11:09:27+05:30",
      "snapshot_at": "2026-09-29T11:09:27+05:30",
      "products_snapshotted": 1282,
      "units_sold": 0,
      "revenue": 0.0,
      "stock_added": 0
    },
    {
      "date": "2026-09-29T11:10:28+05:30",
      "snapshot_at": "2026-09-29T11:10:28+05:30",
      "products_snapshotted": 1608,
      "units_sold": 0,
      "revenue": 0.0,
      "stock_added": 0
    },
    {
      "date": "2026-09-29T11:11:13+05:30",
      "snapshot_at": "2026-09-29T11:11:13+05:30",
      "products_snapshotted": 2016,
      "units_sold": 0,
      "revenue": 0.0,
      "stock_added": 0
    },
    {
      "date": "2026-09-29T11:24:35+05:30",
      "snapshot_at": "2026-09-29T11:24:35+05:30",
      "products_snapshotted": 9183,
      "units_sold": 0,
      "revenue": 0.0,
      "stock_added": 0
    },
    {
      "date": "2026-09-29T11:25:44+05:30",
      "snapshot_at": "2026-09-29T11:25:44+05:30",
      "products_snapshotted": 9841,
      "units_sold": 0,
      "revenue": 0.0,
      "stock_added": 0
    },
    {
      "date": "2026-09-29T11:30:32+05:30",
      "snapshot_at": "2026-09-29T11:30:32+05:30",
      "products_snapshotted": 13224,
      "units_sold": 0,
      "revenue": 0.0,
      "stock_added": 0
    }
  ],
  "periodic_snapshot_errors": [],
  "inventory_repair": {
    "scanned_rows": 76152,
    "updated_rows": 2,
    "scanned_products": 15531,
    "updated_products": 1
  },
  "snapshot": {
    "date": "2026-09-29T11:49:01+05:30",
    "snapshot_at": "2026-09-29T11:49:01+05:30",
    "products_snapshotted": 15521,
    "units_sold": 0,
    "revenue": 0.0,
    "stock_added": 0
  },
  "duration_seconds": 2500.17,
  "run_status": "COMPLETED_WITH_ERRORS"
}
