2026-09-30 15:49:07 | INFO    | BRAND     | Resolving brand routes. | run_id=run_20260930_154906_269231_a733d1 | brand=Kidbea
2026-09-30 15:49:07 | INFO    | BRAND     | Resolved Kidbea -> 1 routes (best brand total=890): https://www.myntra.com/kidbea | run_id=run_20260930_154906_269231_a733d1 | brand=Kidbea | expected=890
2026-09-30 15:49:07 | INFO    | BRAND     | Starting brand scrape. | run_id=run_20260930_154906_269231_a733d1 | brand=Kidbea | expected=890
2026-09-30 15:49:07 | INFO    | LISTING   | Listing Kidbea route https://www.myntra.com/kidbea page 1 -> https://www.myntra.com/gateway/v4/search/kidbea?rows=50&o=0&plaEnabled=false&xdEnabled=false&isFacet=true&p=1 | run_id=run_20260930_154906_269231_a733d1 | brand=Kidbea | page=1 | route=https://www.myntra.com/kidbea | seen=0 | expected=890
2026-09-30 15:49:11 | INFO    | PDP       | Processed 40 target products for Kidbea in 3s (837.92 products/min). | run_id=run_20260930_154906_269231_a733d1 | brand=Kidbea | saved=40 | elapsed_label=3s | products_per_minute=837.92
2026-09-30 15:49:11 | INFO    | LISTING   | Listing Kidbea route https://www.myntra.com/kidbea page 2 -> https://www.myntra.com/gateway/v4/search/kidbea?rows=50&o=50&plaEnabled=false&xdEnabled=false&isFacet=true&p=2 | run_id=run_20260930_154906_269231_a733d1 | brand=Kidbea | page=2 | route=https://www.myntra.com/kidbea | seen=40 | expected=890
2026-09-30 15:49:16 | INFO    | PDP       | Processed 49 target products for Kidbea in 4s (725.55 products/min). | run_id=run_20260930_154906_269231_a733d1 | brand=Kidbea | saved=49 | elapsed_label=4s | products_per_minute=725.55
2026-09-30 15:49:16 | INFO    | LISTING   | Listing Kidbea route https://www.myntra.com/kidbea page 3 -> https://www.myntra.com/gateway/v4/search/kidbea?rows=50&o=100&plaEnabled=false&xdEnabled=false&isFacet=true&p=3 | run_id=run_20260930_154906_269231_a733d1 | brand=Kidbea | page=3 | route=https://www.myntra.com/kidbea | seen=89 | expected=890
2026-09-30 15:49:20 | INFO    | PDP       | Processed 43 target products for Kidbea in 3s (848.0 products/min). | run_id=run_20260930_154906_269231_a733d1 | brand=Kidbea | saved=43 | elapsed_label=3s | products_per_minute=848.0
2026-09-30 15:49:20 | INFO    | LISTING   | Listing Kidbea route https://www.myntra.com/kidbea page 4 -> https://www.myntra.com/gateway/v4/search/kidbea?rows=50&o=150&plaEnabled=false&xdEnabled=false&isFacet=true&p=4 | run_id=run_20260930_154906_269231_a733d1 | brand=Kidbea | page=4 | route=https://www.myntra.com/kidbea | seen=132 | expected=890
2026-09-30 15:49:24 | INFO    | PDP       | Processed 43 target products for Kidbea in 3s (791.25 products/min). | run_id=run_20260930_154906_269231_a733d1 | brand=Kidbea | saved=43 | elapsed_label=3s | products_per_minute=791.25
2026-09-30 15:49:24 | INFO    | LISTING   | Listing Kidbea route https://www.myntra.com/kidbea page 5 -> https://www.myntra.com/gateway/v4/search/kidbea?rows=50&o=200&plaEnabled=false&xdEnabled=false&isFacet=true&p=5 | run_id=run_20260930_154906_269231_a733d1 | brand=Kidbea | page=5 | route=https://www.myntra.com/kidbea | seen=175 | expected=890
2026-09-30 15:49:28 | INFO    | PDP       | Processed 47 target products for Kidbea in 3s (991.0 products/min). | run_id=run_20260930_154906_269231_a733d1 | brand=Kidbea | saved=47 | elapsed_label=3s | products_per_minute=991.0
2026-09-30 15:49:28 | INFO    | LISTING   | Listing Kidbea route https://www.myntra.com/kidbea page 6 -> https://www.myntra.com/gateway/v4/search/kidbea?rows=50&o=250&plaEnabled=false&xdEnabled=false&isFacet=true&p=6 | run_id=run_20260930_154906_269231_a733d1 | brand=Kidbea | page=6 | route=https://www.myntra.com/kidbea | seen=222 | expected=890
2026-09-30 15:49:31 | INFO    | PDP       | Processed 39 target products for Kidbea in 2s (1032.62 products/min). | run_id=run_20260930_154906_269231_a733d1 | brand=Kidbea | saved=39 | elapsed_label=2s | products_per_minute=1032.62
2026-09-30 15:49:31 | INFO    | LISTING   | Listing Kidbea route https://www.myntra.com/kidbea page 7 -> https://www.myntra.com/gateway/v4/search/kidbea?rows=50&o=300&plaEnabled=false&xdEnabled=false&isFacet=true&p=7 | run_id=run_20260930_154906_269231_a733d1 | brand=Kidbea | page=7 | route=https://www.myntra.com/kidbea | seen=261 | expected=890
2026-09-30 15:49:34 | INFO    | PDP       | Processed 32 target products for Kidbea in 2s (940.06 products/min). | run_id=run_20260930_154906_269231_a733d1 | brand=Kidbea | saved=32 | elapsed_label=2s | products_per_minute=940.06
2026-09-30 15:49:34 | INFO    | LISTING   | Listing Kidbea route https://www.myntra.com/kidbea page 8 -> https://www.myntra.com/gateway/v4/search/kidbea?rows=50&o=350&plaEnabled=false&xdEnabled=false&isFacet=true&p=8 | run_id=run_20260930_154906_269231_a733d1 | brand=Kidbea | page=8 | route=https://www.myntra.com/kidbea | seen=293 | expected=890
2026-09-30 15:49:37 | INFO    | PDP       | Processed 28 target products for Kidbea in 2s (702.77 products/min). | run_id=run_20260930_154906_269231_a733d1 | brand=Kidbea | saved=28 | elapsed_label=2s | products_per_minute=702.77
2026-09-30 15:49:37 | INFO    | LISTING   | Listing Kidbea route https://www.myntra.com/kidbea page 9 -> https://www.myntra.com/gateway/v4/search/kidbea?rows=50&o=400&plaEnabled=false&xdEnabled=false&isFacet=true&p=9 | run_id=run_20260930_154906_269231_a733d1 | brand=Kidbea | page=9 | route=https://www.myntra.com/kidbea | seen=321 | expected=890
2026-09-30 15:49:41 | INFO    | PDP       | Processed 43 target products for Kidbea in 3s (809.61 products/min). | run_id=run_20260930_154906_269231_a733d1 | brand=Kidbea | saved=43 | elapsed_label=3s | products_per_minute=809.61
2026-09-30 15:49:41 | INFO    | LISTING   | Listing Kidbea route https://www.myntra.com/kidbea page 10 -> https://www.myntra.com/gateway/v4/search/kidbea?rows=50&o=450&plaEnabled=false&xdEnabled=false&isFacet=true&p=10 | run_id=run_20260930_154906_269231_a733d1 | brand=Kidbea | page=10 | route=https://www.myntra.com/kidbea | seen=364 | expected=890
2026-09-30 15:49:45 | INFO    | PDP       | Processed 48 target products for Kidbea in 4s (749.38 products/min). | run_id=run_20260930_154906_269231_a733d1 | brand=Kidbea | saved=48 | elapsed_label=4s | products_per_minute=749.38
2026-09-30 15:49:46 | INFO    | LISTING   | Listing Kidbea route https://www.myntra.com/kidbea page 11 -> https://www.myntra.com/gateway/v4/search/kidbea?rows=50&o=500&plaEnabled=false&xdEnabled=false&isFacet=true&p=11 | run_id=run_20260930_154906_269231_a733d1 | brand=Kidbea | page=11 | route=https://www.myntra.com/kidbea | seen=412 | expected=890
2026-09-30 15:49:49 | INFO    | PDP       | Processed 49 target products for Kidbea in 3s (885.84 products/min). | run_id=run_20260930_154906_269231_a733d1 | brand=Kidbea | saved=49 | elapsed_label=3s | products_per_minute=885.84
2026-09-30 15:49:50 | INFO    | LISTING   | Listing Kidbea route https://www.myntra.com/kidbea page 12 -> https://www.myntra.com/gateway/v4/search/kidbea?rows=50&o=550&plaEnabled=false&xdEnabled=false&isFacet=true&p=12 | run_id=run_20260930_154906_269231_a733d1 | brand=Kidbea | page=12 | route=https://www.myntra.com/kidbea | seen=461 | expected=890
2026-09-30 15:49:52 | INFO    | PDP       | Processed 24 target products for Kidbea in 2s (618.5 products/min). | run_id=run_20260930_154906_269231_a733d1 | brand=Kidbea | saved=24 | elapsed_label=2s | products_per_minute=618.5
2026-09-30 15:49:53 | INFO    | LISTING   | Listing Kidbea route https://www.myntra.com/kidbea page 13 -> https://www.myntra.com/gateway/v4/search/kidbea?rows=50&o=600&plaEnabled=false&xdEnabled=false&isFacet=true&p=13 | run_id=run_20260930_154906_269231_a733d1 | brand=Kidbea | page=13 | route=https://www.myntra.com/kidbea | seen=485 | expected=890
2026-09-30 15:49:57 | INFO    | PDP       | Processed 50 target products for Kidbea in 4s (838.82 products/min). | run_id=run_20260930_154906_269231_a733d1 | brand=Kidbea | saved=50 | elapsed_label=4s | products_per_minute=838.82
2026-09-30 15:49:57 | INFO    | LISTING   | Listing Kidbea route https://www.myntra.com/kidbea page 14 -> https://www.myntra.com/gateway/v4/search/kidbea?rows=50&o=650&plaEnabled=false&xdEnabled=false&isFacet=true&p=14 | run_id=run_20260930_154906_269231_a733d1 | brand=Kidbea | page=14 | route=https://www.myntra.com/kidbea | seen=535 | expected=890
2026-09-30 15:50:01 | INFO    | PDP       | Processed 42 target products for Kidbea in 3s (823.5 products/min). | run_id=run_20260930_154906_269231_a733d1 | brand=Kidbea | saved=42 | elapsed_label=3s | products_per_minute=823.5
2026-09-30 15:50:02 | INFO    | LISTING   | Listing Kidbea route https://www.myntra.com/kidbea page 15 -> https://www.myntra.com/gateway/v4/search/kidbea?rows=50&o=700&plaEnabled=false&xdEnabled=false&isFacet=true&p=15 | run_id=run_20260930_154906_269231_a733d1 | brand=Kidbea | page=15 | route=https://www.myntra.com/kidbea | seen=577 | expected=890
2026-09-30 15:50:05 | INFO    | PDP       | Processed 37 target products for Kidbea in 3s (826.02 products/min). | run_id=run_20260930_154906_269231_a733d1 | brand=Kidbea | saved=37 | elapsed_label=3s | products_per_minute=826.02
2026-09-30 15:50:05 | INFO    | LISTING   | Listing Kidbea route https://www.myntra.com/kidbea page 16 -> https://www.myntra.com/gateway/v4/search/kidbea?rows=50&o=750&plaEnabled=false&xdEnabled=false&isFacet=true&p=16 | run_id=run_20260930_154906_269231_a733d1 | brand=Kidbea | page=16 | route=https://www.myntra.com/kidbea | seen=614 | expected=890
2026-09-30 15:50:09 | INFO    | PDP       | Processed 50 target products for Kidbea in 3s (867.51 products/min). | run_id=run_20260930_154906_269231_a733d1 | brand=Kidbea | saved=50 | elapsed_label=3s | products_per_minute=867.51
2026-09-30 15:50:09 | INFO    | LISTING   | Listing Kidbea route https://www.myntra.com/kidbea page 17 -> https://www.myntra.com/gateway/v4/search/kidbea?rows=50&o=800&plaEnabled=false&xdEnabled=false&isFacet=true&p=17 | run_id=run_20260930_154906_269231_a733d1 | brand=Kidbea | page=17 | route=https://www.myntra.com/kidbea | seen=664 | expected=890
2026-09-30 15:50:13 | INFO    | PDP       | Processed 32 target products for Kidbea in 3s (645.3 products/min). | run_id=run_20260930_154906_269231_a733d1 | brand=Kidbea | saved=32 | elapsed_label=3s | products_per_minute=645.3
2026-09-30 15:50:13 | INFO    | LISTING   | Listing Kidbea route https://www.myntra.com/kidbea page 18 -> https://www.myntra.com/gateway/v4/search/kidbea?rows=50&o=850&plaEnabled=false&xdEnabled=false&isFacet=true&p=18 | run_id=run_20260930_154906_269231_a733d1 | brand=Kidbea | page=18 | route=https://www.myntra.com/kidbea | seen=696 | expected=890
2026-09-30 15:50:17 | INFO    | PDP       | Processed 43 target products for Kidbea in 3s (864.9 products/min). | run_id=run_20260930_154906_269231_a733d1 | brand=Kidbea | saved=43 | elapsed_label=3s | products_per_minute=864.9
2026-09-30 15:50:17 | INFO    | LISTING   | Listing Kidbea route https://www.myntra.com/kidbea page 19 -> https://www.myntra.com/gateway/v4/search/kidbea?rows=50&o=900&plaEnabled=false&xdEnabled=false&isFacet=true&p=19 | run_id=run_20260930_154906_269231_a733d1 | brand=Kidbea | page=19 | route=https://www.myntra.com/kidbea | seen=739 | expected=890
2026-09-30 15:50:22 | INFO    | PDP       | Processed 49 target products for Kidbea in 4s (686.2 products/min). | run_id=run_20260930_154906_269231_a733d1 | brand=Kidbea | saved=49 | elapsed_label=4s | products_per_minute=686.2
2026-09-30 15:50:22 | INFO    | LISTING   | Listing Kidbea route https://www.myntra.com/kidbea page 20 -> https://www.myntra.com/gateway/v4/search/kidbea?rows=50&o=950&plaEnabled=false&xdEnabled=false&isFacet=true&p=20 | run_id=run_20260930_154906_269231_a733d1 | brand=Kidbea | page=20 | route=https://www.myntra.com/kidbea | seen=788 | expected=890
2026-09-30 15:50:23 | WARNING | LISTING   | Empty listing page for Kidbea on page 20 before expected end; continuing. | run_id=run_20260930_154906_269231_a733d1 | brand=Kidbea | page=20 | route=https://www.myntra.com/kidbea
2026-09-30 15:50:23 | INFO    | LISTING   | Listing Kidbea route https://www.myntra.com/kidbea page 21 -> https://www.myntra.com/gateway/v4/search/kidbea?rows=50&o=1000&plaEnabled=false&xdEnabled=false&isFacet=true&p=21 | run_id=run_20260930_154906_269231_a733d1 | brand=Kidbea | page=21 | route=https://www.myntra.com/kidbea | seen=788 | expected=890
2026-09-30 15:50:24 | WARNING | NETWORK   | JSON request failed for https://www.myntra.com/gateway/v4/search/kidbea?rows=50&o=1000&plaEnabled=false&xdEnabled=false&isFacet=true&p=21 on attempt 1/3: HTTP Error 400:  | run_id=run_20260930_154906_269231_a733d1 | route=https://www.myntra.com/gateway/v4/search/kidbea?rows=50&o=1000&plaEnabled=false&xdEnabled=false&isFacet=true&p=21 | attempt=1/3
2026-09-30 15:50:25 | WARNING | NETWORK   | JSON request failed for https://www.myntra.com/gateway/v4/search/kidbea?rows=50&o=1000&plaEnabled=false&xdEnabled=false&isFacet=true&p=21 on attempt 2/3: HTTP Error 400:  | run_id=run_20260930_154906_269231_a733d1 | route=https://www.myntra.com/gateway/v4/search/kidbea?rows=50&o=1000&plaEnabled=false&xdEnabled=false&isFacet=true&p=21 | attempt=2/3
2026-09-30 15:50:28 | WARNING | NETWORK   | JSON request failed for https://www.myntra.com/gateway/v4/search/kidbea?rows=50&o=1000&plaEnabled=false&xdEnabled=false&isFacet=true&p=21 on attempt 3/3: HTTP Error 400:  | run_id=run_20260930_154906_269231_a733d1 | route=https://www.myntra.com/gateway/v4/search/kidbea?rows=50&o=1000&plaEnabled=false&xdEnabled=false&isFacet=true&p=21 | attempt=3/3
2026-09-30 15:50:29 | WARNING | NETWORK   | JSON request failed for https://www.myntra.com/gateway/v4/search/kidbea?rows=50&o=999&plaEnabled=false&xdEnabled=false&isFacet=true&p=21 on attempt 1/3: HTTP Error 400:  | run_id=run_20260930_154906_269231_a733d1 | route=https://www.myntra.com/gateway/v4/search/kidbea?rows=50&o=999&plaEnabled=false&xdEnabled=false&isFacet=true&p=21 | attempt=1/3
2026-09-30 15:50:31 | WARNING | NETWORK   | JSON request failed for https://www.myntra.com/gateway/v4/search/kidbea?rows=50&o=999&plaEnabled=false&xdEnabled=false&isFacet=true&p=21 on attempt 2/3: HTTP Error 400:  | run_id=run_20260930_154906_269231_a733d1 | route=https://www.myntra.com/gateway/v4/search/kidbea?rows=50&o=999&plaEnabled=false&xdEnabled=false&isFacet=true&p=21 | attempt=2/3
2026-09-30 15:50:34 | WARNING | NETWORK   | JSON request failed for https://www.myntra.com/gateway/v4/search/kidbea?rows=50&o=999&plaEnabled=false&xdEnabled=false&isFacet=true&p=21 on attempt 3/3: HTTP Error 400:  | run_id=run_20260930_154906_269231_a733d1 | route=https://www.myntra.com/gateway/v4/search/kidbea?rows=50&o=999&plaEnabled=false&xdEnabled=false&isFacet=true&p=21 | attempt=3/3
2026-09-30 15:50:34 | WARNING | LISTING   | Route fetch failed for https://www.myntra.com/kidbea page 21 (Failed to fetch JSON payload from https://www.myntra.com/gateway/v4/search/kidbea?rows=50&o=999&plaEnabled=false&xdEnabled=false&isFacet=true&p=21: HTTP Error 400: ). Will retry with another pass or fallback route. | run_id=run_20260930_154906_269231_a733d1 | brand=Kidbea | page=21 | route=https://www.myntra.com/kidbea
2026-09-30 15:50:34 | WARNING | LISTING   | Retrying route https://www.myntra.com/kidbea for Kidbea (pass 1/2) after incomplete coverage: 788/890 unique products seen. | run_id=run_20260930_154906_269231_a733d1 | brand=Kidbea | route=https://www.myntra.com/kidbea | seen=788 | expected=890 | attempt=1/2
2026-09-30 15:50:34 | INFO    | LISTING   | Listing Kidbea route https://www.myntra.com/kidbea page 1 -> https://www.myntra.com/gateway/v4/search/kidbea?rows=50&o=0&plaEnabled=false&xdEnabled=false&isFacet=true&p=1 | run_id=run_20260930_154906_269231_a733d1 | brand=Kidbea | page=1 | route=https://www.myntra.com/kidbea | seen=788 | expected=890
2026-09-30 15:50:36 | INFO    | LISTING   | Listing Kidbea route https://www.myntra.com/kidbea page 2 -> https://www.myntra.com/gateway/v4/search/kidbea?rows=50&o=50&plaEnabled=false&xdEnabled=false&isFacet=true&p=2 | run_id=run_20260930_154906_269231_a733d1 | brand=Kidbea | page=2 | route=https://www.myntra.com/kidbea | seen=788 | expected=890
2026-09-30 15:50:36 | INFO    | LISTING   | Listing Kidbea route https://www.myntra.com/kidbea page 3 -> https://www.myntra.com/gateway/v4/search/kidbea?rows=50&o=100&plaEnabled=false&xdEnabled=false&isFacet=true&p=3 | run_id=run_20260930_154906_269231_a733d1 | brand=Kidbea | page=3 | route=https://www.myntra.com/kidbea | seen=788 | expected=890
2026-09-30 15:50:37 | WARNING | LISTING   | Route https://www.myntra.com/kidbea for Kidbea stalled for 3 consecutive pages before reaching expected total; restarting route pass. | run_id=run_20260930_154906_269231_a733d1 | brand=Kidbea | page=3 | route=https://www.myntra.com/kidbea | seen=788 | expected=890
2026-09-30 15:50:37 | WARNING | LISTING   | Retrying route https://www.myntra.com/kidbea for Kidbea (pass 2/2) after incomplete coverage: 788/890 unique products seen. | run_id=run_20260930_154906_269231_a733d1 | brand=Kidbea | route=https://www.myntra.com/kidbea | seen=788 | expected=890 | attempt=2/2
2026-09-30 15:50:37 | INFO    | LISTING   | Listing Kidbea route https://www.myntra.com/kidbea page 1 -> https://www.myntra.com/gateway/v4/search/kidbea?rows=50&o=0&plaEnabled=false&xdEnabled=false&isFacet=true&p=1 | run_id=run_20260930_154906_269231_a733d1 | brand=Kidbea | page=1 | route=https://www.myntra.com/kidbea | seen=788 | expected=890
2026-09-30 15:50:38 | INFO    | LISTING   | Listing Kidbea route https://www.myntra.com/kidbea page 2 -> https://www.myntra.com/gateway/v4/search/kidbea?rows=50&o=50&plaEnabled=false&xdEnabled=false&isFacet=true&p=2 | run_id=run_20260930_154906_269231_a733d1 | brand=Kidbea | page=2 | route=https://www.myntra.com/kidbea | seen=788 | expected=890
2026-09-30 15:50:39 | INFO    | LISTING   | Listing Kidbea route https://www.myntra.com/kidbea page 3 -> https://www.myntra.com/gateway/v4/search/kidbea?rows=50&o=100&plaEnabled=false&xdEnabled=false&isFacet=true&p=3 | run_id=run_20260930_154906_269231_a733d1 | brand=Kidbea | page=3 | route=https://www.myntra.com/kidbea | seen=788 | expected=890
2026-09-30 15:50:39 | WARNING | LISTING   | Route https://www.myntra.com/kidbea for Kidbea stalled for 3 consecutive pages before reaching expected total; restarting route pass. | run_id=run_20260930_154906_269231_a733d1 | brand=Kidbea | page=3 | route=https://www.myntra.com/kidbea | seen=788 | expected=890
2026-09-30 15:50:39 | WARNING | BRAND     | Brand Kidbea finished below expected count: saw 788 unique shirts products vs expected 890. | run_id=run_20260930_154906_269231_a733d1 | brand=Kidbea | seen=788 | expected=890
2026-09-30 15:50:39 | INFO    | BRAND     | Brand scrape completed in 1m 33s (509.71 products/min). | run_id=run_20260930_154906_269231_a733d1 | brand=Kidbea | status=COMPLETED | saved=788 | seen=788 | expected=890 | elapsed_label=1m 33s | products_per_minute=509.71
2026-09-30 15:50:39 | INFO    | BRAND     | Resolving brand routes. | run_id=run_20260930_154906_269231_a733d1 | brand=Hopscotch
2026-09-30 15:50:40 | INFO    | BRAND     | Resolved Hopscotch -> 1 routes (best brand total=5128): https://www.myntra.com/hopscotch | run_id=run_20260930_154906_269231_a733d1 | brand=Hopscotch | expected=5128
2026-09-30 15:50:40 | INFO    | BRAND     | Starting brand scrape. | run_id=run_20260930_154906_269231_a733d1 | brand=Hopscotch | expected=5128
2026-09-30 15:50:40 | INFO    | LISTING   | Listing Hopscotch route https://www.myntra.com/hopscotch page 1 -> https://www.myntra.com/gateway/v4/search/hopscotch?rows=50&o=0&plaEnabled=false&xdEnabled=false&isFacet=true&p=1 | run_id=run_20260930_154906_269231_a733d1 | brand=Hopscotch | page=1 | route=https://www.myntra.com/hopscotch | seen=0 | expected=5128
2026-09-30 15:50:44 | INFO    | PDP       | Processed 46 target products for Hopscotch in 3s (1026.24 products/min). | run_id=run_20260930_154906_269231_a733d1 | brand=Hopscotch | saved=46 | elapsed_label=3s | products_per_minute=1026.24
2026-09-30 15:50:44 | INFO    | LISTING   | Listing Hopscotch route https://www.myntra.com/hopscotch page 2 -> https://www.myntra.com/gateway/v4/search/hopscotch?rows=50&o=50&plaEnabled=false&xdEnabled=false&isFacet=true&p=2 | run_id=run_20260930_154906_269231_a733d1 | brand=Hopscotch | page=2 | route=https://www.myntra.com/hopscotch | seen=46 | expected=5128
2026-09-30 15:50:48 | INFO    | PDP       | Processed 47 target products for Hopscotch in 2s (1181.88 products/min). | run_id=run_20260930_154906_269231_a733d1 | brand=Hopscotch | saved=47 | elapsed_label=2s | products_per_minute=1181.88
2026-09-30 15:50:48 | INFO    | LISTING   | Listing Hopscotch route https://www.myntra.com/hopscotch page 3 -> https://www.myntra.com/gateway/v4/search/hopscotch?rows=50&o=100&plaEnabled=false&xdEnabled=false&isFacet=true&p=3 | run_id=run_20260930_154906_269231_a733d1 | brand=Hopscotch | page=3 | route=https://www.myntra.com/hopscotch | seen=93 | expected=5128
2026-09-30 15:50:51 | INFO    | PDP       | Processed 47 target products for Hopscotch in 3s (1014.88 products/min). | run_id=run_20260930_154906_269231_a733d1 | brand=Hopscotch | saved=47 | elapsed_label=3s | products_per_minute=1014.88
2026-09-30 15:50:52 | INFO    | LISTING   | Listing Hopscotch route https://www.myntra.com/hopscotch page 4 -> https://www.myntra.com/gateway/v4/search/hopscotch?rows=50&o=150&plaEnabled=false&xdEnabled=false&isFacet=true&p=4 | run_id=run_20260930_154906_269231_a733d1 | brand=Hopscotch | page=4 | route=https://www.myntra.com/hopscotch | seen=140 | expected=5128
2026-09-30 15:50:56 | INFO    | PDP       | Processed 47 target products for Hopscotch in 3s (1015.08 products/min). | run_id=run_20260930_154906_269231_a733d1 | brand=Hopscotch | saved=47 | elapsed_label=3s | products_per_minute=1015.08
2026-09-30 15:50:56 | INFO    | LISTING   | Listing Hopscotch route https://www.myntra.com/hopscotch page 5 -> https://www.myntra.com/gateway/v4/search/hopscotch?rows=50&o=200&plaEnabled=false&xdEnabled=false&isFacet=true&p=5 | run_id=run_20260930_154906_269231_a733d1 | brand=Hopscotch | page=5 | route=https://www.myntra.com/hopscotch | seen=187 | expected=5128
2026-09-30 15:51:00 | INFO    | PDP       | Processed 49 target products for Hopscotch in 4s (796.44 products/min). | run_id=run_20260930_154906_269231_a733d1 | brand=Hopscotch | saved=49 | elapsed_label=4s | products_per_minute=796.44
2026-09-30 15:51:00 | INFO    | LISTING   | Listing Hopscotch route https://www.myntra.com/hopscotch page 6 -> https://www.myntra.com/gateway/v4/search/hopscotch?rows=50&o=250&plaEnabled=false&xdEnabled=false&isFacet=true&p=6 | run_id=run_20260930_154906_269231_a733d1 | brand=Hopscotch | page=6 | route=https://www.myntra.com/hopscotch | seen=236 | expected=5128
2026-09-30 15:51:05 | INFO    | PDP       | Processed 48 target products for Hopscotch in 4s (776.08 products/min). | run_id=run_20260930_154906_269231_a733d1 | brand=Hopscotch | saved=48 | elapsed_label=4s | products_per_minute=776.08
2026-09-30 15:51:05 | INFO    | LISTING   | Listing Hopscotch route https://www.myntra.com/hopscotch page 7 -> https://www.myntra.com/gateway/v4/search/hopscotch?rows=50&o=300&plaEnabled=false&xdEnabled=false&isFacet=true&p=7 | run_id=run_20260930_154906_269231_a733d1 | brand=Hopscotch | page=7 | route=https://www.myntra.com/hopscotch | seen=284 | expected=5128
2026-09-30 15:51:11 | INFO    | PDP       | Processed 49 target products for Hopscotch in 4s (674.95 products/min). | run_id=run_20260930_154906_269231_a733d1 | brand=Hopscotch | saved=49 | elapsed_label=4s | products_per_minute=674.95
2026-09-30 15:51:11 | INFO    | LISTING   | Listing Hopscotch route https://www.myntra.com/hopscotch page 8 -> https://www.myntra.com/gateway/v4/search/hopscotch?rows=50&o=350&plaEnabled=false&xdEnabled=false&isFacet=true&p=8 | run_id=run_20260930_154906_269231_a733d1 | brand=Hopscotch | page=8 | route=https://www.myntra.com/hopscotch | seen=333 | expected=5128
2026-09-30 15:51:15 | INFO    | PDP       | Processed 48 target products for Hopscotch in 4s (766.3 products/min). | run_id=run_20260930_154906_269231_a733d1 | brand=Hopscotch | saved=48 | elapsed_label=4s | products_per_minute=766.3
2026-09-30 15:51:15 | INFO    | LISTING   | Listing Hopscotch route https://www.myntra.com/hopscotch page 9 -> https://www.myntra.com/gateway/v4/search/hopscotch?rows=50&o=400&plaEnabled=false&xdEnabled=false&isFacet=true&p=9 | run_id=run_20260930_154906_269231_a733d1 | brand=Hopscotch | page=9 | route=https://www.myntra.com/hopscotch | seen=381 | expected=5128
2026-09-30 15:51:19 | INFO    | PDP       | Processed 43 target products for Hopscotch in 3s (804.97 products/min). | run_id=run_20260930_154906_269231_a733d1 | brand=Hopscotch | saved=43 | elapsed_label=3s | products_per_minute=804.97
2026-09-30 15:51:19 | INFO    | LISTING   | Listing Hopscotch route https://www.myntra.com/hopscotch page 10 -> https://www.myntra.com/gateway/v4/search/hopscotch?rows=50&o=450&plaEnabled=false&xdEnabled=false&isFacet=true&p=10 | run_id=run_20260930_154906_269231_a733d1 | brand=Hopscotch | page=10 | route=https://www.myntra.com/hopscotch | seen=424 | expected=5128
2026-09-30 15:51:24 | INFO    | PDP       | Processed 49 target products for Hopscotch in 3s (868.27 products/min). | run_id=run_20260930_154906_269231_a733d1 | brand=Hopscotch | saved=49 | elapsed_label=3s | products_per_minute=868.27
2026-09-30 15:51:24 | INFO    | LISTING   | Listing Hopscotch route https://www.myntra.com/hopscotch page 11 -> https://www.myntra.com/gateway/v4/search/hopscotch?rows=50&o=500&plaEnabled=false&xdEnabled=false&isFacet=true&p=11 | run_id=run_20260930_154906_269231_a733d1 | brand=Hopscotch | page=11 | route=https://www.myntra.com/hopscotch | seen=473 | expected=5128
2026-09-30 15:51:28 | INFO    | PDP       | Processed 47 target products for Hopscotch in 3s (872.33 products/min). | run_id=run_20260930_154906_269231_a733d1 | brand=Hopscotch | saved=47 | elapsed_label=3s | products_per_minute=872.33
2026-09-30 15:51:28 | INFO    | LISTING   | Listing Hopscotch route https://www.myntra.com/hopscotch page 12 -> https://www.myntra.com/gateway/v4/search/hopscotch?rows=50&o=550&plaEnabled=false&xdEnabled=false&isFacet=true&p=12 | run_id=run_20260930_154906_269231_a733d1 | brand=Hopscotch | page=12 | route=https://www.myntra.com/hopscotch | seen=520 | expected=5128
2026-09-30 15:51:32 | INFO    | PDP       | Processed 50 target products for Hopscotch in 3s (1022.91 products/min). | run_id=run_20260930_154906_269231_a733d1 | brand=Hopscotch | saved=50 | elapsed_label=3s | products_per_minute=1022.91
2026-09-30 15:51:32 | INFO    | LISTING   | Listing Hopscotch route https://www.myntra.com/hopscotch page 13 -> https://www.myntra.com/gateway/v4/search/hopscotch?rows=50&o=600&plaEnabled=false&xdEnabled=false&isFacet=true&p=13 | run_id=run_20260930_154906_269231_a733d1 | brand=Hopscotch | page=13 | route=https://www.myntra.com/hopscotch | seen=570 | expected=5128
2026-09-30 15:51:35 | INFO    | PDP       | Processed 50 target products for Hopscotch in 2s (1204.99 products/min). | run_id=run_20260930_154906_269231_a733d1 | brand=Hopscotch | saved=50 | elapsed_label=2s | products_per_minute=1204.99
2026-09-30 15:51:35 | INFO    | LISTING   | Listing Hopscotch route https://www.myntra.com/hopscotch page 14 -> https://www.myntra.com/gateway/v4/search/hopscotch?rows=50&o=650&plaEnabled=false&xdEnabled=false&isFacet=true&p=14 | run_id=run_20260930_154906_269231_a733d1 | brand=Hopscotch | page=14 | route=https://www.myntra.com/hopscotch | seen=620 | expected=5128
2026-09-30 15:51:39 | INFO    | PDP       | Processed 49 target products for Hopscotch in 3s (1132.85 products/min). | run_id=run_20260930_154906_269231_a733d1 | brand=Hopscotch | saved=49 | elapsed_label=3s | products_per_minute=1132.85
2026-09-30 15:51:39 | INFO    | LISTING   | Listing Hopscotch route https://www.myntra.com/hopscotch page 15 -> https://www.myntra.com/gateway/v4/search/hopscotch?rows=50&o=700&plaEnabled=false&xdEnabled=false&isFacet=true&p=15 | run_id=run_20260930_154906_269231_a733d1 | brand=Hopscotch | page=15 | route=https://www.myntra.com/hopscotch | seen=669 | expected=5128
2026-09-30 15:51:42 | INFO    | PDP       | Processed 44 target products for Hopscotch in 2s (1080.61 products/min). | run_id=run_20260930_154906_269231_a733d1 | brand=Hopscotch | saved=44 | elapsed_label=2s | products_per_minute=1080.61
2026-09-30 15:51:42 | INFO    | LISTING   | Listing Hopscotch route https://www.myntra.com/hopscotch page 16 -> https://www.myntra.com/gateway/v4/search/hopscotch?rows=50&o=750&plaEnabled=false&xdEnabled=false&isFacet=true&p=16 | run_id=run_20260930_154906_269231_a733d1 | brand=Hopscotch | page=16 | route=https://www.myntra.com/hopscotch | seen=713 | expected=5128
2026-09-30 15:51:46 | INFO    | PDP       | Processed 49 target products for Hopscotch in 3s (988.03 products/min). | run_id=run_20260930_154906_269231_a733d1 | brand=Hopscotch | saved=49 | elapsed_label=3s | products_per_minute=988.03
2026-09-30 15:51:46 | INFO    | LISTING   | Listing Hopscotch route https://www.myntra.com/hopscotch page 17 -> https://www.myntra.com/gateway/v4/search/hopscotch?rows=50&o=800&plaEnabled=false&xdEnabled=false&isFacet=true&p=17 | run_id=run_20260930_154906_269231_a733d1 | brand=Hopscotch | page=17 | route=https://www.myntra.com/hopscotch | seen=762 | expected=5128
2026-09-30 15:51:50 | INFO    | PDP       | Processed 50 target products for Hopscotch in 3s (1080.4 products/min). | run_id=run_20260930_154906_269231_a733d1 | brand=Hopscotch | saved=50 | elapsed_label=3s | products_per_minute=1080.4
2026-09-30 15:51:50 | INFO    | LISTING   | Listing Hopscotch route https://www.myntra.com/hopscotch page 18 -> https://www.myntra.com/gateway/v4/search/hopscotch?rows=50&o=850&plaEnabled=false&xdEnabled=false&isFacet=true&p=18 | run_id=run_20260930_154906_269231_a733d1 | brand=Hopscotch | page=18 | route=https://www.myntra.com/hopscotch | seen=812 | expected=5128
2026-09-30 15:51:54 | INFO    | PDP       | Processed 48 target products for Hopscotch in 3s (903.99 products/min). | run_id=run_20260930_154906_269231_a733d1 | brand=Hopscotch | saved=48 | elapsed_label=3s | products_per_minute=903.99
2026-09-30 15:51:54 | INFO    | LISTING   | Listing Hopscotch route https://www.myntra.com/hopscotch page 19 -> https://www.myntra.com/gateway/v4/search/hopscotch?rows=50&o=900&plaEnabled=false&xdEnabled=false&isFacet=true&p=19 | run_id=run_20260930_154906_269231_a733d1 | brand=Hopscotch | page=19 | route=https://www.myntra.com/hopscotch | seen=860 | expected=5128
2026-09-30 15:51:58 | INFO    | PDP       | Processed 46 target products for Hopscotch in 2s (1127.76 products/min). | run_id=run_20260930_154906_269231_a733d1 | brand=Hopscotch | saved=46 | elapsed_label=2s | products_per_minute=1127.76
2026-09-30 15:51:58 | INFO    | LISTING   | Listing Hopscotch route https://www.myntra.com/hopscotch page 20 -> https://www.myntra.com/gateway/v4/search/hopscotch?rows=50&o=950&plaEnabled=false&xdEnabled=false&isFacet=true&p=20 | run_id=run_20260930_154906_269231_a733d1 | brand=Hopscotch | page=20 | route=https://www.myntra.com/hopscotch | seen=906 | expected=5128
2026-09-30 15:52:01 | INFO    | PDP       | Processed 47 target products for Hopscotch in 3s (1003.5 products/min). | run_id=run_20260930_154906_269231_a733d1 | brand=Hopscotch | saved=47 | elapsed_label=3s | products_per_minute=1003.5
2026-09-30 15:52:01 | INFO    | LISTING   | Listing Hopscotch route https://www.myntra.com/hopscotch page 21 -> https://www.myntra.com/gateway/v4/search/hopscotch?rows=50&o=1000&plaEnabled=false&xdEnabled=false&isFacet=true&p=21 | run_id=run_20260930_154906_269231_a733d1 | brand=Hopscotch | page=21 | route=https://www.myntra.com/hopscotch | seen=953 | expected=5128
2026-09-30 15:52:05 | INFO    | PDP       | Processed 46 target products for Hopscotch in 3s (979.03 products/min). | run_id=run_20260930_154906_269231_a733d1 | brand=Hopscotch | saved=46 | elapsed_label=3s | products_per_minute=979.03
2026-09-30 15:52:05 | INFO    | LISTING   | Listing Hopscotch route https://www.myntra.com/hopscotch page 22 -> https://www.myntra.com/gateway/v4/search/hopscotch?rows=50&o=1050&plaEnabled=false&xdEnabled=false&isFacet=true&p=22 | run_id=run_20260930_154906_269231_a733d1 | brand=Hopscotch | page=22 | route=https://www.myntra.com/hopscotch | seen=999 | expected=5128
2026-09-30 15:52:09 | INFO    | PDP       | Processed 49 target products for Hopscotch in 2s (1199.17 products/min). | run_id=run_20260930_154906_269231_a733d1 | brand=Hopscotch | saved=49 | elapsed_label=2s | products_per_minute=1199.17
2026-09-30 15:52:09 | INFO    | LISTING   | Listing Hopscotch route https://www.myntra.com/hopscotch page 23 -> https://www.myntra.com/gateway/v4/search/hopscotch?rows=50&o=1100&plaEnabled=false&xdEnabled=false&isFacet=true&p=23 | run_id=run_20260930_154906_269231_a733d1 | brand=Hopscotch | page=23 | route=https://www.myntra.com/hopscotch | seen=1048 | expected=5128
2026-09-30 15:52:13 | INFO    | PDP       | Processed 46 target products for Hopscotch in 2s (1116.6 products/min). | run_id=run_20260930_154906_269231_a733d1 | brand=Hopscotch | saved=46 | elapsed_label=2s | products_per_minute=1116.6
2026-09-30 15:52:13 | INFO    | LISTING   | Listing Hopscotch route https://www.myntra.com/hopscotch page 24 -> https://www.myntra.com/gateway/v4/search/hopscotch?rows=50&o=1150&plaEnabled=false&xdEnabled=false&isFacet=true&p=24 | run_id=run_20260930_154906_269231_a733d1 | brand=Hopscotch | page=24 | route=https://www.myntra.com/hopscotch | seen=1094 | expected=5128
2026-09-30 15:52:17 | INFO    | PDP       | Processed 50 target products for Hopscotch in 3s (1061.91 products/min). | run_id=run_20260930_154906_269231_a733d1 | brand=Hopscotch | saved=50 | elapsed_label=3s | products_per_minute=1061.91
2026-09-30 15:52:17 | INFO    | LISTING   | Listing Hopscotch route https://www.myntra.com/hopscotch page 25 -> https://www.myntra.com/gateway/v4/search/hopscotch?rows=50&o=1200&plaEnabled=false&xdEnabled=false&isFacet=true&p=25 | run_id=run_20260930_154906_269231_a733d1 | brand=Hopscotch | page=25 | route=https://www.myntra.com/hopscotch | seen=1144 | expected=5128
2026-09-30 15:52:21 | INFO    | PDP       | Processed 48 target products for Hopscotch in 2s (1170.63 products/min). | run_id=run_20260930_154906_269231_a733d1 | brand=Hopscotch | saved=48 | elapsed_label=2s | products_per_minute=1170.63
2026-09-30 15:52:21 | INFO    | LISTING   | Listing Hopscotch route https://www.myntra.com/hopscotch page 26 -> https://www.myntra.com/gateway/v4/search/hopscotch?rows=50&o=1250&plaEnabled=false&xdEnabled=false&isFacet=true&p=26 | run_id=run_20260930_154906_269231_a733d1 | brand=Hopscotch | page=26 | route=https://www.myntra.com/hopscotch | seen=1192 | expected=5128
2026-09-30 15:52:24 | INFO    | PDP       | Processed 47 target products for Hopscotch in 3s (1062.95 products/min). | run_id=run_20260930_154906_269231_a733d1 | brand=Hopscotch | saved=47 | elapsed_label=3s | products_per_minute=1062.95
2026-09-30 15:52:24 | INFO    | LISTING   | Listing Hopscotch route https://www.myntra.com/hopscotch page 27 -> https://www.myntra.com/gateway/v4/search/hopscotch?rows=50&o=1300&plaEnabled=false&xdEnabled=false&isFacet=true&p=27 | run_id=run_20260930_154906_269231_a733d1 | brand=Hopscotch | page=27 | route=https://www.myntra.com/hopscotch | seen=1239 | expected=5128
2026-09-30 15:52:28 | INFO    | PDP       | Processed 50 target products for Hopscotch in 3s (1069.16 products/min). | run_id=run_20260930_154906_269231_a733d1 | brand=Hopscotch | saved=50 | elapsed_label=3s | products_per_minute=1069.16
2026-09-30 15:52:28 | INFO    | LISTING   | Listing Hopscotch route https://www.myntra.com/hopscotch page 28 -> https://www.myntra.com/gateway/v4/search/hopscotch?rows=50&o=1350&plaEnabled=false&xdEnabled=false&isFacet=true&p=28 | run_id=run_20260930_154906_269231_a733d1 | brand=Hopscotch | page=28 | route=https://www.myntra.com/hopscotch | seen=1289 | expected=5128
2026-09-30 15:52:33 | INFO    | PDP       | Processed 50 target products for Hopscotch in 4s (675.71 products/min). | run_id=run_20260930_154906_269231_a733d1 | brand=Hopscotch | saved=50 | elapsed_label=4s | products_per_minute=675.71
2026-09-30 15:52:33 | INFO    | LISTING   | Listing Hopscotch route https://www.myntra.com/hopscotch page 29 -> https://www.myntra.com/gateway/v4/search/hopscotch?rows=50&o=1400&plaEnabled=false&xdEnabled=false&isFacet=true&p=29 | run_id=run_20260930_154906_269231_a733d1 | brand=Hopscotch | page=29 | route=https://www.myntra.com/hopscotch | seen=1339 | expected=5128
2026-09-30 15:52:37 | INFO    | PDP       | Processed 49 target products for Hopscotch in 3s (879.3 products/min). | run_id=run_20260930_154906_269231_a733d1 | brand=Hopscotch | saved=49 | elapsed_label=3s | products_per_minute=879.3
2026-09-30 15:52:37 | INFO    | LISTING   | Listing Hopscotch route https://www.myntra.com/hopscotch page 30 -> https://www.myntra.com/gateway/v4/search/hopscotch?rows=50&o=1450&plaEnabled=false&xdEnabled=false&isFacet=true&p=30 | run_id=run_20260930_154906_269231_a733d1 | brand=Hopscotch | page=30 | route=https://www.myntra.com/hopscotch | seen=1388 | expected=5128
2026-09-30 15:52:41 | INFO    | PDP       | Processed 48 target products for Hopscotch in 3s (876.04 products/min). | run_id=run_20260930_154906_269231_a733d1 | brand=Hopscotch | saved=48 | elapsed_label=3s | products_per_minute=876.04
2026-09-30 15:52:41 | INFO    | LISTING   | Listing Hopscotch route https://www.myntra.com/hopscotch page 31 -> https://www.myntra.com/gateway/v4/search/hopscotch?rows=50&o=1500&plaEnabled=false&xdEnabled=false&isFacet=true&p=31 | run_id=run_20260930_154906_269231_a733d1 | brand=Hopscotch | page=31 | route=https://www.myntra.com/hopscotch | seen=1436 | expected=5128
2026-09-30 15:52:45 | INFO    | PDP       | Processed 34 target products for Hopscotch in 3s (671.48 products/min). | run_id=run_20260930_154906_269231_a733d1 | brand=Hopscotch | saved=34 | elapsed_label=3s | products_per_minute=671.48
2026-09-30 15:52:45 | INFO    | LISTING   | Listing Hopscotch route https://www.myntra.com/hopscotch page 32 -> https://www.myntra.com/gateway/v4/search/hopscotch?rows=50&o=1550&plaEnabled=false&xdEnabled=false&isFacet=true&p=32 | run_id=run_20260930_154906_269231_a733d1 | brand=Hopscotch | page=32 | route=https://www.myntra.com/hopscotch | seen=1470 | expected=5128
2026-09-30 15:52:49 | INFO    | PDP       | Processed 42 target products for Hopscotch in 3s (756.77 products/min). | run_id=run_20260930_154906_269231_a733d1 | brand=Hopscotch | saved=42 | elapsed_label=3s | products_per_minute=756.77
2026-09-30 15:52:49 | INFO    | LISTING   | Listing Hopscotch route https://www.myntra.com/hopscotch page 33 -> https://www.myntra.com/gateway/v4/search/hopscotch?rows=50&o=1600&plaEnabled=false&xdEnabled=false&isFacet=true&p=33 | run_id=run_20260930_154906_269231_a733d1 | brand=Hopscotch | page=33 | route=https://www.myntra.com/hopscotch | seen=1512 | expected=5128
2026-09-30 15:52:55 | INFO    | PDP       | Processed 49 target products for Hopscotch in 4s (717.62 products/min). | run_id=run_20260930_154906_269231_a733d1 | brand=Hopscotch | saved=49 | elapsed_label=4s | products_per_minute=717.62
2026-09-30 15:52:55 | INFO    | LISTING   | Listing Hopscotch route https://www.myntra.com/hopscotch page 34 -> https://www.myntra.com/gateway/v4/search/hopscotch?rows=50&o=1650&plaEnabled=false&xdEnabled=false&isFacet=true&p=34 | run_id=run_20260930_154906_269231_a733d1 | brand=Hopscotch | page=34 | route=https://www.myntra.com/hopscotch | seen=1561 | expected=5128
2026-09-30 15:52:58 | INFO    | PDP       | Processed 21 target products for Hopscotch in 3s (489.13 products/min). | run_id=run_20260930_154906_269231_a733d1 | brand=Hopscotch | saved=21 | elapsed_label=3s | products_per_minute=489.13
2026-09-30 15:52:58 | INFO    | LISTING   | Listing Hopscotch route https://www.myntra.com/hopscotch page 35 -> https://www.myntra.com/gateway/v4/search/hopscotch?rows=50&o=1700&plaEnabled=false&xdEnabled=false&isFacet=true&p=35 | run_id=run_20260930_154906_269231_a733d1 | brand=Hopscotch | page=35 | route=https://www.myntra.com/hopscotch | seen=1582 | expected=5128
2026-09-30 15:53:04 | INFO    | PDP       | Processed 50 target products for Hopscotch in 5s (645.61 products/min). | run_id=run_20260930_154906_269231_a733d1 | brand=Hopscotch | saved=50 | elapsed_label=5s | products_per_minute=645.61
2026-09-30 15:53:04 | INFO    | LISTING   | Listing Hopscotch route https://www.myntra.com/hopscotch page 36 -> https://www.myntra.com/gateway/v4/search/hopscotch?rows=50&o=1750&plaEnabled=false&xdEnabled=false&isFacet=true&p=36 | run_id=run_20260930_154906_269231_a733d1 | brand=Hopscotch | page=36 | route=https://www.myntra.com/hopscotch | seen=1632 | expected=5128
2026-09-30 15:53:09 | INFO    | PDP       | Processed 50 target products for Hopscotch in 3s (862.42 products/min). | run_id=run_20260930_154906_269231_a733d1 | brand=Hopscotch | saved=50 | elapsed_label=3s | products_per_minute=862.42
2026-09-30 15:53:09 | INFO    | LISTING   | Listing Hopscotch route https://www.myntra.com/hopscotch page 37 -> https://www.myntra.com/gateway/v4/search/hopscotch?rows=50&o=1800&plaEnabled=false&xdEnabled=false&isFacet=true&p=37 | run_id=run_20260930_154906_269231_a733d1 | brand=Hopscotch | page=37 | route=https://www.myntra.com/hopscotch | seen=1682 | expected=5128
2026-09-30 15:53:14 | INFO    | PDP       | Processed 50 target products for Hopscotch in 4s (771.92 products/min). | run_id=run_20260930_154906_269231_a733d1 | brand=Hopscotch | saved=50 | elapsed_label=4s | products_per_minute=771.92
2026-09-30 15:53:14 | INFO    | LISTING   | Listing Hopscotch route https://www.myntra.com/hopscotch page 38 -> https://www.myntra.com/gateway/v4/search/hopscotch?rows=50&o=1850&plaEnabled=false&xdEnabled=false&isFacet=true&p=38 | run_id=run_20260930_154906_269231_a733d1 | brand=Hopscotch | page=38 | route=https://www.myntra.com/hopscotch | seen=1732 | expected=5128
2026-09-30 15:53:19 | INFO    | PDP       | Processed 50 target products for Hopscotch in 4s (748.3 products/min). | run_id=run_20260930_154906_269231_a733d1 | brand=Hopscotch | saved=50 | elapsed_label=4s | products_per_minute=748.3
2026-09-30 15:53:19 | INFO    | LISTING   | Listing Hopscotch route https://www.myntra.com/hopscotch page 39 -> https://www.myntra.com/gateway/v4/search/hopscotch?rows=50&o=1900&plaEnabled=false&xdEnabled=false&isFacet=true&p=39 | run_id=run_20260930_154906_269231_a733d1 | brand=Hopscotch | page=39 | route=https://www.myntra.com/hopscotch | seen=1782 | expected=5128
2026-09-30 15:53:24 | INFO    | PDP       | Processed 50 target products for Hopscotch in 4s (763.82 products/min). | run_id=run_20260930_154906_269231_a733d1 | brand=Hopscotch | saved=50 | elapsed_label=4s | products_per_minute=763.82
2026-09-30 15:53:24 | INFO    | LISTING   | Listing Hopscotch route https://www.myntra.com/hopscotch page 40 -> https://www.myntra.com/gateway/v4/search/hopscotch?rows=50&o=1950&plaEnabled=false&xdEnabled=false&isFacet=true&p=40 | run_id=run_20260930_154906_269231_a733d1 | brand=Hopscotch | page=40 | route=https://www.myntra.com/hopscotch | seen=1832 | expected=5128
2026-09-30 15:53:28 | INFO    | PDP       | Processed 50 target products for Hopscotch in 4s (791.82 products/min). | run_id=run_20260930_154906_269231_a733d1 | brand=Hopscotch | saved=50 | elapsed_label=4s | products_per_minute=791.82
2026-09-30 15:53:29 | INFO    | LISTING   | Listing Hopscotch route https://www.myntra.com/hopscotch page 41 -> https://www.myntra.com/gateway/v4/search/hopscotch?rows=50&o=2000&plaEnabled=false&xdEnabled=false&isFacet=true&p=41 | run_id=run_20260930_154906_269231_a733d1 | brand=Hopscotch | page=41 | route=https://www.myntra.com/hopscotch | seen=1882 | expected=5128
2026-09-30 15:53:32 | INFO    | PDP       | Processed 50 target products for Hopscotch in 3s (922.89 products/min). | run_id=run_20260930_154906_269231_a733d1 | brand=Hopscotch | saved=50 | elapsed_label=3s | products_per_minute=922.89
2026-09-30 15:53:33 | INFO    | LISTING   | Listing Hopscotch route https://www.myntra.com/hopscotch page 42 -> https://www.myntra.com/gateway/v4/search/hopscotch?rows=50&o=2050&plaEnabled=false&xdEnabled=false&isFacet=true&p=42 | run_id=run_20260930_154906_269231_a733d1 | brand=Hopscotch | page=42 | route=https://www.myntra.com/hopscotch | seen=1932 | expected=5128
2026-09-30 15:53:36 | INFO    | PDP       | Processed 50 target products for Hopscotch in 3s (1029.35 products/min). | run_id=run_20260930_154906_269231_a733d1 | brand=Hopscotch | saved=50 | elapsed_label=3s | products_per_minute=1029.35
2026-09-30 15:53:36 | INFO    | LISTING   | Listing Hopscotch route https://www.myntra.com/hopscotch page 43 -> https://www.myntra.com/gateway/v4/search/hopscotch?rows=50&o=2100&plaEnabled=false&xdEnabled=false&isFacet=true&p=43 | run_id=run_20260930_154906_269231_a733d1 | brand=Hopscotch | page=43 | route=https://www.myntra.com/hopscotch | seen=1982 | expected=5128
2026-09-30 15:53:40 | INFO    | PDP       | Processed 50 target products for Hopscotch in 3s (961.02 products/min). | run_id=run_20260930_154906_269231_a733d1 | brand=Hopscotch | saved=50 | elapsed_label=3s | products_per_minute=961.02
2026-09-30 15:53:40 | INFO    | LISTING   | Listing Hopscotch route https://www.myntra.com/hopscotch page 44 -> https://www.myntra.com/gateway/v4/search/hopscotch?rows=50&o=2150&plaEnabled=false&xdEnabled=false&isFacet=true&p=44 | run_id=run_20260930_154906_269231_a733d1 | brand=Hopscotch | page=44 | route=https://www.myntra.com/hopscotch | seen=2032 | expected=5128
2026-09-30 15:53:44 | INFO    | PDP       | Processed 50 target products for Hopscotch in 3s (1090.24 products/min). | run_id=run_20260930_154906_269231_a733d1 | brand=Hopscotch | saved=50 | elapsed_label=3s | products_per_minute=1090.24
2026-09-30 15:53:44 | INFO    | LISTING   | Listing Hopscotch route https://www.myntra.com/hopscotch page 45 -> https://www.myntra.com/gateway/v4/search/hopscotch?rows=50&o=2200&plaEnabled=false&xdEnabled=false&isFacet=true&p=45 | run_id=run_20260930_154906_269231_a733d1 | brand=Hopscotch | page=45 | route=https://www.myntra.com/hopscotch | seen=2082 | expected=5128
2026-09-30 15:53:48 | INFO    | PDP       | Processed 50 target products for Hopscotch in 4s (786.7 products/min). | run_id=run_20260930_154906_269231_a733d1 | brand=Hopscotch | saved=50 | elapsed_label=4s | products_per_minute=786.7
2026-09-30 15:53:49 | INFO    | LISTING   | Listing Hopscotch route https://www.myntra.com/hopscotch page 46 -> https://www.myntra.com/gateway/v4/search/hopscotch?rows=50&o=2250&plaEnabled=false&xdEnabled=false&isFacet=true&p=46 | run_id=run_20260930_154906_269231_a733d1 | brand=Hopscotch | page=46 | route=https://www.myntra.com/hopscotch | seen=2132 | expected=5128
2026-09-30 15:53:53 | INFO    | PDP       | Processed 50 target products for Hopscotch in 4s (732.57 products/min). | run_id=run_20260930_154906_269231_a733d1 | brand=Hopscotch | saved=50 | elapsed_label=4s | products_per_minute=732.57
2026-09-30 15:53:54 | INFO    | LISTING   | Listing Hopscotch route https://www.myntra.com/hopscotch page 47 -> https://www.myntra.com/gateway/v4/search/hopscotch?rows=50&o=2300&plaEnabled=false&xdEnabled=false&isFacet=true&p=47 | run_id=run_20260930_154906_269231_a733d1 | brand=Hopscotch | page=47 | route=https://www.myntra.com/hopscotch | seen=2182 | expected=5128
2026-09-30 15:54:00 | INFO    | PDP       | Processed 49 target products for Hopscotch in 6s (529.31 products/min). | run_id=run_20260930_154906_269231_a733d1 | brand=Hopscotch | saved=49 | elapsed_label=6s | products_per_minute=529.31
2026-09-30 15:54:00 | INFO    | LISTING   | Listing Hopscotch route https://www.myntra.com/hopscotch page 48 -> https://www.myntra.com/gateway/v4/search/hopscotch?rows=50&o=2350&plaEnabled=false&xdEnabled=false&isFacet=true&p=48 | run_id=run_20260930_154906_269231_a733d1 | brand=Hopscotch | page=48 | route=https://www.myntra.com/hopscotch | seen=2231 | expected=5128
2026-09-30 15:54:03 | INFO    | PDP       | Processed 42 target products for Hopscotch in 2s (1232.92 products/min). | run_id=run_20260930_154906_269231_a733d1 | brand=Hopscotch | saved=42 | elapsed_label=2s | products_per_minute=1232.92
2026-09-30 15:54:03 | INFO    | LISTING   | Listing Hopscotch route https://www.myntra.com/hopscotch page 49 -> https://www.myntra.com/gateway/v4/search/hopscotch?rows=50&o=2400&plaEnabled=false&xdEnabled=false&isFacet=true&p=49 | run_id=run_20260930_154906_269231_a733d1 | brand=Hopscotch | page=49 | route=https://www.myntra.com/hopscotch | seen=2273 | expected=5128
2026-09-30 15:54:06 | INFO    | PDP       | Processed 42 target products for Hopscotch in 2s (1110.48 products/min). | run_id=run_20260930_154906_269231_a733d1 | brand=Hopscotch | saved=42 | elapsed_label=2s | products_per_minute=1110.48
2026-09-30 15:54:06 | INFO    | LISTING   | Listing Hopscotch route https://www.myntra.com/hopscotch page 50 -> https://www.myntra.com/gateway/v4/search/hopscotch?rows=50&o=2450&plaEnabled=false&xdEnabled=false&isFacet=true&p=50 | run_id=run_20260930_154906_269231_a733d1 | brand=Hopscotch | page=50 | route=https://www.myntra.com/hopscotch | seen=2315 | expected=5128
2026-09-30 15:54:10 | INFO    | PDP       | Processed 46 target products for Hopscotch in 3s (1073.19 products/min). | run_id=run_20260930_154906_269231_a733d1 | brand=Hopscotch | saved=46 | elapsed_label=3s | products_per_minute=1073.19
2026-09-30 15:54:10 | INFO    | LISTING   | Listing Hopscotch route https://www.myntra.com/hopscotch page 51 -> https://www.myntra.com/gateway/v4/search/hopscotch?rows=50&o=2500&plaEnabled=false&xdEnabled=false&isFacet=true&p=51 | run_id=run_20260930_154906_269231_a733d1 | brand=Hopscotch | page=51 | route=https://www.myntra.com/hopscotch | seen=2361 | expected=5128
2026-09-30 15:54:12 | INFO    | PDP       | Processed 35 target products for Hopscotch in 2s (1081.95 products/min). | run_id=run_20260930_154906_269231_a733d1 | brand=Hopscotch | saved=35 | elapsed_label=2s | products_per_minute=1081.95
2026-09-30 15:54:12 | INFO    | LISTING   | Listing Hopscotch route https://www.myntra.com/hopscotch page 52 -> https://www.myntra.com/gateway/v4/search/hopscotch?rows=50&o=2550&plaEnabled=false&xdEnabled=false&isFacet=true&p=52 | run_id=run_20260930_154906_269231_a733d1 | brand=Hopscotch | page=52 | route=https://www.myntra.com/hopscotch | seen=2396 | expected=5128
2026-09-30 15:54:15 | INFO    | PDP       | Processed 29 target products for Hopscotch in 2s (1029.18 products/min). | run_id=run_20260930_154906_269231_a733d1 | brand=Hopscotch | saved=29 | elapsed_label=2s | products_per_minute=1029.18
2026-09-30 15:54:15 | INFO    | LISTING   | Listing Hopscotch route https://www.myntra.com/hopscotch page 53 -> https://www.myntra.com/gateway/v4/search/hopscotch?rows=50&o=2600&plaEnabled=false&xdEnabled=false&isFacet=true&p=53 | run_id=run_20260930_154906_269231_a733d1 | brand=Hopscotch | page=53 | route=https://www.myntra.com/hopscotch | seen=2425 | expected=5128
2026-09-30 15:54:18 | INFO    | PDP       | Processed 47 target products for Hopscotch in 2s (1220.35 products/min). | run_id=run_20260930_154906_269231_a733d1 | brand=Hopscotch | saved=47 | elapsed_label=2s | products_per_minute=1220.35
2026-09-30 15:54:18 | INFO    | LISTING   | Listing Hopscotch route https://www.myntra.com/hopscotch page 54 -> https://www.myntra.com/gateway/v4/search/hopscotch?rows=50&o=2650&plaEnabled=false&xdEnabled=false&isFacet=true&p=54 | run_id=run_20260930_154906_269231_a733d1 | brand=Hopscotch | page=54 | route=https://www.myntra.com/hopscotch | seen=2472 | expected=5128
2026-09-30 15:54:21 | INFO    | PDP       | Processed 47 target products for Hopscotch in 3s (1113.82 products/min). | run_id=run_20260930_154906_269231_a733d1 | brand=Hopscotch | saved=47 | elapsed_label=3s | products_per_minute=1113.82
2026-09-30 15:54:21 | INFO    | LISTING   | Listing Hopscotch route https://www.myntra.com/hopscotch page 55 -> https://www.myntra.com/gateway/v4/search/hopscotch?rows=50&o=2700&plaEnabled=false&xdEnabled=false&isFacet=true&p=55 | run_id=run_20260930_154906_269231_a733d1 | brand=Hopscotch | page=55 | route=https://www.myntra.com/hopscotch | seen=2519 | expected=5128
2026-09-30 15:54:24 | INFO    | PDP       | Processed 43 target products for Hopscotch in 2s (1189.92 products/min). | run_id=run_20260930_154906_269231_a733d1 | brand=Hopscotch | saved=43 | elapsed_label=2s | products_per_minute=1189.92
2026-09-30 15:54:24 | INFO    | LISTING   | Listing Hopscotch route https://www.myntra.com/hopscotch page 56 -> https://www.myntra.com/gateway/v4/search/hopscotch?rows=50&o=2750&plaEnabled=false&xdEnabled=false&isFacet=true&p=56 | run_id=run_20260930_154906_269231_a733d1 | brand=Hopscotch | page=56 | route=https://www.myntra.com/hopscotch | seen=2562 | expected=5128
2026-09-30 15:54:27 | INFO    | PDP       | Processed 50 target products for Hopscotch in 3s (1150.2 products/min). | run_id=run_20260930_154906_269231_a733d1 | brand=Hopscotch | saved=50 | elapsed_label=3s | products_per_minute=1150.2
2026-09-30 15:54:27 | INFO    | LISTING   | Listing Hopscotch route https://www.myntra.com/hopscotch page 57 -> https://www.myntra.com/gateway/v4/search/hopscotch?rows=50&o=2800&plaEnabled=false&xdEnabled=false&isFacet=true&p=57 | run_id=run_20260930_154906_269231_a733d1 | brand=Hopscotch | page=57 | route=https://www.myntra.com/hopscotch | seen=2612 | expected=5128
2026-09-30 15:54:31 | INFO    | PDP       | Processed 49 target products for Hopscotch in 3s (1130.64 products/min). | run_id=run_20260930_154906_269231_a733d1 | brand=Hopscotch | saved=49 | elapsed_label=3s | products_per_minute=1130.64
2026-09-30 15:54:31 | INFO    | LISTING   | Listing Hopscotch route https://www.myntra.com/hopscotch page 58 -> https://www.myntra.com/gateway/v4/search/hopscotch?rows=50&o=2850&plaEnabled=false&xdEnabled=false&isFacet=true&p=58 | run_id=run_20260930_154906_269231_a733d1 | brand=Hopscotch | page=58 | route=https://www.myntra.com/hopscotch | seen=2661 | expected=5128
2026-09-30 15:54:34 | INFO    | PDP       | Processed 47 target products for Hopscotch in 2s (1195.63 products/min). | run_id=run_20260930_154906_269231_a733d1 | brand=Hopscotch | saved=47 | elapsed_label=2s | products_per_minute=1195.63
2026-09-30 15:54:34 | INFO    | LISTING   | Listing Hopscotch route https://www.myntra.com/hopscotch page 59 -> https://www.myntra.com/gateway/v4/search/hopscotch?rows=50&o=2900&plaEnabled=false&xdEnabled=false&isFacet=true&p=59 | run_id=run_20260930_154906_269231_a733d1 | brand=Hopscotch | page=59 | route=https://www.myntra.com/hopscotch | seen=2708 | expected=5128
2026-09-30 15:54:37 | INFO    | PDP       | Processed 46 target products for Hopscotch in 3s (1094.64 products/min). | run_id=run_20260930_154906_269231_a733d1 | brand=Hopscotch | saved=46 | elapsed_label=3s | products_per_minute=1094.64
2026-09-30 15:54:38 | INFO    | LISTING   | Listing Hopscotch route https://www.myntra.com/hopscotch page 60 -> https://www.myntra.com/gateway/v4/search/hopscotch?rows=50&o=2950&plaEnabled=false&xdEnabled=false&isFacet=true&p=60 | run_id=run_20260930_154906_269231_a733d1 | brand=Hopscotch | page=60 | route=https://www.myntra.com/hopscotch | seen=2754 | expected=5128
2026-09-30 15:54:41 | INFO    | PDP       | Processed 48 target products for Hopscotch in 2s (1177.35 products/min). | run_id=run_20260930_154906_269231_a733d1 | brand=Hopscotch | saved=48 | elapsed_label=2s | products_per_minute=1177.35
2026-09-30 15:54:41 | INFO    | LISTING   | Listing Hopscotch route https://www.myntra.com/hopscotch page 61 -> https://www.myntra.com/gateway/v4/search/hopscotch?rows=50&o=3000&plaEnabled=false&xdEnabled=false&isFacet=true&p=61 | run_id=run_20260930_154906_269231_a733d1 | brand=Hopscotch | page=61 | route=https://www.myntra.com/hopscotch | seen=2802 | expected=5128
2026-09-30 15:54:44 | INFO    | PDP       | Processed 49 target products for Hopscotch in 3s (1063.45 products/min). | run_id=run_20260930_154906_269231_a733d1 | brand=Hopscotch | saved=49 | elapsed_label=3s | products_per_minute=1063.45
2026-09-30 15:54:44 | INFO    | LISTING   | Listing Hopscotch route https://www.myntra.com/hopscotch page 62 -> https://www.myntra.com/gateway/v4/search/hopscotch?rows=50&o=3050&plaEnabled=false&xdEnabled=false&isFacet=true&p=62 | run_id=run_20260930_154906_269231_a733d1 | brand=Hopscotch | page=62 | route=https://www.myntra.com/hopscotch | seen=2851 | expected=5128
2026-09-30 15:54:47 | INFO    | PDP       | Processed 47 target products for Hopscotch in 2s (1133.29 products/min). | run_id=run_20260930_154906_269231_a733d1 | brand=Hopscotch | saved=47 | elapsed_label=2s | products_per_minute=1133.29
2026-09-30 15:54:48 | INFO    | LISTING   | Listing Hopscotch route https://www.myntra.com/hopscotch page 63 -> https://www.myntra.com/gateway/v4/search/hopscotch?rows=50&o=3100&plaEnabled=false&xdEnabled=false&isFacet=true&p=63 | run_id=run_20260930_154906_269231_a733d1 | brand=Hopscotch | page=63 | route=https://www.myntra.com/hopscotch | seen=2898 | expected=5128
2026-09-30 15:54:51 | INFO    | PDP       | Processed 46 target products for Hopscotch in 3s (1082.52 products/min). | run_id=run_20260930_154906_269231_a733d1 | brand=Hopscotch | saved=46 | elapsed_label=3s | products_per_minute=1082.52
2026-09-30 15:54:51 | INFO    | LISTING   | Listing Hopscotch route https://www.myntra.com/hopscotch page 64 -> https://www.myntra.com/gateway/v4/search/hopscotch?rows=50&o=3150&plaEnabled=false&xdEnabled=false&isFacet=true&p=64 | run_id=run_20260930_154906_269231_a733d1 | brand=Hopscotch | page=64 | route=https://www.myntra.com/hopscotch | seen=2944 | expected=5128
2026-09-30 15:54:54 | INFO    | PDP       | Processed 45 target products for Hopscotch in 3s (1077.8 products/min). | run_id=run_20260930_154906_269231_a733d1 | brand=Hopscotch | saved=45 | elapsed_label=3s | products_per_minute=1077.8
2026-09-30 15:54:55 | INFO    | LISTING   | Listing Hopscotch route https://www.myntra.com/hopscotch page 65 -> https://www.myntra.com/gateway/v4/search/hopscotch?rows=50&o=3200&plaEnabled=false&xdEnabled=false&isFacet=true&p=65 | run_id=run_20260930_154906_269231_a733d1 | brand=Hopscotch | page=65 | route=https://www.myntra.com/hopscotch | seen=2989 | expected=5128
2026-09-30 15:54:58 | INFO    | PDP       | Processed 50 target products for Hopscotch in 2s (1240.74 products/min). | run_id=run_20260930_154906_269231_a733d1 | brand=Hopscotch | saved=50 | elapsed_label=2s | products_per_minute=1240.74
2026-09-30 15:54:58 | INFO    | LISTING   | Listing Hopscotch route https://www.myntra.com/hopscotch page 66 -> https://www.myntra.com/gateway/v4/search/hopscotch?rows=50&o=3250&plaEnabled=false&xdEnabled=false&isFacet=true&p=66 | run_id=run_20260930_154906_269231_a733d1 | brand=Hopscotch | page=66 | route=https://www.myntra.com/hopscotch | seen=3039 | expected=5128
2026-09-30 15:55:02 | INFO    | PDP       | Processed 50 target products for Hopscotch in 3s (948.0 products/min). | run_id=run_20260930_154906_269231_a733d1 | brand=Hopscotch | saved=50 | elapsed_label=3s | products_per_minute=948.0
2026-09-30 15:55:02 | INFO    | LISTING   | Listing Hopscotch route https://www.myntra.com/hopscotch page 67 -> https://www.myntra.com/gateway/v4/search/hopscotch?rows=50&o=3300&plaEnabled=false&xdEnabled=false&isFacet=true&p=67 | run_id=run_20260930_154906_269231_a733d1 | brand=Hopscotch | page=67 | route=https://www.myntra.com/hopscotch | seen=3089 | expected=5128
2026-09-30 15:55:05 | INFO    | PDP       | Processed 50 target products for Hopscotch in 3s (1022.05 products/min). | run_id=run_20260930_154906_269231_a733d1 | brand=Hopscotch | saved=50 | elapsed_label=3s | products_per_minute=1022.05
2026-09-30 15:55:05 | INFO    | LISTING   | Listing Hopscotch route https://www.myntra.com/hopscotch page 68 -> https://www.myntra.com/gateway/v4/search/hopscotch?rows=50&o=3350&plaEnabled=false&xdEnabled=false&isFacet=true&p=68 | run_id=run_20260930_154906_269231_a733d1 | brand=Hopscotch | page=68 | route=https://www.myntra.com/hopscotch | seen=3139 | expected=5128
2026-09-30 15:55:10 | INFO    | PDP       | Processed 49 target products for Hopscotch in 3s (878.39 products/min). | run_id=run_20260930_154906_269231_a733d1 | brand=Hopscotch | saved=49 | elapsed_label=3s | products_per_minute=878.39
2026-09-30 15:55:10 | INFO    | LISTING   | Listing Hopscotch route https://www.myntra.com/hopscotch page 69 -> https://www.myntra.com/gateway/v4/search/hopscotch?rows=50&o=3400&plaEnabled=false&xdEnabled=false&isFacet=true&p=69 | run_id=run_20260930_154906_269231_a733d1 | brand=Hopscotch | page=69 | route=https://www.myntra.com/hopscotch | seen=3188 | expected=5128
2026-09-30 15:55:13 | INFO    | PDP       | Processed 48 target products for Hopscotch in 2s (1158.96 products/min). | run_id=run_20260930_154906_269231_a733d1 | brand=Hopscotch | saved=48 | elapsed_label=2s | products_per_minute=1158.96
2026-09-30 15:55:13 | INFO    | LISTING   | Listing Hopscotch route https://www.myntra.com/hopscotch page 70 -> https://www.myntra.com/gateway/v4/search/hopscotch?rows=50&o=3450&plaEnabled=false&xdEnabled=false&isFacet=true&p=70 | run_id=run_20260930_154906_269231_a733d1 | brand=Hopscotch | page=70 | route=https://www.myntra.com/hopscotch | seen=3236 | expected=5128
2026-09-30 15:55:16 | INFO    | PDP       | Processed 50 target products for Hopscotch in 2s (1261.3 products/min). | run_id=run_20260930_154906_269231_a733d1 | brand=Hopscotch | saved=50 | elapsed_label=2s | products_per_minute=1261.3
2026-09-30 15:55:17 | INFO    | LISTING   | Listing Hopscotch route https://www.myntra.com/hopscotch page 71 -> https://www.myntra.com/gateway/v4/search/hopscotch?rows=50&o=3500&plaEnabled=false&xdEnabled=false&isFacet=true&p=71 | run_id=run_20260930_154906_269231_a733d1 | brand=Hopscotch | page=71 | route=https://www.myntra.com/hopscotch | seen=3286 | expected=5128
2026-09-30 15:55:20 | INFO    | PDP       | Processed 46 target products for Hopscotch in 2s (1206.0 products/min). | run_id=run_20260930_154906_269231_a733d1 | brand=Hopscotch | saved=46 | elapsed_label=2s | products_per_minute=1206.0
2026-09-30 15:55:20 | INFO    | LISTING   | Listing Hopscotch route https://www.myntra.com/hopscotch page 72 -> https://www.myntra.com/gateway/v4/search/hopscotch?rows=50&o=3550&plaEnabled=false&xdEnabled=false&isFacet=true&p=72 | run_id=run_20260930_154906_269231_a733d1 | brand=Hopscotch | page=72 | route=https://www.myntra.com/hopscotch | seen=3332 | expected=5128
2026-09-30 15:55:23 | INFO    | PDP       | Processed 50 target products for Hopscotch in 3s (1185.99 products/min). | run_id=run_20260930_154906_269231_a733d1 | brand=Hopscotch | saved=50 | elapsed_label=3s | products_per_minute=1185.99
2026-09-30 15:55:23 | INFO    | LISTING   | Listing Hopscotch route https://www.myntra.com/hopscotch page 73 -> https://www.myntra.com/gateway/v4/search/hopscotch?rows=50&o=3600&plaEnabled=false&xdEnabled=false&isFacet=true&p=73 | run_id=run_20260930_154906_269231_a733d1 | brand=Hopscotch | page=73 | route=https://www.myntra.com/hopscotch | seen=3382 | expected=5128
2026-09-30 15:55:27 | INFO    | PDP       | Processed 49 target products for Hopscotch in 3s (1113.8 products/min). | run_id=run_20260930_154906_269231_a733d1 | brand=Hopscotch | saved=49 | elapsed_label=3s | products_per_minute=1113.8
2026-09-30 15:55:27 | INFO    | LISTING   | Listing Hopscotch route https://www.myntra.com/hopscotch page 74 -> https://www.myntra.com/gateway/v4/search/hopscotch?rows=50&o=3650&plaEnabled=false&xdEnabled=false&isFacet=true&p=74 | run_id=run_20260930_154906_269231_a733d1 | brand=Hopscotch | page=74 | route=https://www.myntra.com/hopscotch | seen=3431 | expected=5128
2026-09-30 15:55:30 | INFO    | PDP       | Processed 48 target products for Hopscotch in 3s (1143.32 products/min). | run_id=run_20260930_154906_269231_a733d1 | brand=Hopscotch | saved=48 | elapsed_label=3s | products_per_minute=1143.32
2026-09-30 15:55:30 | INFO    | LISTING   | Listing Hopscotch route https://www.myntra.com/hopscotch page 75 -> https://www.myntra.com/gateway/v4/search/hopscotch?rows=50&o=3700&plaEnabled=false&xdEnabled=false&isFacet=true&p=75 | run_id=run_20260930_154906_269231_a733d1 | brand=Hopscotch | page=75 | route=https://www.myntra.com/hopscotch | seen=3479 | expected=5128
2026-09-30 15:55:33 | INFO    | PDP       | Processed 48 target products for Hopscotch in 2s (1180.99 products/min). | run_id=run_20260930_154906_269231_a733d1 | brand=Hopscotch | saved=48 | elapsed_label=2s | products_per_minute=1180.99
2026-09-30 15:55:33 | INFO    | LISTING   | Listing Hopscotch route https://www.myntra.com/hopscotch page 76 -> https://www.myntra.com/gateway/v4/search/hopscotch?rows=50&o=3750&plaEnabled=false&xdEnabled=false&isFacet=true&p=76 | run_id=run_20260930_154906_269231_a733d1 | brand=Hopscotch | page=76 | route=https://www.myntra.com/hopscotch | seen=3527 | expected=5128
2026-09-30 15:55:36 | INFO    | PDP       | Processed 44 target products for Hopscotch in 2s (1111.04 products/min). | run_id=run_20260930_154906_269231_a733d1 | brand=Hopscotch | saved=44 | elapsed_label=2s | products_per_minute=1111.04
2026-09-30 15:55:36 | INFO    | LISTING   | Listing Hopscotch route https://www.myntra.com/hopscotch page 77 -> https://www.myntra.com/gateway/v4/search/hopscotch?rows=50&o=3800&plaEnabled=false&xdEnabled=false&isFacet=true&p=77 | run_id=run_20260930_154906_269231_a733d1 | brand=Hopscotch | page=77 | route=https://www.myntra.com/hopscotch | seen=3571 | expected=5128
2026-09-30 15:55:41 | INFO    | PDP       | Processed 48 target products for Hopscotch in 4s (721.03 products/min). | run_id=run_20260930_154906_269231_a733d1 | brand=Hopscotch | saved=48 | elapsed_label=4s | products_per_minute=721.03
2026-09-30 15:55:41 | INFO    | LISTING   | Listing Hopscotch route https://www.myntra.com/hopscotch page 78 -> https://www.myntra.com/gateway/v4/search/hopscotch?rows=50&o=3850&plaEnabled=false&xdEnabled=false&isFacet=true&p=78 | run_id=run_20260930_154906_269231_a733d1 | brand=Hopscotch | page=78 | route=https://www.myntra.com/hopscotch | seen=3619 | expected=5128
2026-09-30 15:55:45 | INFO    | PDP       | Processed 43 target products for Hopscotch in 3s (934.07 products/min). | run_id=run_20260930_154906_269231_a733d1 | brand=Hopscotch | saved=43 | elapsed_label=3s | products_per_minute=934.07
2026-09-30 15:55:45 | INFO    | LISTING   | Listing Hopscotch route https://www.myntra.com/hopscotch page 79 -> https://www.myntra.com/gateway/v4/search/hopscotch?rows=50&o=3900&plaEnabled=false&xdEnabled=false&isFacet=true&p=79 | run_id=run_20260930_154906_269231_a733d1 | brand=Hopscotch | page=79 | route=https://www.myntra.com/hopscotch | seen=3662 | expected=5128
2026-09-30 15:55:49 | INFO    | PDP       | Processed 48 target products for Hopscotch in 4s (818.37 products/min). | run_id=run_20260930_154906_269231_a733d1 | brand=Hopscotch | saved=48 | elapsed_label=4s | products_per_minute=818.37
2026-09-30 15:55:49 | INFO    | LISTING   | Listing Hopscotch route https://www.myntra.com/hopscotch page 80 -> https://www.myntra.com/gateway/v4/search/hopscotch?rows=50&o=3950&plaEnabled=false&xdEnabled=false&isFacet=true&p=80 | run_id=run_20260930_154906_269231_a733d1 | brand=Hopscotch | page=80 | route=https://www.myntra.com/hopscotch | seen=3710 | expected=5128
2026-09-30 15:55:54 | INFO    | PDP       | Processed 46 target products for Hopscotch in 4s (762.12 products/min). | run_id=run_20260930_154906_269231_a733d1 | brand=Hopscotch | saved=46 | elapsed_label=4s | products_per_minute=762.12
2026-09-30 15:55:54 | INFO    | LISTING   | Listing Hopscotch route https://www.myntra.com/hopscotch page 81 -> https://www.myntra.com/gateway/v4/search/hopscotch?rows=50&o=4000&plaEnabled=false&xdEnabled=false&isFacet=true&p=81 | run_id=run_20260930_154906_269231_a733d1 | brand=Hopscotch | page=81 | route=https://www.myntra.com/hopscotch | seen=3756 | expected=5128
2026-09-30 15:55:57 | INFO    | PDP       | Processed 43 target products for Hopscotch in 3s (973.49 products/min). | run_id=run_20260930_154906_269231_a733d1 | brand=Hopscotch | saved=43 | elapsed_label=3s | products_per_minute=973.49
2026-09-30 15:55:57 | INFO    | LISTING   | Listing Hopscotch route https://www.myntra.com/hopscotch page 82 -> https://www.myntra.com/gateway/v4/search/hopscotch?rows=50&o=4050&plaEnabled=false&xdEnabled=false&isFacet=true&p=82 | run_id=run_20260930_154906_269231_a733d1 | brand=Hopscotch | page=82 | route=https://www.myntra.com/hopscotch | seen=3799 | expected=5128
2026-09-30 15:56:01 | INFO    | PDP       | Processed 50 target products for Hopscotch in 3s (947.52 products/min). | run_id=run_20260930_154906_269231_a733d1 | brand=Hopscotch | saved=50 | elapsed_label=3s | products_per_minute=947.52
2026-09-30 15:56:01 | INFO    | LISTING   | Listing Hopscotch route https://www.myntra.com/hopscotch page 83 -> https://www.myntra.com/gateway/v4/search/hopscotch?rows=50&o=4100&plaEnabled=false&xdEnabled=false&isFacet=true&p=83 | run_id=run_20260930_154906_269231_a733d1 | brand=Hopscotch | page=83 | route=https://www.myntra.com/hopscotch | seen=3849 | expected=5128
2026-09-30 15:56:06 | INFO    | PDP       | Processed 47 target products for Hopscotch in 3s (875.79 products/min). | run_id=run_20260930_154906_269231_a733d1 | brand=Hopscotch | saved=47 | elapsed_label=3s | products_per_minute=875.79
2026-09-30 15:56:06 | INFO    | LISTING   | Listing Hopscotch route https://www.myntra.com/hopscotch page 84 -> https://www.myntra.com/gateway/v4/search/hopscotch?rows=50&o=4150&plaEnabled=false&xdEnabled=false&isFacet=true&p=84 | run_id=run_20260930_154906_269231_a733d1 | brand=Hopscotch | page=84 | route=https://www.myntra.com/hopscotch | seen=3896 | expected=5128
2026-09-30 15:56:10 | INFO    | PDP       | Processed 42 target products for Hopscotch in 4s (655.04 products/min). | run_id=run_20260930_154906_269231_a733d1 | brand=Hopscotch | saved=42 | elapsed_label=4s | products_per_minute=655.04
2026-09-30 15:56:10 | INFO    | LISTING   | Listing Hopscotch route https://www.myntra.com/hopscotch page 85 -> https://www.myntra.com/gateway/v4/search/hopscotch?rows=50&o=4200&plaEnabled=false&xdEnabled=false&isFacet=true&p=85 | run_id=run_20260930_154906_269231_a733d1 | brand=Hopscotch | page=85 | route=https://www.myntra.com/hopscotch | seen=3938 | expected=5128
2026-09-30 15:56:15 | INFO    | PDP       | Processed 48 target products for Hopscotch in 3s (946.08 products/min). | run_id=run_20260930_154906_269231_a733d1 | brand=Hopscotch | saved=48 | elapsed_label=3s | products_per_minute=946.08
2026-09-30 15:56:15 | INFO    | LISTING   | Listing Hopscotch route https://www.myntra.com/hopscotch page 86 -> https://www.myntra.com/gateway/v4/search/hopscotch?rows=50&o=4250&plaEnabled=false&xdEnabled=false&isFacet=true&p=86 | run_id=run_20260930_154906_269231_a733d1 | brand=Hopscotch | page=86 | route=https://www.myntra.com/hopscotch | seen=3986 | expected=5128
2026-09-30 15:56:19 | INFO    | PDP       | Processed 50 target products for Hopscotch in 3s (941.75 products/min). | run_id=run_20260930_154906_269231_a733d1 | brand=Hopscotch | saved=50 | elapsed_label=3s | products_per_minute=941.75
2026-09-30 15:56:19 | INFO    | LISTING   | Listing Hopscotch route https://www.myntra.com/hopscotch page 87 -> https://www.myntra.com/gateway/v4/search/hopscotch?rows=50&o=4300&plaEnabled=false&xdEnabled=false&isFacet=true&p=87 | run_id=run_20260930_154906_269231_a733d1 | brand=Hopscotch | page=87 | route=https://www.myntra.com/hopscotch | seen=4036 | expected=5128
2026-09-30 15:56:23 | INFO    | PDP       | Processed 50 target products for Hopscotch in 4s (853.73 products/min). | run_id=run_20260930_154906_269231_a733d1 | brand=Hopscotch | saved=50 | elapsed_label=4s | products_per_minute=853.73
2026-09-30 15:56:23 | INFO    | LISTING   | Listing Hopscotch route https://www.myntra.com/hopscotch page 88 -> https://www.myntra.com/gateway/v4/search/hopscotch?rows=50&o=4350&plaEnabled=false&xdEnabled=false&isFacet=true&p=88 | run_id=run_20260930_154906_269231_a733d1 | brand=Hopscotch | page=88 | route=https://www.myntra.com/hopscotch | seen=4086 | expected=5128
2026-09-30 15:56:28 | INFO    | PDP       | Processed 50 target products for Hopscotch in 3s (922.93 products/min). | run_id=run_20260930_154906_269231_a733d1 | brand=Hopscotch | saved=50 | elapsed_label=3s | products_per_minute=922.93
2026-09-30 15:56:28 | INFO    | LISTING   | Listing Hopscotch route https://www.myntra.com/hopscotch page 89 -> https://www.myntra.com/gateway/v4/search/hopscotch?rows=50&o=4400&plaEnabled=false&xdEnabled=false&isFacet=true&p=89 | run_id=run_20260930_154906_269231_a733d1 | brand=Hopscotch | page=89 | route=https://www.myntra.com/hopscotch | seen=4136 | expected=5128
2026-09-30 15:56:32 | INFO    | PDP       | Processed 48 target products for Hopscotch in 3s (1042.53 products/min). | run_id=run_20260930_154906_269231_a733d1 | brand=Hopscotch | saved=48 | elapsed_label=3s | products_per_minute=1042.53
2026-09-30 15:56:32 | INFO    | LISTING   | Listing Hopscotch route https://www.myntra.com/hopscotch page 90 -> https://www.myntra.com/gateway/v4/search/hopscotch?rows=50&o=4450&plaEnabled=false&xdEnabled=false&isFacet=true&p=90 | run_id=run_20260930_154906_269231_a733d1 | brand=Hopscotch | page=90 | route=https://www.myntra.com/hopscotch | seen=4184 | expected=5128
2026-09-30 15:56:36 | INFO    | PDP       | Processed 48 target products for Hopscotch in 3s (886.29 products/min). | run_id=run_20260930_154906_269231_a733d1 | brand=Hopscotch | saved=48 | elapsed_label=3s | products_per_minute=886.29
2026-09-30 15:56:36 | INFO    | LISTING   | Listing Hopscotch route https://www.myntra.com/hopscotch page 91 -> https://www.myntra.com/gateway/v4/search/hopscotch?rows=50&o=4500&plaEnabled=false&xdEnabled=false&isFacet=true&p=91 | run_id=run_20260930_154906_269231_a733d1 | brand=Hopscotch | page=91 | route=https://www.myntra.com/hopscotch | seen=4232 | expected=5128
2026-09-30 15:56:40 | INFO    | PDP       | Processed 50 target products for Hopscotch in 3s (1048.03 products/min). | run_id=run_20260930_154906_269231_a733d1 | brand=Hopscotch | saved=50 | elapsed_label=3s | products_per_minute=1048.03
2026-09-30 15:56:40 | INFO    | LISTING   | Listing Hopscotch route https://www.myntra.com/hopscotch page 92 -> https://www.myntra.com/gateway/v4/search/hopscotch?rows=50&o=4550&plaEnabled=false&xdEnabled=false&isFacet=true&p=92 | run_id=run_20260930_154906_269231_a733d1 | brand=Hopscotch | page=92 | route=https://www.myntra.com/hopscotch | seen=4282 | expected=5128
2026-09-30 15:56:43 | INFO    | PDP       | Processed 45 target products for Hopscotch in 2s (1174.35 products/min). | run_id=run_20260930_154906_269231_a733d1 | brand=Hopscotch | saved=45 | elapsed_label=2s | products_per_minute=1174.35
2026-09-30 15:56:43 | INFO    | LISTING   | Listing Hopscotch route https://www.myntra.com/hopscotch page 93 -> https://www.myntra.com/gateway/v4/search/hopscotch?rows=50&o=4600&plaEnabled=false&xdEnabled=false&isFacet=true&p=93 | run_id=run_20260930_154906_269231_a733d1 | brand=Hopscotch | page=93 | route=https://www.myntra.com/hopscotch | seen=4327 | expected=5128
2026-09-30 15:56:46 | INFO    | PDP       | Processed 45 target products for Hopscotch in 2s (1089.13 products/min). | run_id=run_20260930_154906_269231_a733d1 | brand=Hopscotch | saved=45 | elapsed_label=2s | products_per_minute=1089.13
2026-09-30 15:56:47 | INFO    | LISTING   | Listing Hopscotch route https://www.myntra.com/hopscotch page 94 -> https://www.myntra.com/gateway/v4/search/hopscotch?rows=50&o=4650&plaEnabled=false&xdEnabled=false&isFacet=true&p=94 | run_id=run_20260930_154906_269231_a733d1 | brand=Hopscotch | page=94 | route=https://www.myntra.com/hopscotch | seen=4372 | expected=5128
2026-09-30 15:56:50 | INFO    | PDP       | Processed 50 target products for Hopscotch in 3s (1068.07 products/min). | run_id=run_20260930_154906_269231_a733d1 | brand=Hopscotch | saved=50 | elapsed_label=3s | products_per_minute=1068.07
2026-09-30 15:56:50 | INFO    | LISTING   | Listing Hopscotch route https://www.myntra.com/hopscotch page 95 -> https://www.myntra.com/gateway/v4/search/hopscotch?rows=50&o=4700&plaEnabled=false&xdEnabled=false&isFacet=true&p=95 | run_id=run_20260930_154906_269231_a733d1 | brand=Hopscotch | page=95 | route=https://www.myntra.com/hopscotch | seen=4422 | expected=5128
2026-09-30 15:56:53 | INFO    | PDP       | Processed 48 target products for Hopscotch in 2s (1236.9 products/min). | run_id=run_20260930_154906_269231_a733d1 | brand=Hopscotch | saved=48 | elapsed_label=2s | products_per_minute=1236.9
2026-09-30 15:56:54 | INFO    | LISTING   | Listing Hopscotch route https://www.myntra.com/hopscotch page 96 -> https://www.myntra.com/gateway/v4/search/hopscotch?rows=50&o=4750&plaEnabled=false&xdEnabled=false&isFacet=true&p=96 | run_id=run_20260930_154906_269231_a733d1 | brand=Hopscotch | page=96 | route=https://www.myntra.com/hopscotch | seen=4470 | expected=5128
2026-09-30 15:56:57 | INFO    | PDP       | Processed 41 target products for Hopscotch in 2s (1083.21 products/min). | run_id=run_20260930_154906_269231_a733d1 | brand=Hopscotch | saved=41 | elapsed_label=2s | products_per_minute=1083.21
2026-09-30 15:56:57 | INFO    | LISTING   | Listing Hopscotch route https://www.myntra.com/hopscotch page 97 -> https://www.myntra.com/gateway/v4/search/hopscotch?rows=50&o=4800&plaEnabled=false&xdEnabled=false&isFacet=true&p=97 | run_id=run_20260930_154906_269231_a733d1 | brand=Hopscotch | page=97 | route=https://www.myntra.com/hopscotch | seen=4511 | expected=5128
2026-09-30 15:57:01 | INFO    | PDP       | Processed 50 target products for Hopscotch in 3s (1164.31 products/min). | run_id=run_20260930_154906_269231_a733d1 | brand=Hopscotch | saved=50 | elapsed_label=3s | products_per_minute=1164.31
2026-09-30 15:57:01 | INFO    | LISTING   | Listing Hopscotch route https://www.myntra.com/hopscotch page 98 -> https://www.myntra.com/gateway/v4/search/hopscotch?rows=50&o=4850&plaEnabled=false&xdEnabled=false&isFacet=true&p=98 | run_id=run_20260930_154906_269231_a733d1 | brand=Hopscotch | page=98 | route=https://www.myntra.com/hopscotch | seen=4561 | expected=5128
2026-09-30 15:57:04 | INFO    | PDP       | Processed 50 target products for Hopscotch in 2s (1213.88 products/min). | run_id=run_20260930_154906_269231_a733d1 | brand=Hopscotch | saved=50 | elapsed_label=2s | products_per_minute=1213.88
2026-09-30 15:57:04 | INFO    | LISTING   | Listing Hopscotch route https://www.myntra.com/hopscotch page 99 -> https://www.myntra.com/gateway/v4/search/hopscotch?rows=50&o=4900&plaEnabled=false&xdEnabled=false&isFacet=true&p=99 | run_id=run_20260930_154906_269231_a733d1 | brand=Hopscotch | page=99 | route=https://www.myntra.com/hopscotch | seen=4611 | expected=5128
2026-09-30 15:57:08 | INFO    | PDP       | Processed 50 target products for Hopscotch in 3s (1007.07 products/min). | run_id=run_20260930_154906_269231_a733d1 | brand=Hopscotch | saved=50 | elapsed_label=3s | products_per_minute=1007.07
2026-09-30 15:57:08 | INFO    | LISTING   | Listing Hopscotch route https://www.myntra.com/hopscotch page 100 -> https://www.myntra.com/gateway/v4/search/hopscotch?rows=50&o=4950&plaEnabled=false&xdEnabled=false&isFacet=true&p=100 | run_id=run_20260930_154906_269231_a733d1 | brand=Hopscotch | page=100 | route=https://www.myntra.com/hopscotch | seen=4661 | expected=5128
2026-09-30 15:57:11 | INFO    | PDP       | Processed 48 target products for Hopscotch in 3s (1040.98 products/min). | run_id=run_20260930_154906_269231_a733d1 | brand=Hopscotch | saved=48 | elapsed_label=3s | products_per_minute=1040.98
2026-09-30 15:57:11 | INFO    | LISTING   | Listing Hopscotch route https://www.myntra.com/hopscotch page 101 -> https://www.myntra.com/gateway/v4/search/hopscotch?rows=50&o=5000&plaEnabled=false&xdEnabled=false&isFacet=true&p=101 | run_id=run_20260930_154906_269231_a733d1 | brand=Hopscotch | page=101 | route=https://www.myntra.com/hopscotch | seen=4709 | expected=5128
2026-09-30 15:57:15 | INFO    | PDP       | Processed 48 target products for Hopscotch in 3s (904.46 products/min). | run_id=run_20260930_154906_269231_a733d1 | brand=Hopscotch | saved=48 | elapsed_label=3s | products_per_minute=904.46
2026-09-30 15:57:15 | INFO    | LISTING   | Listing Hopscotch route https://www.myntra.com/hopscotch page 102 -> https://www.myntra.com/gateway/v4/search/hopscotch?rows=50&o=5050&plaEnabled=false&xdEnabled=false&isFacet=true&p=102 | run_id=run_20260930_154906_269231_a733d1 | brand=Hopscotch | page=102 | route=https://www.myntra.com/hopscotch | seen=4757 | expected=5128
2026-09-30 15:57:20 | INFO    | PDP       | Processed 46 target products for Hopscotch in 3s (916.85 products/min). | run_id=run_20260930_154906_269231_a733d1 | brand=Hopscotch | saved=46 | elapsed_label=3s | products_per_minute=916.85
2026-09-30 15:57:20 | INFO    | LISTING   | Listing Hopscotch route https://www.myntra.com/hopscotch page 103 -> https://www.myntra.com/gateway/v4/search/hopscotch?rows=50&o=5100&plaEnabled=false&xdEnabled=false&isFacet=true&p=103 | run_id=run_20260930_154906_269231_a733d1 | brand=Hopscotch | page=103 | route=https://www.myntra.com/hopscotch | seen=4803 | expected=5128
2026-09-30 15:57:24 | INFO    | PDP       | Processed 50 target products for Hopscotch in 3s (1033.88 products/min). | run_id=run_20260930_154906_269231_a733d1 | brand=Hopscotch | saved=50 | elapsed_label=3s | products_per_minute=1033.88
2026-09-30 15:57:24 | WARNING | LISTING   | Retrying route https://www.myntra.com/hopscotch for Hopscotch (pass 1/2) after incomplete coverage: 4853/5128 unique products seen. | run_id=run_20260930_154906_269231_a733d1 | brand=Hopscotch | route=https://www.myntra.com/hopscotch | seen=4853 | expected=5128 | attempt=1/2
2026-09-30 15:57:24 | INFO    | LISTING   | Listing Hopscotch route https://www.myntra.com/hopscotch page 1 -> https://www.myntra.com/gateway/v4/search/hopscotch?rows=50&o=0&plaEnabled=false&xdEnabled=false&isFacet=true&p=1 | run_id=run_20260930_154906_269231_a733d1 | brand=Hopscotch | page=1 | route=https://www.myntra.com/hopscotch | seen=4853 | expected=5128
2026-09-30 15:57:25 | INFO    | LISTING   | Listing Hopscotch route https://www.myntra.com/hopscotch page 2 -> https://www.myntra.com/gateway/v4/search/hopscotch?rows=50&o=50&plaEnabled=false&xdEnabled=false&isFacet=true&p=2 | run_id=run_20260930_154906_269231_a733d1 | brand=Hopscotch | page=2 | route=https://www.myntra.com/hopscotch | seen=4853 | expected=5128
2026-09-30 15:57:26 | INFO    | LISTING   | Listing Hopscotch route https://www.myntra.com/hopscotch page 3 -> https://www.myntra.com/gateway/v4/search/hopscotch?rows=50&o=100&plaEnabled=false&xdEnabled=false&isFacet=true&p=3 | run_id=run_20260930_154906_269231_a733d1 | brand=Hopscotch | page=3 | route=https://www.myntra.com/hopscotch | seen=4853 | expected=5128
2026-09-30 15:57:27 | WARNING | LISTING   | Route https://www.myntra.com/hopscotch for Hopscotch stalled for 3 consecutive pages before reaching expected total; restarting route pass. | run_id=run_20260930_154906_269231_a733d1 | brand=Hopscotch | page=3 | route=https://www.myntra.com/hopscotch | seen=4853 | expected=5128
2026-09-30 15:57:27 | WARNING | LISTING   | Retrying route https://www.myntra.com/hopscotch for Hopscotch (pass 2/2) after incomplete coverage: 4853/5128 unique products seen. | run_id=run_20260930_154906_269231_a733d1 | brand=Hopscotch | route=https://www.myntra.com/hopscotch | seen=4853 | expected=5128 | attempt=2/2
2026-09-30 15:57:27 | INFO    | LISTING   | Listing Hopscotch route https://www.myntra.com/hopscotch page 1 -> https://www.myntra.com/gateway/v4/search/hopscotch?rows=50&o=0&plaEnabled=false&xdEnabled=false&isFacet=true&p=1 | run_id=run_20260930_154906_269231_a733d1 | brand=Hopscotch | page=1 | route=https://www.myntra.com/hopscotch | seen=4853 | expected=5128
2026-09-30 15:57:28 | INFO    | LISTING   | Listing Hopscotch route https://www.myntra.com/hopscotch page 2 -> https://www.myntra.com/gateway/v4/search/hopscotch?rows=50&o=50&plaEnabled=false&xdEnabled=false&isFacet=true&p=2 | run_id=run_20260930_154906_269231_a733d1 | brand=Hopscotch | page=2 | route=https://www.myntra.com/hopscotch | seen=4853 | expected=5128
2026-09-30 15:57:28 | INFO    | LISTING   | Listing Hopscotch route https://www.myntra.com/hopscotch page 3 -> https://www.myntra.com/gateway/v4/search/hopscotch?rows=50&o=100&plaEnabled=false&xdEnabled=false&isFacet=true&p=3 | run_id=run_20260930_154906_269231_a733d1 | brand=Hopscotch | page=3 | route=https://www.myntra.com/hopscotch | seen=4853 | expected=5128
2026-09-30 15:57:29 | WARNING | LISTING   | Route https://www.myntra.com/hopscotch for Hopscotch stalled for 3 consecutive pages before reaching expected total; restarting route pass. | run_id=run_20260930_154906_269231_a733d1 | brand=Hopscotch | page=3 | route=https://www.myntra.com/hopscotch | seen=4853 | expected=5128
2026-09-30 15:57:29 | WARNING | BRAND     | Brand Hopscotch finished below expected count: saw 4853 unique shirts products vs expected 5128. | run_id=run_20260930_154906_269231_a733d1 | brand=Hopscotch | seen=4853 | expected=5128
2026-09-30 15:57:29 | INFO    | BRAND     | Brand scrape completed in 6m 50s (710.62 products/min). | run_id=run_20260930_154906_269231_a733d1 | brand=Hopscotch | status=COMPLETED | saved=4853 | seen=4853 | expected=5128 | elapsed_label=6m 50s | products_per_minute=710.62
2026-09-30 15:57:29 | INFO    | BRAND     | Resolving brand routes. | run_id=run_20260930_154906_269231_a733d1 | brand=H&M (Kids)
2026-09-30 15:57:30 | INFO    | BRAND     | Resolved H&M (Kids) -> 2 routes (best brand total=6202): https://www.myntra.com/h-and-m-kids, https://www.myntra.com/kids-hm | run_id=run_20260930_154906_269231_a733d1 | brand=H&M (Kids) | expected=6202
2026-09-30 15:57:30 | INFO    | BRAND     | Starting brand scrape. | run_id=run_20260930_154906_269231_a733d1 | brand=H&M (Kids) | expected=6202
2026-09-30 15:57:30 | INFO    | LISTING   | Listing H&M (Kids) route https://www.myntra.com/h-and-m-kids page 1 -> https://www.myntra.com/gateway/v4/search/h-and-m-kids?rows=50&o=0&plaEnabled=false&xdEnabled=false&isFacet=true&p=1 | run_id=run_20260930_154906_269231_a733d1 | brand=H&M (Kids) | page=1 | route=https://www.myntra.com/h-and-m-kids | seen=0 | expected=6202
2026-09-30 15:57:34 | INFO    | PDP       | Processed 45 target products for H&M (Kids) in 3s (875.54 products/min). | run_id=run_20260930_154906_269231_a733d1 | brand=H&M (Kids) | saved=45 | elapsed_label=3s | products_per_minute=875.54
2026-09-30 15:57:35 | INFO    | LISTING   | Listing H&M (Kids) route https://www.myntra.com/h-and-m-kids page 2 -> https://www.myntra.com/gateway/v4/search/h-and-m-kids?rows=50&o=50&plaEnabled=false&xdEnabled=false&isFacet=true&p=2 | run_id=run_20260930_154906_269231_a733d1 | brand=H&M (Kids) | page=2 | route=https://www.myntra.com/h-and-m-kids | seen=45 | expected=6202
2026-09-30 15:57:38 | INFO    | PDP       | Processed 50 target products for H&M (Kids) in 3s (989.69 products/min). | run_id=run_20260930_154906_269231_a733d1 | brand=H&M (Kids) | saved=50 | elapsed_label=3s | products_per_minute=989.69
2026-09-30 15:57:38 | INFO    | LISTING   | Listing H&M (Kids) route https://www.myntra.com/h-and-m-kids page 3 -> https://www.myntra.com/gateway/v4/search/h-and-m-kids?rows=50&o=100&plaEnabled=false&xdEnabled=false&isFacet=true&p=3 | run_id=run_20260930_154906_269231_a733d1 | brand=H&M (Kids) | page=3 | route=https://www.myntra.com/h-and-m-kids | seen=95 | expected=6202
2026-09-30 15:57:42 | INFO    | PDP       | Processed 47 target products for H&M (Kids) in 3s (1108.95 products/min). | run_id=run_20260930_154906_269231_a733d1 | brand=H&M (Kids) | saved=47 | elapsed_label=3s | products_per_minute=1108.95
2026-09-30 15:57:42 | INFO    | LISTING   | Listing H&M (Kids) route https://www.myntra.com/h-and-m-kids page 4 -> https://www.myntra.com/gateway/v4/search/h-and-m-kids?rows=50&o=150&plaEnabled=false&xdEnabled=false&isFacet=true&p=4 | run_id=run_20260930_154906_269231_a733d1 | brand=H&M (Kids) | page=4 | route=https://www.myntra.com/h-and-m-kids | seen=142 | expected=6202
2026-09-30 15:57:45 | INFO    | PDP       | Processed 49 target products for H&M (Kids) in 2s (1188.49 products/min). | run_id=run_20260930_154906_269231_a733d1 | brand=H&M (Kids) | saved=49 | elapsed_label=2s | products_per_minute=1188.49
2026-09-30 15:57:45 | INFO    | LISTING   | Listing H&M (Kids) route https://www.myntra.com/h-and-m-kids page 5 -> https://www.myntra.com/gateway/v4/search/h-and-m-kids?rows=50&o=200&plaEnabled=false&xdEnabled=false&isFacet=true&p=5 | run_id=run_20260930_154906_269231_a733d1 | brand=H&M (Kids) | page=5 | route=https://www.myntra.com/h-and-m-kids | seen=191 | expected=6202
2026-09-30 15:57:48 | INFO    | PDP       | Processed 50 target products for H&M (Kids) in 2s (1289.55 products/min). | run_id=run_20260930_154906_269231_a733d1 | brand=H&M (Kids) | saved=50 | elapsed_label=2s | products_per_minute=1289.55
2026-09-30 15:57:48 | INFO    | LISTING   | Listing H&M (Kids) route https://www.myntra.com/h-and-m-kids page 6 -> https://www.myntra.com/gateway/v4/search/h-and-m-kids?rows=50&o=250&plaEnabled=false&xdEnabled=false&isFacet=true&p=6 | run_id=run_20260930_154906_269231_a733d1 | brand=H&M (Kids) | page=6 | route=https://www.myntra.com/h-and-m-kids | seen=241 | expected=6202
2026-09-30 15:57:52 | INFO    | PDP       | Processed 48 target products for H&M (Kids) in 2s (1191.1 products/min). | run_id=run_20260930_154906_269231_a733d1 | brand=H&M (Kids) | saved=48 | elapsed_label=2s | products_per_minute=1191.1
2026-09-30 15:57:52 | INFO    | LISTING   | Listing H&M (Kids) route https://www.myntra.com/h-and-m-kids page 7 -> https://www.myntra.com/gateway/v4/search/h-and-m-kids?rows=50&o=300&plaEnabled=false&xdEnabled=false&isFacet=true&p=7 | run_id=run_20260930_154906_269231_a733d1 | brand=H&M (Kids) | page=7 | route=https://www.myntra.com/h-and-m-kids | seen=289 | expected=6202
2026-09-30 15:57:55 | INFO    | PDP       | Processed 48 target products for H&M (Kids) in 2s (1213.13 products/min). | run_id=run_20260930_154906_269231_a733d1 | brand=H&M (Kids) | saved=48 | elapsed_label=2s | products_per_minute=1213.13
2026-09-30 15:57:55 | INFO    | LISTING   | Listing H&M (Kids) route https://www.myntra.com/h-and-m-kids page 8 -> https://www.myntra.com/gateway/v4/search/h-and-m-kids?rows=50&o=350&plaEnabled=false&xdEnabled=false&isFacet=true&p=8 | run_id=run_20260930_154906_269231_a733d1 | brand=H&M (Kids) | page=8 | route=https://www.myntra.com/h-and-m-kids | seen=337 | expected=6202
2026-09-30 15:57:58 | INFO    | PDP       | Processed 48 target products for H&M (Kids) in 2s (1231.84 products/min). | run_id=run_20260930_154906_269231_a733d1 | brand=H&M (Kids) | saved=48 | elapsed_label=2s | products_per_minute=1231.84
2026-09-30 15:57:58 | INFO    | LISTING   | Listing H&M (Kids) route https://www.myntra.com/h-and-m-kids page 9 -> https://www.myntra.com/gateway/v4/search/h-and-m-kids?rows=50&o=400&plaEnabled=false&xdEnabled=false&isFacet=true&p=9 | run_id=run_20260930_154906_269231_a733d1 | brand=H&M (Kids) | page=9 | route=https://www.myntra.com/h-and-m-kids | seen=385 | expected=6202
2026-09-30 15:58:02 | INFO    | PDP       | Processed 47 target products for H&M (Kids) in 3s (906.06 products/min). | run_id=run_20260930_154906_269231_a733d1 | brand=H&M (Kids) | saved=47 | elapsed_label=3s | products_per_minute=906.06
2026-09-30 15:58:02 | INFO    | LISTING   | Listing H&M (Kids) route https://www.myntra.com/h-and-m-kids page 10 -> https://www.myntra.com/gateway/v4/search/h-and-m-kids?rows=50&o=450&plaEnabled=false&xdEnabled=false&isFacet=true&p=10 | run_id=run_20260930_154906_269231_a733d1 | brand=H&M (Kids) | page=10 | route=https://www.myntra.com/h-and-m-kids | seen=432 | expected=6202
2026-09-30 15:58:05 | INFO    | PDP       | Processed 48 target products for H&M (Kids) in 2s (1230.55 products/min). | run_id=run_20260930_154906_269231_a733d1 | brand=H&M (Kids) | saved=48 | elapsed_label=2s | products_per_minute=1230.55
2026-09-30 15:58:05 | INFO    | LISTING   | Listing H&M (Kids) route https://www.myntra.com/h-and-m-kids page 11 -> https://www.myntra.com/gateway/v4/search/h-and-m-kids?rows=50&o=500&plaEnabled=false&xdEnabled=false&isFacet=true&p=11 | run_id=run_20260930_154906_269231_a733d1 | brand=H&M (Kids) | page=11 | route=https://www.myntra.com/h-and-m-kids | seen=480 | expected=6202
2026-09-30 15:58:08 | INFO    | PDP       | Processed 43 target products for H&M (Kids) in 2s (1148.41 products/min). | run_id=run_20260930_154906_269231_a733d1 | brand=H&M (Kids) | saved=43 | elapsed_label=2s | products_per_minute=1148.41
2026-09-30 15:58:08 | INFO    | LISTING   | Listing H&M (Kids) route https://www.myntra.com/h-and-m-kids page 12 -> https://www.myntra.com/gateway/v4/search/h-and-m-kids?rows=50&o=550&plaEnabled=false&xdEnabled=false&isFacet=true&p=12 | run_id=run_20260930_154906_269231_a733d1 | brand=H&M (Kids) | page=12 | route=https://www.myntra.com/h-and-m-kids | seen=523 | expected=6202
2026-09-30 15:58:12 | INFO    | PDP       | Processed 46 target products for H&M (Kids) in 3s (976.04 products/min). | run_id=run_20260930_154906_269231_a733d1 | brand=H&M (Kids) | saved=46 | elapsed_label=3s | products_per_minute=976.04
2026-09-30 15:58:12 | INFO    | LISTING   | Listing H&M (Kids) route https://www.myntra.com/h-and-m-kids page 13 -> https://www.myntra.com/gateway/v4/search/h-and-m-kids?rows=50&o=600&plaEnabled=false&xdEnabled=false&isFacet=true&p=13 | run_id=run_20260930_154906_269231_a733d1 | brand=H&M (Kids) | page=13 | route=https://www.myntra.com/h-and-m-kids | seen=569 | expected=6202
2026-09-30 15:58:15 | INFO    | PDP       | Processed 49 target products for H&M (Kids) in 3s (1038.67 products/min). | run_id=run_20260930_154906_269231_a733d1 | brand=H&M (Kids) | saved=49 | elapsed_label=3s | products_per_minute=1038.67
2026-09-30 15:58:16 | INFO    | LISTING   | Listing H&M (Kids) route https://www.myntra.com/h-and-m-kids page 14 -> https://www.myntra.com/gateway/v4/search/h-and-m-kids?rows=50&o=650&plaEnabled=false&xdEnabled=false&isFacet=true&p=14 | run_id=run_20260930_154906_269231_a733d1 | brand=H&M (Kids) | page=14 | route=https://www.myntra.com/h-and-m-kids | seen=618 | expected=6202
2026-09-30 15:58:19 | INFO    | PDP       | Processed 47 target products for H&M (Kids) in 2s (1133.64 products/min). | run_id=run_20260930_154906_269231_a733d1 | brand=H&M (Kids) | saved=47 | elapsed_label=2s | products_per_minute=1133.64
2026-09-30 15:58:19 | INFO    | LISTING   | Listing H&M (Kids) route https://www.myntra.com/h-and-m-kids page 15 -> https://www.myntra.com/gateway/v4/search/h-and-m-kids?rows=50&o=700&plaEnabled=false&xdEnabled=false&isFacet=true&p=15 | run_id=run_20260930_154906_269231_a733d1 | brand=H&M (Kids) | page=15 | route=https://www.myntra.com/h-and-m-kids | seen=665 | expected=6202
2026-09-30 15:58:22 | INFO    | PDP       | Processed 49 target products for H&M (Kids) in 3s (970.2 products/min). | run_id=run_20260930_154906_269231_a733d1 | brand=H&M (Kids) | saved=49 | elapsed_label=3s | products_per_minute=970.2
2026-09-30 15:58:23 | INFO    | LISTING   | Listing H&M (Kids) route https://www.myntra.com/h-and-m-kids page 16 -> https://www.myntra.com/gateway/v4/search/h-and-m-kids?rows=50&o=750&plaEnabled=false&xdEnabled=false&isFacet=true&p=16 | run_id=run_20260930_154906_269231_a733d1 | brand=H&M (Kids) | page=16 | route=https://www.myntra.com/h-and-m-kids | seen=714 | expected=6202
2026-09-30 15:58:26 | INFO    | PDP       | Processed 46 target products for H&M (Kids) in 3s (1051.74 products/min). | run_id=run_20260930_154906_269231_a733d1 | brand=H&M (Kids) | saved=46 | elapsed_label=3s | products_per_minute=1051.74
2026-09-30 15:58:26 | INFO    | LISTING   | Listing H&M (Kids) route https://www.myntra.com/h-and-m-kids page 17 -> https://www.myntra.com/gateway/v4/search/h-and-m-kids?rows=50&o=800&plaEnabled=false&xdEnabled=false&isFacet=true&p=17 | run_id=run_20260930_154906_269231_a733d1 | brand=H&M (Kids) | page=17 | route=https://www.myntra.com/h-and-m-kids | seen=760 | expected=6202
2026-09-30 15:58:29 | INFO    | PDP       | Processed 47 target products for H&M (Kids) in 2s (1258.12 products/min). | run_id=run_20260930_154906_269231_a733d1 | brand=H&M (Kids) | saved=47 | elapsed_label=2s | products_per_minute=1258.12
2026-09-30 15:58:29 | INFO    | LISTING   | Listing H&M (Kids) route https://www.myntra.com/h-and-m-kids page 18 -> https://www.myntra.com/gateway/v4/search/h-and-m-kids?rows=50&o=850&plaEnabled=false&xdEnabled=false&isFacet=true&p=18 | run_id=run_20260930_154906_269231_a733d1 | brand=H&M (Kids) | page=18 | route=https://www.myntra.com/h-and-m-kids | seen=807 | expected=6202
2026-09-30 15:58:32 | INFO    | PDP       | Processed 50 target products for H&M (Kids) in 3s (1152.86 products/min). | run_id=run_20260930_154906_269231_a733d1 | brand=H&M (Kids) | saved=50 | elapsed_label=3s | products_per_minute=1152.86
2026-09-30 15:58:32 | INFO    | LISTING   | Listing H&M (Kids) route https://www.myntra.com/h-and-m-kids page 19 -> https://www.myntra.com/gateway/v4/search/h-and-m-kids?rows=50&o=900&plaEnabled=false&xdEnabled=false&isFacet=true&p=19 | run_id=run_20260930_154906_269231_a733d1 | brand=H&M (Kids) | page=19 | route=https://www.myntra.com/h-and-m-kids | seen=857 | expected=6202
2026-09-30 15:58:36 | INFO    | PDP       | Processed 50 target products for H&M (Kids) in 3s (1058.48 products/min). | run_id=run_20260930_154906_269231_a733d1 | brand=H&M (Kids) | saved=50 | elapsed_label=3s | products_per_minute=1058.48
2026-09-30 15:58:36 | INFO    | LISTING   | Listing H&M (Kids) route https://www.myntra.com/h-and-m-kids page 20 -> https://www.myntra.com/gateway/v4/search/h-and-m-kids?rows=50&o=950&plaEnabled=false&xdEnabled=false&isFacet=true&p=20 | run_id=run_20260930_154906_269231_a733d1 | brand=H&M (Kids) | page=20 | route=https://www.myntra.com/h-and-m-kids | seen=907 | expected=6202
2026-09-30 15:58:39 | INFO    | PDP       | Processed 48 target products for H&M (Kids) in 2s (1196.91 products/min). | run_id=run_20260930_154906_269231_a733d1 | brand=H&M (Kids) | saved=48 | elapsed_label=2s | products_per_minute=1196.91
2026-09-30 15:58:39 | INFO    | LISTING   | Listing H&M (Kids) route https://www.myntra.com/h-and-m-kids page 21 -> https://www.myntra.com/gateway/v4/search/h-and-m-kids?rows=50&o=1000&plaEnabled=false&xdEnabled=false&isFacet=true&p=21 | run_id=run_20260930_154906_269231_a733d1 | brand=H&M (Kids) | page=21 | route=https://www.myntra.com/h-and-m-kids | seen=955 | expected=6202
2026-09-30 15:58:42 | INFO    | PDP       | Processed 49 target products for H&M (Kids) in 2s (1231.46 products/min). | run_id=run_20260930_154906_269231_a733d1 | brand=H&M (Kids) | saved=49 | elapsed_label=2s | products_per_minute=1231.46
2026-09-30 15:58:42 | INFO    | LISTING   | Listing H&M (Kids) route https://www.myntra.com/h-and-m-kids page 22 -> https://www.myntra.com/gateway/v4/search/h-and-m-kids?rows=50&o=1050&plaEnabled=false&xdEnabled=false&isFacet=true&p=22 | run_id=run_20260930_154906_269231_a733d1 | brand=H&M (Kids) | page=22 | route=https://www.myntra.com/h-and-m-kids | seen=1004 | expected=6202
2026-09-30 15:58:45 | INFO    | PDP       | Processed 49 target products for H&M (Kids) in 2s (1282.92 products/min). | run_id=run_20260930_154906_269231_a733d1 | brand=H&M (Kids) | saved=49 | elapsed_label=2s | products_per_minute=1282.92
2026-09-30 15:58:45 | INFO    | LISTING   | Listing H&M (Kids) route https://www.myntra.com/h-and-m-kids page 23 -> https://www.myntra.com/gateway/v4/search/h-and-m-kids?rows=50&o=1100&plaEnabled=false&xdEnabled=false&isFacet=true&p=23 | run_id=run_20260930_154906_269231_a733d1 | brand=H&M (Kids) | page=23 | route=https://www.myntra.com/h-and-m-kids | seen=1053 | expected=6202
2026-09-30 15:58:47 | INFO    | PDP       | Processed 23 target products for H&M (Kids) in 1s (978.7 products/min). | run_id=run_20260930_154906_269231_a733d1 | brand=H&M (Kids) | saved=23 | elapsed_label=1s | products_per_minute=978.7
2026-09-30 15:58:47 | INFO    | LISTING   | Listing H&M (Kids) route https://www.myntra.com/h-and-m-kids page 24 -> https://www.myntra.com/gateway/v4/search/h-and-m-kids?rows=50&o=1150&plaEnabled=false&xdEnabled=false&isFacet=true&p=24 | run_id=run_20260930_154906_269231_a733d1 | brand=H&M (Kids) | page=24 | route=https://www.myntra.com/h-and-m-kids | seen=1076 | expected=6202
2026-09-30 15:58:49 | INFO    | PDP       | Processed 19 target products for H&M (Kids) in 1s (1022.89 products/min). | run_id=run_20260930_154906_269231_a733d1 | brand=H&M (Kids) | saved=19 | elapsed_label=1s | products_per_minute=1022.89
2026-09-30 15:58:49 | INFO    | LISTING   | Listing H&M (Kids) route https://www.myntra.com/h-and-m-kids page 25 -> https://www.myntra.com/gateway/v4/search/h-and-m-kids?rows=50&o=1200&plaEnabled=false&xdEnabled=false&isFacet=true&p=25 | run_id=run_20260930_154906_269231_a733d1 | brand=H&M (Kids) | page=25 | route=https://www.myntra.com/h-and-m-kids | seen=1095 | expected=6202
2026-09-30 15:58:51 | INFO    | PDP       | Processed 24 target products for H&M (Kids) in 1s (1171.29 products/min). | run_id=run_20260930_154906_269231_a733d1 | brand=H&M (Kids) | saved=24 | elapsed_label=1s | products_per_minute=1171.29
2026-09-30 15:58:51 | INFO    | LISTING   | Listing H&M (Kids) route https://www.myntra.com/h-and-m-kids page 26 -> https://www.myntra.com/gateway/v4/search/h-and-m-kids?rows=50&o=1250&plaEnabled=false&xdEnabled=false&isFacet=true&p=26 | run_id=run_20260930_154906_269231_a733d1 | brand=H&M (Kids) | page=26 | route=https://www.myntra.com/h-and-m-kids | seen=1119 | expected=6202
2026-09-30 15:58:53 | INFO    | PDP       | Processed 25 target products for H&M (Kids) in 2s (909.18 products/min). | run_id=run_20260930_154906_269231_a733d1 | brand=H&M (Kids) | saved=25 | elapsed_label=2s | products_per_minute=909.18
2026-09-30 15:58:53 | INFO    | LISTING   | Listing H&M (Kids) route https://www.myntra.com/h-and-m-kids page 27 -> https://www.myntra.com/gateway/v4/search/h-and-m-kids?rows=50&o=1300&plaEnabled=false&xdEnabled=false&isFacet=true&p=27 | run_id=run_20260930_154906_269231_a733d1 | brand=H&M (Kids) | page=27 | route=https://www.myntra.com/h-and-m-kids | seen=1144 | expected=6202
2026-09-30 15:58:57 | INFO    | PDP       | Processed 34 target products for H&M (Kids) in 2s (914.3 products/min). | run_id=run_20260930_154906_269231_a733d1 | brand=H&M (Kids) | saved=34 | elapsed_label=2s | products_per_minute=914.3
2026-09-30 15:58:57 | INFO    | LISTING   | Listing H&M (Kids) route https://www.myntra.com/h-and-m-kids page 28 -> https://www.myntra.com/gateway/v4/search/h-and-m-kids?rows=50&o=1350&plaEnabled=false&xdEnabled=false&isFacet=true&p=28 | run_id=run_20260930_154906_269231_a733d1 | brand=H&M (Kids) | page=28 | route=https://www.myntra.com/h-and-m-kids | seen=1178 | expected=6202
2026-09-30 15:59:00 | INFO    | PDP       | Processed 47 target products for H&M (Kids) in 3s (1042.39 products/min). | run_id=run_20260930_154906_269231_a733d1 | brand=H&M (Kids) | saved=47 | elapsed_label=3s | products_per_minute=1042.39
2026-09-30 15:59:00 | INFO    | LISTING   | Listing H&M (Kids) route https://www.myntra.com/h-and-m-kids page 29 -> https://www.myntra.com/gateway/v4/search/h-and-m-kids?rows=50&o=1400&plaEnabled=false&xdEnabled=false&isFacet=true&p=29 | run_id=run_20260930_154906_269231_a733d1 | brand=H&M (Kids) | page=29 | route=https://www.myntra.com/h-and-m-kids | seen=1225 | expected=6202
2026-09-30 15:59:04 | INFO    | PDP       | Processed 47 target products for H&M (Kids) in 3s (966.24 products/min). | run_id=run_20260930_154906_269231_a733d1 | brand=H&M (Kids) | saved=47 | elapsed_label=3s | products_per_minute=966.24
2026-09-30 15:59:04 | INFO    | LISTING   | Listing H&M (Kids) route https://www.myntra.com/h-and-m-kids page 30 -> https://www.myntra.com/gateway/v4/search/h-and-m-kids?rows=50&o=1450&plaEnabled=false&xdEnabled=false&isFacet=true&p=30 | run_id=run_20260930_154906_269231_a733d1 | brand=H&M (Kids) | page=30 | route=https://www.myntra.com/h-and-m-kids | seen=1272 | expected=6202
2026-09-30 15:59:07 | INFO    | PDP       | Processed 37 target products for H&M (Kids) in 2s (913.78 products/min). | run_id=run_20260930_154906_269231_a733d1 | brand=H&M (Kids) | saved=37 | elapsed_label=2s | products_per_minute=913.78
2026-09-30 15:59:07 | INFO    | LISTING   | Listing H&M (Kids) route https://www.myntra.com/h-and-m-kids page 31 -> https://www.myntra.com/gateway/v4/search/h-and-m-kids?rows=50&o=1500&plaEnabled=false&xdEnabled=false&isFacet=true&p=31 | run_id=run_20260930_154906_269231_a733d1 | brand=H&M (Kids) | page=31 | route=https://www.myntra.com/h-and-m-kids | seen=1309 | expected=6202
2026-09-30 15:59:10 | INFO    | PDP       | Processed 38 target products for H&M (Kids) in 2s (987.06 products/min). | run_id=run_20260930_154906_269231_a733d1 | brand=H&M (Kids) | saved=38 | elapsed_label=2s | products_per_minute=987.06
2026-09-30 15:59:10 | INFO    | LISTING   | Listing H&M (Kids) route https://www.myntra.com/h-and-m-kids page 32 -> https://www.myntra.com/gateway/v4/search/h-and-m-kids?rows=50&o=1550&plaEnabled=false&xdEnabled=false&isFacet=true&p=32 | run_id=run_20260930_154906_269231_a733d1 | brand=H&M (Kids) | page=32 | route=https://www.myntra.com/h-and-m-kids | seen=1347 | expected=6202
2026-09-30 15:59:14 | INFO    | PDP       | Processed 34 target products for H&M (Kids) in 2s (950.85 products/min). | run_id=run_20260930_154906_269231_a733d1 | brand=H&M (Kids) | saved=34 | elapsed_label=2s | products_per_minute=950.85
2026-09-30 15:59:14 | INFO    | LISTING   | Listing H&M (Kids) route https://www.myntra.com/h-and-m-kids page 33 -> https://www.myntra.com/gateway/v4/search/h-and-m-kids?rows=50&o=1600&plaEnabled=false&xdEnabled=false&isFacet=true&p=33 | run_id=run_20260930_154906_269231_a733d1 | brand=H&M (Kids) | page=33 | route=https://www.myntra.com/h-and-m-kids | seen=1381 | expected=6202
2026-09-30 15:59:16 | INFO    | PDP       | Processed 20 target products for H&M (Kids) in 1s (1094.67 products/min). | run_id=run_20260930_154906_269231_a733d1 | brand=H&M (Kids) | saved=20 | elapsed_label=1s | products_per_minute=1094.67
2026-09-30 15:59:16 | INFO    | LISTING   | Listing H&M (Kids) route https://www.myntra.com/h-and-m-kids page 34 -> https://www.myntra.com/gateway/v4/search/h-and-m-kids?rows=50&o=1650&plaEnabled=false&xdEnabled=false&isFacet=true&p=34 | run_id=run_20260930_154906_269231_a733d1 | brand=H&M (Kids) | page=34 | route=https://www.myntra.com/h-and-m-kids | seen=1401 | expected=6202
2026-09-30 15:59:18 | INFO    | PDP       | Processed 36 target products for H&M (Kids) in 2s (1086.15 products/min). | run_id=run_20260930_154906_269231_a733d1 | brand=H&M (Kids) | saved=36 | elapsed_label=2s | products_per_minute=1086.15
2026-09-30 15:59:19 | INFO    | LISTING   | Listing H&M (Kids) route https://www.myntra.com/h-and-m-kids page 35 -> https://www.myntra.com/gateway/v4/search/h-and-m-kids?rows=50&o=1700&plaEnabled=false&xdEnabled=false&isFacet=true&p=35 | run_id=run_20260930_154906_269231_a733d1 | brand=H&M (Kids) | page=35 | route=https://www.myntra.com/h-and-m-kids | seen=1437 | expected=6202
2026-09-30 15:59:20 | INFO    | PDP       | Processed 24 target products for H&M (Kids) in 1s (1103.24 products/min). | run_id=run_20260930_154906_269231_a733d1 | brand=H&M (Kids) | saved=24 | elapsed_label=1s | products_per_minute=1103.24
2026-09-30 15:59:21 | INFO    | LISTING   | Listing H&M (Kids) route https://www.myntra.com/h-and-m-kids page 36 -> https://www.myntra.com/gateway/v4/search/h-and-m-kids?rows=50&o=1750&plaEnabled=false&xdEnabled=false&isFacet=true&p=36 | run_id=run_20260930_154906_269231_a733d1 | brand=H&M (Kids) | page=36 | route=https://www.myntra.com/h-and-m-kids | seen=1461 | expected=6202
2026-09-30 15:59:23 | INFO    | PDP       | Processed 41 target products for H&M (Kids) in 2s (1231.15 products/min). | run_id=run_20260930_154906_269231_a733d1 | brand=H&M (Kids) | saved=41 | elapsed_label=2s | products_per_minute=1231.15
2026-09-30 15:59:23 | INFO    | LISTING   | Listing H&M (Kids) route https://www.myntra.com/h-and-m-kids page 37 -> https://www.myntra.com/gateway/v4/search/h-and-m-kids?rows=50&o=1800&plaEnabled=false&xdEnabled=false&isFacet=true&p=37 | run_id=run_20260930_154906_269231_a733d1 | brand=H&M (Kids) | page=37 | route=https://www.myntra.com/h-and-m-kids | seen=1502 | expected=6202
2026-09-30 15:59:26 | INFO    | PDP       | Processed 45 target products for H&M (Kids) in 2s (1264.15 products/min). | run_id=run_20260930_154906_269231_a733d1 | brand=H&M (Kids) | saved=45 | elapsed_label=2s | products_per_minute=1264.15
2026-09-30 15:59:26 | INFO    | LISTING   | Listing H&M (Kids) route https://www.myntra.com/h-and-m-kids page 38 -> https://www.myntra.com/gateway/v4/search/h-and-m-kids?rows=50&o=1850&plaEnabled=false&xdEnabled=false&isFacet=true&p=38 | run_id=run_20260930_154906_269231_a733d1 | brand=H&M (Kids) | page=38 | route=https://www.myntra.com/h-and-m-kids | seen=1547 | expected=6202
2026-09-30 15:59:30 | INFO    | PDP       | Processed 44 target products for H&M (Kids) in 3s (982.26 products/min). | run_id=run_20260930_154906_269231_a733d1 | brand=H&M (Kids) | saved=44 | elapsed_label=3s | products_per_minute=982.26
2026-09-30 15:59:30 | INFO    | LISTING   | Listing H&M (Kids) route https://www.myntra.com/h-and-m-kids page 39 -> https://www.myntra.com/gateway/v4/search/h-and-m-kids?rows=50&o=1900&plaEnabled=false&xdEnabled=false&isFacet=true&p=39 | run_id=run_20260930_154906_269231_a733d1 | brand=H&M (Kids) | page=39 | route=https://www.myntra.com/h-and-m-kids | seen=1591 | expected=6202
2026-09-30 15:59:33 | INFO    | PDP       | Processed 46 target products for H&M (Kids) in 3s (919.81 products/min). | run_id=run_20260930_154906_269231_a733d1 | brand=H&M (Kids) | saved=46 | elapsed_label=3s | products_per_minute=919.81
2026-09-30 15:59:34 | INFO    | LISTING   | Listing H&M (Kids) route https://www.myntra.com/h-and-m-kids page 40 -> https://www.myntra.com/gateway/v4/search/h-and-m-kids?rows=50&o=1950&plaEnabled=false&xdEnabled=false&isFacet=true&p=40 | run_id=run_20260930_154906_269231_a733d1 | brand=H&M (Kids) | page=40 | route=https://www.myntra.com/h-and-m-kids | seen=1637 | expected=6202
2026-09-30 15:59:37 | INFO    | PDP       | Processed 44 target products for H&M (Kids) in 3s (1025.09 products/min). | run_id=run_20260930_154906_269231_a733d1 | brand=H&M (Kids) | saved=44 | elapsed_label=3s | products_per_minute=1025.09
2026-09-30 15:59:37 | INFO    | LISTING   | Listing H&M (Kids) route https://www.myntra.com/h-and-m-kids page 41 -> https://www.myntra.com/gateway/v4/search/h-and-m-kids?rows=50&o=2000&plaEnabled=false&xdEnabled=false&isFacet=true&p=41 | run_id=run_20260930_154906_269231_a733d1 | brand=H&M (Kids) | page=41 | route=https://www.myntra.com/h-and-m-kids | seen=1681 | expected=6202
2026-09-30 15:59:40 | INFO    | PDP       | Processed 46 target products for H&M (Kids) in 3s (1049.13 products/min). | run_id=run_20260930_154906_269231_a733d1 | brand=H&M (Kids) | saved=46 | elapsed_label=3s | products_per_minute=1049.13
2026-09-30 15:59:40 | INFO    | LISTING   | Listing H&M (Kids) route https://www.myntra.com/h-and-m-kids page 42 -> https://www.myntra.com/gateway/v4/search/h-and-m-kids?rows=50&o=2050&plaEnabled=false&xdEnabled=false&isFacet=true&p=42 | run_id=run_20260930_154906_269231_a733d1 | brand=H&M (Kids) | page=42 | route=https://www.myntra.com/h-and-m-kids | seen=1727 | expected=6202
2026-09-30 15:59:43 | INFO    | PDP       | Processed 46 target products for H&M (Kids) in 3s (1074.26 products/min). | run_id=run_20260930_154906_269231_a733d1 | brand=H&M (Kids) | saved=46 | elapsed_label=3s | products_per_minute=1074.26
2026-09-30 15:59:44 | INFO    | LISTING   | Listing H&M (Kids) route https://www.myntra.com/h-and-m-kids page 43 -> https://www.myntra.com/gateway/v4/search/h-and-m-kids?rows=50&o=2100&plaEnabled=false&xdEnabled=false&isFacet=true&p=43 | run_id=run_20260930_154906_269231_a733d1 | brand=H&M (Kids) | page=43 | route=https://www.myntra.com/h-and-m-kids | seen=1773 | expected=6202
2026-09-30 15:59:47 | INFO    | PDP       | Processed 45 target products for H&M (Kids) in 3s (1004.04 products/min). | run_id=run_20260930_154906_269231_a733d1 | brand=H&M (Kids) | saved=45 | elapsed_label=3s | products_per_minute=1004.04
2026-09-30 15:59:47 | INFO    | LISTING   | Listing H&M (Kids) route https://www.myntra.com/h-and-m-kids page 44 -> https://www.myntra.com/gateway/v4/search/h-and-m-kids?rows=50&o=2150&plaEnabled=false&xdEnabled=false&isFacet=true&p=44 | run_id=run_20260930_154906_269231_a733d1 | brand=H&M (Kids) | page=44 | route=https://www.myntra.com/h-and-m-kids | seen=1818 | expected=6202
2026-09-30 15:59:51 | INFO    | PDP       | Processed 48 target products for H&M (Kids) in 3s (949.2 products/min). | run_id=run_20260930_154906_269231_a733d1 | brand=H&M (Kids) | saved=48 | elapsed_label=3s | products_per_minute=949.2
2026-09-30 15:59:51 | INFO    | LISTING   | Listing H&M (Kids) route https://www.myntra.com/h-and-m-kids page 45 -> https://www.myntra.com/gateway/v4/search/h-and-m-kids?rows=50&o=2200&plaEnabled=false&xdEnabled=false&isFacet=true&p=45 | run_id=run_20260930_154906_269231_a733d1 | brand=H&M (Kids) | page=45 | route=https://www.myntra.com/h-and-m-kids | seen=1866 | expected=6202
2026-09-30 15:59:55 | INFO    | PDP       | Processed 47 target products for H&M (Kids) in 3s (999.7 products/min). | run_id=run_20260930_154906_269231_a733d1 | brand=H&M (Kids) | saved=47 | elapsed_label=3s | products_per_minute=999.7
2026-09-30 15:59:55 | INFO    | LISTING   | Listing H&M (Kids) route https://www.myntra.com/h-and-m-kids page 46 -> https://www.myntra.com/gateway/v4/search/h-and-m-kids?rows=50&o=2250&plaEnabled=false&xdEnabled=false&isFacet=true&p=46 | run_id=run_20260930_154906_269231_a733d1 | brand=H&M (Kids) | page=46 | route=https://www.myntra.com/h-and-m-kids | seen=1913 | expected=6202
2026-09-30 15:59:59 | INFO    | PDP       | Processed 49 target products for H&M (Kids) in 3s (932.32 products/min). | run_id=run_20260930_154906_269231_a733d1 | brand=H&M (Kids) | saved=49 | elapsed_label=3s | products_per_minute=932.32
2026-09-30 15:59:59 | INFO    | LISTING   | Listing H&M (Kids) route https://www.myntra.com/h-and-m-kids page 47 -> https://www.myntra.com/gateway/v4/search/h-and-m-kids?rows=50&o=2300&plaEnabled=false&xdEnabled=false&isFacet=true&p=47 | run_id=run_20260930_154906_269231_a733d1 | brand=H&M (Kids) | page=47 | route=https://www.myntra.com/h-and-m-kids | seen=1962 | expected=6202
2026-09-30 16:00:23 | INFO    | PDP       | Processed 50 target products for H&M (Kids) in 24s (126.54 products/min). | run_id=run_20260930_154906_269231_a733d1 | brand=H&M (Kids) | saved=50 | elapsed_label=24s | products_per_minute=126.54
2026-09-30 16:00:23 | INFO    | LISTING   | Listing H&M (Kids) route https://www.myntra.com/h-and-m-kids page 48 -> https://www.myntra.com/gateway/v4/search/h-and-m-kids?rows=50&o=2350&plaEnabled=false&xdEnabled=false&isFacet=true&p=48 | run_id=run_20260930_154906_269231_a733d1 | brand=H&M (Kids) | page=48 | route=https://www.myntra.com/h-and-m-kids | seen=2012 | expected=6202
2026-09-30 16:00:27 | INFO    | PDP       | Processed 49 target products for H&M (Kids) in 3s (1017.47 products/min). | run_id=run_20260930_154906_269231_a733d1 | brand=H&M (Kids) | saved=49 | elapsed_label=3s | products_per_minute=1017.47
2026-09-30 16:00:27 | INFO    | LISTING   | Listing H&M (Kids) route https://www.myntra.com/h-and-m-kids page 49 -> https://www.myntra.com/gateway/v4/search/h-and-m-kids?rows=50&o=2400&plaEnabled=false&xdEnabled=false&isFacet=true&p=49 | run_id=run_20260930_154906_269231_a733d1 | brand=H&M (Kids) | page=49 | route=https://www.myntra.com/h-and-m-kids | seen=2061 | expected=6202
2026-09-30 16:00:30 | INFO    | PDP       | Processed 50 target products for H&M (Kids) in 2s (1201.18 products/min). | run_id=run_20260930_154906_269231_a733d1 | brand=H&M (Kids) | saved=50 | elapsed_label=2s | products_per_minute=1201.18
2026-09-30 16:00:31 | INFO    | LISTING   | Listing H&M (Kids) route https://www.myntra.com/h-and-m-kids page 50 -> https://www.myntra.com/gateway/v4/search/h-and-m-kids?rows=50&o=2450&plaEnabled=false&xdEnabled=false&isFacet=true&p=50 | run_id=run_20260930_154906_269231_a733d1 | brand=H&M (Kids) | page=50 | route=https://www.myntra.com/h-and-m-kids | seen=2111 | expected=6202
2026-09-30 16:00:34 | INFO    | PDP       | Processed 48 target products for H&M (Kids) in 2s (1229.63 products/min). | run_id=run_20260930_154906_269231_a733d1 | brand=H&M (Kids) | saved=48 | elapsed_label=2s | products_per_minute=1229.63
2026-09-30 16:00:34 | INFO    | LISTING   | Listing H&M (Kids) route https://www.myntra.com/h-and-m-kids page 51 -> https://www.myntra.com/gateway/v4/search/h-and-m-kids?rows=50&o=2500&plaEnabled=false&xdEnabled=false&isFacet=true&p=51 | run_id=run_20260930_154906_269231_a733d1 | brand=H&M (Kids) | page=51 | route=https://www.myntra.com/h-and-m-kids | seen=2159 | expected=6202
2026-09-30 16:00:37 | INFO    | PDP       | Processed 49 target products for H&M (Kids) in 3s (1153.11 products/min). | run_id=run_20260930_154906_269231_a733d1 | brand=H&M (Kids) | saved=49 | elapsed_label=3s | products_per_minute=1153.11
2026-09-30 16:00:37 | INFO    | LISTING   | Listing H&M (Kids) route https://www.myntra.com/h-and-m-kids page 52 -> https://www.myntra.com/gateway/v4/search/h-and-m-kids?rows=50&o=2550&plaEnabled=false&xdEnabled=false&isFacet=true&p=52 | run_id=run_20260930_154906_269231_a733d1 | brand=H&M (Kids) | page=52 | route=https://www.myntra.com/h-and-m-kids | seen=2208 | expected=6202
2026-09-30 16:00:41 | INFO    | PDP       | Processed 50 target products for H&M (Kids) in 3s (1145.26 products/min). | run_id=run_20260930_154906_269231_a733d1 | brand=H&M (Kids) | saved=50 | elapsed_label=3s | products_per_minute=1145.26
2026-09-30 16:00:41 | INFO    | LISTING   | Listing H&M (Kids) route https://www.myntra.com/h-and-m-kids page 53 -> https://www.myntra.com/gateway/v4/search/h-and-m-kids?rows=50&o=2600&plaEnabled=false&xdEnabled=false&isFacet=true&p=53 | run_id=run_20260930_154906_269231_a733d1 | brand=H&M (Kids) | page=53 | route=https://www.myntra.com/h-and-m-kids | seen=2258 | expected=6202
2026-09-30 16:00:44 | INFO    | PDP       | Processed 50 target products for H&M (Kids) in 2s (1234.66 products/min). | run_id=run_20260930_154906_269231_a733d1 | brand=H&M (Kids) | saved=50 | elapsed_label=2s | products_per_minute=1234.66
2026-09-30 16:00:44 | INFO    | LISTING   | Listing H&M (Kids) route https://www.myntra.com/h-and-m-kids page 54 -> https://www.myntra.com/gateway/v4/search/h-and-m-kids?rows=50&o=2650&plaEnabled=false&xdEnabled=false&isFacet=true&p=54 | run_id=run_20260930_154906_269231_a733d1 | brand=H&M (Kids) | page=54 | route=https://www.myntra.com/h-and-m-kids | seen=2308 | expected=6202
2026-09-30 16:00:49 | INFO    | PDP       | Processed 49 target products for H&M (Kids) in 4s (830.43 products/min). | run_id=run_20260930_154906_269231_a733d1 | brand=H&M (Kids) | saved=49 | elapsed_label=4s | products_per_minute=830.43
2026-09-30 16:00:49 | INFO    | LISTING   | Listing H&M (Kids) route https://www.myntra.com/h-and-m-kids page 55 -> https://www.myntra.com/gateway/v4/search/h-and-m-kids?rows=50&o=2700&plaEnabled=false&xdEnabled=false&isFacet=true&p=55 | run_id=run_20260930_154906_269231_a733d1 | brand=H&M (Kids) | page=55 | route=https://www.myntra.com/h-and-m-kids | seen=2357 | expected=6202
2026-09-30 16:00:53 | INFO    | PDP       | Processed 50 target products for H&M (Kids) in 3s (975.85 products/min). | run_id=run_20260930_154906_269231_a733d1 | brand=H&M (Kids) | saved=50 | elapsed_label=3s | products_per_minute=975.85
2026-09-30 16:00:53 | INFO    | LISTING   | Listing H&M (Kids) route https://www.myntra.com/h-and-m-kids page 56 -> https://www.myntra.com/gateway/v4/search/h-and-m-kids?rows=50&o=2750&plaEnabled=false&xdEnabled=false&isFacet=true&p=56 | run_id=run_20260930_154906_269231_a733d1 | brand=H&M (Kids) | page=56 | route=https://www.myntra.com/h-and-m-kids | seen=2407 | expected=6202
2026-09-30 16:00:57 | INFO    | PDP       | Processed 50 target products for H&M (Kids) in 3s (958.42 products/min). | run_id=run_20260930_154906_269231_a733d1 | brand=H&M (Kids) | saved=50 | elapsed_label=3s | products_per_minute=958.42
2026-09-30 16:00:57 | INFO    | LISTING   | Listing H&M (Kids) route https://www.myntra.com/h-and-m-kids page 57 -> https://www.myntra.com/gateway/v4/search/h-and-m-kids?rows=50&o=2800&plaEnabled=false&xdEnabled=false&isFacet=true&p=57 | run_id=run_20260930_154906_269231_a733d1 | brand=H&M (Kids) | page=57 | route=https://www.myntra.com/h-and-m-kids | seen=2457 | expected=6202
2026-09-30 16:01:01 | INFO    | PDP       | Processed 48 target products for H&M (Kids) in 4s (816.13 products/min). | run_id=run_20260930_154906_269231_a733d1 | brand=H&M (Kids) | saved=48 | elapsed_label=4s | products_per_minute=816.13
2026-09-30 16:01:01 | INFO    | LISTING   | Listing H&M (Kids) route https://www.myntra.com/h-and-m-kids page 58 -> https://www.myntra.com/gateway/v4/search/h-and-m-kids?rows=50&o=2850&plaEnabled=false&xdEnabled=false&isFacet=true&p=58 | run_id=run_20260930_154906_269231_a733d1 | brand=H&M (Kids) | page=58 | route=https://www.myntra.com/h-and-m-kids | seen=2505 | expected=6202
2026-09-30 16:01:07 | INFO    | PDP       | Processed 49 target products for H&M (Kids) in 5s (609.63 products/min). | run_id=run_20260930_154906_269231_a733d1 | brand=H&M (Kids) | saved=49 | elapsed_label=5s | products_per_minute=609.63
2026-09-30 16:01:07 | INFO    | LISTING   | Listing H&M (Kids) route https://www.myntra.com/h-and-m-kids page 59 -> https://www.myntra.com/gateway/v4/search/h-and-m-kids?rows=50&o=2900&plaEnabled=false&xdEnabled=false&isFacet=true&p=59 | run_id=run_20260930_154906_269231_a733d1 | brand=H&M (Kids) | page=59 | route=https://www.myntra.com/h-and-m-kids | seen=2554 | expected=6202
2026-09-30 16:01:11 | INFO    | PDP       | Processed 50 target products for H&M (Kids) in 4s (789.92 products/min). | run_id=run_20260930_154906_269231_a733d1 | brand=H&M (Kids) | saved=50 | elapsed_label=4s | products_per_minute=789.92
2026-09-30 16:01:12 | INFO    | LISTING   | Listing H&M (Kids) route https://www.myntra.com/h-and-m-kids page 60 -> https://www.myntra.com/gateway/v4/search/h-and-m-kids?rows=50&o=2950&plaEnabled=false&xdEnabled=false&isFacet=true&p=60 | run_id=run_20260930_154906_269231_a733d1 | brand=H&M (Kids) | page=60 | route=https://www.myntra.com/h-and-m-kids | seen=2604 | expected=6202
2026-09-30 16:01:16 | INFO    | PDP       | Processed 49 target products for H&M (Kids) in 4s (834.21 products/min). | run_id=run_20260930_154906_269231_a733d1 | brand=H&M (Kids) | saved=49 | elapsed_label=4s | products_per_minute=834.21
2026-09-30 16:01:16 | INFO    | LISTING   | Listing H&M (Kids) route https://www.myntra.com/h-and-m-kids page 61 -> https://www.myntra.com/gateway/v4/search/h-and-m-kids?rows=50&o=3000&plaEnabled=false&xdEnabled=false&isFacet=true&p=61 | run_id=run_20260930_154906_269231_a733d1 | brand=H&M (Kids) | page=61 | route=https://www.myntra.com/h-and-m-kids | seen=2653 | expected=6202
2026-09-30 16:01:20 | INFO    | PDP       | Processed 50 target products for H&M (Kids) in 3s (973.08 products/min). | run_id=run_20260930_154906_269231_a733d1 | brand=H&M (Kids) | saved=50 | elapsed_label=3s | products_per_minute=973.08
2026-09-30 16:01:20 | INFO    | LISTING   | Listing H&M (Kids) route https://www.myntra.com/h-and-m-kids page 62 -> https://www.myntra.com/gateway/v4/search/h-and-m-kids?rows=50&o=3050&plaEnabled=false&xdEnabled=false&isFacet=true&p=62 | run_id=run_20260930_154906_269231_a733d1 | brand=H&M (Kids) | page=62 | route=https://www.myntra.com/h-and-m-kids | seen=2703 | expected=6202
2026-09-30 16:01:24 | INFO    | PDP       | Processed 48 target products for H&M (Kids) in 3s (862.92 products/min). | run_id=run_20260930_154906_269231_a733d1 | brand=H&M (Kids) | saved=48 | elapsed_label=3s | products_per_minute=862.92
2026-09-30 16:01:24 | INFO    | LISTING   | Listing H&M (Kids) route https://www.myntra.com/h-and-m-kids page 63 -> https://www.myntra.com/gateway/v4/search/h-and-m-kids?rows=50&o=3100&plaEnabled=false&xdEnabled=false&isFacet=true&p=63 | run_id=run_20260930_154906_269231_a733d1 | brand=H&M (Kids) | page=63 | route=https://www.myntra.com/h-and-m-kids | seen=2751 | expected=6202
2026-09-30 16:01:28 | INFO    | PDP       | Processed 47 target products for H&M (Kids) in 3s (896.11 products/min). | run_id=run_20260930_154906_269231_a733d1 | brand=H&M (Kids) | saved=47 | elapsed_label=3s | products_per_minute=896.11
2026-09-30 16:01:28 | INFO    | LISTING   | Listing H&M (Kids) route https://www.myntra.com/h-and-m-kids page 64 -> https://www.myntra.com/gateway/v4/search/h-and-m-kids?rows=50&o=3150&plaEnabled=false&xdEnabled=false&isFacet=true&p=64 | run_id=run_20260930_154906_269231_a733d1 | brand=H&M (Kids) | page=64 | route=https://www.myntra.com/h-and-m-kids | seen=2798 | expected=6202
2026-09-30 16:01:31 | INFO    | PDP       | Processed 40 target products for H&M (Kids) in 2s (1047.43 products/min). | run_id=run_20260930_154906_269231_a733d1 | brand=H&M (Kids) | saved=40 | elapsed_label=2s | products_per_minute=1047.43
2026-09-30 16:01:31 | INFO    | LISTING   | Listing H&M (Kids) route https://www.myntra.com/h-and-m-kids page 65 -> https://www.myntra.com/gateway/v4/search/h-and-m-kids?rows=50&o=3200&plaEnabled=false&xdEnabled=false&isFacet=true&p=65 | run_id=run_20260930_154906_269231_a733d1 | brand=H&M (Kids) | page=65 | route=https://www.myntra.com/h-and-m-kids | seen=2838 | expected=6202
2026-09-30 16:01:34 | INFO    | PDP       | Processed 36 target products for H&M (Kids) in 2s (1032.51 products/min). | run_id=run_20260930_154906_269231_a733d1 | brand=H&M (Kids) | saved=36 | elapsed_label=2s | products_per_minute=1032.51
2026-09-30 16:01:34 | INFO    | LISTING   | Listing H&M (Kids) route https://www.myntra.com/h-and-m-kids page 66 -> https://www.myntra.com/gateway/v4/search/h-and-m-kids?rows=50&o=3250&plaEnabled=false&xdEnabled=false&isFacet=true&p=66 | run_id=run_20260930_154906_269231_a733d1 | brand=H&M (Kids) | page=66 | route=https://www.myntra.com/h-and-m-kids | seen=2874 | expected=6202
2026-09-30 16:01:37 | INFO    | PDP       | Processed 39 target products for H&M (Kids) in 2s (1036.91 products/min). | run_id=run_20260930_154906_269231_a733d1 | brand=H&M (Kids) | saved=39 | elapsed_label=2s | products_per_minute=1036.91
2026-09-30 16:01:37 | INFO    | LISTING   | Listing H&M (Kids) route https://www.myntra.com/h-and-m-kids page 67 -> https://www.myntra.com/gateway/v4/search/h-and-m-kids?rows=50&o=3300&plaEnabled=false&xdEnabled=false&isFacet=true&p=67 | run_id=run_20260930_154906_269231_a733d1 | brand=H&M (Kids) | page=67 | route=https://www.myntra.com/h-and-m-kids | seen=2913 | expected=6202
2026-09-30 16:01:39 | INFO    | PDP       | Processed 34 target products for H&M (Kids) in 2s (1012.12 products/min). | run_id=run_20260930_154906_269231_a733d1 | brand=H&M (Kids) | saved=34 | elapsed_label=2s | products_per_minute=1012.12
2026-09-30 16:01:39 | INFO    | LISTING   | Listing H&M (Kids) route https://www.myntra.com/h-and-m-kids page 68 -> https://www.myntra.com/gateway/v4/search/h-and-m-kids?rows=50&o=3350&plaEnabled=false&xdEnabled=false&isFacet=true&p=68 | run_id=run_20260930_154906_269231_a733d1 | brand=H&M (Kids) | page=68 | route=https://www.myntra.com/h-and-m-kids | seen=2947 | expected=6202
2026-09-30 16:01:42 | INFO    | PDP       | Processed 39 target products for H&M (Kids) in 2s (1034.22 products/min). | run_id=run_20260930_154906_269231_a733d1 | brand=H&M (Kids) | saved=39 | elapsed_label=2s | products_per_minute=1034.22
2026-09-30 16:01:42 | INFO    | LISTING   | Listing H&M (Kids) route https://www.myntra.com/h-and-m-kids page 69 -> https://www.myntra.com/gateway/v4/search/h-and-m-kids?rows=50&o=3400&plaEnabled=false&xdEnabled=false&isFacet=true&p=69 | run_id=run_20260930_154906_269231_a733d1 | brand=H&M (Kids) | page=69 | route=https://www.myntra.com/h-and-m-kids | seen=2986 | expected=6202
2026-09-30 16:01:46 | INFO    | PDP       | Processed 44 target products for H&M (Kids) in 3s (968.81 products/min). | run_id=run_20260930_154906_269231_a733d1 | brand=H&M (Kids) | saved=44 | elapsed_label=3s | products_per_minute=968.81
2026-09-30 16:01:46 | INFO    | LISTING   | Listing H&M (Kids) route https://www.myntra.com/h-and-m-kids page 70 -> https://www.myntra.com/gateway/v4/search/h-and-m-kids?rows=50&o=3450&plaEnabled=false&xdEnabled=false&isFacet=true&p=70 | run_id=run_20260930_154906_269231_a733d1 | brand=H&M (Kids) | page=70 | route=https://www.myntra.com/h-and-m-kids | seen=3030 | expected=6202
2026-09-30 16:01:50 | INFO    | PDP       | Processed 48 target products for H&M (Kids) in 3s (850.87 products/min). | run_id=run_20260930_154906_269231_a733d1 | brand=H&M (Kids) | saved=48 | elapsed_label=3s | products_per_minute=850.87
2026-09-30 16:01:50 | INFO    | LISTING   | Listing H&M (Kids) route https://www.myntra.com/h-and-m-kids page 71 -> https://www.myntra.com/gateway/v4/search/h-and-m-kids?rows=50&o=3500&plaEnabled=false&xdEnabled=false&isFacet=true&p=71 | run_id=run_20260930_154906_269231_a733d1 | brand=H&M (Kids) | page=71 | route=https://www.myntra.com/h-and-m-kids | seen=3078 | expected=6202
2026-09-30 16:01:54 | INFO    | PDP       | Processed 46 target products for H&M (Kids) in 3s (987.32 products/min). | run_id=run_20260930_154906_269231_a733d1 | brand=H&M (Kids) | saved=46 | elapsed_label=3s | products_per_minute=987.32
2026-09-30 16:01:54 | INFO    | LISTING   | Listing H&M (Kids) route https://www.myntra.com/h-and-m-kids page 72 -> https://www.myntra.com/gateway/v4/search/h-and-m-kids?rows=50&o=3550&plaEnabled=false&xdEnabled=false&isFacet=true&p=72 | run_id=run_20260930_154906_269231_a733d1 | brand=H&M (Kids) | page=72 | route=https://www.myntra.com/h-and-m-kids | seen=3124 | expected=6202
2026-09-30 16:01:57 | INFO    | PDP       | Processed 39 target products for H&M (Kids) in 3s (806.33 products/min). | run_id=run_20260930_154906_269231_a733d1 | brand=H&M (Kids) | saved=39 | elapsed_label=3s | products_per_minute=806.33
2026-09-30 16:01:57 | INFO    | LISTING   | Listing H&M (Kids) route https://www.myntra.com/h-and-m-kids page 73 -> https://www.myntra.com/gateway/v4/search/h-and-m-kids?rows=50&o=3600&plaEnabled=false&xdEnabled=false&isFacet=true&p=73 | run_id=run_20260930_154906_269231_a733d1 | brand=H&M (Kids) | page=73 | route=https://www.myntra.com/h-and-m-kids | seen=3163 | expected=6202
2026-09-30 16:02:01 | INFO    | PDP       | Processed 44 target products for H&M (Kids) in 3s (1039.38 products/min). | run_id=run_20260930_154906_269231_a733d1 | brand=H&M (Kids) | saved=44 | elapsed_label=3s | products_per_minute=1039.38
2026-09-30 16:02:01 | INFO    | LISTING   | Listing H&M (Kids) route https://www.myntra.com/h-and-m-kids page 74 -> https://www.myntra.com/gateway/v4/search/h-and-m-kids?rows=50&o=3650&plaEnabled=false&xdEnabled=false&isFacet=true&p=74 | run_id=run_20260930_154906_269231_a733d1 | brand=H&M (Kids) | page=74 | route=https://www.myntra.com/h-and-m-kids | seen=3207 | expected=6202
2026-09-30 16:02:05 | INFO    | PDP       | Processed 42 target products for H&M (Kids) in 3s (909.47 products/min). | run_id=run_20260930_154906_269231_a733d1 | brand=H&M (Kids) | saved=42 | elapsed_label=3s | products_per_minute=909.47
2026-09-30 16:02:05 | INFO    | LISTING   | Listing H&M (Kids) route https://www.myntra.com/h-and-m-kids page 75 -> https://www.myntra.com/gateway/v4/search/h-and-m-kids?rows=50&o=3700&plaEnabled=false&xdEnabled=false&isFacet=true&p=75 | run_id=run_20260930_154906_269231_a733d1 | brand=H&M (Kids) | page=75 | route=https://www.myntra.com/h-and-m-kids | seen=3249 | expected=6202
2026-09-30 16:02:09 | INFO    | PDP       | Processed 39 target products for H&M (Kids) in 3s (755.3 products/min). | run_id=run_20260930_154906_269231_a733d1 | brand=H&M (Kids) | saved=39 | elapsed_label=3s | products_per_minute=755.3
2026-09-30 16:02:09 | INFO    | LISTING   | Listing H&M (Kids) route https://www.myntra.com/h-and-m-kids page 76 -> https://www.myntra.com/gateway/v4/search/h-and-m-kids?rows=50&o=3750&plaEnabled=false&xdEnabled=false&isFacet=true&p=76 | run_id=run_20260930_154906_269231_a733d1 | brand=H&M (Kids) | page=76 | route=https://www.myntra.com/h-and-m-kids | seen=3288 | expected=6202
2026-09-30 16:02:11 | INFO    | PDP       | Processed 27 target products for H&M (Kids) in 2s (802.93 products/min). | run_id=run_20260930_154906_269231_a733d1 | brand=H&M (Kids) | saved=27 | elapsed_label=2s | products_per_minute=802.93
2026-09-30 16:02:11 | INFO    | LISTING   | Listing H&M (Kids) route https://www.myntra.com/h-and-m-kids page 77 -> https://www.myntra.com/gateway/v4/search/h-and-m-kids?rows=50&o=3800&plaEnabled=false&xdEnabled=false&isFacet=true&p=77 | run_id=run_20260930_154906_269231_a733d1 | brand=H&M (Kids) | page=77 | route=https://www.myntra.com/h-and-m-kids | seen=3315 | expected=6202
2026-09-30 16:02:14 | INFO    | PDP       | Processed 29 target products for H&M (Kids) in 2s (879.08 products/min). | run_id=run_20260930_154906_269231_a733d1 | brand=H&M (Kids) | saved=29 | elapsed_label=2s | products_per_minute=879.08
2026-09-30 16:02:14 | INFO    | LISTING   | Listing H&M (Kids) route https://www.myntra.com/h-and-m-kids page 78 -> https://www.myntra.com/gateway/v4/search/h-and-m-kids?rows=50&o=3850&plaEnabled=false&xdEnabled=false&isFacet=true&p=78 | run_id=run_20260930_154906_269231_a733d1 | brand=H&M (Kids) | page=78 | route=https://www.myntra.com/h-and-m-kids | seen=3344 | expected=6202
2026-09-30 16:02:18 | INFO    | PDP       | Processed 43 target products for H&M (Kids) in 3s (909.74 products/min). | run_id=run_20260930_154906_269231_a733d1 | brand=H&M (Kids) | saved=43 | elapsed_label=3s | products_per_minute=909.74
2026-09-30 16:02:18 | INFO    | LISTING   | Listing H&M (Kids) route https://www.myntra.com/h-and-m-kids page 79 -> https://www.myntra.com/gateway/v4/search/h-and-m-kids?rows=50&o=3900&plaEnabled=false&xdEnabled=false&isFacet=true&p=79 | run_id=run_20260930_154906_269231_a733d1 | brand=H&M (Kids) | page=79 | route=https://www.myntra.com/h-and-m-kids | seen=3387 | expected=6202
2026-09-30 16:02:21 | INFO    | PDP       | Processed 37 target products for H&M (Kids) in 2s (927.29 products/min). | run_id=run_20260930_154906_269231_a733d1 | brand=H&M (Kids) | saved=37 | elapsed_label=2s | products_per_minute=927.29
2026-09-30 16:02:21 | INFO    | LISTING   | Listing H&M (Kids) route https://www.myntra.com/h-and-m-kids page 80 -> https://www.myntra.com/gateway/v4/search/h-and-m-kids?rows=50&o=3950&plaEnabled=false&xdEnabled=false&isFacet=true&p=80 | run_id=run_20260930_154906_269231_a733d1 | brand=H&M (Kids) | page=80 | route=https://www.myntra.com/h-and-m-kids | seen=3424 | expected=6202
2026-09-30 16:02:24 | INFO    | PDP       | Processed 39 target products for H&M (Kids) in 2s (944.97 products/min). | run_id=run_20260930_154906_269231_a733d1 | brand=H&M (Kids) | saved=39 | elapsed_label=2s | products_per_minute=944.97
2026-09-30 16:02:24 | INFO    | LISTING   | Listing H&M (Kids) route https://www.myntra.com/h-and-m-kids page 81 -> https://www.myntra.com/gateway/v4/search/h-and-m-kids?rows=50&o=4000&plaEnabled=false&xdEnabled=false&isFacet=true&p=81 | run_id=run_20260930_154906_269231_a733d1 | brand=H&M (Kids) | page=81 | route=https://www.myntra.com/h-and-m-kids | seen=3463 | expected=6202
2026-09-30 16:02:27 | INFO    | PDP       | Processed 28 target products for H&M (Kids) in 2s (746.74 products/min). | run_id=run_20260930_154906_269231_a733d1 | brand=H&M (Kids) | saved=28 | elapsed_label=2s | products_per_minute=746.74
2026-09-30 16:02:27 | INFO    | LISTING   | Listing H&M (Kids) route https://www.myntra.com/h-and-m-kids page 82 -> https://www.myntra.com/gateway/v4/search/h-and-m-kids?rows=50&o=4050&plaEnabled=false&xdEnabled=false&isFacet=true&p=82 | run_id=run_20260930_154906_269231_a733d1 | brand=H&M (Kids) | page=82 | route=https://www.myntra.com/h-and-m-kids | seen=3491 | expected=6202
2026-09-30 16:02:31 | INFO    | PDP       | Processed 49 target products for H&M (Kids) in 3s (1024.9 products/min). | run_id=run_20260930_154906_269231_a733d1 | brand=H&M (Kids) | saved=49 | elapsed_label=3s | products_per_minute=1024.9
2026-09-30 16:02:31 | INFO    | LISTING   | Listing H&M (Kids) route https://www.myntra.com/h-and-m-kids page 83 -> https://www.myntra.com/gateway/v4/search/h-and-m-kids?rows=50&o=4100&plaEnabled=false&xdEnabled=false&isFacet=true&p=83 | run_id=run_20260930_154906_269231_a733d1 | brand=H&M (Kids) | page=83 | route=https://www.myntra.com/h-and-m-kids | seen=3540 | expected=6202
2026-09-30 16:02:34 | INFO    | PDP       | Processed 49 target products for H&M (Kids) in 3s (1115.67 products/min). | run_id=run_20260930_154906_269231_a733d1 | brand=H&M (Kids) | saved=49 | elapsed_label=3s | products_per_minute=1115.67
2026-09-30 16:02:34 | INFO    | LISTING   | Listing H&M (Kids) route https://www.myntra.com/h-and-m-kids page 84 -> https://www.myntra.com/gateway/v4/search/h-and-m-kids?rows=50&o=4150&plaEnabled=false&xdEnabled=false&isFacet=true&p=84 | run_id=run_20260930_154906_269231_a733d1 | brand=H&M (Kids) | page=84 | route=https://www.myntra.com/h-and-m-kids | seen=3589 | expected=6202
2026-09-30 16:02:37 | INFO    | PDP       | Processed 50 target products for H&M (Kids) in 3s (1168.93 products/min). | run_id=run_20260930_154906_269231_a733d1 | brand=H&M (Kids) | saved=50 | elapsed_label=3s | products_per_minute=1168.93
2026-09-30 16:02:38 | INFO    | LISTING   | Listing H&M (Kids) route https://www.myntra.com/h-and-m-kids page 85 -> https://www.myntra.com/gateway/v4/search/h-and-m-kids?rows=50&o=4200&plaEnabled=false&xdEnabled=false&isFacet=true&p=85 | run_id=run_20260930_154906_269231_a733d1 | brand=H&M (Kids) | page=85 | route=https://www.myntra.com/h-and-m-kids | seen=3639 | expected=6202
2026-09-30 16:02:41 | INFO    | PDP       | Processed 42 target products for H&M (Kids) in 3s (913.03 products/min). | run_id=run_20260930_154906_269231_a733d1 | brand=H&M (Kids) | saved=42 | elapsed_label=3s | products_per_minute=913.03
2026-09-30 16:02:41 | INFO    | LISTING   | Listing H&M (Kids) route https://www.myntra.com/h-and-m-kids page 86 -> https://www.myntra.com/gateway/v4/search/h-and-m-kids?rows=50&o=4250&plaEnabled=false&xdEnabled=false&isFacet=true&p=86 | run_id=run_20260930_154906_269231_a733d1 | brand=H&M (Kids) | page=86 | route=https://www.myntra.com/h-and-m-kids | seen=3681 | expected=6202
2026-09-30 16:02:45 | INFO    | PDP       | Processed 48 target products for H&M (Kids) in 3s (982.21 products/min). | run_id=run_20260930_154906_269231_a733d1 | brand=H&M (Kids) | saved=48 | elapsed_label=3s | products_per_minute=982.21
2026-09-30 16:02:45 | INFO    | LISTING   | Listing H&M (Kids) route https://www.myntra.com/h-and-m-kids page 87 -> https://www.myntra.com/gateway/v4/search/h-and-m-kids?rows=50&o=4300&plaEnabled=false&xdEnabled=false&isFacet=true&p=87 | run_id=run_20260930_154906_269231_a733d1 | brand=H&M (Kids) | page=87 | route=https://www.myntra.com/h-and-m-kids | seen=3729 | expected=6203
2026-09-30 16:02:48 | INFO    | PDP       | Processed 49 target products for H&M (Kids) in 3s (1046.06 products/min). | run_id=run_20260930_154906_269231_a733d1 | brand=H&M (Kids) | saved=49 | elapsed_label=3s | products_per_minute=1046.06
2026-09-30 16:02:48 | INFO    | LISTING   | Listing H&M (Kids) route https://www.myntra.com/h-and-m-kids page 88 -> https://www.myntra.com/gateway/v4/search/h-and-m-kids?rows=50&o=4350&plaEnabled=false&xdEnabled=false&isFacet=true&p=88 | run_id=run_20260930_154906_269231_a733d1 | brand=H&M (Kids) | page=88 | route=https://www.myntra.com/h-and-m-kids | seen=3778 | expected=6203
2026-09-30 16:02:51 | INFO    | PDP       | Processed 40 target products for H&M (Kids) in 2s (1158.09 products/min). | run_id=run_20260930_154906_269231_a733d1 | brand=H&M (Kids) | saved=40 | elapsed_label=2s | products_per_minute=1158.09
2026-09-30 16:02:51 | INFO    | LISTING   | Listing H&M (Kids) route https://www.myntra.com/h-and-m-kids page 89 -> https://www.myntra.com/gateway/v4/search/h-and-m-kids?rows=50&o=4400&plaEnabled=false&xdEnabled=false&isFacet=true&p=89 | run_id=run_20260930_154906_269231_a733d1 | brand=H&M (Kids) | page=89 | route=https://www.myntra.com/h-and-m-kids | seen=3818 | expected=6203
2026-09-30 16:02:54 | INFO    | PDP       | Processed 47 target products for H&M (Kids) in 2s (1201.94 products/min). | run_id=run_20260930_154906_269231_a733d1 | brand=H&M (Kids) | saved=47 | elapsed_label=2s | products_per_minute=1201.94
2026-09-30 16:02:54 | INFO    | LISTING   | Listing H&M (Kids) route https://www.myntra.com/h-and-m-kids page 90 -> https://www.myntra.com/gateway/v4/search/h-and-m-kids?rows=50&o=4450&plaEnabled=false&xdEnabled=false&isFacet=true&p=90 | run_id=run_20260930_154906_269231_a733d1 | brand=H&M (Kids) | page=90 | route=https://www.myntra.com/h-and-m-kids | seen=3865 | expected=6203
2026-09-30 16:02:57 | INFO    | PDP       | Processed 48 target products for H&M (Kids) in 2s (1154.93 products/min). | run_id=run_20260930_154906_269231_a733d1 | brand=H&M (Kids) | saved=48 | elapsed_label=2s | products_per_minute=1154.93
2026-09-30 16:02:58 | INFO    | LISTING   | Listing H&M (Kids) route https://www.myntra.com/h-and-m-kids page 91 -> https://www.myntra.com/gateway/v4/search/h-and-m-kids?rows=50&o=4500&plaEnabled=false&xdEnabled=false&isFacet=true&p=91 | run_id=run_20260930_154906_269231_a733d1 | brand=H&M (Kids) | page=91 | route=https://www.myntra.com/h-and-m-kids | seen=3913 | expected=6203
2026-09-30 16:03:01 | INFO    | PDP       | Processed 48 target products for H&M (Kids) in 3s (1016.96 products/min). | run_id=run_20260930_154906_269231_a733d1 | brand=H&M (Kids) | saved=48 | elapsed_label=3s | products_per_minute=1016.96
2026-09-30 16:03:01 | INFO    | LISTING   | Listing H&M (Kids) route https://www.myntra.com/h-and-m-kids page 92 -> https://www.myntra.com/gateway/v4/search/h-and-m-kids?rows=50&o=4550&plaEnabled=false&xdEnabled=false&isFacet=true&p=92 | run_id=run_20260930_154906_269231_a733d1 | brand=H&M (Kids) | page=92 | route=https://www.myntra.com/h-and-m-kids | seen=3961 | expected=6203
2026-09-30 16:03:05 | INFO    | PDP       | Processed 48 target products for H&M (Kids) in 3s (995.08 products/min). | run_id=run_20260930_154906_269231_a733d1 | brand=H&M (Kids) | saved=48 | elapsed_label=3s | products_per_minute=995.08
2026-09-30 16:03:05 | INFO    | LISTING   | Listing H&M (Kids) route https://www.myntra.com/h-and-m-kids page 93 -> https://www.myntra.com/gateway/v4/search/h-and-m-kids?rows=50&o=4600&plaEnabled=false&xdEnabled=false&isFacet=true&p=93 | run_id=run_20260930_154906_269231_a733d1 | brand=H&M (Kids) | page=93 | route=https://www.myntra.com/h-and-m-kids | seen=4009 | expected=6203
2026-09-30 16:03:08 | INFO    | PDP       | Processed 48 target products for H&M (Kids) in 3s (1003.94 products/min). | run_id=run_20260930_154906_269231_a733d1 | brand=H&M (Kids) | saved=48 | elapsed_label=3s | products_per_minute=1003.94
2026-09-30 16:03:08 | INFO    | LISTING   | Listing H&M (Kids) route https://www.myntra.com/h-and-m-kids page 94 -> https://www.myntra.com/gateway/v4/search/h-and-m-kids?rows=50&o=4650&plaEnabled=false&xdEnabled=false&isFacet=true&p=94 | run_id=run_20260930_154906_269231_a733d1 | brand=H&M (Kids) | page=94 | route=https://www.myntra.com/h-and-m-kids | seen=4057 | expected=6203
2026-09-30 16:03:12 | INFO    | PDP       | Processed 45 target products for H&M (Kids) in 3s (911.69 products/min). | run_id=run_20260930_154906_269231_a733d1 | brand=H&M (Kids) | saved=45 | elapsed_label=3s | products_per_minute=911.69
2026-09-30 16:03:12 | INFO    | LISTING   | Listing H&M (Kids) route https://www.myntra.com/h-and-m-kids page 95 -> https://www.myntra.com/gateway/v4/search/h-and-m-kids?rows=50&o=4700&plaEnabled=false&xdEnabled=false&isFacet=true&p=95 | run_id=run_20260930_154906_269231_a733d1 | brand=H&M (Kids) | page=95 | route=https://www.myntra.com/h-and-m-kids | seen=4102 | expected=6203
2026-09-30 16:03:17 | INFO    | PDP       | Processed 50 target products for H&M (Kids) in 4s (699.49 products/min). | run_id=run_20260930_154906_269231_a733d1 | brand=H&M (Kids) | saved=50 | elapsed_label=4s | products_per_minute=699.49
2026-09-30 16:03:18 | INFO    | LISTING   | Listing H&M (Kids) route https://www.myntra.com/h-and-m-kids page 96 -> https://www.myntra.com/gateway/v4/search/h-and-m-kids?rows=50&o=4750&plaEnabled=false&xdEnabled=false&isFacet=true&p=96 | run_id=run_20260930_154906_269231_a733d1 | brand=H&M (Kids) | page=96 | route=https://www.myntra.com/h-and-m-kids | seen=4152 | expected=6203
2026-09-30 16:03:21 | INFO    | PDP       | Processed 46 target products for H&M (Kids) in 3s (1045.46 products/min). | run_id=run_20260930_154906_269231_a733d1 | brand=H&M (Kids) | saved=46 | elapsed_label=3s | products_per_minute=1045.46
2026-09-30 16:03:21 | INFO    | LISTING   | Listing H&M (Kids) route https://www.myntra.com/h-and-m-kids page 97 -> https://www.myntra.com/gateway/v4/search/h-and-m-kids?rows=50&o=4800&plaEnabled=false&xdEnabled=false&isFacet=true&p=97 | run_id=run_20260930_154906_269231_a733d1 | brand=H&M (Kids) | page=97 | route=https://www.myntra.com/h-and-m-kids | seen=4198 | expected=6203
2026-09-30 16:03:24 | INFO    | PDP       | Processed 48 target products for H&M (Kids) in 3s (1116.92 products/min). | run_id=run_20260930_154906_269231_a733d1 | brand=H&M (Kids) | saved=48 | elapsed_label=3s | products_per_minute=1116.92
2026-09-30 16:03:24 | INFO    | LISTING   | Listing H&M (Kids) route https://www.myntra.com/h-and-m-kids page 98 -> https://www.myntra.com/gateway/v4/search/h-and-m-kids?rows=50&o=4850&plaEnabled=false&xdEnabled=false&isFacet=true&p=98 | run_id=run_20260930_154906_269231_a733d1 | brand=H&M (Kids) | page=98 | route=https://www.myntra.com/h-and-m-kids | seen=4246 | expected=6203
2026-09-30 16:03:28 | INFO    | PDP       | Processed 47 target products for H&M (Kids) in 3s (1037.18 products/min). | run_id=run_20260930_154906_269231_a733d1 | brand=H&M (Kids) | saved=47 | elapsed_label=3s | products_per_minute=1037.18
2026-09-30 16:03:28 | INFO    | LISTING   | Listing H&M (Kids) route https://www.myntra.com/h-and-m-kids page 99 -> https://www.myntra.com/gateway/v4/search/h-and-m-kids?rows=50&o=4900&plaEnabled=false&xdEnabled=false&isFacet=true&p=99 | run_id=run_20260930_154906_269231_a733d1 | brand=H&M (Kids) | page=99 | route=https://www.myntra.com/h-and-m-kids | seen=4293 | expected=6203
2026-09-30 16:03:31 | INFO    | PDP       | Processed 47 target products for H&M (Kids) in 2s (1136.26 products/min). | run_id=run_20260930_154906_269231_a733d1 | brand=H&M (Kids) | saved=47 | elapsed_label=2s | products_per_minute=1136.26
2026-09-30 16:03:31 | INFO    | LISTING   | Listing H&M (Kids) route https://www.myntra.com/h-and-m-kids page 100 -> https://www.myntra.com/gateway/v4/search/h-and-m-kids?rows=50&o=4950&plaEnabled=false&xdEnabled=false&isFacet=true&p=100 | run_id=run_20260930_154906_269231_a733d1 | brand=H&M (Kids) | page=100 | route=https://www.myntra.com/h-and-m-kids | seen=4340 | expected=6203
2026-09-30 16:03:34 | INFO    | PDP       | Processed 50 target products for H&M (Kids) in 2s (1201.58 products/min). | run_id=run_20260930_154906_269231_a733d1 | brand=H&M (Kids) | saved=50 | elapsed_label=2s | products_per_minute=1201.58
2026-09-30 16:03:34 | INFO    | LISTING   | Listing H&M (Kids) route https://www.myntra.com/h-and-m-kids page 101 -> https://www.myntra.com/gateway/v4/search/h-and-m-kids?rows=50&o=5000&plaEnabled=false&xdEnabled=false&isFacet=true&p=101 | run_id=run_20260930_154906_269231_a733d1 | brand=H&M (Kids) | page=101 | route=https://www.myntra.com/h-and-m-kids | seen=4390 | expected=6203
2026-09-30 16:03:37 | INFO    | PDP       | Processed 49 target products for H&M (Kids) in 3s (1069.96 products/min). | run_id=run_20260930_154906_269231_a733d1 | brand=H&M (Kids) | saved=49 | elapsed_label=3s | products_per_minute=1069.96
2026-09-30 16:03:38 | INFO    | LISTING   | Listing H&M (Kids) route https://www.myntra.com/h-and-m-kids page 102 -> https://www.myntra.com/gateway/v4/search/h-and-m-kids?rows=50&o=5050&plaEnabled=false&xdEnabled=false&isFacet=true&p=102 | run_id=run_20260930_154906_269231_a733d1 | brand=H&M (Kids) | page=102 | route=https://www.myntra.com/h-and-m-kids | seen=4439 | expected=6203
2026-09-30 16:03:41 | INFO    | PDP       | Processed 45 target products for H&M (Kids) in 3s (843.23 products/min). | run_id=run_20260930_154906_269231_a733d1 | brand=H&M (Kids) | saved=45 | elapsed_label=3s | products_per_minute=843.23
2026-09-30 16:03:42 | INFO    | LISTING   | Listing H&M (Kids) route https://www.myntra.com/h-and-m-kids page 103 -> https://www.myntra.com/gateway/v4/search/h-and-m-kids?rows=50&o=5100&plaEnabled=false&xdEnabled=false&isFacet=true&p=103 | run_id=run_20260930_154906_269231_a733d1 | brand=H&M (Kids) | page=103 | route=https://www.myntra.com/h-and-m-kids | seen=4484 | expected=6203
2026-09-30 16:03:45 | INFO    | PDP       | Processed 46 target products for H&M (Kids) in 3s (1056.26 products/min). | run_id=run_20260930_154906_269231_a733d1 | brand=H&M (Kids) | saved=46 | elapsed_label=3s | products_per_minute=1056.26
2026-09-30 16:03:45 | INFO    | LISTING   | Listing H&M (Kids) route https://www.myntra.com/h-and-m-kids page 104 -> https://www.myntra.com/gateway/v4/search/h-and-m-kids?rows=50&o=5150&plaEnabled=false&xdEnabled=false&isFacet=true&p=104 | run_id=run_20260930_154906_269231_a733d1 | brand=H&M (Kids) | page=104 | route=https://www.myntra.com/h-and-m-kids | seen=4530 | expected=6203
2026-09-30 16:03:48 | INFO    | PDP       | Processed 46 target products for H&M (Kids) in 3s (977.91 products/min). | run_id=run_20260930_154906_269231_a733d1 | brand=H&M (Kids) | saved=46 | elapsed_label=3s | products_per_minute=977.91
2026-09-30 16:03:48 | INFO    | LISTING   | Listing H&M (Kids) route https://www.myntra.com/h-and-m-kids page 105 -> https://www.myntra.com/gateway/v4/search/h-and-m-kids?rows=50&o=5200&plaEnabled=false&xdEnabled=false&isFacet=true&p=105 | run_id=run_20260930_154906_269231_a733d1 | brand=H&M (Kids) | page=105 | route=https://www.myntra.com/h-and-m-kids | seen=4576 | expected=6203
2026-09-30 16:03:52 | INFO    | PDP       | Processed 44 target products for H&M (Kids) in 3s (1008.18 products/min). | run_id=run_20260930_154906_269231_a733d1 | brand=H&M (Kids) | saved=44 | elapsed_label=3s | products_per_minute=1008.18
2026-09-30 16:03:52 | INFO    | LISTING   | Listing H&M (Kids) route https://www.myntra.com/h-and-m-kids page 106 -> https://www.myntra.com/gateway/v4/search/h-and-m-kids?rows=50&o=5250&plaEnabled=false&xdEnabled=false&isFacet=true&p=106 | run_id=run_20260930_154906_269231_a733d1 | brand=H&M (Kids) | page=106 | route=https://www.myntra.com/h-and-m-kids | seen=4620 | expected=6203
2026-09-30 16:03:55 | INFO    | PDP       | Processed 50 target products for H&M (Kids) in 3s (1008.49 products/min). | run_id=run_20260930_154906_269231_a733d1 | brand=H&M (Kids) | saved=50 | elapsed_label=3s | products_per_minute=1008.49
2026-09-30 16:03:55 | INFO    | LISTING   | Listing H&M (Kids) route https://www.myntra.com/h-and-m-kids page 107 -> https://www.myntra.com/gateway/v4/search/h-and-m-kids?rows=50&o=5300&plaEnabled=false&xdEnabled=false&isFacet=true&p=107 | run_id=run_20260930_154906_269231_a733d1 | brand=H&M (Kids) | page=107 | route=https://www.myntra.com/h-and-m-kids | seen=4670 | expected=6203
2026-09-30 16:03:59 | INFO    | PDP       | Processed 50 target products for H&M (Kids) in 3s (968.42 products/min). | run_id=run_20260930_154906_269231_a733d1 | brand=H&M (Kids) | saved=50 | elapsed_label=3s | products_per_minute=968.42
2026-09-30 16:03:59 | INFO    | LISTING   | Listing H&M (Kids) route https://www.myntra.com/h-and-m-kids page 108 -> https://www.myntra.com/gateway/v4/search/h-and-m-kids?rows=50&o=5350&plaEnabled=false&xdEnabled=false&isFacet=true&p=108 | run_id=run_20260930_154906_269231_a733d1 | brand=H&M (Kids) | page=108 | route=https://www.myntra.com/h-and-m-kids | seen=4720 | expected=6203
2026-09-30 16:04:03 | INFO    | PDP       | Processed 49 target products for H&M (Kids) in 3s (1062.55 products/min). | run_id=run_20260930_154906_269231_a733d1 | brand=H&M (Kids) | saved=49 | elapsed_label=3s | products_per_minute=1062.55
2026-09-30 16:04:03 | INFO    | LISTING   | Listing H&M (Kids) route https://www.myntra.com/h-and-m-kids page 109 -> https://www.myntra.com/gateway/v4/search/h-and-m-kids?rows=50&o=5400&plaEnabled=false&xdEnabled=false&isFacet=true&p=109 | run_id=run_20260930_154906_269231_a733d1 | brand=H&M (Kids) | page=109 | route=https://www.myntra.com/h-and-m-kids | seen=4769 | expected=6203
2026-09-30 16:04:06 | INFO    | PDP       | Processed 49 target products for H&M (Kids) in 3s (1031.26 products/min). | run_id=run_20260930_154906_269231_a733d1 | brand=H&M (Kids) | saved=49 | elapsed_label=3s | products_per_minute=1031.26
2026-09-30 16:04:06 | INFO    | LISTING   | Listing H&M (Kids) route https://www.myntra.com/h-and-m-kids page 110 -> https://www.myntra.com/gateway/v4/search/h-and-m-kids?rows=50&o=5450&plaEnabled=false&xdEnabled=false&isFacet=true&p=110 | run_id=run_20260930_154906_269231_a733d1 | brand=H&M (Kids) | page=110 | route=https://www.myntra.com/h-and-m-kids | seen=4818 | expected=6203
2026-09-30 16:04:09 | INFO    | PDP       | Processed 44 target products for H&M (Kids) in 3s (1045.66 products/min). | run_id=run_20260930_154906_269231_a733d1 | brand=H&M (Kids) | saved=44 | elapsed_label=3s | products_per_minute=1045.66
2026-09-30 16:04:09 | INFO    | LISTING   | Listing H&M (Kids) route https://www.myntra.com/h-and-m-kids page 111 -> https://www.myntra.com/gateway/v4/search/h-and-m-kids?rows=50&o=5500&plaEnabled=false&xdEnabled=false&isFacet=true&p=111 | run_id=run_20260930_154906_269231_a733d1 | brand=H&M (Kids) | page=111 | route=https://www.myntra.com/h-and-m-kids | seen=4862 | expected=6203
2026-09-30 16:04:12 | INFO    | PDP       | Processed 44 target products for H&M (Kids) in 2s (1095.14 products/min). | run_id=run_20260930_154906_269231_a733d1 | brand=H&M (Kids) | saved=44 | elapsed_label=2s | products_per_minute=1095.14
2026-09-30 16:04:13 | INFO    | LISTING   | Listing H&M (Kids) route https://www.myntra.com/h-and-m-kids page 112 -> https://www.myntra.com/gateway/v4/search/h-and-m-kids?rows=50&o=5550&plaEnabled=false&xdEnabled=false&isFacet=true&p=112 | run_id=run_20260930_154906_269231_a733d1 | brand=H&M (Kids) | page=112 | route=https://www.myntra.com/h-and-m-kids | seen=4906 | expected=6203
2026-09-30 16:04:16 | INFO    | PDP       | Processed 47 target products for H&M (Kids) in 3s (936.69 products/min). | run_id=run_20260930_154906_269231_a733d1 | brand=H&M (Kids) | saved=47 | elapsed_label=3s | products_per_minute=936.69
2026-09-30 16:04:17 | INFO    | LISTING   | Listing H&M (Kids) route https://www.myntra.com/h-and-m-kids page 113 -> https://www.myntra.com/gateway/v4/search/h-and-m-kids?rows=50&o=5600&plaEnabled=false&xdEnabled=false&isFacet=true&p=113 | run_id=run_20260930_154906_269231_a733d1 | brand=H&M (Kids) | page=113 | route=https://www.myntra.com/h-and-m-kids | seen=4953 | expected=6203
2026-09-30 16:04:20 | INFO    | PDP       | Processed 50 target products for H&M (Kids) in 3s (972.08 products/min). | run_id=run_20260930_154906_269231_a733d1 | brand=H&M (Kids) | saved=50 | elapsed_label=3s | products_per_minute=972.08
2026-09-30 16:04:20 | INFO    | LISTING   | Listing H&M (Kids) route https://www.myntra.com/h-and-m-kids page 114 -> https://www.myntra.com/gateway/v4/search/h-and-m-kids?rows=50&o=5650&plaEnabled=false&xdEnabled=false&isFacet=true&p=114 | run_id=run_20260930_154906_269231_a733d1 | brand=H&M (Kids) | page=114 | route=https://www.myntra.com/h-and-m-kids | seen=5003 | expected=6203
2026-09-30 16:04:24 | INFO    | PDP       | Processed 49 target products for H&M (Kids) in 3s (1105.11 products/min). | run_id=run_20260930_154906_269231_a733d1 | brand=H&M (Kids) | saved=49 | elapsed_label=3s | products_per_minute=1105.11
2026-09-30 16:04:24 | INFO    | LISTING   | Listing H&M (Kids) route https://www.myntra.com/h-and-m-kids page 115 -> https://www.myntra.com/gateway/v4/search/h-and-m-kids?rows=50&o=5700&plaEnabled=false&xdEnabled=false&isFacet=true&p=115 | run_id=run_20260930_154906_269231_a733d1 | brand=H&M (Kids) | page=115 | route=https://www.myntra.com/h-and-m-kids | seen=5052 | expected=6203
2026-09-30 16:04:27 | INFO    | PDP       | Processed 46 target products for H&M (Kids) in 3s (1085.67 products/min). | run_id=run_20260930_154906_269231_a733d1 | brand=H&M (Kids) | saved=46 | elapsed_label=3s | products_per_minute=1085.67
2026-09-30 16:04:27 | INFO    | LISTING   | Listing H&M (Kids) route https://www.myntra.com/h-and-m-kids page 116 -> https://www.myntra.com/gateway/v4/search/h-and-m-kids?rows=50&o=5750&plaEnabled=false&xdEnabled=false&isFacet=true&p=116 | run_id=run_20260930_154906_269231_a733d1 | brand=H&M (Kids) | page=116 | route=https://www.myntra.com/h-and-m-kids | seen=5098 | expected=6203
2026-09-30 16:04:30 | INFO    | PDP       | Processed 50 target products for H&M (Kids) in 3s (1043.85 products/min). | run_id=run_20260930_154906_269231_a733d1 | brand=H&M (Kids) | saved=50 | elapsed_label=3s | products_per_minute=1043.85
2026-09-30 16:04:31 | INFO    | LISTING   | Listing H&M (Kids) route https://www.myntra.com/h-and-m-kids page 117 -> https://www.myntra.com/gateway/v4/search/h-and-m-kids?rows=50&o=5800&plaEnabled=false&xdEnabled=false&isFacet=true&p=117 | run_id=run_20260930_154906_269231_a733d1 | brand=H&M (Kids) | page=117 | route=https://www.myntra.com/h-and-m-kids | seen=5148 | expected=6203
2026-09-30 16:04:34 | INFO    | PDP       | Processed 49 target products for H&M (Kids) in 3s (996.44 products/min). | run_id=run_20260930_154906_269231_a733d1 | brand=H&M (Kids) | saved=49 | elapsed_label=3s | products_per_minute=996.44
2026-09-30 16:04:34 | INFO    | LISTING   | Listing H&M (Kids) route https://www.myntra.com/h-and-m-kids page 118 -> https://www.myntra.com/gateway/v4/search/h-and-m-kids?rows=50&o=5850&plaEnabled=false&xdEnabled=false&isFacet=true&p=118 | run_id=run_20260930_154906_269231_a733d1 | brand=H&M (Kids) | page=118 | route=https://www.myntra.com/h-and-m-kids | seen=5197 | expected=6203
2026-09-30 16:04:37 | INFO    | PDP       | Processed 46 target products for H&M (Kids) in 2s (1149.46 products/min). | run_id=run_20260930_154906_269231_a733d1 | brand=H&M (Kids) | saved=46 | elapsed_label=2s | products_per_minute=1149.46
2026-09-30 16:04:37 | INFO    | LISTING   | Listing H&M (Kids) route https://www.myntra.com/h-and-m-kids page 119 -> https://www.myntra.com/gateway/v4/search/h-and-m-kids?rows=50&o=5900&plaEnabled=false&xdEnabled=false&isFacet=true&p=119 | run_id=run_20260930_154906_269231_a733d1 | brand=H&M (Kids) | page=119 | route=https://www.myntra.com/h-and-m-kids | seen=5243 | expected=6203
2026-09-30 16:04:40 | INFO    | PDP       | Processed 49 target products for H&M (Kids) in 2s (1234.73 products/min). | run_id=run_20260930_154906_269231_a733d1 | brand=H&M (Kids) | saved=49 | elapsed_label=2s | products_per_minute=1234.73
2026-09-30 16:04:41 | INFO    | LISTING   | Listing H&M (Kids) route https://www.myntra.com/h-and-m-kids page 120 -> https://www.myntra.com/gateway/v4/search/h-and-m-kids?rows=50&o=5950&plaEnabled=false&xdEnabled=false&isFacet=true&p=120 | run_id=run_20260930_154906_269231_a733d1 | brand=H&M (Kids) | page=120 | route=https://www.myntra.com/h-and-m-kids | seen=5292 | expected=6203
2026-09-30 16:04:43 | INFO    | PDP       | Processed 48 target products for H&M (Kids) in 2s (1310.34 products/min). | run_id=run_20260930_154906_269231_a733d1 | brand=H&M (Kids) | saved=48 | elapsed_label=2s | products_per_minute=1310.34
2026-09-30 16:04:43 | INFO    | LISTING   | Listing H&M (Kids) route https://www.myntra.com/h-and-m-kids page 121 -> https://www.myntra.com/gateway/v4/search/h-and-m-kids?rows=50&o=6000&plaEnabled=false&xdEnabled=false&isFacet=true&p=121 | run_id=run_20260930_154906_269231_a733d1 | brand=H&M (Kids) | page=121 | route=https://www.myntra.com/h-and-m-kids | seen=5340 | expected=6203
2026-09-30 16:04:47 | INFO    | PDP       | Processed 49 target products for H&M (Kids) in 3s (976.08 products/min). | run_id=run_20260930_154906_269231_a733d1 | brand=H&M (Kids) | saved=49 | elapsed_label=3s | products_per_minute=976.08
2026-09-30 16:04:47 | INFO    | LISTING   | Listing H&M (Kids) route https://www.myntra.com/h-and-m-kids page 122 -> https://www.myntra.com/gateway/v4/search/h-and-m-kids?rows=50&o=6050&plaEnabled=false&xdEnabled=false&isFacet=true&p=122 | run_id=run_20260930_154906_269231_a733d1 | brand=H&M (Kids) | page=122 | route=https://www.myntra.com/h-and-m-kids | seen=5389 | expected=6203
2026-09-30 16:04:50 | INFO    | PDP       | Processed 48 target products for H&M (Kids) in 3s (1124.59 products/min). | run_id=run_20260930_154906_269231_a733d1 | brand=H&M (Kids) | saved=48 | elapsed_label=3s | products_per_minute=1124.59
2026-09-30 16:04:50 | INFO    | LISTING   | Listing H&M (Kids) route https://www.myntra.com/h-and-m-kids page 123 -> https://www.myntra.com/gateway/v4/search/h-and-m-kids?rows=50&o=6100&plaEnabled=false&xdEnabled=false&isFacet=true&p=123 | run_id=run_20260930_154906_269231_a733d1 | brand=H&M (Kids) | page=123 | route=https://www.myntra.com/h-and-m-kids | seen=5437 | expected=6203
2026-09-30 16:04:54 | INFO    | PDP       | Processed 50 target products for H&M (Kids) in 3s (1150.5 products/min). | run_id=run_20260930_154906_269231_a733d1 | brand=H&M (Kids) | saved=50 | elapsed_label=3s | products_per_minute=1150.5
2026-09-30 16:04:54 | INFO    | LISTING   | Listing H&M (Kids) route https://www.myntra.com/h-and-m-kids page 124 -> https://www.myntra.com/gateway/v4/search/h-and-m-kids?rows=50&o=6150&plaEnabled=false&xdEnabled=false&isFacet=true&p=124 | run_id=run_20260930_154906_269231_a733d1 | brand=H&M (Kids) | page=124 | route=https://www.myntra.com/h-and-m-kids | seen=5487 | expected=6203
2026-09-30 16:04:57 | INFO    | PDP       | Processed 48 target products for H&M (Kids) in 3s (1003.09 products/min). | run_id=run_20260930_154906_269231_a733d1 | brand=H&M (Kids) | saved=48 | elapsed_label=3s | products_per_minute=1003.09
2026-09-30 16:04:57 | INFO    | LISTING   | Listing H&M (Kids) route https://www.myntra.com/h-and-m-kids page 125 -> https://www.myntra.com/gateway/v4/search/h-and-m-kids?rows=50&o=6200&plaEnabled=false&xdEnabled=false&isFacet=true&p=125 | run_id=run_20260930_154906_269231_a733d1 | brand=H&M (Kids) | page=125 | route=https://www.myntra.com/h-and-m-kids | seen=5535 | expected=6203
2026-09-30 16:05:01 | INFO    | PDP       | Processed 49 target products for H&M (Kids) in 3s (1089.04 products/min). | run_id=run_20260930_154906_269231_a733d1 | brand=H&M (Kids) | saved=49 | elapsed_label=3s | products_per_minute=1089.04
2026-09-30 16:05:01 | WARNING | LISTING   | Retrying route https://www.myntra.com/h-and-m-kids for H&M (Kids) (pass 1/2) after incomplete coverage: 5584/6203 unique products seen. | run_id=run_20260930_154906_269231_a733d1 | brand=H&M (Kids) | route=https://www.myntra.com/h-and-m-kids | seen=5584 | expected=6203 | attempt=1/2
2026-09-30 16:05:01 | INFO    | LISTING   | Listing H&M (Kids) route https://www.myntra.com/h-and-m-kids page 1 -> https://www.myntra.com/gateway/v4/search/h-and-m-kids?rows=50&o=0&plaEnabled=false&xdEnabled=false&isFacet=true&p=1 | run_id=run_20260930_154906_269231_a733d1 | brand=H&M (Kids) | page=1 | route=https://www.myntra.com/h-and-m-kids | seen=5584 | expected=6203
2026-09-30 16:05:02 | INFO    | LISTING   | Listing H&M (Kids) route https://www.myntra.com/h-and-m-kids page 2 -> https://www.myntra.com/gateway/v4/search/h-and-m-kids?rows=50&o=50&plaEnabled=false&xdEnabled=false&isFacet=true&p=2 | run_id=run_20260930_154906_269231_a733d1 | brand=H&M (Kids) | page=2 | route=https://www.myntra.com/h-and-m-kids | seen=5584 | expected=6203
2026-09-30 16:05:03 | INFO    | LISTING   | Listing H&M (Kids) route https://www.myntra.com/h-and-m-kids page 3 -> https://www.myntra.com/gateway/v4/search/h-and-m-kids?rows=50&o=100&plaEnabled=false&xdEnabled=false&isFacet=true&p=3 | run_id=run_20260930_154906_269231_a733d1 | brand=H&M (Kids) | page=3 | route=https://www.myntra.com/h-and-m-kids | seen=5584 | expected=6203
2026-09-30 16:05:04 | WARNING | LISTING   | Route https://www.myntra.com/h-and-m-kids for H&M (Kids) stalled for 3 consecutive pages before reaching expected total; restarting route pass. | run_id=run_20260930_154906_269231_a733d1 | brand=H&M (Kids) | page=3 | route=https://www.myntra.com/h-and-m-kids | seen=5584 | expected=6203
2026-09-30 16:05:04 | WARNING | LISTING   | Retrying route https://www.myntra.com/h-and-m-kids for H&M (Kids) (pass 2/2) after incomplete coverage: 5584/6203 unique products seen. | run_id=run_20260930_154906_269231_a733d1 | brand=H&M (Kids) | route=https://www.myntra.com/h-and-m-kids | seen=5584 | expected=6203 | attempt=2/2
2026-09-30 16:05:04 | INFO    | LISTING   | Listing H&M (Kids) route https://www.myntra.com/h-and-m-kids page 1 -> https://www.myntra.com/gateway/v4/search/h-and-m-kids?rows=50&o=0&plaEnabled=false&xdEnabled=false&isFacet=true&p=1 | run_id=run_20260930_154906_269231_a733d1 | brand=H&M (Kids) | page=1 | route=https://www.myntra.com/h-and-m-kids | seen=5584 | expected=6203
2026-09-30 16:05:05 | INFO    | LISTING   | Listing H&M (Kids) route https://www.myntra.com/h-and-m-kids page 2 -> https://www.myntra.com/gateway/v4/search/h-and-m-kids?rows=50&o=50&plaEnabled=false&xdEnabled=false&isFacet=true&p=2 | run_id=run_20260930_154906_269231_a733d1 | brand=H&M (Kids) | page=2 | route=https://www.myntra.com/h-and-m-kids | seen=5584 | expected=6203
2026-09-30 16:05:05 | INFO    | LISTING   | Listing H&M (Kids) route https://www.myntra.com/h-and-m-kids page 3 -> https://www.myntra.com/gateway/v4/search/h-and-m-kids?rows=50&o=100&plaEnabled=false&xdEnabled=false&isFacet=true&p=3 | run_id=run_20260930_154906_269231_a733d1 | brand=H&M (Kids) | page=3 | route=https://www.myntra.com/h-and-m-kids | seen=5584 | expected=6203
2026-09-30 16:05:06 | WARNING | LISTING   | Route https://www.myntra.com/h-and-m-kids for H&M (Kids) stalled for 3 consecutive pages before reaching expected total; restarting route pass. | run_id=run_20260930_154906_269231_a733d1 | brand=H&M (Kids) | page=3 | route=https://www.myntra.com/h-and-m-kids | seen=5584 | expected=6203
2026-09-30 16:05:06 | INFO    | BRAND     | Skipping redundant route https://www.myntra.com/kids-hm for H&M (Kids) (100% of first page already captured). | run_id=run_20260930_154906_269231_a733d1 | brand=H&M (Kids) | route=https://www.myntra.com/kids-hm
2026-09-30 16:05:06 | WARNING | BRAND     | Brand H&M (Kids) finished below expected count: saw 5584 unique shirts products vs expected 6202. | run_id=run_20260930_154906_269231_a733d1 | brand=H&M (Kids) | seen=5584 | expected=6202
2026-09-30 16:05:06 | INFO    | BRAND     | Brand scrape completed in 7m 37s (733.08 products/min). | run_id=run_20260930_154906_269231_a733d1 | brand=H&M (Kids) | status=COMPLETED | saved=5584 | seen=5584 | expected=6202 | elapsed_label=7m 37s | products_per_minute=733.08
2026-09-30 16:05:06 | INFO    | BRAND     | Resolving brand routes. | run_id=run_20260930_154906_269231_a733d1 | brand=Next
2026-09-30 16:05:07 | INFO    | BRAND     | Resolved Next -> 2 routes (best brand total=2318): https://www.myntra.com/next-kids, https://www.myntra.com/next?f=Gender%3Aboys%2Cboys%20girls%2Cgirls | run_id=run_20260930_154906_269231_a733d1 | brand=Next | expected=2318
2026-09-30 16:05:07 | INFO    | BRAND     | Starting brand scrape. | run_id=run_20260930_154906_269231_a733d1 | brand=Next | expected=2318
2026-09-30 16:05:07 | INFO    | LISTING   | Listing Next route https://www.myntra.com/next-kids page 1 -> https://www.myntra.com/gateway/v4/search/next-kids?rows=50&o=0&plaEnabled=false&xdEnabled=false&isFacet=true&p=1 | run_id=run_20260930_154906_269231_a733d1 | brand=Next | page=1 | route=https://www.myntra.com/next-kids | seen=0 | expected=2318
2026-09-30 16:05:11 | INFO    | PDP       | Processed 49 target products for Next in 3s (907.39 products/min). | run_id=run_20260930_154906_269231_a733d1 | brand=Next | saved=49 | elapsed_label=3s | products_per_minute=907.39
2026-09-30 16:05:11 | INFO    | LISTING   | Listing Next route https://www.myntra.com/next-kids page 2 -> https://www.myntra.com/gateway/v4/search/next-kids?rows=50&o=50&plaEnabled=false&xdEnabled=false&isFacet=true&p=2 | run_id=run_20260930_154906_269231_a733d1 | brand=Next | page=2 | route=https://www.myntra.com/next-kids | seen=49 | expected=2318
2026-09-30 16:05:15 | INFO    | PDP       | Processed 50 target products for Next in 3s (1143.63 products/min). | run_id=run_20260930_154906_269231_a733d1 | brand=Next | saved=50 | elapsed_label=3s | products_per_minute=1143.63
2026-09-30 16:05:15 | INFO    | LISTING   | Listing Next route https://www.myntra.com/next-kids page 3 -> https://www.myntra.com/gateway/v4/search/next-kids?rows=50&o=100&plaEnabled=false&xdEnabled=false&isFacet=true&p=3 | run_id=run_20260930_154906_269231_a733d1 | brand=Next | page=3 | route=https://www.myntra.com/next-kids | seen=99 | expected=2318
2026-09-30 16:05:18 | INFO    | PDP       | Processed 49 target products for Next in 3s (1164.19 products/min). | run_id=run_20260930_154906_269231_a733d1 | brand=Next | saved=49 | elapsed_label=3s | products_per_minute=1164.19
2026-09-30 16:05:18 | INFO    | LISTING   | Listing Next route https://www.myntra.com/next-kids page 4 -> https://www.myntra.com/gateway/v4/search/next-kids?rows=50&o=150&plaEnabled=false&xdEnabled=false&isFacet=true&p=4 | run_id=run_20260930_154906_269231_a733d1 | brand=Next | page=4 | route=https://www.myntra.com/next-kids | seen=148 | expected=2318
2026-09-30 16:05:22 | INFO    | PDP       | Processed 50 target products for Next in 3s (974.35 products/min). | run_id=run_20260930_154906_269231_a733d1 | brand=Next | saved=50 | elapsed_label=3s | products_per_minute=974.35
2026-09-30 16:05:22 | INFO    | LISTING   | Listing Next route https://www.myntra.com/next-kids page 5 -> https://www.myntra.com/gateway/v4/search/next-kids?rows=50&o=200&plaEnabled=false&xdEnabled=false&isFacet=true&p=5 | run_id=run_20260930_154906_269231_a733d1 | brand=Next | page=5 | route=https://www.myntra.com/next-kids | seen=198 | expected=2318
2026-09-30 16:05:25 | INFO    | PDP       | Processed 50 target products for Next in 3s (1108.45 products/min). | run_id=run_20260930_154906_269231_a733d1 | brand=Next | saved=50 | elapsed_label=3s | products_per_minute=1108.45
2026-09-30 16:05:25 | INFO    | LISTING   | Listing Next route https://www.myntra.com/next-kids page 6 -> https://www.myntra.com/gateway/v4/search/next-kids?rows=50&o=250&plaEnabled=false&xdEnabled=false&isFacet=true&p=6 | run_id=run_20260930_154906_269231_a733d1 | brand=Next | page=6 | route=https://www.myntra.com/next-kids | seen=248 | expected=2318
2026-09-30 16:05:28 | INFO    | PDP       | Processed 50 target products for Next in 3s (1191.29 products/min). | run_id=run_20260930_154906_269231_a733d1 | brand=Next | saved=50 | elapsed_label=3s | products_per_minute=1191.29
2026-09-30 16:05:29 | INFO    | LISTING   | Listing Next route https://www.myntra.com/next-kids page 7 -> https://www.myntra.com/gateway/v4/search/next-kids?rows=50&o=300&plaEnabled=false&xdEnabled=false&isFacet=true&p=7 | run_id=run_20260930_154906_269231_a733d1 | brand=Next | page=7 | route=https://www.myntra.com/next-kids | seen=298 | expected=2318
2026-09-30 16:05:32 | INFO    | PDP       | Processed 50 target products for Next in 3s (952.5 products/min). | run_id=run_20260930_154906_269231_a733d1 | brand=Next | saved=50 | elapsed_label=3s | products_per_minute=952.5
2026-09-30 16:05:33 | INFO    | LISTING   | Listing Next route https://www.myntra.com/next-kids page 8 -> https://www.myntra.com/gateway/v4/search/next-kids?rows=50&o=350&plaEnabled=false&xdEnabled=false&isFacet=true&p=8 | run_id=run_20260930_154906_269231_a733d1 | brand=Next | page=8 | route=https://www.myntra.com/next-kids | seen=348 | expected=2318
2026-09-30 16:05:36 | INFO    | PDP       | Processed 50 target products for Next in 2s (1211.34 products/min). | run_id=run_20260930_154906_269231_a733d1 | brand=Next | saved=50 | elapsed_label=2s | products_per_minute=1211.34
2026-09-30 16:05:36 | INFO    | LISTING   | Listing Next route https://www.myntra.com/next-kids page 9 -> https://www.myntra.com/gateway/v4/search/next-kids?rows=50&o=400&plaEnabled=false&xdEnabled=false&isFacet=true&p=9 | run_id=run_20260930_154906_269231_a733d1 | brand=Next | page=9 | route=https://www.myntra.com/next-kids | seen=398 | expected=2318
2026-09-30 16:05:39 | INFO    | PDP       | Processed 50 target products for Next in 3s (1080.19 products/min). | run_id=run_20260930_154906_269231_a733d1 | brand=Next | saved=50 | elapsed_label=3s | products_per_minute=1080.19
2026-09-30 16:05:39 | INFO    | LISTING   | Listing Next route https://www.myntra.com/next-kids page 10 -> https://www.myntra.com/gateway/v4/search/next-kids?rows=50&o=450&plaEnabled=false&xdEnabled=false&isFacet=true&p=10 | run_id=run_20260930_154906_269231_a733d1 | brand=Next | page=10 | route=https://www.myntra.com/next-kids | seen=448 | expected=2318
2026-09-30 16:05:43 | INFO    | PDP       | Processed 50 target products for Next in 3s (1159.43 products/min). | run_id=run_20260930_154906_269231_a733d1 | brand=Next | saved=50 | elapsed_label=3s | products_per_minute=1159.43
2026-09-30 16:05:43 | INFO    | LISTING   | Listing Next route https://www.myntra.com/next-kids page 11 -> https://www.myntra.com/gateway/v4/search/next-kids?rows=50&o=500&plaEnabled=false&xdEnabled=false&isFacet=true&p=11 | run_id=run_20260930_154906_269231_a733d1 | brand=Next | page=11 | route=https://www.myntra.com/next-kids | seen=498 | expected=2318
2026-09-30 16:05:46 | INFO    | PDP       | Processed 50 target products for Next in 3s (1174.73 products/min). | run_id=run_20260930_154906_269231_a733d1 | brand=Next | saved=50 | elapsed_label=3s | products_per_minute=1174.73
2026-09-30 16:05:46 | INFO    | LISTING   | Listing Next route https://www.myntra.com/next-kids page 12 -> https://www.myntra.com/gateway/v4/search/next-kids?rows=50&o=550&plaEnabled=false&xdEnabled=false&isFacet=true&p=12 | run_id=run_20260930_154906_269231_a733d1 | brand=Next | page=12 | route=https://www.myntra.com/next-kids | seen=548 | expected=2318
2026-09-30 16:05:49 | INFO    | PDP       | Processed 50 target products for Next in 3s (1173.98 products/min). | run_id=run_20260930_154906_269231_a733d1 | brand=Next | saved=50 | elapsed_label=3s | products_per_minute=1173.98
2026-09-30 16:05:50 | INFO    | LISTING   | Listing Next route https://www.myntra.com/next-kids page 13 -> https://www.myntra.com/gateway/v4/search/next-kids?rows=50&o=600&plaEnabled=false&xdEnabled=false&isFacet=true&p=13 | run_id=run_20260930_154906_269231_a733d1 | brand=Next | page=13 | route=https://www.myntra.com/next-kids | seen=598 | expected=2318
2026-09-30 16:05:53 | INFO    | PDP       | Processed 46 target products for Next in 3s (1046.83 products/min). | run_id=run_20260930_154906_269231_a733d1 | brand=Next | saved=46 | elapsed_label=3s | products_per_minute=1046.83
2026-09-30 16:05:53 | INFO    | LISTING   | Listing Next route https://www.myntra.com/next-kids page 14 -> https://www.myntra.com/gateway/v4/search/next-kids?rows=50&o=650&plaEnabled=false&xdEnabled=false&isFacet=true&p=14 | run_id=run_20260930_154906_269231_a733d1 | brand=Next | page=14 | route=https://www.myntra.com/next-kids | seen=644 | expected=2318
2026-09-30 16:05:56 | INFO    | PDP       | Processed 46 target products for Next in 2s (1275.4 products/min). | run_id=run_20260930_154906_269231_a733d1 | brand=Next | saved=46 | elapsed_label=2s | products_per_minute=1275.4
2026-09-30 16:05:56 | INFO    | LISTING   | Listing Next route https://www.myntra.com/next-kids page 15 -> https://www.myntra.com/gateway/v4/search/next-kids?rows=50&o=700&plaEnabled=false&xdEnabled=false&isFacet=true&p=15 | run_id=run_20260930_154906_269231_a733d1 | brand=Next | page=15 | route=https://www.myntra.com/next-kids | seen=690 | expected=2318
2026-09-30 16:05:59 | INFO    | PDP       | Processed 48 target products for Next in 2s (1174.58 products/min). | run_id=run_20260930_154906_269231_a733d1 | brand=Next | saved=48 | elapsed_label=2s | products_per_minute=1174.58
2026-09-30 16:05:59 | INFO    | LISTING   | Listing Next route https://www.myntra.com/next-kids page 16 -> https://www.myntra.com/gateway/v4/search/next-kids?rows=50&o=750&plaEnabled=false&xdEnabled=false&isFacet=true&p=16 | run_id=run_20260930_154906_269231_a733d1 | brand=Next | page=16 | route=https://www.myntra.com/next-kids | seen=738 | expected=2318
2026-09-30 16:06:02 | INFO    | PDP       | Processed 50 target products for Next in 3s (1124.94 products/min). | run_id=run_20260930_154906_269231_a733d1 | brand=Next | saved=50 | elapsed_label=3s | products_per_minute=1124.94
2026-09-30 16:06:02 | INFO    | LISTING   | Listing Next route https://www.myntra.com/next-kids page 17 -> https://www.myntra.com/gateway/v4/search/next-kids?rows=50&o=800&plaEnabled=false&xdEnabled=false&isFacet=true&p=17 | run_id=run_20260930_154906_269231_a733d1 | brand=Next | page=17 | route=https://www.myntra.com/next-kids | seen=788 | expected=2318
2026-09-30 16:06:06 | INFO    | PDP       | Processed 50 target products for Next in 3s (991.47 products/min). | run_id=run_20260930_154906_269231_a733d1 | brand=Next | saved=50 | elapsed_label=3s | products_per_minute=991.47
2026-09-30 16:06:06 | INFO    | LISTING   | Listing Next route https://www.myntra.com/next-kids page 18 -> https://www.myntra.com/gateway/v4/search/next-kids?rows=50&o=850&plaEnabled=false&xdEnabled=false&isFacet=true&p=18 | run_id=run_20260930_154906_269231_a733d1 | brand=Next | page=18 | route=https://www.myntra.com/next-kids | seen=838 | expected=2318
2026-09-30 16:06:10 | INFO    | PDP       | Processed 50 target products for Next in 3s (1003.33 products/min). | run_id=run_20260930_154906_269231_a733d1 | brand=Next | saved=50 | elapsed_label=3s | products_per_minute=1003.33
2026-09-30 16:06:10 | INFO    | LISTING   | Listing Next route https://www.myntra.com/next-kids page 19 -> https://www.myntra.com/gateway/v4/search/next-kids?rows=50&o=900&plaEnabled=false&xdEnabled=false&isFacet=true&p=19 | run_id=run_20260930_154906_269231_a733d1 | brand=Next | page=19 | route=https://www.myntra.com/next-kids | seen=888 | expected=2318
2026-09-30 16:06:13 | INFO    | PDP       | Processed 50 target products for Next in 3s (1181.99 products/min). | run_id=run_20260930_154906_269231_a733d1 | brand=Next | saved=50 | elapsed_label=3s | products_per_minute=1181.99
2026-09-30 16:06:13 | INFO    | LISTING   | Listing Next route https://www.myntra.com/next-kids page 20 -> https://www.myntra.com/gateway/v4/search/next-kids?rows=50&o=950&plaEnabled=false&xdEnabled=false&isFacet=true&p=20 | run_id=run_20260930_154906_269231_a733d1 | brand=Next | page=20 | route=https://www.myntra.com/next-kids | seen=938 | expected=2318
2026-09-30 16:06:17 | INFO    | PDP       | Processed 50 target products for Next in 3s (1062.92 products/min). | run_id=run_20260930_154906_269231_a733d1 | brand=Next | saved=50 | elapsed_label=3s | products_per_minute=1062.92
2026-09-30 16:06:17 | INFO    | LISTING   | Listing Next route https://www.myntra.com/next-kids page 21 -> https://www.myntra.com/gateway/v4/search/next-kids?rows=50&o=1000&plaEnabled=false&xdEnabled=false&isFacet=true&p=21 | run_id=run_20260930_154906_269231_a733d1 | brand=Next | page=21 | route=https://www.myntra.com/next-kids | seen=988 | expected=2318
2026-09-30 16:06:21 | INFO    | PDP       | Processed 50 target products for Next in 3s (1029.3 products/min). | run_id=run_20260930_154906_269231_a733d1 | brand=Next | saved=50 | elapsed_label=3s | products_per_minute=1029.3
2026-09-30 16:06:21 | INFO    | LISTING   | Listing Next route https://www.myntra.com/next-kids page 22 -> https://www.myntra.com/gateway/v4/search/next-kids?rows=50&o=1050&plaEnabled=false&xdEnabled=false&isFacet=true&p=22 | run_id=run_20260930_154906_269231_a733d1 | brand=Next | page=22 | route=https://www.myntra.com/next-kids | seen=1038 | expected=2318
2026-09-30 16:06:24 | INFO    | PDP       | Processed 50 target products for Next in 3s (1064.36 products/min). | run_id=run_20260930_154906_269231_a733d1 | brand=Next | saved=50 | elapsed_label=3s | products_per_minute=1064.36
2026-09-30 16:06:24 | INFO    | LISTING   | Listing Next route https://www.myntra.com/next-kids page 23 -> https://www.myntra.com/gateway/v4/search/next-kids?rows=50&o=1100&plaEnabled=false&xdEnabled=false&isFacet=true&p=23 | run_id=run_20260930_154906_269231_a733d1 | brand=Next | page=23 | route=https://www.myntra.com/next-kids | seen=1088 | expected=2318
2026-09-30 16:06:28 | INFO    | PDP       | Processed 50 target products for Next in 3s (1112.26 products/min). | run_id=run_20260930_154906_269231_a733d1 | brand=Next | saved=50 | elapsed_label=3s | products_per_minute=1112.26
2026-09-30 16:06:28 | INFO    | LISTING   | Listing Next route https://www.myntra.com/next-kids page 24 -> https://www.myntra.com/gateway/v4/search/next-kids?rows=50&o=1150&plaEnabled=false&xdEnabled=false&isFacet=true&p=24 | run_id=run_20260930_154906_269231_a733d1 | brand=Next | page=24 | route=https://www.myntra.com/next-kids | seen=1138 | expected=2318
2026-09-30 16:06:31 | INFO    | PDP       | Processed 50 target products for Next in 3s (1176.83 products/min). | run_id=run_20260930_154906_269231_a733d1 | brand=Next | saved=50 | elapsed_label=3s | products_per_minute=1176.83
2026-09-30 16:06:31 | INFO    | LISTING   | Listing Next route https://www.myntra.com/next-kids page 25 -> https://www.myntra.com/gateway/v4/search/next-kids?rows=50&o=1200&plaEnabled=false&xdEnabled=false&isFacet=true&p=25 | run_id=run_20260930_154906_269231_a733d1 | brand=Next | page=25 | route=https://www.myntra.com/next-kids | seen=1188 | expected=2318
2026-09-30 16:06:35 | INFO    | PDP       | Processed 49 target products for Next in 3s (1065.17 products/min). | run_id=run_20260930_154906_269231_a733d1 | brand=Next | saved=49 | elapsed_label=3s | products_per_minute=1065.17
2026-09-30 16:06:35 | INFO    | LISTING   | Listing Next route https://www.myntra.com/next-kids page 26 -> https://www.myntra.com/gateway/v4/search/next-kids?rows=50&o=1250&plaEnabled=false&xdEnabled=false&isFacet=true&p=26 | run_id=run_20260930_154906_269231_a733d1 | brand=Next | page=26 | route=https://www.myntra.com/next-kids | seen=1237 | expected=2318
2026-09-30 16:06:38 | INFO    | PDP       | Processed 47 target products for Next in 3s (1046.88 products/min). | run_id=run_20260930_154906_269231_a733d1 | brand=Next | saved=47 | elapsed_label=3s | products_per_minute=1046.88
2026-09-30 16:06:38 | INFO    | LISTING   | Listing Next route https://www.myntra.com/next-kids page 27 -> https://www.myntra.com/gateway/v4/search/next-kids?rows=50&o=1300&plaEnabled=false&xdEnabled=false&isFacet=true&p=27 | run_id=run_20260930_154906_269231_a733d1 | brand=Next | page=27 | route=https://www.myntra.com/next-kids | seen=1284 | expected=2318
2026-09-30 16:06:42 | INFO    | PDP       | Processed 48 target products for Next in 3s (954.68 products/min). | run_id=run_20260930_154906_269231_a733d1 | brand=Next | saved=48 | elapsed_label=3s | products_per_minute=954.68
2026-09-30 16:06:42 | INFO    | LISTING   | Listing Next route https://www.myntra.com/next-kids page 28 -> https://www.myntra.com/gateway/v4/search/next-kids?rows=50&o=1350&plaEnabled=false&xdEnabled=false&isFacet=true&p=28 | run_id=run_20260930_154906_269231_a733d1 | brand=Next | page=28 | route=https://www.myntra.com/next-kids | seen=1332 | expected=2318
2026-09-30 16:06:46 | INFO    | PDP       | Processed 46 target products for Next in 3s (973.29 products/min). | run_id=run_20260930_154906_269231_a733d1 | brand=Next | saved=46 | elapsed_label=3s | products_per_minute=973.29
2026-09-30 16:06:46 | INFO    | LISTING   | Listing Next route https://www.myntra.com/next-kids page 29 -> https://www.myntra.com/gateway/v4/search/next-kids?rows=50&o=1400&plaEnabled=false&xdEnabled=false&isFacet=true&p=29 | run_id=run_20260930_154906_269231_a733d1 | brand=Next | page=29 | route=https://www.myntra.com/next-kids | seen=1378 | expected=2318
2026-09-30 16:06:49 | INFO    | PDP       | Processed 42 target products for Next in 2s (1099.89 products/min). | run_id=run_20260930_154906_269231_a733d1 | brand=Next | saved=42 | elapsed_label=2s | products_per_minute=1099.89
2026-09-30 16:06:49 | INFO    | LISTING   | Listing Next route https://www.myntra.com/next-kids page 30 -> https://www.myntra.com/gateway/v4/search/next-kids?rows=50&o=1450&plaEnabled=false&xdEnabled=false&isFacet=true&p=30 | run_id=run_20260930_154906_269231_a733d1 | brand=Next | page=30 | route=https://www.myntra.com/next-kids | seen=1420 | expected=2318
2026-09-30 16:06:52 | INFO    | PDP       | Processed 42 target products for Next in 3s (939.59 products/min). | run_id=run_20260930_154906_269231_a733d1 | brand=Next | saved=42 | elapsed_label=3s | products_per_minute=939.59
2026-09-30 16:06:52 | INFO    | LISTING   | Listing Next route https://www.myntra.com/next-kids page 31 -> https://www.myntra.com/gateway/v4/search/next-kids?rows=50&o=1500&plaEnabled=false&xdEnabled=false&isFacet=true&p=31 | run_id=run_20260930_154906_269231_a733d1 | brand=Next | page=31 | route=https://www.myntra.com/next-kids | seen=1462 | expected=2318
2026-09-30 16:06:57 | INFO    | PDP       | Processed 50 target products for Next in 3s (895.49 products/min). | run_id=run_20260930_154906_269231_a733d1 | brand=Next | saved=50 | elapsed_label=3s | products_per_minute=895.49
2026-09-30 16:06:57 | INFO    | LISTING   | Listing Next route https://www.myntra.com/next-kids page 32 -> https://www.myntra.com/gateway/v4/search/next-kids?rows=50&o=1550&plaEnabled=false&xdEnabled=false&isFacet=true&p=32 | run_id=run_20260930_154906_269231_a733d1 | brand=Next | page=32 | route=https://www.myntra.com/next-kids | seen=1512 | expected=2318
2026-09-30 16:07:00 | INFO    | PDP       | Processed 50 target products for Next in 3s (1091.29 products/min). | run_id=run_20260930_154906_269231_a733d1 | brand=Next | saved=50 | elapsed_label=3s | products_per_minute=1091.29
2026-09-30 16:07:00 | INFO    | LISTING   | Listing Next route https://www.myntra.com/next-kids page 33 -> https://www.myntra.com/gateway/v4/search/next-kids?rows=50&o=1600&plaEnabled=false&xdEnabled=false&isFacet=true&p=33 | run_id=run_20260930_154906_269231_a733d1 | brand=Next | page=33 | route=https://www.myntra.com/next-kids | seen=1562 | expected=2318
2026-09-30 16:07:04 | INFO    | PDP       | Processed 50 target products for Next in 3s (1005.17 products/min). | run_id=run_20260930_154906_269231_a733d1 | brand=Next | saved=50 | elapsed_label=3s | products_per_minute=1005.17
2026-09-30 16:07:04 | INFO    | LISTING   | Listing Next route https://www.myntra.com/next-kids page 34 -> https://www.myntra.com/gateway/v4/search/next-kids?rows=50&o=1650&plaEnabled=false&xdEnabled=false&isFacet=true&p=34 | run_id=run_20260930_154906_269231_a733d1 | brand=Next | page=34 | route=https://www.myntra.com/next-kids | seen=1612 | expected=2318
2026-09-30 16:07:08 | INFO    | PDP       | Processed 50 target products for Next in 3s (990.45 products/min). | run_id=run_20260930_154906_269231_a733d1 | brand=Next | saved=50 | elapsed_label=3s | products_per_minute=990.45
2026-09-30 16:07:08 | INFO    | LISTING   | Listing Next route https://www.myntra.com/next-kids page 35 -> https://www.myntra.com/gateway/v4/search/next-kids?rows=50&o=1700&plaEnabled=false&xdEnabled=false&isFacet=true&p=35 | run_id=run_20260930_154906_269231_a733d1 | brand=Next | page=35 | route=https://www.myntra.com/next-kids | seen=1662 | expected=2318
2026-09-30 16:07:11 | INFO    | PDP       | Processed 50 target products for Next in 3s (1110.61 products/min). | run_id=run_20260930_154906_269231_a733d1 | brand=Next | saved=50 | elapsed_label=3s | products_per_minute=1110.61
2026-09-30 16:07:12 | INFO    | LISTING   | Listing Next route https://www.myntra.com/next-kids page 36 -> https://www.myntra.com/gateway/v4/search/next-kids?rows=50&o=1750&plaEnabled=false&xdEnabled=false&isFacet=true&p=36 | run_id=run_20260930_154906_269231_a733d1 | brand=Next | page=36 | route=https://www.myntra.com/next-kids | seen=1712 | expected=2318
2026-09-30 16:07:15 | INFO    | PDP       | Processed 50 target products for Next in 2s (1201.83 products/min). | run_id=run_20260930_154906_269231_a733d1 | brand=Next | saved=50 | elapsed_label=2s | products_per_minute=1201.83
2026-09-30 16:07:15 | INFO    | LISTING   | Listing Next route https://www.myntra.com/next-kids page 37 -> https://www.myntra.com/gateway/v4/search/next-kids?rows=50&o=1800&plaEnabled=false&xdEnabled=false&isFacet=true&p=37 | run_id=run_20260930_154906_269231_a733d1 | brand=Next | page=37 | route=https://www.myntra.com/next-kids | seen=1762 | expected=2318
2026-09-30 16:07:19 | INFO    | PDP       | Processed 50 target products for Next in 3s (954.18 products/min). | run_id=run_20260930_154906_269231_a733d1 | brand=Next | saved=50 | elapsed_label=3s | products_per_minute=954.18
2026-09-30 16:07:19 | INFO    | LISTING   | Listing Next route https://www.myntra.com/next-kids page 38 -> https://www.myntra.com/gateway/v4/search/next-kids?rows=50&o=1850&plaEnabled=false&xdEnabled=false&isFacet=true&p=38 | run_id=run_20260930_154906_269231_a733d1 | brand=Next | page=38 | route=https://www.myntra.com/next-kids | seen=1812 | expected=2318
2026-09-30 16:07:22 | INFO    | PDP       | Processed 48 target products for Next in 3s (1067.53 products/min). | run_id=run_20260930_154906_269231_a733d1 | brand=Next | saved=48 | elapsed_label=3s | products_per_minute=1067.53
2026-09-30 16:07:22 | INFO    | LISTING   | Listing Next route https://www.myntra.com/next-kids page 39 -> https://www.myntra.com/gateway/v4/search/next-kids?rows=50&o=1900&plaEnabled=false&xdEnabled=false&isFacet=true&p=39 | run_id=run_20260930_154906_269231_a733d1 | brand=Next | page=39 | route=https://www.myntra.com/next-kids | seen=1860 | expected=2318
2026-09-30 16:07:26 | INFO    | PDP       | Processed 50 target products for Next in 3s (1105.27 products/min). | run_id=run_20260930_154906_269231_a733d1 | brand=Next | saved=50 | elapsed_label=3s | products_per_minute=1105.27
2026-09-30 16:07:26 | INFO    | LISTING   | Listing Next route https://www.myntra.com/next-kids page 40 -> https://www.myntra.com/gateway/v4/search/next-kids?rows=50&o=1950&plaEnabled=false&xdEnabled=false&isFacet=true&p=40 | run_id=run_20260930_154906_269231_a733d1 | brand=Next | page=40 | route=https://www.myntra.com/next-kids | seen=1910 | expected=2318
2026-09-30 16:07:30 | INFO    | PDP       | Processed 50 target products for Next in 3s (976.17 products/min). | run_id=run_20260930_154906_269231_a733d1 | brand=Next | saved=50 | elapsed_label=3s | products_per_minute=976.17
2026-09-30 16:07:30 | INFO    | LISTING   | Listing Next route https://www.myntra.com/next-kids page 41 -> https://www.myntra.com/gateway/v4/search/next-kids?rows=50&o=2000&plaEnabled=false&xdEnabled=false&isFacet=true&p=41 | run_id=run_20260930_154906_269231_a733d1 | brand=Next | page=41 | route=https://www.myntra.com/next-kids | seen=1960 | expected=2318
2026-09-30 16:07:33 | INFO    | PDP       | Processed 49 target products for Next in 3s (1060.11 products/min). | run_id=run_20260930_154906_269231_a733d1 | brand=Next | saved=49 | elapsed_label=3s | products_per_minute=1060.11
2026-09-30 16:07:33 | INFO    | LISTING   | Listing Next route https://www.myntra.com/next-kids page 42 -> https://www.myntra.com/gateway/v4/search/next-kids?rows=50&o=2050&plaEnabled=false&xdEnabled=false&isFacet=true&p=42 | run_id=run_20260930_154906_269231_a733d1 | brand=Next | page=42 | route=https://www.myntra.com/next-kids | seen=2009 | expected=2318
2026-09-30 16:07:36 | INFO    | PDP       | Processed 49 target products for Next in 3s (1125.98 products/min). | run_id=run_20260930_154906_269231_a733d1 | brand=Next | saved=49 | elapsed_label=3s | products_per_minute=1125.98
2026-09-30 16:07:37 | INFO    | LISTING   | Listing Next route https://www.myntra.com/next-kids page 43 -> https://www.myntra.com/gateway/v4/search/next-kids?rows=50&o=2100&plaEnabled=false&xdEnabled=false&isFacet=true&p=43 | run_id=run_20260930_154906_269231_a733d1 | brand=Next | page=43 | route=https://www.myntra.com/next-kids | seen=2058 | expected=2318
2026-09-30 16:07:40 | INFO    | PDP       | Processed 49 target products for Next in 3s (1059.28 products/min). | run_id=run_20260930_154906_269231_a733d1 | brand=Next | saved=49 | elapsed_label=3s | products_per_minute=1059.28
2026-09-30 16:07:40 | INFO    | LISTING   | Listing Next route https://www.myntra.com/next-kids page 44 -> https://www.myntra.com/gateway/v4/search/next-kids?rows=50&o=2150&plaEnabled=false&xdEnabled=false&isFacet=true&p=44 | run_id=run_20260930_154906_269231_a733d1 | brand=Next | page=44 | route=https://www.myntra.com/next-kids | seen=2107 | expected=2318
2026-09-30 16:07:44 | INFO    | PDP       | Processed 50 target products for Next in 3s (980.34 products/min). | run_id=run_20260930_154906_269231_a733d1 | brand=Next | saved=50 | elapsed_label=3s | products_per_minute=980.34
2026-09-30 16:07:44 | INFO    | LISTING   | Listing Next route https://www.myntra.com/next-kids page 45 -> https://www.myntra.com/gateway/v4/search/next-kids?rows=50&o=2200&plaEnabled=false&xdEnabled=false&isFacet=true&p=45 | run_id=run_20260930_154906_269231_a733d1 | brand=Next | page=45 | route=https://www.myntra.com/next-kids | seen=2157 | expected=2318
2026-09-30 16:07:48 | INFO    | PDP       | Processed 50 target products for Next in 3s (1017.97 products/min). | run_id=run_20260930_154906_269231_a733d1 | brand=Next | saved=50 | elapsed_label=3s | products_per_minute=1017.97
2026-09-30 16:07:48 | INFO    | LISTING   | Listing Next route https://www.myntra.com/next-kids page 46 -> https://www.myntra.com/gateway/v4/search/next-kids?rows=50&o=2250&plaEnabled=false&xdEnabled=false&isFacet=true&p=46 | run_id=run_20260930_154906_269231_a733d1 | brand=Next | page=46 | route=https://www.myntra.com/next-kids | seen=2207 | expected=2318
2026-09-30 16:07:51 | INFO    | PDP       | Processed 50 target products for Next in 2s (1240.64 products/min). | run_id=run_20260930_154906_269231_a733d1 | brand=Next | saved=50 | elapsed_label=2s | products_per_minute=1240.64
2026-09-30 16:07:51 | INFO    | LISTING   | Listing Next route https://www.myntra.com/next-kids page 47 -> https://www.myntra.com/gateway/v4/search/next-kids?rows=50&o=2300&plaEnabled=false&xdEnabled=false&isFacet=true&p=47 | run_id=run_20260930_154906_269231_a733d1 | brand=Next | page=47 | route=https://www.myntra.com/next-kids | seen=2257 | expected=2318
2026-09-30 16:07:54 | INFO    | PDP       | Processed 41 target products for Next in 3s (945.16 products/min). | run_id=run_20260930_154906_269231_a733d1 | brand=Next | saved=41 | elapsed_label=3s | products_per_minute=945.16
2026-09-30 16:07:54 | INFO    | LISTING   | Listing Next route https://www.myntra.com/next-kids page 48 -> https://www.myntra.com/gateway/v4/search/next-kids?rows=50&o=2350&plaEnabled=false&xdEnabled=false&isFacet=true&p=48 | run_id=run_20260930_154906_269231_a733d1 | brand=Next | page=48 | route=https://www.myntra.com/next-kids | seen=2298 | expected=2318
2026-09-30 16:07:55 | WARNING | LISTING   | Empty listing page for Next on page 48 before expected end; continuing. | run_id=run_20260930_154906_269231_a733d1 | brand=Next | page=48 | route=https://www.myntra.com/next-kids
2026-09-30 16:07:55 | INFO    | LISTING   | Listing Next route https://www.myntra.com/next-kids page 49 -> https://www.myntra.com/gateway/v4/search/next-kids?rows=50&o=2400&plaEnabled=false&xdEnabled=false&isFacet=true&p=49 | run_id=run_20260930_154906_269231_a733d1 | brand=Next | page=49 | route=https://www.myntra.com/next-kids | seen=2298 | expected=2318
2026-09-30 16:07:55 | WARNING | NETWORK   | JSON request failed for https://www.myntra.com/gateway/v4/search/next-kids?rows=50&o=2400&plaEnabled=false&xdEnabled=false&isFacet=true&p=49 on attempt 1/3: HTTP Error 400:  | run_id=run_20260930_154906_269231_a733d1 | route=https://www.myntra.com/gateway/v4/search/next-kids?rows=50&o=2400&plaEnabled=false&xdEnabled=false&isFacet=true&p=49 | attempt=1/3
2026-09-30 16:07:57 | WARNING | NETWORK   | JSON request failed for https://www.myntra.com/gateway/v4/search/next-kids?rows=50&o=2400&plaEnabled=false&xdEnabled=false&isFacet=true&p=49 on attempt 2/3: HTTP Error 400:  | run_id=run_20260930_154906_269231_a733d1 | route=https://www.myntra.com/gateway/v4/search/next-kids?rows=50&o=2400&plaEnabled=false&xdEnabled=false&isFacet=true&p=49 | attempt=2/3
2026-09-30 16:08:00 | WARNING | NETWORK   | JSON request failed for https://www.myntra.com/gateway/v4/search/next-kids?rows=50&o=2400&plaEnabled=false&xdEnabled=false&isFacet=true&p=49 on attempt 3/3: HTTP Error 400:  | run_id=run_20260930_154906_269231_a733d1 | route=https://www.myntra.com/gateway/v4/search/next-kids?rows=50&o=2400&plaEnabled=false&xdEnabled=false&isFacet=true&p=49 | attempt=3/3
2026-09-30 16:08:00 | WARNING | NETWORK   | JSON request failed for https://www.myntra.com/gateway/v4/search/next-kids?rows=50&o=2399&plaEnabled=false&xdEnabled=false&isFacet=true&p=49 on attempt 1/3: HTTP Error 400:  | run_id=run_20260930_154906_269231_a733d1 | route=https://www.myntra.com/gateway/v4/search/next-kids?rows=50&o=2399&plaEnabled=false&xdEnabled=false&isFacet=true&p=49 | attempt=1/3
2026-09-30 16:08:02 | WARNING | NETWORK   | JSON request failed for https://www.myntra.com/gateway/v4/search/next-kids?rows=50&o=2399&plaEnabled=false&xdEnabled=false&isFacet=true&p=49 on attempt 2/3: HTTP Error 400:  | run_id=run_20260930_154906_269231_a733d1 | route=https://www.myntra.com/gateway/v4/search/next-kids?rows=50&o=2399&plaEnabled=false&xdEnabled=false&isFacet=true&p=49 | attempt=2/3
2026-09-30 16:08:05 | WARNING | NETWORK   | JSON request failed for https://www.myntra.com/gateway/v4/search/next-kids?rows=50&o=2399&plaEnabled=false&xdEnabled=false&isFacet=true&p=49 on attempt 3/3: HTTP Error 400:  | run_id=run_20260930_154906_269231_a733d1 | route=https://www.myntra.com/gateway/v4/search/next-kids?rows=50&o=2399&plaEnabled=false&xdEnabled=false&isFacet=true&p=49 | attempt=3/3
2026-09-30 16:08:05 | WARNING | LISTING   | Route fetch failed for https://www.myntra.com/next-kids page 49 (Failed to fetch JSON payload from https://www.myntra.com/gateway/v4/search/next-kids?rows=50&o=2399&plaEnabled=false&xdEnabled=false&isFacet=true&p=49: HTTP Error 400: ). Will retry with another pass or fallback route. | run_id=run_20260930_154906_269231_a733d1 | brand=Next | page=49 | route=https://www.myntra.com/next-kids
2026-09-30 16:08:05 | INFO    | BRAND     | Skipping redundant route https://www.myntra.com/next?f=Gender%3Aboys%2Cboys%20girls%2Cgirls for Next (100% of first page already captured). | run_id=run_20260930_154906_269231_a733d1 | brand=Next | route=https://www.myntra.com/next?f=Gender%3Aboys%2Cboys%20girls%2Cgirls
2026-09-30 16:08:05 | WARNING | BRAND     | Brand Next finished below expected count: saw 2298 unique shirts products vs expected 2318. | run_id=run_20260930_154906_269231_a733d1 | brand=Next | seen=2298 | expected=2318
2026-09-30 16:08:05 | INFO    | BRAND     | Brand scrape completed in 2m 59s (771.23 products/min). | run_id=run_20260930_154906_269231_a733d1 | brand=Next | status=COMPLETED | saved=2298 | seen=2298 | expected=2318 | elapsed_label=2m 59s | products_per_minute=771.23
2026-09-30 16:08:05 | INFO    | BRAND     | Resolving brand routes. | run_id=run_20260930_154906_269231_a733d1 | brand=Gini and Jony
2026-09-30 16:08:05 | INFO    | BRAND     | Resolved Gini and Jony -> 1 routes (best brand total=2550): https://www.myntra.com/gini-and-jony | run_id=run_20260930_154906_269231_a733d1 | brand=Gini and Jony | expected=2550
2026-09-30 16:08:05 | INFO    | BRAND     | Starting brand scrape. | run_id=run_20260930_154906_269231_a733d1 | brand=Gini and Jony | expected=2550
2026-09-30 16:08:05 | INFO    | LISTING   | Listing Gini and Jony route https://www.myntra.com/gini-and-jony page 1 -> https://www.myntra.com/gateway/v4/search/gini-and-jony?rows=50&o=0&plaEnabled=false&xdEnabled=false&isFacet=true&p=1 | run_id=run_20260930_154906_269231_a733d1 | brand=Gini and Jony | page=1 | route=https://www.myntra.com/gini-and-jony | seen=0 | expected=2550
2026-09-30 16:08:09 | INFO    | PDP       | Processed 50 target products for Gini and Jony in 3s (1074.37 products/min). | run_id=run_20260930_154906_269231_a733d1 | brand=Gini and Jony | saved=50 | elapsed_label=3s | products_per_minute=1074.37
2026-09-30 16:08:09 | INFO    | LISTING   | Listing Gini and Jony route https://www.myntra.com/gini-and-jony page 2 -> https://www.myntra.com/gateway/v4/search/gini-and-jony?rows=50&o=50&plaEnabled=false&xdEnabled=false&isFacet=true&p=2 | run_id=run_20260930_154906_269231_a733d1 | brand=Gini and Jony | page=2 | route=https://www.myntra.com/gini-and-jony | seen=50 | expected=2550
2026-09-30 16:08:13 | INFO    | PDP       | Processed 50 target products for Gini and Jony in 3s (1126.16 products/min). | run_id=run_20260930_154906_269231_a733d1 | brand=Gini and Jony | saved=50 | elapsed_label=3s | products_per_minute=1126.16
2026-09-30 16:08:13 | INFO    | LISTING   | Listing Gini and Jony route https://www.myntra.com/gini-and-jony page 3 -> https://www.myntra.com/gateway/v4/search/gini-and-jony?rows=50&o=100&plaEnabled=false&xdEnabled=false&isFacet=true&p=3 | run_id=run_20260930_154906_269231_a733d1 | brand=Gini and Jony | page=3 | route=https://www.myntra.com/gini-and-jony | seen=100 | expected=2550
2026-09-30 16:08:17 | INFO    | PDP       | Processed 50 target products for Gini and Jony in 3s (923.79 products/min). | run_id=run_20260930_154906_269231_a733d1 | brand=Gini and Jony | saved=50 | elapsed_label=3s | products_per_minute=923.79
2026-09-30 16:08:17 | INFO    | LISTING   | Listing Gini and Jony route https://www.myntra.com/gini-and-jony page 4 -> https://www.myntra.com/gateway/v4/search/gini-and-jony?rows=50&o=150&plaEnabled=false&xdEnabled=false&isFacet=true&p=4 | run_id=run_20260930_154906_269231_a733d1 | brand=Gini and Jony | page=4 | route=https://www.myntra.com/gini-and-jony | seen=150 | expected=2550
2026-09-30 16:08:20 | INFO    | PDP       | Processed 43 target products for Gini and Jony in 3s (867.28 products/min). | run_id=run_20260930_154906_269231_a733d1 | brand=Gini and Jony | saved=43 | elapsed_label=3s | products_per_minute=867.28
2026-09-30 16:08:21 | INFO    | LISTING   | Listing Gini and Jony route https://www.myntra.com/gini-and-jony page 5 -> https://www.myntra.com/gateway/v4/search/gini-and-jony?rows=50&o=200&plaEnabled=false&xdEnabled=false&isFacet=true&p=5 | run_id=run_20260930_154906_269231_a733d1 | brand=Gini and Jony | page=5 | route=https://www.myntra.com/gini-and-jony | seen=193 | expected=2550
2026-09-30 16:08:24 | INFO    | PDP       | Processed 50 target products for Gini and Jony in 3s (970.57 products/min). | run_id=run_20260930_154906_269231_a733d1 | brand=Gini and Jony | saved=50 | elapsed_label=3s | products_per_minute=970.57
2026-09-30 16:08:24 | INFO    | LISTING   | Listing Gini and Jony route https://www.myntra.com/gini-and-jony page 6 -> https://www.myntra.com/gateway/v4/search/gini-and-jony?rows=50&o=250&plaEnabled=false&xdEnabled=false&isFacet=true&p=6 | run_id=run_20260930_154906_269231_a733d1 | brand=Gini and Jony | page=6 | route=https://www.myntra.com/gini-and-jony | seen=243 | expected=2550
2026-09-30 16:08:28 | INFO    | PDP       | Processed 50 target products for Gini and Jony in 3s (1008.79 products/min). | run_id=run_20260930_154906_269231_a733d1 | brand=Gini and Jony | saved=50 | elapsed_label=3s | products_per_minute=1008.79
2026-09-30 16:08:28 | INFO    | LISTING   | Listing Gini and Jony route https://www.myntra.com/gini-and-jony page 7 -> https://www.myntra.com/gateway/v4/search/gini-and-jony?rows=50&o=300&plaEnabled=false&xdEnabled=false&isFacet=true&p=7 | run_id=run_20260930_154906_269231_a733d1 | brand=Gini and Jony | page=7 | route=https://www.myntra.com/gini-and-jony | seen=293 | expected=2550
2026-09-30 16:08:31 | INFO    | PDP       | Processed 50 target products for Gini and Jony in 3s (1165.05 products/min). | run_id=run_20260930_154906_269231_a733d1 | brand=Gini and Jony | saved=50 | elapsed_label=3s | products_per_minute=1165.05
2026-09-30 16:08:31 | INFO    | LISTING   | Listing Gini and Jony route https://www.myntra.com/gini-and-jony page 8 -> https://www.myntra.com/gateway/v4/search/gini-and-jony?rows=50&o=350&plaEnabled=false&xdEnabled=false&isFacet=true&p=8 | run_id=run_20260930_154906_269231_a733d1 | brand=Gini and Jony | page=8 | route=https://www.myntra.com/gini-and-jony | seen=343 | expected=2550
2026-09-30 16:08:36 | INFO    | PDP       | Processed 46 target products for Gini and Jony in 3s (856.91 products/min). | run_id=run_20260930_154906_269231_a733d1 | brand=Gini and Jony | saved=46 | elapsed_label=3s | products_per_minute=856.91
2026-09-30 16:08:36 | INFO    | LISTING   | Listing Gini and Jony route https://www.myntra.com/gini-and-jony page 9 -> https://www.myntra.com/gateway/v4/search/gini-and-jony?rows=50&o=400&plaEnabled=false&xdEnabled=false&isFacet=true&p=9 | run_id=run_20260930_154906_269231_a733d1 | brand=Gini and Jony | page=9 | route=https://www.myntra.com/gini-and-jony | seen=389 | expected=2550
2026-09-30 16:08:39 | INFO    | PDP       | Processed 50 target products for Gini and Jony in 3s (1146.49 products/min). | run_id=run_20260930_154906_269231_a733d1 | brand=Gini and Jony | saved=50 | elapsed_label=3s | products_per_minute=1146.49
2026-09-30 16:08:39 | INFO    | LISTING   | Listing Gini and Jony route https://www.myntra.com/gini-and-jony page 10 -> https://www.myntra.com/gateway/v4/search/gini-and-jony?rows=50&o=450&plaEnabled=false&xdEnabled=false&isFacet=true&p=10 | run_id=run_20260930_154906_269231_a733d1 | brand=Gini and Jony | page=10 | route=https://www.myntra.com/gini-and-jony | seen=439 | expected=2550
2026-09-30 16:08:47 | INFO    | PDP       | Processed 50 target products for Gini and Jony in 5s (555.2 products/min). | run_id=run_20260930_154906_269231_a733d1 | brand=Gini and Jony | saved=50 | elapsed_label=5s | products_per_minute=555.2
2026-09-30 16:08:47 | INFO    | LISTING   | Listing Gini and Jony route https://www.myntra.com/gini-and-jony page 11 -> https://www.myntra.com/gateway/v4/search/gini-and-jony?rows=50&o=500&plaEnabled=false&xdEnabled=false&isFacet=true&p=11 | run_id=run_20260930_154906_269231_a733d1 | brand=Gini and Jony | page=11 | route=https://www.myntra.com/gini-and-jony | seen=489 | expected=2550
2026-09-30 16:08:50 | INFO    | PDP       | Processed 49 target products for Gini and Jony in 3s (1091.33 products/min). | run_id=run_20260930_154906_269231_a733d1 | brand=Gini and Jony | saved=49 | elapsed_label=3s | products_per_minute=1091.33
2026-09-30 16:08:51 | INFO    | LISTING   | Listing Gini and Jony route https://www.myntra.com/gini-and-jony page 12 -> https://www.myntra.com/gateway/v4/search/gini-and-jony?rows=50&o=550&plaEnabled=false&xdEnabled=false&isFacet=true&p=12 | run_id=run_20260930_154906_269231_a733d1 | brand=Gini and Jony | page=12 | route=https://www.myntra.com/gini-and-jony | seen=538 | expected=2550
2026-09-30 16:08:54 | INFO    | PDP       | Processed 50 target products for Gini and Jony in 3s (1024.35 products/min). | run_id=run_20260930_154906_269231_a733d1 | brand=Gini and Jony | saved=50 | elapsed_label=3s | products_per_minute=1024.35
2026-09-30 16:08:54 | INFO    | LISTING   | Listing Gini and Jony route https://www.myntra.com/gini-and-jony page 13 -> https://www.myntra.com/gateway/v4/search/gini-and-jony?rows=50&o=600&plaEnabled=false&xdEnabled=false&isFacet=true&p=13 | run_id=run_20260930_154906_269231_a733d1 | brand=Gini and Jony | page=13 | route=https://www.myntra.com/gini-and-jony | seen=588 | expected=2550
2026-09-30 16:08:58 | INFO    | PDP       | Processed 49 target products for Gini and Jony in 3s (921.2 products/min). | run_id=run_20260930_154906_269231_a733d1 | brand=Gini and Jony | saved=49 | elapsed_label=3s | products_per_minute=921.2
2026-09-30 16:08:58 | INFO    | LISTING   | Listing Gini and Jony route https://www.myntra.com/gini-and-jony page 14 -> https://www.myntra.com/gateway/v4/search/gini-and-jony?rows=50&o=650&plaEnabled=false&xdEnabled=false&isFacet=true&p=14 | run_id=run_20260930_154906_269231_a733d1 | brand=Gini and Jony | page=14 | route=https://www.myntra.com/gini-and-jony | seen=637 | expected=2550
2026-09-30 16:09:02 | INFO    | PDP       | Processed 49 target products for Gini and Jony in 3s (1039.05 products/min). | run_id=run_20260930_154906_269231_a733d1 | brand=Gini and Jony | saved=49 | elapsed_label=3s | products_per_minute=1039.05
2026-09-30 16:09:02 | INFO    | LISTING   | Listing Gini and Jony route https://www.myntra.com/gini-and-jony page 15 -> https://www.myntra.com/gateway/v4/search/gini-and-jony?rows=50&o=700&plaEnabled=false&xdEnabled=false&isFacet=true&p=15 | run_id=run_20260930_154906_269231_a733d1 | brand=Gini and Jony | page=15 | route=https://www.myntra.com/gini-and-jony | seen=686 | expected=2550
2026-09-30 16:09:05 | INFO    | PDP       | Processed 50 target products for Gini and Jony in 3s (1052.2 products/min). | run_id=run_20260930_154906_269231_a733d1 | brand=Gini and Jony | saved=50 | elapsed_label=3s | products_per_minute=1052.2
2026-09-30 16:09:05 | INFO    | LISTING   | Listing Gini and Jony route https://www.myntra.com/gini-and-jony page 16 -> https://www.myntra.com/gateway/v4/search/gini-and-jony?rows=50&o=750&plaEnabled=false&xdEnabled=false&isFacet=true&p=16 | run_id=run_20260930_154906_269231_a733d1 | brand=Gini and Jony | page=16 | route=https://www.myntra.com/gini-and-jony | seen=736 | expected=2550
2026-09-30 16:09:09 | INFO    | PDP       | Processed 50 target products for Gini and Jony in 3s (1038.57 products/min). | run_id=run_20260930_154906_269231_a733d1 | brand=Gini and Jony | saved=50 | elapsed_label=3s | products_per_minute=1038.57
2026-09-30 16:09:09 | INFO    | LISTING   | Listing Gini and Jony route https://www.myntra.com/gini-and-jony page 17 -> https://www.myntra.com/gateway/v4/search/gini-and-jony?rows=50&o=800&plaEnabled=false&xdEnabled=false&isFacet=true&p=17 | run_id=run_20260930_154906_269231_a733d1 | brand=Gini and Jony | page=17 | route=https://www.myntra.com/gini-and-jony | seen=786 | expected=2550
2026-09-30 16:09:13 | INFO    | PDP       | Processed 50 target products for Gini and Jony in 3s (1122.11 products/min). | run_id=run_20260930_154906_269231_a733d1 | brand=Gini and Jony | saved=50 | elapsed_label=3s | products_per_minute=1122.11
2026-09-30 16:09:13 | INFO    | LISTING   | Listing Gini and Jony route https://www.myntra.com/gini-and-jony page 18 -> https://www.myntra.com/gateway/v4/search/gini-and-jony?rows=50&o=850&plaEnabled=false&xdEnabled=false&isFacet=true&p=18 | run_id=run_20260930_154906_269231_a733d1 | brand=Gini and Jony | page=18 | route=https://www.myntra.com/gini-and-jony | seen=836 | expected=2550
2026-09-30 16:09:17 | INFO    | PDP       | Processed 50 target products for Gini and Jony in 3s (976.47 products/min). | run_id=run_20260930_154906_269231_a733d1 | brand=Gini and Jony | saved=50 | elapsed_label=3s | products_per_minute=976.47
2026-09-30 16:09:17 | INFO    | LISTING   | Listing Gini and Jony route https://www.myntra.com/gini-and-jony page 19 -> https://www.myntra.com/gateway/v4/search/gini-and-jony?rows=50&o=900&plaEnabled=false&xdEnabled=false&isFacet=true&p=19 | run_id=run_20260930_154906_269231_a733d1 | brand=Gini and Jony | page=19 | route=https://www.myntra.com/gini-and-jony | seen=886 | expected=2550
2026-09-30 16:09:21 | INFO    | PDP       | Processed 50 target products for Gini and Jony in 3s (896.32 products/min). | run_id=run_20260930_154906_269231_a733d1 | brand=Gini and Jony | saved=50 | elapsed_label=3s | products_per_minute=896.32
2026-09-30 16:09:22 | INFO    | LISTING   | Listing Gini and Jony route https://www.myntra.com/gini-and-jony page 20 -> https://www.myntra.com/gateway/v4/search/gini-and-jony?rows=50&o=950&plaEnabled=false&xdEnabled=false&isFacet=true&p=20 | run_id=run_20260930_154906_269231_a733d1 | brand=Gini and Jony | page=20 | route=https://www.myntra.com/gini-and-jony | seen=936 | expected=2550
2026-09-30 16:09:26 | INFO    | PDP       | Processed 50 target products for Gini and Jony in 3s (934.06 products/min). | run_id=run_20260930_154906_269231_a733d1 | brand=Gini and Jony | saved=50 | elapsed_label=3s | products_per_minute=934.06
2026-09-30 16:09:26 | INFO    | LISTING   | Listing Gini and Jony route https://www.myntra.com/gini-and-jony page 21 -> https://www.myntra.com/gateway/v4/search/gini-and-jony?rows=50&o=1000&plaEnabled=false&xdEnabled=false&isFacet=true&p=21 | run_id=run_20260930_154906_269231_a733d1 | brand=Gini and Jony | page=21 | route=https://www.myntra.com/gini-and-jony | seen=986 | expected=2550
2026-09-30 16:09:29 | INFO    | PDP       | Processed 50 target products for Gini and Jony in 3s (1059.18 products/min). | run_id=run_20260930_154906_269231_a733d1 | brand=Gini and Jony | saved=50 | elapsed_label=3s | products_per_minute=1059.18
2026-09-30 16:09:29 | INFO    | LISTING   | Listing Gini and Jony route https://www.myntra.com/gini-and-jony page 22 -> https://www.myntra.com/gateway/v4/search/gini-and-jony?rows=50&o=1050&plaEnabled=false&xdEnabled=false&isFacet=true&p=22 | run_id=run_20260930_154906_269231_a733d1 | brand=Gini and Jony | page=22 | route=https://www.myntra.com/gini-and-jony | seen=1036 | expected=2550
2026-09-30 16:09:33 | INFO    | PDP       | Processed 50 target products for Gini and Jony in 3s (946.69 products/min). | run_id=run_20260930_154906_269231_a733d1 | brand=Gini and Jony | saved=50 | elapsed_label=3s | products_per_minute=946.69
2026-09-30 16:09:34 | INFO    | LISTING   | Listing Gini and Jony route https://www.myntra.com/gini-and-jony page 23 -> https://www.myntra.com/gateway/v4/search/gini-and-jony?rows=50&o=1100&plaEnabled=false&xdEnabled=false&isFacet=true&p=23 | run_id=run_20260930_154906_269231_a733d1 | brand=Gini and Jony | page=23 | route=https://www.myntra.com/gini-and-jony | seen=1086 | expected=2550
2026-09-30 16:09:38 | INFO    | PDP       | Processed 50 target products for Gini and Jony in 4s (822.2 products/min). | run_id=run_20260930_154906_269231_a733d1 | brand=Gini and Jony | saved=50 | elapsed_label=4s | products_per_minute=822.2
2026-09-30 16:09:38 | INFO    | LISTING   | Listing Gini and Jony route https://www.myntra.com/gini-and-jony page 24 -> https://www.myntra.com/gateway/v4/search/gini-and-jony?rows=50&o=1150&plaEnabled=false&xdEnabled=false&isFacet=true&p=24 | run_id=run_20260930_154906_269231_a733d1 | brand=Gini and Jony | page=24 | route=https://www.myntra.com/gini-and-jony | seen=1136 | expected=2550
2026-09-30 16:09:42 | INFO    | PDP       | Processed 50 target products for Gini and Jony in 4s (816.64 products/min). | run_id=run_20260930_154906_269231_a733d1 | brand=Gini and Jony | saved=50 | elapsed_label=4s | products_per_minute=816.64
2026-09-30 16:09:43 | INFO    | LISTING   | Listing Gini and Jony route https://www.myntra.com/gini-and-jony page 25 -> https://www.myntra.com/gateway/v4/search/gini-and-jony?rows=50&o=1200&plaEnabled=false&xdEnabled=false&isFacet=true&p=25 | run_id=run_20260930_154906_269231_a733d1 | brand=Gini and Jony | page=25 | route=https://www.myntra.com/gini-and-jony | seen=1186 | expected=2550
2026-09-30 16:09:46 | INFO    | PDP       | Processed 49 target products for Gini and Jony in 3s (945.99 products/min). | run_id=run_20260930_154906_269231_a733d1 | brand=Gini and Jony | saved=49 | elapsed_label=3s | products_per_minute=945.99
2026-09-30 16:09:46 | INFO    | LISTING   | Listing Gini and Jony route https://www.myntra.com/gini-and-jony page 26 -> https://www.myntra.com/gateway/v4/search/gini-and-jony?rows=50&o=1250&plaEnabled=false&xdEnabled=false&isFacet=true&p=26 | run_id=run_20260930_154906_269231_a733d1 | brand=Gini and Jony | page=26 | route=https://www.myntra.com/gini-and-jony | seen=1235 | expected=2550
2026-09-30 16:09:50 | INFO    | PDP       | Processed 49 target products for Gini and Jony in 2s (1232.13 products/min). | run_id=run_20260930_154906_269231_a733d1 | brand=Gini and Jony | saved=49 | elapsed_label=2s | products_per_minute=1232.13
2026-09-30 16:09:50 | INFO    | LISTING   | Listing Gini and Jony route https://www.myntra.com/gini-and-jony page 27 -> https://www.myntra.com/gateway/v4/search/gini-and-jony?rows=50&o=1300&plaEnabled=false&xdEnabled=false&isFacet=true&p=27 | run_id=run_20260930_154906_269231_a733d1 | brand=Gini and Jony | page=27 | route=https://www.myntra.com/gini-and-jony | seen=1284 | expected=2550
2026-09-30 16:09:53 | INFO    | PDP       | Processed 46 target products for Gini and Jony in 2s (1153.45 products/min). | run_id=run_20260930_154906_269231_a733d1 | brand=Gini and Jony | saved=46 | elapsed_label=2s | products_per_minute=1153.45
2026-09-30 16:09:54 | INFO    | LISTING   | Listing Gini and Jony route https://www.myntra.com/gini-and-jony page 28 -> https://www.myntra.com/gateway/v4/search/gini-and-jony?rows=50&o=1350&plaEnabled=false&xdEnabled=false&isFacet=true&p=28 | run_id=run_20260930_154906_269231_a733d1 | brand=Gini and Jony | page=28 | route=https://www.myntra.com/gini-and-jony | seen=1330 | expected=2550
2026-09-30 16:09:57 | INFO    | PDP       | Processed 50 target products for Gini and Jony in 3s (1039.8 products/min). | run_id=run_20260930_154906_269231_a733d1 | brand=Gini and Jony | saved=50 | elapsed_label=3s | products_per_minute=1039.8
2026-09-30 16:09:57 | INFO    | LISTING   | Listing Gini and Jony route https://www.myntra.com/gini-and-jony page 29 -> https://www.myntra.com/gateway/v4/search/gini-and-jony?rows=50&o=1400&plaEnabled=false&xdEnabled=false&isFacet=true&p=29 | run_id=run_20260930_154906_269231_a733d1 | brand=Gini and Jony | page=29 | route=https://www.myntra.com/gini-and-jony | seen=1380 | expected=2550
2026-09-30 16:10:00 | INFO    | PDP       | Processed 49 target products for Gini and Jony in 2s (1199.96 products/min). | run_id=run_20260930_154906_269231_a733d1 | brand=Gini and Jony | saved=49 | elapsed_label=2s | products_per_minute=1199.96
2026-09-30 16:10:01 | INFO    | LISTING   | Listing Gini and Jony route https://www.myntra.com/gini-and-jony page 30 -> https://www.myntra.com/gateway/v4/search/gini-and-jony?rows=50&o=1450&plaEnabled=false&xdEnabled=false&isFacet=true&p=30 | run_id=run_20260930_154906_269231_a733d1 | brand=Gini and Jony | page=30 | route=https://www.myntra.com/gini-and-jony | seen=1429 | expected=2550
2026-09-30 16:10:04 | INFO    | PDP       | Processed 49 target products for Gini and Jony in 3s (1165.81 products/min). | run_id=run_20260930_154906_269231_a733d1 | brand=Gini and Jony | saved=49 | elapsed_label=3s | products_per_minute=1165.81
2026-09-30 16:10:04 | INFO    | LISTING   | Listing Gini and Jony route https://www.myntra.com/gini-and-jony page 31 -> https://www.myntra.com/gateway/v4/search/gini-and-jony?rows=50&o=1500&plaEnabled=false&xdEnabled=false&isFacet=true&p=31 | run_id=run_20260930_154906_269231_a733d1 | brand=Gini and Jony | page=31 | route=https://www.myntra.com/gini-and-jony | seen=1478 | expected=2550
2026-09-30 16:10:07 | INFO    | PDP       | Processed 50 target products for Gini and Jony in 3s (1127.83 products/min). | run_id=run_20260930_154906_269231_a733d1 | brand=Gini and Jony | saved=50 | elapsed_label=3s | products_per_minute=1127.83
2026-09-30 16:10:07 | INFO    | LISTING   | Listing Gini and Jony route https://www.myntra.com/gini-and-jony page 32 -> https://www.myntra.com/gateway/v4/search/gini-and-jony?rows=50&o=1550&plaEnabled=false&xdEnabled=false&isFacet=true&p=32 | run_id=run_20260930_154906_269231_a733d1 | brand=Gini and Jony | page=32 | route=https://www.myntra.com/gini-and-jony | seen=1528 | expected=2550
2026-09-30 16:10:11 | INFO    | PDP       | Processed 50 target products for Gini and Jony in 3s (993.04 products/min). | run_id=run_20260930_154906_269231_a733d1 | brand=Gini and Jony | saved=50 | elapsed_label=3s | products_per_minute=993.04
2026-09-30 16:10:11 | INFO    | LISTING   | Listing Gini and Jony route https://www.myntra.com/gini-and-jony page 33 -> https://www.myntra.com/gateway/v4/search/gini-and-jony?rows=50&o=1600&plaEnabled=false&xdEnabled=false&isFacet=true&p=33 | run_id=run_20260930_154906_269231_a733d1 | brand=Gini and Jony | page=33 | route=https://www.myntra.com/gini-and-jony | seen=1578 | expected=2550
2026-09-30 16:10:14 | INFO    | PDP       | Processed 50 target products for Gini and Jony in 3s (1159.94 products/min). | run_id=run_20260930_154906_269231_a733d1 | brand=Gini and Jony | saved=50 | elapsed_label=3s | products_per_minute=1159.94
2026-09-30 16:10:14 | INFO    | LISTING   | Listing Gini and Jony route https://www.myntra.com/gini-and-jony page 34 -> https://www.myntra.com/gateway/v4/search/gini-and-jony?rows=50&o=1650&plaEnabled=false&xdEnabled=false&isFacet=true&p=34 | run_id=run_20260930_154906_269231_a733d1 | brand=Gini and Jony | page=34 | route=https://www.myntra.com/gini-and-jony | seen=1628 | expected=2550
2026-09-30 16:10:18 | INFO    | PDP       | Processed 50 target products for Gini and Jony in 3s (1074.12 products/min). | run_id=run_20260930_154906_269231_a733d1 | brand=Gini and Jony | saved=50 | elapsed_label=3s | products_per_minute=1074.12
2026-09-30 16:10:18 | INFO    | LISTING   | Listing Gini and Jony route https://www.myntra.com/gini-and-jony page 35 -> https://www.myntra.com/gateway/v4/search/gini-and-jony?rows=50&o=1700&plaEnabled=false&xdEnabled=false&isFacet=true&p=35 | run_id=run_20260930_154906_269231_a733d1 | brand=Gini and Jony | page=35 | route=https://www.myntra.com/gini-and-jony | seen=1678 | expected=2550
2026-09-30 16:10:23 | INFO    | PDP       | Processed 50 target products for Gini and Jony in 4s (812.92 products/min). | run_id=run_20260930_154906_269231_a733d1 | brand=Gini and Jony | saved=50 | elapsed_label=4s | products_per_minute=812.92
2026-09-30 16:10:23 | INFO    | LISTING   | Listing Gini and Jony route https://www.myntra.com/gini-and-jony page 36 -> https://www.myntra.com/gateway/v4/search/gini-and-jony?rows=50&o=1750&plaEnabled=false&xdEnabled=false&isFacet=true&p=36 | run_id=run_20260930_154906_269231_a733d1 | brand=Gini and Jony | page=36 | route=https://www.myntra.com/gini-and-jony | seen=1728 | expected=2550
2026-09-30 16:10:26 | INFO    | PDP       | Processed 49 target products for Gini and Jony in 3s (1022.81 products/min). | run_id=run_20260930_154906_269231_a733d1 | brand=Gini and Jony | saved=49 | elapsed_label=3s | products_per_minute=1022.81
2026-09-30 16:10:26 | INFO    | LISTING   | Listing Gini and Jony route https://www.myntra.com/gini-and-jony page 37 -> https://www.myntra.com/gateway/v4/search/gini-and-jony?rows=50&o=1800&plaEnabled=false&xdEnabled=false&isFacet=true&p=37 | run_id=run_20260930_154906_269231_a733d1 | brand=Gini and Jony | page=37 | route=https://www.myntra.com/gini-and-jony | seen=1777 | expected=2550
2026-09-30 16:10:30 | INFO    | PDP       | Processed 48 target products for Gini and Jony in 3s (930.22 products/min). | run_id=run_20260930_154906_269231_a733d1 | brand=Gini and Jony | saved=48 | elapsed_label=3s | products_per_minute=930.22
2026-09-30 16:10:30 | INFO    | LISTING   | Listing Gini and Jony route https://www.myntra.com/gini-and-jony page 38 -> https://www.myntra.com/gateway/v4/search/gini-and-jony?rows=50&o=1850&plaEnabled=false&xdEnabled=false&isFacet=true&p=38 | run_id=run_20260930_154906_269231_a733d1 | brand=Gini and Jony | page=38 | route=https://www.myntra.com/gini-and-jony | seen=1825 | expected=2550
2026-09-30 16:10:34 | INFO    | PDP       | Processed 50 target products for Gini and Jony in 3s (1019.84 products/min). | run_id=run_20260930_154906_269231_a733d1 | brand=Gini and Jony | saved=50 | elapsed_label=3s | products_per_minute=1019.84
2026-09-30 16:10:34 | INFO    | LISTING   | Listing Gini and Jony route https://www.myntra.com/gini-and-jony page 39 -> https://www.myntra.com/gateway/v4/search/gini-and-jony?rows=50&o=1900&plaEnabled=false&xdEnabled=false&isFacet=true&p=39 | run_id=run_20260930_154906_269231_a733d1 | brand=Gini and Jony | page=39 | route=https://www.myntra.com/gini-and-jony | seen=1875 | expected=2550
2026-09-30 16:10:37 | INFO    | PDP       | Processed 50 target products for Gini and Jony in 3s (1074.32 products/min). | run_id=run_20260930_154906_269231_a733d1 | brand=Gini and Jony | saved=50 | elapsed_label=3s | products_per_minute=1074.32
2026-09-30 16:10:37 | INFO    | LISTING   | Listing Gini and Jony route https://www.myntra.com/gini-and-jony page 40 -> https://www.myntra.com/gateway/v4/search/gini-and-jony?rows=50&o=1950&plaEnabled=false&xdEnabled=false&isFacet=true&p=40 | run_id=run_20260930_154906_269231_a733d1 | brand=Gini and Jony | page=40 | route=https://www.myntra.com/gini-and-jony | seen=1925 | expected=2550
2026-09-30 16:10:41 | INFO    | PDP       | Processed 50 target products for Gini and Jony in 3s (991.24 products/min). | run_id=run_20260930_154906_269231_a733d1 | brand=Gini and Jony | saved=50 | elapsed_label=3s | products_per_minute=991.24
2026-09-30 16:10:41 | INFO    | LISTING   | Listing Gini and Jony route https://www.myntra.com/gini-and-jony page 41 -> https://www.myntra.com/gateway/v4/search/gini-and-jony?rows=50&o=2000&plaEnabled=false&xdEnabled=false&isFacet=true&p=41 | run_id=run_20260930_154906_269231_a733d1 | brand=Gini and Jony | page=41 | route=https://www.myntra.com/gini-and-jony | seen=1975 | expected=2550
2026-09-30 16:10:45 | INFO    | PDP       | Processed 50 target products for Gini and Jony in 3s (1190.62 products/min). | run_id=run_20260930_154906_269231_a733d1 | brand=Gini and Jony | saved=50 | elapsed_label=3s | products_per_minute=1190.62
2026-09-30 16:10:45 | INFO    | LISTING   | Listing Gini and Jony route https://www.myntra.com/gini-and-jony page 42 -> https://www.myntra.com/gateway/v4/search/gini-and-jony?rows=50&o=2050&plaEnabled=false&xdEnabled=false&isFacet=true&p=42 | run_id=run_20260930_154906_269231_a733d1 | brand=Gini and Jony | page=42 | route=https://www.myntra.com/gini-and-jony | seen=2025 | expected=2550
2026-09-30 16:10:48 | INFO    | PDP       | Processed 50 target products for Gini and Jony in 3s (1136.52 products/min). | run_id=run_20260930_154906_269231_a733d1 | brand=Gini and Jony | saved=50 | elapsed_label=3s | products_per_minute=1136.52
2026-09-30 16:10:48 | INFO    | LISTING   | Listing Gini and Jony route https://www.myntra.com/gini-and-jony page 43 -> https://www.myntra.com/gateway/v4/search/gini-and-jony?rows=50&o=2100&plaEnabled=false&xdEnabled=false&isFacet=true&p=43 | run_id=run_20260930_154906_269231_a733d1 | brand=Gini and Jony | page=43 | route=https://www.myntra.com/gini-and-jony | seen=2075 | expected=2550
2026-09-30 16:10:51 | INFO    | PDP       | Processed 50 target products for Gini and Jony in 2s (1247.08 products/min). | run_id=run_20260930_154906_269231_a733d1 | brand=Gini and Jony | saved=50 | elapsed_label=2s | products_per_minute=1247.08
2026-09-30 16:10:51 | INFO    | LISTING   | Listing Gini and Jony route https://www.myntra.com/gini-and-jony page 44 -> https://www.myntra.com/gateway/v4/search/gini-and-jony?rows=50&o=2150&plaEnabled=false&xdEnabled=false&isFacet=true&p=44 | run_id=run_20260930_154906_269231_a733d1 | brand=Gini and Jony | page=44 | route=https://www.myntra.com/gini-and-jony | seen=2125 | expected=2550
2026-09-30 16:10:55 | INFO    | PDP       | Processed 49 target products for Gini and Jony in 3s (927.01 products/min). | run_id=run_20260930_154906_269231_a733d1 | brand=Gini and Jony | saved=49 | elapsed_label=3s | products_per_minute=927.01
2026-09-30 16:10:55 | INFO    | LISTING   | Listing Gini and Jony route https://www.myntra.com/gini-and-jony page 45 -> https://www.myntra.com/gateway/v4/search/gini-and-jony?rows=50&o=2200&plaEnabled=false&xdEnabled=false&isFacet=true&p=45 | run_id=run_20260930_154906_269231_a733d1 | brand=Gini and Jony | page=45 | route=https://www.myntra.com/gini-and-jony | seen=2174 | expected=2550
2026-09-30 16:10:59 | INFO    | PDP       | Processed 49 target products for Gini and Jony in 3s (1034.04 products/min). | run_id=run_20260930_154906_269231_a733d1 | brand=Gini and Jony | saved=49 | elapsed_label=3s | products_per_minute=1034.04
2026-09-30 16:10:59 | INFO    | LISTING   | Listing Gini and Jony route https://www.myntra.com/gini-and-jony page 46 -> https://www.myntra.com/gateway/v4/search/gini-and-jony?rows=50&o=2250&plaEnabled=false&xdEnabled=false&isFacet=true&p=46 | run_id=run_20260930_154906_269231_a733d1 | brand=Gini and Jony | page=46 | route=https://www.myntra.com/gini-and-jony | seen=2223 | expected=2550
2026-09-30 16:11:03 | INFO    | PDP       | Processed 50 target products for Gini and Jony in 3s (968.01 products/min). | run_id=run_20260930_154906_269231_a733d1 | brand=Gini and Jony | saved=50 | elapsed_label=3s | products_per_minute=968.01
2026-09-30 16:11:03 | INFO    | LISTING   | Listing Gini and Jony route https://www.myntra.com/gini-and-jony page 47 -> https://www.myntra.com/gateway/v4/search/gini-and-jony?rows=50&o=2300&plaEnabled=false&xdEnabled=false&isFacet=true&p=47 | run_id=run_20260930_154906_269231_a733d1 | brand=Gini and Jony | page=47 | route=https://www.myntra.com/gini-and-jony | seen=2273 | expected=2550
2026-09-30 16:11:06 | INFO    | PDP       | Processed 50 target products for Gini and Jony in 3s (1068.3 products/min). | run_id=run_20260930_154906_269231_a733d1 | brand=Gini and Jony | saved=50 | elapsed_label=3s | products_per_minute=1068.3
2026-09-30 16:11:07 | INFO    | LISTING   | Listing Gini and Jony route https://www.myntra.com/gini-and-jony page 48 -> https://www.myntra.com/gateway/v4/search/gini-and-jony?rows=50&o=2350&plaEnabled=false&xdEnabled=false&isFacet=true&p=48 | run_id=run_20260930_154906_269231_a733d1 | brand=Gini and Jony | page=48 | route=https://www.myntra.com/gini-and-jony | seen=2323 | expected=2550
2026-09-30 16:11:10 | INFO    | PDP       | Processed 50 target products for Gini and Jony in 3s (1170.82 products/min). | run_id=run_20260930_154906_269231_a733d1 | brand=Gini and Jony | saved=50 | elapsed_label=3s | products_per_minute=1170.82
2026-09-30 16:11:10 | INFO    | LISTING   | Listing Gini and Jony route https://www.myntra.com/gini-and-jony page 49 -> https://www.myntra.com/gateway/v4/search/gini-and-jony?rows=50&o=2400&plaEnabled=false&xdEnabled=false&isFacet=true&p=49 | run_id=run_20260930_154906_269231_a733d1 | brand=Gini and Jony | page=49 | route=https://www.myntra.com/gini-and-jony | seen=2373 | expected=2550
2026-09-30 16:11:14 | INFO    | PDP       | Processed 50 target products for Gini and Jony in 3s (947.4 products/min). | run_id=run_20260930_154906_269231_a733d1 | brand=Gini and Jony | saved=50 | elapsed_label=3s | products_per_minute=947.4
2026-09-30 16:11:14 | INFO    | LISTING   | Listing Gini and Jony route https://www.myntra.com/gini-and-jony page 50 -> https://www.myntra.com/gateway/v4/search/gini-and-jony?rows=50&o=2450&plaEnabled=false&xdEnabled=false&isFacet=true&p=50 | run_id=run_20260930_154906_269231_a733d1 | brand=Gini and Jony | page=50 | route=https://www.myntra.com/gini-and-jony | seen=2423 | expected=2550
2026-09-30 16:11:17 | INFO    | PDP       | Processed 50 target products for Gini and Jony in 3s (978.0 products/min). | run_id=run_20260930_154906_269231_a733d1 | brand=Gini and Jony | saved=50 | elapsed_label=3s | products_per_minute=978.0
2026-09-30 16:11:18 | INFO    | LISTING   | Listing Gini and Jony route https://www.myntra.com/gini-and-jony page 51 -> https://www.myntra.com/gateway/v4/search/gini-and-jony?rows=50&o=2500&plaEnabled=false&xdEnabled=false&isFacet=true&p=51 | run_id=run_20260930_154906_269231_a733d1 | brand=Gini and Jony | page=51 | route=https://www.myntra.com/gini-and-jony | seen=2473 | expected=2550
2026-09-30 16:11:22 | INFO    | PDP       | Processed 50 target products for Gini and Jony in 4s (732.94 products/min). | run_id=run_20260930_154906_269231_a733d1 | brand=Gini and Jony | saved=50 | elapsed_label=4s | products_per_minute=732.94
2026-09-30 16:11:22 | INFO    | LISTING   | Listing Gini and Jony route https://www.myntra.com/gini-and-jony page 52 -> https://www.myntra.com/gateway/v4/search/gini-and-jony?rows=50&o=2550&plaEnabled=false&xdEnabled=false&isFacet=true&p=52 | run_id=run_20260930_154906_269231_a733d1 | brand=Gini and Jony | page=52 | route=https://www.myntra.com/gini-and-jony | seen=2523 | expected=2550
2026-09-30 16:11:25 | INFO    | PDP       | Processed 14 target products for Gini and Jony in 2s (434.35 products/min). | run_id=run_20260930_154906_269231_a733d1 | brand=Gini and Jony | saved=14 | elapsed_label=2s | products_per_minute=434.35
2026-09-30 16:11:25 | INFO    | LISTING   | Listing Gini and Jony route https://www.myntra.com/gini-and-jony page 53 -> https://www.myntra.com/gateway/v4/search/gini-and-jony?rows=50&o=2600&plaEnabled=false&xdEnabled=false&isFacet=true&p=53 | run_id=run_20260930_154906_269231_a733d1 | brand=Gini and Jony | page=53 | route=https://www.myntra.com/gini-and-jony | seen=2537 | expected=2550
2026-09-30 16:11:26 | WARNING | LISTING   | Empty listing page for Gini and Jony on page 53 before expected end; continuing. | run_id=run_20260930_154906_269231_a733d1 | brand=Gini and Jony | page=53 | route=https://www.myntra.com/gini-and-jony
2026-09-30 16:11:26 | INFO    | LISTING   | Listing Gini and Jony route https://www.myntra.com/gini-and-jony page 54 -> https://www.myntra.com/gateway/v4/search/gini-and-jony?rows=50&o=2650&plaEnabled=false&xdEnabled=false&isFacet=true&p=54 | run_id=run_20260930_154906_269231_a733d1 | brand=Gini and Jony | page=54 | route=https://www.myntra.com/gini-and-jony | seen=2537 | expected=2550
2026-09-30 16:11:26 | WARNING | NETWORK   | JSON request failed for https://www.myntra.com/gateway/v4/search/gini-and-jony?rows=50&o=2650&plaEnabled=false&xdEnabled=false&isFacet=true&p=54 on attempt 1/3: HTTP Error 400:  | run_id=run_20260930_154906_269231_a733d1 | route=https://www.myntra.com/gateway/v4/search/gini-and-jony?rows=50&o=2650&plaEnabled=false&xdEnabled=false&isFacet=true&p=54 | attempt=1/3
2026-09-30 16:11:28 | WARNING | NETWORK   | JSON request failed for https://www.myntra.com/gateway/v4/search/gini-and-jony?rows=50&o=2650&plaEnabled=false&xdEnabled=false&isFacet=true&p=54 on attempt 2/3: HTTP Error 400:  | run_id=run_20260930_154906_269231_a733d1 | route=https://www.myntra.com/gateway/v4/search/gini-and-jony?rows=50&o=2650&plaEnabled=false&xdEnabled=false&isFacet=true&p=54 | attempt=2/3
2026-09-30 16:11:31 | WARNING | NETWORK   | JSON request failed for https://www.myntra.com/gateway/v4/search/gini-and-jony?rows=50&o=2650&plaEnabled=false&xdEnabled=false&isFacet=true&p=54 on attempt 3/3: HTTP Error 400:  | run_id=run_20260930_154906_269231_a733d1 | route=https://www.myntra.com/gateway/v4/search/gini-and-jony?rows=50&o=2650&plaEnabled=false&xdEnabled=false&isFacet=true&p=54 | attempt=3/3
2026-09-30 16:11:31 | WARNING | NETWORK   | JSON request failed for https://www.myntra.com/gateway/v4/search/gini-and-jony?rows=50&o=2649&plaEnabled=false&xdEnabled=false&isFacet=true&p=54 on attempt 1/3: HTTP Error 400:  | run_id=run_20260930_154906_269231_a733d1 | route=https://www.myntra.com/gateway/v4/search/gini-and-jony?rows=50&o=2649&plaEnabled=false&xdEnabled=false&isFacet=true&p=54 | attempt=1/3
2026-09-30 16:11:33 | WARNING | NETWORK   | JSON request failed for https://www.myntra.com/gateway/v4/search/gini-and-jony?rows=50&o=2649&plaEnabled=false&xdEnabled=false&isFacet=true&p=54 on attempt 2/3: HTTP Error 400:  | run_id=run_20260930_154906_269231_a733d1 | route=https://www.myntra.com/gateway/v4/search/gini-and-jony?rows=50&o=2649&plaEnabled=false&xdEnabled=false&isFacet=true&p=54 | attempt=2/3
2026-09-30 16:11:36 | WARNING | NETWORK   | JSON request failed for https://www.myntra.com/gateway/v4/search/gini-and-jony?rows=50&o=2649&plaEnabled=false&xdEnabled=false&isFacet=true&p=54 on attempt 3/3: HTTP Error 400:  | run_id=run_20260930_154906_269231_a733d1 | route=https://www.myntra.com/gateway/v4/search/gini-and-jony?rows=50&o=2649&plaEnabled=false&xdEnabled=false&isFacet=true&p=54 | attempt=3/3
2026-09-30 16:11:37 | WARNING | LISTING   | Route fetch failed for https://www.myntra.com/gini-and-jony page 54 (Failed to fetch JSON payload from https://www.myntra.com/gateway/v4/search/gini-and-jony?rows=50&o=2649&plaEnabled=false&xdEnabled=false&isFacet=true&p=54: HTTP Error 400: ). Will retry with another pass or fallback route. | run_id=run_20260930_154906_269231_a733d1 | brand=Gini and Jony | page=54 | route=https://www.myntra.com/gini-and-jony
2026-09-30 16:11:37 | WARNING | BRAND     | Brand Gini and Jony finished below expected count: saw 2537 unique shirts products vs expected 2550. | run_id=run_20260930_154906_269231_a733d1 | brand=Gini and Jony | seen=2537 | expected=2550
2026-09-30 16:11:37 | INFO    | BRAND     | Brand scrape completed in 3m 32s (718.55 products/min). | run_id=run_20260930_154906_269231_a733d1 | brand=Gini and Jony | status=COMPLETED | saved=2537 | seen=2537 | expected=2550 | elapsed_label=3m 32s | products_per_minute=718.55
2026-09-30 16:11:37 | INFO    | BRAND     | Resolving brand routes. | run_id=run_20260930_154906_269231_a733d1 | brand=U.S. Polo Kids
2026-09-30 16:11:38 | INFO    | BRAND     | Resolved U.S. Polo Kids -> 2 routes (best brand total=5351): https://www.myntra.com/us-polo-assn-kids, https://www.myntra.com/u.s.-polo-assn.-kids | run_id=run_20260930_154906_269231_a733d1 | brand=U.S. Polo Kids | expected=5351
2026-09-30 16:11:38 | INFO    | BRAND     | Starting brand scrape. | run_id=run_20260930_154906_269231_a733d1 | brand=U.S. Polo Kids | expected=5351
2026-09-30 16:11:38 | INFO    | LISTING   | Listing U.S. Polo Kids route https://www.myntra.com/us-polo-assn-kids page 1 -> https://www.myntra.com/gateway/v4/search/us-polo-assn-kids?rows=50&o=0&plaEnabled=false&xdEnabled=false&isFacet=true&p=1 | run_id=run_20260930_154906_269231_a733d1 | brand=U.S. Polo Kids | page=1 | route=https://www.myntra.com/us-polo-assn-kids | seen=0 | expected=5351
2026-09-30 16:11:42 | INFO    | PDP       | Processed 42 target products for U.S. Polo Kids in 3s (918.89 products/min). | run_id=run_20260930_154906_269231_a733d1 | brand=U.S. Polo Kids | saved=42 | elapsed_label=3s | products_per_minute=918.89
2026-09-30 16:11:42 | INFO    | LISTING   | Listing U.S. Polo Kids route https://www.myntra.com/us-polo-assn-kids page 2 -> https://www.myntra.com/gateway/v4/search/us-polo-assn-kids?rows=50&o=50&plaEnabled=false&xdEnabled=false&isFacet=true&p=2 | run_id=run_20260930_154906_269231_a733d1 | brand=U.S. Polo Kids | page=2 | route=https://www.myntra.com/us-polo-assn-kids | seen=42 | expected=5351
2026-09-30 16:11:46 | INFO    | PDP       | Processed 50 target products for U.S. Polo Kids in 3s (1050.86 products/min). | run_id=run_20260930_154906_269231_a733d1 | brand=U.S. Polo Kids | saved=50 | elapsed_label=3s | products_per_minute=1050.86
2026-09-30 16:11:46 | INFO    | LISTING   | Listing U.S. Polo Kids route https://www.myntra.com/us-polo-assn-kids page 3 -> https://www.myntra.com/gateway/v4/search/us-polo-assn-kids?rows=50&o=100&plaEnabled=false&xdEnabled=false&isFacet=true&p=3 | run_id=run_20260930_154906_269231_a733d1 | brand=U.S. Polo Kids | page=3 | route=https://www.myntra.com/us-polo-assn-kids | seen=92 | expected=5351
2026-09-30 16:11:50 | INFO    | PDP       | Processed 49 target products for U.S. Polo Kids in 3s (854.21 products/min). | run_id=run_20260930_154906_269231_a733d1 | brand=U.S. Polo Kids | saved=49 | elapsed_label=3s | products_per_minute=854.21
2026-09-30 16:11:50 | INFO    | LISTING   | Listing U.S. Polo Kids route https://www.myntra.com/us-polo-assn-kids page 4 -> https://www.myntra.com/gateway/v4/search/us-polo-assn-kids?rows=50&o=150&plaEnabled=false&xdEnabled=false&isFacet=true&p=4 | run_id=run_20260930_154906_269231_a733d1 | brand=U.S. Polo Kids | page=4 | route=https://www.myntra.com/us-polo-assn-kids | seen=141 | expected=5351
2026-09-30 16:11:54 | INFO    | PDP       | Processed 48 target products for U.S. Polo Kids in 3s (862.4 products/min). | run_id=run_20260930_154906_269231_a733d1 | brand=U.S. Polo Kids | saved=48 | elapsed_label=3s | products_per_minute=862.4
2026-09-30 16:11:54 | INFO    | LISTING   | Listing U.S. Polo Kids route https://www.myntra.com/us-polo-assn-kids page 5 -> https://www.myntra.com/gateway/v4/search/us-polo-assn-kids?rows=50&o=200&plaEnabled=false&xdEnabled=false&isFacet=true&p=5 | run_id=run_20260930_154906_269231_a733d1 | brand=U.S. Polo Kids | page=5 | route=https://www.myntra.com/us-polo-assn-kids | seen=189 | expected=5351
2026-09-30 16:11:58 | INFO    | PDP       | Processed 47 target products for U.S. Polo Kids in 3s (995.09 products/min). | run_id=run_20260930_154906_269231_a733d1 | brand=U.S. Polo Kids | saved=47 | elapsed_label=3s | products_per_minute=995.09
2026-09-30 16:11:58 | INFO    | LISTING   | Listing U.S. Polo Kids route https://www.myntra.com/us-polo-assn-kids page 6 -> https://www.myntra.com/gateway/v4/search/us-polo-assn-kids?rows=50&o=250&plaEnabled=false&xdEnabled=false&isFacet=true&p=6 | run_id=run_20260930_154906_269231_a733d1 | brand=U.S. Polo Kids | page=6 | route=https://www.myntra.com/us-polo-assn-kids | seen=236 | expected=5351
2026-09-30 16:12:02 | INFO    | PDP       | Processed 50 target products for U.S. Polo Kids in 3s (1035.35 products/min). | run_id=run_20260930_154906_269231_a733d1 | brand=U.S. Polo Kids | saved=50 | elapsed_label=3s | products_per_minute=1035.35
2026-09-30 16:12:02 | INFO    | LISTING   | Listing U.S. Polo Kids route https://www.myntra.com/us-polo-assn-kids page 7 -> https://www.myntra.com/gateway/v4/search/us-polo-assn-kids?rows=50&o=300&plaEnabled=false&xdEnabled=false&isFacet=true&p=7 | run_id=run_20260930_154906_269231_a733d1 | brand=U.S. Polo Kids | page=7 | route=https://www.myntra.com/us-polo-assn-kids | seen=286 | expected=5351
2026-09-30 16:12:05 | INFO    | PDP       | Processed 48 target products for U.S. Polo Kids in 3s (999.08 products/min). | run_id=run_20260930_154906_269231_a733d1 | brand=U.S. Polo Kids | saved=48 | elapsed_label=3s | products_per_minute=999.08
2026-09-30 16:12:06 | INFO    | LISTING   | Listing U.S. Polo Kids route https://www.myntra.com/us-polo-assn-kids page 8 -> https://www.myntra.com/gateway/v4/search/us-polo-assn-kids?rows=50&o=350&plaEnabled=false&xdEnabled=false&isFacet=true&p=8 | run_id=run_20260930_154906_269231_a733d1 | brand=U.S. Polo Kids | page=8 | route=https://www.myntra.com/us-polo-assn-kids | seen=334 | expected=5351
2026-09-30 16:12:09 | INFO    | PDP       | Processed 50 target products for U.S. Polo Kids in 3s (991.78 products/min). | run_id=run_20260930_154906_269231_a733d1 | brand=U.S. Polo Kids | saved=50 | elapsed_label=3s | products_per_minute=991.78
2026-09-30 16:12:09 | INFO    | LISTING   | Listing U.S. Polo Kids route https://www.myntra.com/us-polo-assn-kids page 9 -> https://www.myntra.com/gateway/v4/search/us-polo-assn-kids?rows=50&o=400&plaEnabled=false&xdEnabled=false&isFacet=true&p=9 | run_id=run_20260930_154906_269231_a733d1 | brand=U.S. Polo Kids | page=9 | route=https://www.myntra.com/us-polo-assn-kids | seen=384 | expected=5351
2026-09-30 16:12:13 | INFO    | PDP       | Processed 50 target products for U.S. Polo Kids in 3s (937.08 products/min). | run_id=run_20260930_154906_269231_a733d1 | brand=U.S. Polo Kids | saved=50 | elapsed_label=3s | products_per_minute=937.08
2026-09-30 16:12:13 | INFO    | LISTING   | Listing U.S. Polo Kids route https://www.myntra.com/us-polo-assn-kids page 10 -> https://www.myntra.com/gateway/v4/search/us-polo-assn-kids?rows=50&o=450&plaEnabled=false&xdEnabled=false&isFacet=true&p=10 | run_id=run_20260930_154906_269231_a733d1 | brand=U.S. Polo Kids | page=10 | route=https://www.myntra.com/us-polo-assn-kids | seen=434 | expected=5351
2026-09-30 16:12:17 | INFO    | PDP       | Processed 49 target products for U.S. Polo Kids in 3s (984.13 products/min). | run_id=run_20260930_154906_269231_a733d1 | brand=U.S. Polo Kids | saved=49 | elapsed_label=3s | products_per_minute=984.13
2026-09-30 16:12:17 | INFO    | LISTING   | Listing U.S. Polo Kids route https://www.myntra.com/us-polo-assn-kids page 11 -> https://www.myntra.com/gateway/v4/search/us-polo-assn-kids?rows=50&o=500&plaEnabled=false&xdEnabled=false&isFacet=true&p=11 | run_id=run_20260930_154906_269231_a733d1 | brand=U.S. Polo Kids | page=11 | route=https://www.myntra.com/us-polo-assn-kids | seen=483 | expected=5351
2026-09-30 16:12:21 | INFO    | PDP       | Processed 50 target products for U.S. Polo Kids in 3s (1159.94 products/min). | run_id=run_20260930_154906_269231_a733d1 | brand=U.S. Polo Kids | saved=50 | elapsed_label=3s | products_per_minute=1159.94
2026-09-30 16:12:21 | INFO    | LISTING   | Listing U.S. Polo Kids route https://www.myntra.com/us-polo-assn-kids page 12 -> https://www.myntra.com/gateway/v4/search/us-polo-assn-kids?rows=50&o=550&plaEnabled=false&xdEnabled=false&isFacet=true&p=12 | run_id=run_20260930_154906_269231_a733d1 | brand=U.S. Polo Kids | page=12 | route=https://www.myntra.com/us-polo-assn-kids | seen=533 | expected=5351
2026-09-30 16:12:24 | INFO    | PDP       | Processed 50 target products for U.S. Polo Kids in 3s (1176.26 products/min). | run_id=run_20260930_154906_269231_a733d1 | brand=U.S. Polo Kids | saved=50 | elapsed_label=3s | products_per_minute=1176.26
2026-09-30 16:12:24 | INFO    | LISTING   | Listing U.S. Polo Kids route https://www.myntra.com/us-polo-assn-kids page 13 -> https://www.myntra.com/gateway/v4/search/us-polo-assn-kids?rows=50&o=600&plaEnabled=false&xdEnabled=false&isFacet=true&p=13 | run_id=run_20260930_154906_269231_a733d1 | brand=U.S. Polo Kids | page=13 | route=https://www.myntra.com/us-polo-assn-kids | seen=583 | expected=5351
2026-09-30 16:12:27 | INFO    | PDP       | Processed 50 target products for U.S. Polo Kids in 2s (1203.07 products/min). | run_id=run_20260930_154906_269231_a733d1 | brand=U.S. Polo Kids | saved=50 | elapsed_label=2s | products_per_minute=1203.07
2026-09-30 16:12:27 | INFO    | LISTING   | Listing U.S. Polo Kids route https://www.myntra.com/us-polo-assn-kids page 14 -> https://www.myntra.com/gateway/v4/search/us-polo-assn-kids?rows=50&o=650&plaEnabled=false&xdEnabled=false&isFacet=true&p=14 | run_id=run_20260930_154906_269231_a733d1 | brand=U.S. Polo Kids | page=14 | route=https://www.myntra.com/us-polo-assn-kids | seen=633 | expected=5351
2026-09-30 16:12:31 | INFO    | PDP       | Processed 50 target products for U.S. Polo Kids in 2s (1215.26 products/min). | run_id=run_20260930_154906_269231_a733d1 | brand=U.S. Polo Kids | saved=50 | elapsed_label=2s | products_per_minute=1215.26
2026-09-30 16:12:31 | INFO    | LISTING   | Listing U.S. Polo Kids route https://www.myntra.com/us-polo-assn-kids page 15 -> https://www.myntra.com/gateway/v4/search/us-polo-assn-kids?rows=50&o=700&plaEnabled=false&xdEnabled=false&isFacet=true&p=15 | run_id=run_20260930_154906_269231_a733d1 | brand=U.S. Polo Kids | page=15 | route=https://www.myntra.com/us-polo-assn-kids | seen=683 | expected=5351
2026-09-30 16:12:34 | INFO    | PDP       | Processed 48 target products for U.S. Polo Kids in 3s (1060.64 products/min). | run_id=run_20260930_154906_269231_a733d1 | brand=U.S. Polo Kids | saved=48 | elapsed_label=3s | products_per_minute=1060.64
2026-09-30 16:12:34 | INFO    | LISTING   | Listing U.S. Polo Kids route https://www.myntra.com/us-polo-assn-kids page 16 -> https://www.myntra.com/gateway/v4/search/us-polo-assn-kids?rows=50&o=750&plaEnabled=false&xdEnabled=false&isFacet=true&p=16 | run_id=run_20260930_154906_269231_a733d1 | brand=U.S. Polo Kids | page=16 | route=https://www.myntra.com/us-polo-assn-kids | seen=731 | expected=5351
2026-09-30 16:12:37 | INFO    | PDP       | Processed 50 target products for U.S. Polo Kids in 3s (1150.66 products/min). | run_id=run_20260930_154906_269231_a733d1 | brand=U.S. Polo Kids | saved=50 | elapsed_label=3s | products_per_minute=1150.66
2026-09-30 16:12:38 | INFO    | LISTING   | Listing U.S. Polo Kids route https://www.myntra.com/us-polo-assn-kids page 17 -> https://www.myntra.com/gateway/v4/search/us-polo-assn-kids?rows=50&o=800&plaEnabled=false&xdEnabled=false&isFacet=true&p=17 | run_id=run_20260930_154906_269231_a733d1 | brand=U.S. Polo Kids | page=17 | route=https://www.myntra.com/us-polo-assn-kids | seen=781 | expected=5351
2026-09-30 16:12:41 | INFO    | PDP       | Processed 49 target products for U.S. Polo Kids in 3s (998.45 products/min). | run_id=run_20260930_154906_269231_a733d1 | brand=U.S. Polo Kids | saved=49 | elapsed_label=3s | products_per_minute=998.45
2026-09-30 16:12:41 | INFO    | LISTING   | Listing U.S. Polo Kids route https://www.myntra.com/us-polo-assn-kids page 18 -> https://www.myntra.com/gateway/v4/search/us-polo-assn-kids?rows=50&o=850&plaEnabled=false&xdEnabled=false&isFacet=true&p=18 | run_id=run_20260930_154906_269231_a733d1 | brand=U.S. Polo Kids | page=18 | route=https://www.myntra.com/us-polo-assn-kids | seen=830 | expected=5351
2026-09-30 16:12:45 | INFO    | PDP       | Processed 47 target products for U.S. Polo Kids in 3s (972.52 products/min). | run_id=run_20260930_154906_269231_a733d1 | brand=U.S. Polo Kids | saved=47 | elapsed_label=3s | products_per_minute=972.52
2026-09-30 16:12:45 | INFO    | LISTING   | Listing U.S. Polo Kids route https://www.myntra.com/us-polo-assn-kids page 19 -> https://www.myntra.com/gateway/v4/search/us-polo-assn-kids?rows=50&o=900&plaEnabled=false&xdEnabled=false&isFacet=true&p=19 | run_id=run_20260930_154906_269231_a733d1 | brand=U.S. Polo Kids | page=19 | route=https://www.myntra.com/us-polo-assn-kids | seen=877 | expected=5351
2026-09-30 16:12:49 | INFO    | PDP       | Processed 50 target products for U.S. Polo Kids in 3s (955.98 products/min). | run_id=run_20260930_154906_269231_a733d1 | brand=U.S. Polo Kids | saved=50 | elapsed_label=3s | products_per_minute=955.98
2026-09-30 16:12:49 | INFO    | LISTING   | Listing U.S. Polo Kids route https://www.myntra.com/us-polo-assn-kids page 20 -> https://www.myntra.com/gateway/v4/search/us-polo-assn-kids?rows=50&o=950&plaEnabled=false&xdEnabled=false&isFacet=true&p=20 | run_id=run_20260930_154906_269231_a733d1 | brand=U.S. Polo Kids | page=20 | route=https://www.myntra.com/us-polo-assn-kids | seen=927 | expected=5351
2026-09-30 16:12:52 | INFO    | PDP       | Processed 50 target products for U.S. Polo Kids in 3s (1119.43 products/min). | run_id=run_20260930_154906_269231_a733d1 | brand=U.S. Polo Kids | saved=50 | elapsed_label=3s | products_per_minute=1119.43
2026-09-30 16:12:53 | INFO    | LISTING   | Listing U.S. Polo Kids route https://www.myntra.com/us-polo-assn-kids page 21 -> https://www.myntra.com/gateway/v4/search/us-polo-assn-kids?rows=50&o=1000&plaEnabled=false&xdEnabled=false&isFacet=true&p=21 | run_id=run_20260930_154906_269231_a733d1 | brand=U.S. Polo Kids | page=21 | route=https://www.myntra.com/us-polo-assn-kids | seen=977 | expected=5351
2026-09-30 16:12:56 | INFO    | PDP       | Processed 50 target products for U.S. Polo Kids in 3s (973.28 products/min). | run_id=run_20260930_154906_269231_a733d1 | brand=U.S. Polo Kids | saved=50 | elapsed_label=3s | products_per_minute=973.28
2026-09-30 16:12:56 | INFO    | LISTING   | Listing U.S. Polo Kids route https://www.myntra.com/us-polo-assn-kids page 22 -> https://www.myntra.com/gateway/v4/search/us-polo-assn-kids?rows=50&o=1050&plaEnabled=false&xdEnabled=false&isFacet=true&p=22 | run_id=run_20260930_154906_269231_a733d1 | brand=U.S. Polo Kids | page=22 | route=https://www.myntra.com/us-polo-assn-kids | seen=1027 | expected=5351
2026-09-30 16:13:00 | INFO    | PDP       | Processed 50 target products for U.S. Polo Kids in 3s (988.34 products/min). | run_id=run_20260930_154906_269231_a733d1 | brand=U.S. Polo Kids | saved=50 | elapsed_label=3s | products_per_minute=988.34
2026-09-30 16:13:00 | INFO    | LISTING   | Listing U.S. Polo Kids route https://www.myntra.com/us-polo-assn-kids page 23 -> https://www.myntra.com/gateway/v4/search/us-polo-assn-kids?rows=50&o=1100&plaEnabled=false&xdEnabled=false&isFacet=true&p=23 | run_id=run_20260930_154906_269231_a733d1 | brand=U.S. Polo Kids | page=23 | route=https://www.myntra.com/us-polo-assn-kids | seen=1077 | expected=5351
2026-09-30 16:13:03 | INFO    | PDP       | Processed 47 target products for U.S. Polo Kids in 2s (1163.72 products/min). | run_id=run_20260930_154906_269231_a733d1 | brand=U.S. Polo Kids | saved=47 | elapsed_label=2s | products_per_minute=1163.72
2026-09-30 16:13:04 | INFO    | LISTING   | Listing U.S. Polo Kids route https://www.myntra.com/us-polo-assn-kids page 24 -> https://www.myntra.com/gateway/v4/search/us-polo-assn-kids?rows=50&o=1150&plaEnabled=false&xdEnabled=false&isFacet=true&p=24 | run_id=run_20260930_154906_269231_a733d1 | brand=U.S. Polo Kids | page=24 | route=https://www.myntra.com/us-polo-assn-kids | seen=1124 | expected=5351
2026-09-30 16:13:07 | INFO    | PDP       | Processed 50 target products for U.S. Polo Kids in 3s (1119.51 products/min). | run_id=run_20260930_154906_269231_a733d1 | brand=U.S. Polo Kids | saved=50 | elapsed_label=3s | products_per_minute=1119.51
2026-09-30 16:13:07 | INFO    | LISTING   | Listing U.S. Polo Kids route https://www.myntra.com/us-polo-assn-kids page 25 -> https://www.myntra.com/gateway/v4/search/us-polo-assn-kids?rows=50&o=1200&plaEnabled=false&xdEnabled=false&isFacet=true&p=25 | run_id=run_20260930_154906_269231_a733d1 | brand=U.S. Polo Kids | page=25 | route=https://www.myntra.com/us-polo-assn-kids | seen=1174 | expected=5351
2026-09-30 16:13:10 | INFO    | PDP       | Processed 50 target products for U.S. Polo Kids in 3s (1042.75 products/min). | run_id=run_20260930_154906_269231_a733d1 | brand=U.S. Polo Kids | saved=50 | elapsed_label=3s | products_per_minute=1042.75
2026-09-30 16:13:11 | INFO    | LISTING   | Listing U.S. Polo Kids route https://www.myntra.com/us-polo-assn-kids page 26 -> https://www.myntra.com/gateway/v4/search/us-polo-assn-kids?rows=50&o=1250&plaEnabled=false&xdEnabled=false&isFacet=true&p=26 | run_id=run_20260930_154906_269231_a733d1 | brand=U.S. Polo Kids | page=26 | route=https://www.myntra.com/us-polo-assn-kids | seen=1224 | expected=5351
2026-09-30 16:13:14 | INFO    | PDP       | Processed 46 target products for U.S. Polo Kids in 3s (1085.5 products/min). | run_id=run_20260930_154906_269231_a733d1 | brand=U.S. Polo Kids | saved=46 | elapsed_label=3s | products_per_minute=1085.5
2026-09-30 16:13:14 | INFO    | LISTING   | Listing U.S. Polo Kids route https://www.myntra.com/us-polo-assn-kids page 27 -> https://www.myntra.com/gateway/v4/search/us-polo-assn-kids?rows=50&o=1300&plaEnabled=false&xdEnabled=false&isFacet=true&p=27 | run_id=run_20260930_154906_269231_a733d1 | brand=U.S. Polo Kids | page=27 | route=https://www.myntra.com/us-polo-assn-kids | seen=1270 | expected=5351
2026-09-30 16:13:17 | INFO    | PDP       | Processed 49 target products for U.S. Polo Kids in 3s (1037.11 products/min). | run_id=run_20260930_154906_269231_a733d1 | brand=U.S. Polo Kids | saved=49 | elapsed_label=3s | products_per_minute=1037.11
2026-09-30 16:13:17 | INFO    | LISTING   | Listing U.S. Polo Kids route https://www.myntra.com/us-polo-assn-kids page 28 -> https://www.myntra.com/gateway/v4/search/us-polo-assn-kids?rows=50&o=1350&plaEnabled=false&xdEnabled=false&isFacet=true&p=28 | run_id=run_20260930_154906_269231_a733d1 | brand=U.S. Polo Kids | page=28 | route=https://www.myntra.com/us-polo-assn-kids | seen=1319 | expected=5351
2026-09-30 16:13:21 | INFO    | PDP       | Processed 50 target products for U.S. Polo Kids in 3s (1126.58 products/min). | run_id=run_20260930_154906_269231_a733d1 | brand=U.S. Polo Kids | saved=50 | elapsed_label=3s | products_per_minute=1126.58
2026-09-30 16:13:21 | INFO    | LISTING   | Listing U.S. Polo Kids route https://www.myntra.com/us-polo-assn-kids page 29 -> https://www.myntra.com/gateway/v4/search/us-polo-assn-kids?rows=50&o=1400&plaEnabled=false&xdEnabled=false&isFacet=true&p=29 | run_id=run_20260930_154906_269231_a733d1 | brand=U.S. Polo Kids | page=29 | route=https://www.myntra.com/us-polo-assn-kids | seen=1369 | expected=5351
2026-09-30 16:13:24 | INFO    | PDP       | Processed 50 target products for U.S. Polo Kids in 3s (1017.33 products/min). | run_id=run_20260930_154906_269231_a733d1 | brand=U.S. Polo Kids | saved=50 | elapsed_label=3s | products_per_minute=1017.33
2026-09-30 16:13:25 | INFO    | LISTING   | Listing U.S. Polo Kids route https://www.myntra.com/us-polo-assn-kids page 30 -> https://www.myntra.com/gateway/v4/search/us-polo-assn-kids?rows=50&o=1450&plaEnabled=false&xdEnabled=false&isFacet=true&p=30 | run_id=run_20260930_154906_269231_a733d1 | brand=U.S. Polo Kids | page=30 | route=https://www.myntra.com/us-polo-assn-kids | seen=1419 | expected=5351
2026-09-30 16:13:28 | INFO    | PDP       | Processed 50 target products for U.S. Polo Kids in 3s (986.58 products/min). | run_id=run_20260930_154906_269231_a733d1 | brand=U.S. Polo Kids | saved=50 | elapsed_label=3s | products_per_minute=986.58
2026-09-30 16:13:28 | INFO    | LISTING   | Listing U.S. Polo Kids route https://www.myntra.com/us-polo-assn-kids page 31 -> https://www.myntra.com/gateway/v4/search/us-polo-assn-kids?rows=50&o=1500&plaEnabled=false&xdEnabled=false&isFacet=true&p=31 | run_id=run_20260930_154906_269231_a733d1 | brand=U.S. Polo Kids | page=31 | route=https://www.myntra.com/us-polo-assn-kids | seen=1469 | expected=5351
2026-09-30 16:13:32 | INFO    | PDP       | Processed 50 target products for U.S. Polo Kids in 3s (915.95 products/min). | run_id=run_20260930_154906_269231_a733d1 | brand=U.S. Polo Kids | saved=50 | elapsed_label=3s | products_per_minute=915.95
2026-09-30 16:13:32 | INFO    | LISTING   | Listing U.S. Polo Kids route https://www.myntra.com/us-polo-assn-kids page 32 -> https://www.myntra.com/gateway/v4/search/us-polo-assn-kids?rows=50&o=1550&plaEnabled=false&xdEnabled=false&isFacet=true&p=32 | run_id=run_20260930_154906_269231_a733d1 | brand=U.S. Polo Kids | page=32 | route=https://www.myntra.com/us-polo-assn-kids | seen=1519 | expected=5351
2026-09-30 16:13:36 | INFO    | PDP       | Processed 50 target products for U.S. Polo Kids in 2s (1230.64 products/min). | run_id=run_20260930_154906_269231_a733d1 | brand=U.S. Polo Kids | saved=50 | elapsed_label=2s | products_per_minute=1230.64
2026-09-30 16:13:36 | INFO    | LISTING   | Listing U.S. Polo Kids route https://www.myntra.com/us-polo-assn-kids page 33 -> https://www.myntra.com/gateway/v4/search/us-polo-assn-kids?rows=50&o=1600&plaEnabled=false&xdEnabled=false&isFacet=true&p=33 | run_id=run_20260930_154906_269231_a733d1 | brand=U.S. Polo Kids | page=33 | route=https://www.myntra.com/us-polo-assn-kids | seen=1569 | expected=5351
2026-09-30 16:13:39 | INFO    | PDP       | Processed 50 target products for U.S. Polo Kids in 3s (1187.81 products/min). | run_id=run_20260930_154906_269231_a733d1 | brand=U.S. Polo Kids | saved=50 | elapsed_label=3s | products_per_minute=1187.81
2026-09-30 16:13:39 | INFO    | LISTING   | Listing U.S. Polo Kids route https://www.myntra.com/us-polo-assn-kids page 34 -> https://www.myntra.com/gateway/v4/search/us-polo-assn-kids?rows=50&o=1650&plaEnabled=false&xdEnabled=false&isFacet=true&p=34 | run_id=run_20260930_154906_269231_a733d1 | brand=U.S. Polo Kids | page=34 | route=https://www.myntra.com/us-polo-assn-kids | seen=1619 | expected=5351
2026-09-30 16:13:43 | INFO    | PDP       | Processed 50 target products for U.S. Polo Kids in 3s (917.39 products/min). | run_id=run_20260930_154906_269231_a733d1 | brand=U.S. Polo Kids | saved=50 | elapsed_label=3s | products_per_minute=917.39
2026-09-30 16:13:43 | INFO    | LISTING   | Listing U.S. Polo Kids route https://www.myntra.com/us-polo-assn-kids page 35 -> https://www.myntra.com/gateway/v4/search/us-polo-assn-kids?rows=50&o=1700&plaEnabled=false&xdEnabled=false&isFacet=true&p=35 | run_id=run_20260930_154906_269231_a733d1 | brand=U.S. Polo Kids | page=35 | route=https://www.myntra.com/us-polo-assn-kids | seen=1669 | expected=5351
2026-09-30 16:13:46 | INFO    | PDP       | Processed 50 target products for U.S. Polo Kids in 3s (1197.95 products/min). | run_id=run_20260930_154906_269231_a733d1 | brand=U.S. Polo Kids | saved=50 | elapsed_label=3s | products_per_minute=1197.95
2026-09-30 16:13:46 | INFO    | LISTING   | Listing U.S. Polo Kids route https://www.myntra.com/us-polo-assn-kids page 36 -> https://www.myntra.com/gateway/v4/search/us-polo-assn-kids?rows=50&o=1750&plaEnabled=false&xdEnabled=false&isFacet=true&p=36 | run_id=run_20260930_154906_269231_a733d1 | brand=U.S. Polo Kids | page=36 | route=https://www.myntra.com/us-polo-assn-kids | seen=1719 | expected=5351
2026-09-30 16:13:49 | INFO    | PDP       | Processed 50 target products for U.S. Polo Kids in 2s (1210.71 products/min). | run_id=run_20260930_154906_269231_a733d1 | brand=U.S. Polo Kids | saved=50 | elapsed_label=2s | products_per_minute=1210.71
2026-09-30 16:13:49 | INFO    | LISTING   | Listing U.S. Polo Kids route https://www.myntra.com/us-polo-assn-kids page 37 -> https://www.myntra.com/gateway/v4/search/us-polo-assn-kids?rows=50&o=1800&plaEnabled=false&xdEnabled=false&isFacet=true&p=37 | run_id=run_20260930_154906_269231_a733d1 | brand=U.S. Polo Kids | page=37 | route=https://www.myntra.com/us-polo-assn-kids | seen=1769 | expected=5351
2026-09-30 16:13:53 | INFO    | PDP       | Processed 50 target products for U.S. Polo Kids in 3s (1003.74 products/min). | run_id=run_20260930_154906_269231_a733d1 | brand=U.S. Polo Kids | saved=50 | elapsed_label=3s | products_per_minute=1003.74
2026-09-30 16:13:53 | INFO    | LISTING   | Listing U.S. Polo Kids route https://www.myntra.com/us-polo-assn-kids page 38 -> https://www.myntra.com/gateway/v4/search/us-polo-assn-kids?rows=50&o=1850&plaEnabled=false&xdEnabled=false&isFacet=true&p=38 | run_id=run_20260930_154906_269231_a733d1 | brand=U.S. Polo Kids | page=38 | route=https://www.myntra.com/us-polo-assn-kids | seen=1819 | expected=5351
2026-09-30 16:13:57 | INFO    | PDP       | Processed 50 target products for U.S. Polo Kids in 4s (853.44 products/min). | run_id=run_20260930_154906_269231_a733d1 | brand=U.S. Polo Kids | saved=50 | elapsed_label=4s | products_per_minute=853.44
2026-09-30 16:13:58 | INFO    | LISTING   | Listing U.S. Polo Kids route https://www.myntra.com/us-polo-assn-kids page 39 -> https://www.myntra.com/gateway/v4/search/us-polo-assn-kids?rows=50&o=1900&plaEnabled=false&xdEnabled=false&isFacet=true&p=39 | run_id=run_20260930_154906_269231_a733d1 | brand=U.S. Polo Kids | page=39 | route=https://www.myntra.com/us-polo-assn-kids | seen=1869 | expected=5351
2026-09-30 16:14:02 | INFO    | PDP       | Processed 50 target products for U.S. Polo Kids in 3s (906.18 products/min). | run_id=run_20260930_154906_269231_a733d1 | brand=U.S. Polo Kids | saved=50 | elapsed_label=3s | products_per_minute=906.18
2026-09-30 16:14:02 | INFO    | LISTING   | Listing U.S. Polo Kids route https://www.myntra.com/us-polo-assn-kids page 40 -> https://www.myntra.com/gateway/v4/search/us-polo-assn-kids?rows=50&o=1950&plaEnabled=false&xdEnabled=false&isFacet=true&p=40 | run_id=run_20260930_154906_269231_a733d1 | brand=U.S. Polo Kids | page=40 | route=https://www.myntra.com/us-polo-assn-kids | seen=1919 | expected=5351
2026-09-30 16:14:05 | INFO    | PDP       | Processed 49 target products for U.S. Polo Kids in 3s (1015.85 products/min). | run_id=run_20260930_154906_269231_a733d1 | brand=U.S. Polo Kids | saved=49 | elapsed_label=3s | products_per_minute=1015.85
2026-09-30 16:14:05 | INFO    | LISTING   | Listing U.S. Polo Kids route https://www.myntra.com/us-polo-assn-kids page 41 -> https://www.myntra.com/gateway/v4/search/us-polo-assn-kids?rows=50&o=2000&plaEnabled=false&xdEnabled=false&isFacet=true&p=41 | run_id=run_20260930_154906_269231_a733d1 | brand=U.S. Polo Kids | page=41 | route=https://www.myntra.com/us-polo-assn-kids | seen=1968 | expected=5351
2026-09-30 16:14:09 | INFO    | PDP       | Processed 50 target products for U.S. Polo Kids in 3s (1040.92 products/min). | run_id=run_20260930_154906_269231_a733d1 | brand=U.S. Polo Kids | saved=50 | elapsed_label=3s | products_per_minute=1040.92
2026-09-30 16:14:09 | INFO    | LISTING   | Listing U.S. Polo Kids route https://www.myntra.com/us-polo-assn-kids page 42 -> https://www.myntra.com/gateway/v4/search/us-polo-assn-kids?rows=50&o=2050&plaEnabled=false&xdEnabled=false&isFacet=true&p=42 | run_id=run_20260930_154906_269231_a733d1 | brand=U.S. Polo Kids | page=42 | route=https://www.myntra.com/us-polo-assn-kids | seen=2018 | expected=5351
2026-09-30 16:14:13 | INFO    | PDP       | Processed 50 target products for U.S. Polo Kids in 3s (977.47 products/min). | run_id=run_20260930_154906_269231_a733d1 | brand=U.S. Polo Kids | saved=50 | elapsed_label=3s | products_per_minute=977.47
2026-09-30 16:14:13 | INFO    | LISTING   | Listing U.S. Polo Kids route https://www.myntra.com/us-polo-assn-kids page 43 -> https://www.myntra.com/gateway/v4/search/us-polo-assn-kids?rows=50&o=2100&plaEnabled=false&xdEnabled=false&isFacet=true&p=43 | run_id=run_20260930_154906_269231_a733d1 | brand=U.S. Polo Kids | page=43 | route=https://www.myntra.com/us-polo-assn-kids | seen=2068 | expected=5351
2026-09-30 16:14:17 | INFO    | PDP       | Processed 50 target products for U.S. Polo Kids in 4s (816.96 products/min). | run_id=run_20260930_154906_269231_a733d1 | brand=U.S. Polo Kids | saved=50 | elapsed_label=4s | products_per_minute=816.96
2026-09-30 16:14:17 | INFO    | LISTING   | Listing U.S. Polo Kids route https://www.myntra.com/us-polo-assn-kids page 44 -> https://www.myntra.com/gateway/v4/search/us-polo-assn-kids?rows=50&o=2150&plaEnabled=false&xdEnabled=false&isFacet=true&p=44 | run_id=run_20260930_154906_269231_a733d1 | brand=U.S. Polo Kids | page=44 | route=https://www.myntra.com/us-polo-assn-kids | seen=2118 | expected=5351
2026-09-30 16:14:21 | INFO    | PDP       | Processed 50 target products for U.S. Polo Kids in 3s (1055.2 products/min). | run_id=run_20260930_154906_269231_a733d1 | brand=U.S. Polo Kids | saved=50 | elapsed_label=3s | products_per_minute=1055.2
2026-09-30 16:14:21 | INFO    | LISTING   | Listing U.S. Polo Kids route https://www.myntra.com/us-polo-assn-kids page 45 -> https://www.myntra.com/gateway/v4/search/us-polo-assn-kids?rows=50&o=2200&plaEnabled=false&xdEnabled=false&isFacet=true&p=45 | run_id=run_20260930_154906_269231_a733d1 | brand=U.S. Polo Kids | page=45 | route=https://www.myntra.com/us-polo-assn-kids | seen=2168 | expected=5351
2026-09-30 16:14:24 | INFO    | PDP       | Processed 50 target products for U.S. Polo Kids in 3s (1042.52 products/min). | run_id=run_20260930_154906_269231_a733d1 | brand=U.S. Polo Kids | saved=50 | elapsed_label=3s | products_per_minute=1042.52
2026-09-30 16:14:25 | INFO    | LISTING   | Listing U.S. Polo Kids route https://www.myntra.com/us-polo-assn-kids page 46 -> https://www.myntra.com/gateway/v4/search/us-polo-assn-kids?rows=50&o=2250&plaEnabled=false&xdEnabled=false&isFacet=true&p=46 | run_id=run_20260930_154906_269231_a733d1 | brand=U.S. Polo Kids | page=46 | route=https://www.myntra.com/us-polo-assn-kids | seen=2218 | expected=5351
2026-09-30 16:14:28 | INFO    | PDP       | Processed 50 target products for U.S. Polo Kids in 3s (1081.49 products/min). | run_id=run_20260930_154906_269231_a733d1 | brand=U.S. Polo Kids | saved=50 | elapsed_label=3s | products_per_minute=1081.49
2026-09-30 16:14:28 | INFO    | LISTING   | Listing U.S. Polo Kids route https://www.myntra.com/us-polo-assn-kids page 47 -> https://www.myntra.com/gateway/v4/search/us-polo-assn-kids?rows=50&o=2300&plaEnabled=false&xdEnabled=false&isFacet=true&p=47 | run_id=run_20260930_154906_269231_a733d1 | brand=U.S. Polo Kids | page=47 | route=https://www.myntra.com/us-polo-assn-kids | seen=2268 | expected=5351
2026-09-30 16:14:30 | INFO    | PDP       | Processed 30 target products for U.S. Polo Kids in 2s (1044.65 products/min). | run_id=run_20260930_154906_269231_a733d1 | brand=U.S. Polo Kids | saved=30 | elapsed_label=2s | products_per_minute=1044.65
2026-09-30 16:14:30 | INFO    | LISTING   | Listing U.S. Polo Kids route https://www.myntra.com/us-polo-assn-kids page 48 -> https://www.myntra.com/gateway/v4/search/us-polo-assn-kids?rows=50&o=2350&plaEnabled=false&xdEnabled=false&isFacet=true&p=48 | run_id=run_20260930_154906_269231_a733d1 | brand=U.S. Polo Kids | page=48 | route=https://www.myntra.com/us-polo-assn-kids | seen=2298 | expected=5351
2026-09-30 16:14:33 | INFO    | PDP       | Processed 36 target products for U.S. Polo Kids in 2s (1047.3 products/min). | run_id=run_20260930_154906_269231_a733d1 | brand=U.S. Polo Kids | saved=36 | elapsed_label=2s | products_per_minute=1047.3
2026-09-30 16:14:33 | INFO    | LISTING   | Listing U.S. Polo Kids route https://www.myntra.com/us-polo-assn-kids page 49 -> https://www.myntra.com/gateway/v4/search/us-polo-assn-kids?rows=50&o=2400&plaEnabled=false&xdEnabled=false&isFacet=true&p=49 | run_id=run_20260930_154906_269231_a733d1 | brand=U.S. Polo Kids | page=49 | route=https://www.myntra.com/us-polo-assn-kids | seen=2334 | expected=5351
2026-09-30 16:14:37 | INFO    | PDP       | Processed 50 target products for U.S. Polo Kids in 3s (1049.41 products/min). | run_id=run_20260930_154906_269231_a733d1 | brand=U.S. Polo Kids | saved=50 | elapsed_label=3s | products_per_minute=1049.41
2026-09-30 16:14:37 | INFO    | LISTING   | Listing U.S. Polo Kids route https://www.myntra.com/us-polo-assn-kids page 50 -> https://www.myntra.com/gateway/v4/search/us-polo-assn-kids?rows=50&o=2450&plaEnabled=false&xdEnabled=false&isFacet=true&p=50 | run_id=run_20260930_154906_269231_a733d1 | brand=U.S. Polo Kids | page=50 | route=https://www.myntra.com/us-polo-assn-kids | seen=2384 | expected=5351
2026-09-30 16:14:40 | INFO    | PDP       | Processed 49 target products for U.S. Polo Kids in 2s (1205.1 products/min). | run_id=run_20260930_154906_269231_a733d1 | brand=U.S. Polo Kids | saved=49 | elapsed_label=2s | products_per_minute=1205.1
2026-09-30 16:14:40 | INFO    | LISTING   | Listing U.S. Polo Kids route https://www.myntra.com/us-polo-assn-kids page 51 -> https://www.myntra.com/gateway/v4/search/us-polo-assn-kids?rows=50&o=2500&plaEnabled=false&xdEnabled=false&isFacet=true&p=51 | run_id=run_20260930_154906_269231_a733d1 | brand=U.S. Polo Kids | page=51 | route=https://www.myntra.com/us-polo-assn-kids | seen=2433 | expected=5351
2026-09-30 16:14:43 | INFO    | PDP       | Processed 50 target products for U.S. Polo Kids in 2s (1267.89 products/min). | run_id=run_20260930_154906_269231_a733d1 | brand=U.S. Polo Kids | saved=50 | elapsed_label=2s | products_per_minute=1267.89
2026-09-30 16:14:43 | INFO    | LISTING   | Listing U.S. Polo Kids route https://www.myntra.com/us-polo-assn-kids page 52 -> https://www.myntra.com/gateway/v4/search/us-polo-assn-kids?rows=50&o=2550&plaEnabled=false&xdEnabled=false&isFacet=true&p=52 | run_id=run_20260930_154906_269231_a733d1 | brand=U.S. Polo Kids | page=52 | route=https://www.myntra.com/us-polo-assn-kids | seen=2483 | expected=5351
2026-09-30 16:14:47 | INFO    | PDP       | Processed 50 target products for U.S. Polo Kids in 3s (1134.57 products/min). | run_id=run_20260930_154906_269231_a733d1 | brand=U.S. Polo Kids | saved=50 | elapsed_label=3s | products_per_minute=1134.57
2026-09-30 16:14:47 | INFO    | LISTING   | Listing U.S. Polo Kids route https://www.myntra.com/us-polo-assn-kids page 53 -> https://www.myntra.com/gateway/v4/search/us-polo-assn-kids?rows=50&o=2600&plaEnabled=false&xdEnabled=false&isFacet=true&p=53 | run_id=run_20260930_154906_269231_a733d1 | brand=U.S. Polo Kids | page=53 | route=https://www.myntra.com/us-polo-assn-kids | seen=2533 | expected=5351
2026-09-30 16:14:50 | INFO    | PDP       | Processed 49 target products for U.S. Polo Kids in 3s (1118.41 products/min). | run_id=run_20260930_154906_269231_a733d1 | brand=U.S. Polo Kids | saved=49 | elapsed_label=3s | products_per_minute=1118.41
2026-09-30 16:14:50 | INFO    | LISTING   | Listing U.S. Polo Kids route https://www.myntra.com/us-polo-assn-kids page 54 -> https://www.myntra.com/gateway/v4/search/us-polo-assn-kids?rows=50&o=2650&plaEnabled=false&xdEnabled=false&isFacet=true&p=54 | run_id=run_20260930_154906_269231_a733d1 | brand=U.S. Polo Kids | page=54 | route=https://www.myntra.com/us-polo-assn-kids | seen=2582 | expected=5351
2026-09-30 16:14:53 | INFO    | PDP       | Processed 50 target products for U.S. Polo Kids in 2s (1214.65 products/min). | run_id=run_20260930_154906_269231_a733d1 | brand=U.S. Polo Kids | saved=50 | elapsed_label=2s | products_per_minute=1214.65
2026-09-30 16:14:53 | INFO    | LISTING   | Listing U.S. Polo Kids route https://www.myntra.com/us-polo-assn-kids page 55 -> https://www.myntra.com/gateway/v4/search/us-polo-assn-kids?rows=50&o=2700&plaEnabled=false&xdEnabled=false&isFacet=true&p=55 | run_id=run_20260930_154906_269231_a733d1 | brand=U.S. Polo Kids | page=55 | route=https://www.myntra.com/us-polo-assn-kids | seen=2632 | expected=5351
2026-09-30 16:14:56 | INFO    | PDP       | Processed 50 target products for U.S. Polo Kids in 2s (1208.21 products/min). | run_id=run_20260930_154906_269231_a733d1 | brand=U.S. Polo Kids | saved=50 | elapsed_label=2s | products_per_minute=1208.21
2026-09-30 16:14:57 | INFO    | LISTING   | Listing U.S. Polo Kids route https://www.myntra.com/us-polo-assn-kids page 56 -> https://www.myntra.com/gateway/v4/search/us-polo-assn-kids?rows=50&o=2750&plaEnabled=false&xdEnabled=false&isFacet=true&p=56 | run_id=run_20260930_154906_269231_a733d1 | brand=U.S. Polo Kids | page=56 | route=https://www.myntra.com/us-polo-assn-kids | seen=2682 | expected=5351
2026-09-30 16:15:00 | INFO    | PDP       | Processed 50 target products for U.S. Polo Kids in 3s (1004.02 products/min). | run_id=run_20260930_154906_269231_a733d1 | brand=U.S. Polo Kids | saved=50 | elapsed_label=3s | products_per_minute=1004.02
2026-09-30 16:15:00 | INFO    | LISTING   | Listing U.S. Polo Kids route https://www.myntra.com/us-polo-assn-kids page 57 -> https://www.myntra.com/gateway/v4/search/us-polo-assn-kids?rows=50&o=2800&plaEnabled=false&xdEnabled=false&isFacet=true&p=57 | run_id=run_20260930_154906_269231_a733d1 | brand=U.S. Polo Kids | page=57 | route=https://www.myntra.com/us-polo-assn-kids | seen=2732 | expected=5351
2026-09-30 16:15:04 | INFO    | PDP       | Processed 49 target products for U.S. Polo Kids in 2s (1257.8 products/min). | run_id=run_20260930_154906_269231_a733d1 | brand=U.S. Polo Kids | saved=49 | elapsed_label=2s | products_per_minute=1257.8
2026-09-30 16:15:04 | INFO    | LISTING   | Listing U.S. Polo Kids route https://www.myntra.com/us-polo-assn-kids page 58 -> https://www.myntra.com/gateway/v4/search/us-polo-assn-kids?rows=50&o=2850&plaEnabled=false&xdEnabled=false&isFacet=true&p=58 | run_id=run_20260930_154906_269231_a733d1 | brand=U.S. Polo Kids | page=58 | route=https://www.myntra.com/us-polo-assn-kids | seen=2781 | expected=5351
2026-09-30 16:15:07 | INFO    | PDP       | Processed 49 target products for U.S. Polo Kids in 3s (1059.06 products/min). | run_id=run_20260930_154906_269231_a733d1 | brand=U.S. Polo Kids | saved=49 | elapsed_label=3s | products_per_minute=1059.06
2026-09-30 16:15:08 | INFO    | LISTING   | Listing U.S. Polo Kids route https://www.myntra.com/us-polo-assn-kids page 59 -> https://www.myntra.com/gateway/v4/search/us-polo-assn-kids?rows=50&o=2900&plaEnabled=false&xdEnabled=false&isFacet=true&p=59 | run_id=run_20260930_154906_269231_a733d1 | brand=U.S. Polo Kids | page=59 | route=https://www.myntra.com/us-polo-assn-kids | seen=2830 | expected=5351
2026-09-30 16:15:11 | INFO    | PDP       | Processed 48 target products for U.S. Polo Kids in 3s (1004.4 products/min). | run_id=run_20260930_154906_269231_a733d1 | brand=U.S. Polo Kids | saved=48 | elapsed_label=3s | products_per_minute=1004.4
2026-09-30 16:15:11 | INFO    | LISTING   | Listing U.S. Polo Kids route https://www.myntra.com/us-polo-assn-kids page 60 -> https://www.myntra.com/gateway/v4/search/us-polo-assn-kids?rows=50&o=2950&plaEnabled=false&xdEnabled=false&isFacet=true&p=60 | run_id=run_20260930_154906_269231_a733d1 | brand=U.S. Polo Kids | page=60 | route=https://www.myntra.com/us-polo-assn-kids | seen=2878 | expected=5351
2026-09-30 16:15:15 | INFO    | PDP       | Processed 50 target products for U.S. Polo Kids in 2s (1225.65 products/min). | run_id=run_20260930_154906_269231_a733d1 | brand=U.S. Polo Kids | saved=50 | elapsed_label=2s | products_per_minute=1225.65
2026-09-30 16:15:15 | INFO    | LISTING   | Listing U.S. Polo Kids route https://www.myntra.com/us-polo-assn-kids page 61 -> https://www.myntra.com/gateway/v4/search/us-polo-assn-kids?rows=50&o=3000&plaEnabled=false&xdEnabled=false&isFacet=true&p=61 | run_id=run_20260930_154906_269231_a733d1 | brand=U.S. Polo Kids | page=61 | route=https://www.myntra.com/us-polo-assn-kids | seen=2928 | expected=5351
2026-09-30 16:15:19 | INFO    | PDP       | Processed 50 target products for U.S. Polo Kids in 3s (1063.06 products/min). | run_id=run_20260930_154906_269231_a733d1 | brand=U.S. Polo Kids | saved=50 | elapsed_label=3s | products_per_minute=1063.06
2026-09-30 16:15:19 | INFO    | LISTING   | Listing U.S. Polo Kids route https://www.myntra.com/us-polo-assn-kids page 62 -> https://www.myntra.com/gateway/v4/search/us-polo-assn-kids?rows=50&o=3050&plaEnabled=false&xdEnabled=false&isFacet=true&p=62 | run_id=run_20260930_154906_269231_a733d1 | brand=U.S. Polo Kids | page=62 | route=https://www.myntra.com/us-polo-assn-kids | seen=2978 | expected=5351
2026-09-30 16:15:22 | INFO    | PDP       | Processed 50 target products for U.S. Polo Kids in 3s (1112.65 products/min). | run_id=run_20260930_154906_269231_a733d1 | brand=U.S. Polo Kids | saved=50 | elapsed_label=3s | products_per_minute=1112.65
2026-09-30 16:15:22 | INFO    | LISTING   | Listing U.S. Polo Kids route https://www.myntra.com/us-polo-assn-kids page 63 -> https://www.myntra.com/gateway/v4/search/us-polo-assn-kids?rows=50&o=3100&plaEnabled=false&xdEnabled=false&isFacet=true&p=63 | run_id=run_20260930_154906_269231_a733d1 | brand=U.S. Polo Kids | page=63 | route=https://www.myntra.com/us-polo-assn-kids | seen=3028 | expected=5351
2026-09-30 16:15:26 | INFO    | PDP       | Processed 49 target products for U.S. Polo Kids in 3s (1014.4 products/min). | run_id=run_20260930_154906_269231_a733d1 | brand=U.S. Polo Kids | saved=49 | elapsed_label=3s | products_per_minute=1014.4
2026-09-30 16:15:26 | INFO    | LISTING   | Listing U.S. Polo Kids route https://www.myntra.com/us-polo-assn-kids page 64 -> https://www.myntra.com/gateway/v4/search/us-polo-assn-kids?rows=50&o=3150&plaEnabled=false&xdEnabled=false&isFacet=true&p=64 | run_id=run_20260930_154906_269231_a733d1 | brand=U.S. Polo Kids | page=64 | route=https://www.myntra.com/us-polo-assn-kids | seen=3077 | expected=5351
2026-09-30 16:15:29 | INFO    | PDP       | Processed 49 target products for U.S. Polo Kids in 2s (1204.54 products/min). | run_id=run_20260930_154906_269231_a733d1 | brand=U.S. Polo Kids | saved=49 | elapsed_label=2s | products_per_minute=1204.54
2026-09-30 16:15:29 | INFO    | LISTING   | Listing U.S. Polo Kids route https://www.myntra.com/us-polo-assn-kids page 65 -> https://www.myntra.com/gateway/v4/search/us-polo-assn-kids?rows=50&o=3200&plaEnabled=false&xdEnabled=false&isFacet=true&p=65 | run_id=run_20260930_154906_269231_a733d1 | brand=U.S. Polo Kids | page=65 | route=https://www.myntra.com/us-polo-assn-kids | seen=3126 | expected=5351
2026-09-30 16:15:32 | INFO    | PDP       | Processed 49 target products for U.S. Polo Kids in 2s (1198.24 products/min). | run_id=run_20260930_154906_269231_a733d1 | brand=U.S. Polo Kids | saved=49 | elapsed_label=2s | products_per_minute=1198.24
2026-09-30 16:15:32 | INFO    | LISTING   | Listing U.S. Polo Kids route https://www.myntra.com/us-polo-assn-kids page 66 -> https://www.myntra.com/gateway/v4/search/us-polo-assn-kids?rows=50&o=3250&plaEnabled=false&xdEnabled=false&isFacet=true&p=66 | run_id=run_20260930_154906_269231_a733d1 | brand=U.S. Polo Kids | page=66 | route=https://www.myntra.com/us-polo-assn-kids | seen=3175 | expected=5351
2026-09-30 16:15:35 | INFO    | PDP       | Processed 49 target products for U.S. Polo Kids in 2s (1264.8 products/min). | run_id=run_20260930_154906_269231_a733d1 | brand=U.S. Polo Kids | saved=49 | elapsed_label=2s | products_per_minute=1264.8
2026-09-30 16:15:35 | INFO    | LISTING   | Listing U.S. Polo Kids route https://www.myntra.com/us-polo-assn-kids page 67 -> https://www.myntra.com/gateway/v4/search/us-polo-assn-kids?rows=50&o=3300&plaEnabled=false&xdEnabled=false&isFacet=true&p=67 | run_id=run_20260930_154906_269231_a733d1 | brand=U.S. Polo Kids | page=67 | route=https://www.myntra.com/us-polo-assn-kids | seen=3224 | expected=5351
2026-09-30 16:15:39 | INFO    | PDP       | Processed 50 target products for U.S. Polo Kids in 3s (1133.34 products/min). | run_id=run_20260930_154906_269231_a733d1 | brand=U.S. Polo Kids | saved=50 | elapsed_label=3s | products_per_minute=1133.34
2026-09-30 16:15:39 | INFO    | LISTING   | Listing U.S. Polo Kids route https://www.myntra.com/us-polo-assn-kids page 68 -> https://www.myntra.com/gateway/v4/search/us-polo-assn-kids?rows=50&o=3350&plaEnabled=false&xdEnabled=false&isFacet=true&p=68 | run_id=run_20260930_154906_269231_a733d1 | brand=U.S. Polo Kids | page=68 | route=https://www.myntra.com/us-polo-assn-kids | seen=3274 | expected=5351
2026-09-30 16:15:42 | INFO    | PDP       | Processed 50 target products for U.S. Polo Kids in 3s (1180.89 products/min). | run_id=run_20260930_154906_269231_a733d1 | brand=U.S. Polo Kids | saved=50 | elapsed_label=3s | products_per_minute=1180.89
2026-09-30 16:15:42 | INFO    | LISTING   | Listing U.S. Polo Kids route https://www.myntra.com/us-polo-assn-kids page 69 -> https://www.myntra.com/gateway/v4/search/us-polo-assn-kids?rows=50&o=3400&plaEnabled=false&xdEnabled=false&isFacet=true&p=69 | run_id=run_20260930_154906_269231_a733d1 | brand=U.S. Polo Kids | page=69 | route=https://www.myntra.com/us-polo-assn-kids | seen=3324 | expected=5351
2026-09-30 16:15:45 | INFO    | PDP       | Processed 50 target products for U.S. Polo Kids in 3s (1158.43 products/min). | run_id=run_20260930_154906_269231_a733d1 | brand=U.S. Polo Kids | saved=50 | elapsed_label=3s | products_per_minute=1158.43
2026-09-30 16:15:45 | INFO    | LISTING   | Listing U.S. Polo Kids route https://www.myntra.com/us-polo-assn-kids page 70 -> https://www.myntra.com/gateway/v4/search/us-polo-assn-kids?rows=50&o=3450&plaEnabled=false&xdEnabled=false&isFacet=true&p=70 | run_id=run_20260930_154906_269231_a733d1 | brand=U.S. Polo Kids | page=70 | route=https://www.myntra.com/us-polo-assn-kids | seen=3374 | expected=5351
2026-09-30 16:15:49 | INFO    | PDP       | Processed 50 target products for U.S. Polo Kids in 2s (1277.61 products/min). | run_id=run_20260930_154906_269231_a733d1 | brand=U.S. Polo Kids | saved=50 | elapsed_label=2s | products_per_minute=1277.61
2026-09-30 16:15:49 | INFO    | LISTING   | Listing U.S. Polo Kids route https://www.myntra.com/us-polo-assn-kids page 71 -> https://www.myntra.com/gateway/v4/search/us-polo-assn-kids?rows=50&o=3500&plaEnabled=false&xdEnabled=false&isFacet=true&p=71 | run_id=run_20260930_154906_269231_a733d1 | brand=U.S. Polo Kids | page=71 | route=https://www.myntra.com/us-polo-assn-kids | seen=3424 | expected=5351
2026-09-30 16:15:52 | INFO    | PDP       | Processed 50 target products for U.S. Polo Kids in 3s (1019.87 products/min). | run_id=run_20260930_154906_269231_a733d1 | brand=U.S. Polo Kids | saved=50 | elapsed_label=3s | products_per_minute=1019.87
2026-09-30 16:15:53 | INFO    | LISTING   | Listing U.S. Polo Kids route https://www.myntra.com/us-polo-assn-kids page 72 -> https://www.myntra.com/gateway/v4/search/us-polo-assn-kids?rows=50&o=3550&plaEnabled=false&xdEnabled=false&isFacet=true&p=72 | run_id=run_20260930_154906_269231_a733d1 | brand=U.S. Polo Kids | page=72 | route=https://www.myntra.com/us-polo-assn-kids | seen=3474 | expected=5351
2026-09-30 16:15:56 | INFO    | PDP       | Processed 49 target products for U.S. Polo Kids in 3s (1124.95 products/min). | run_id=run_20260930_154906_269231_a733d1 | brand=U.S. Polo Kids | saved=49 | elapsed_label=3s | products_per_minute=1124.95
2026-09-30 16:15:56 | INFO    | LISTING   | Listing U.S. Polo Kids route https://www.myntra.com/us-polo-assn-kids page 73 -> https://www.myntra.com/gateway/v4/search/us-polo-assn-kids?rows=50&o=3600&plaEnabled=false&xdEnabled=false&isFacet=true&p=73 | run_id=run_20260930_154906_269231_a733d1 | brand=U.S. Polo Kids | page=73 | route=https://www.myntra.com/us-polo-assn-kids | seen=3523 | expected=5351
2026-09-30 16:16:00 | INFO    | PDP       | Processed 49 target products for U.S. Polo Kids in 3s (955.7 products/min). | run_id=run_20260930_154906_269231_a733d1 | brand=U.S. Polo Kids | saved=49 | elapsed_label=3s | products_per_minute=955.7
2026-09-30 16:16:00 | INFO    | LISTING   | Listing U.S. Polo Kids route https://www.myntra.com/us-polo-assn-kids page 74 -> https://www.myntra.com/gateway/v4/search/us-polo-assn-kids?rows=50&o=3650&plaEnabled=false&xdEnabled=false&isFacet=true&p=74 | run_id=run_20260930_154906_269231_a733d1 | brand=U.S. Polo Kids | page=74 | route=https://www.myntra.com/us-polo-assn-kids | seen=3572 | expected=5351
2026-09-30 16:16:03 | INFO    | PDP       | Processed 50 target products for U.S. Polo Kids in 3s (1041.15 products/min). | run_id=run_20260930_154906_269231_a733d1 | brand=U.S. Polo Kids | saved=50 | elapsed_label=3s | products_per_minute=1041.15
2026-09-30 16:16:03 | INFO    | LISTING   | Listing U.S. Polo Kids route https://www.myntra.com/us-polo-assn-kids page 75 -> https://www.myntra.com/gateway/v4/search/us-polo-assn-kids?rows=50&o=3700&plaEnabled=false&xdEnabled=false&isFacet=true&p=75 | run_id=run_20260930_154906_269231_a733d1 | brand=U.S. Polo Kids | page=75 | route=https://www.myntra.com/us-polo-assn-kids | seen=3622 | expected=5351
2026-09-30 16:16:07 | INFO    | PDP       | Processed 47 target products for U.S. Polo Kids in 3s (1014.95 products/min). | run_id=run_20260930_154906_269231_a733d1 | brand=U.S. Polo Kids | saved=47 | elapsed_label=3s | products_per_minute=1014.95
2026-09-30 16:16:07 | INFO    | LISTING   | Listing U.S. Polo Kids route https://www.myntra.com/us-polo-assn-kids page 76 -> https://www.myntra.com/gateway/v4/search/us-polo-assn-kids?rows=50&o=3750&plaEnabled=false&xdEnabled=false&isFacet=true&p=76 | run_id=run_20260930_154906_269231_a733d1 | brand=U.S. Polo Kids | page=76 | route=https://www.myntra.com/us-polo-assn-kids | seen=3669 | expected=5351
2026-09-30 16:16:11 | INFO    | PDP       | Processed 47 target products for U.S. Polo Kids in 3s (1007.58 products/min). | run_id=run_20260930_154906_269231_a733d1 | brand=U.S. Polo Kids | saved=47 | elapsed_label=3s | products_per_minute=1007.58
2026-09-30 16:16:11 | INFO    | LISTING   | Listing U.S. Polo Kids route https://www.myntra.com/us-polo-assn-kids page 77 -> https://www.myntra.com/gateway/v4/search/us-polo-assn-kids?rows=50&o=3800&plaEnabled=false&xdEnabled=false&isFacet=true&p=77 | run_id=run_20260930_154906_269231_a733d1 | brand=U.S. Polo Kids | page=77 | route=https://www.myntra.com/us-polo-assn-kids | seen=3716 | expected=5351
2026-09-30 16:16:14 | INFO    | PDP       | Processed 48 target products for U.S. Polo Kids in 3s (1025.22 products/min). | run_id=run_20260930_154906_269231_a733d1 | brand=U.S. Polo Kids | saved=48 | elapsed_label=3s | products_per_minute=1025.22
2026-09-30 16:16:14 | INFO    | LISTING   | Listing U.S. Polo Kids route https://www.myntra.com/us-polo-assn-kids page 78 -> https://www.myntra.com/gateway/v4/search/us-polo-assn-kids?rows=50&o=3850&plaEnabled=false&xdEnabled=false&isFacet=true&p=78 | run_id=run_20260930_154906_269231_a733d1 | brand=U.S. Polo Kids | page=78 | route=https://www.myntra.com/us-polo-assn-kids | seen=3764 | expected=5351
2026-09-30 16:16:18 | INFO    | PDP       | Processed 49 target products for U.S. Polo Kids in 3s (1101.59 products/min). | run_id=run_20260930_154906_269231_a733d1 | brand=U.S. Polo Kids | saved=49 | elapsed_label=3s | products_per_minute=1101.59
2026-09-30 16:16:18 | INFO    | LISTING   | Listing U.S. Polo Kids route https://www.myntra.com/us-polo-assn-kids page 79 -> https://www.myntra.com/gateway/v4/search/us-polo-assn-kids?rows=50&o=3900&plaEnabled=false&xdEnabled=false&isFacet=true&p=79 | run_id=run_20260930_154906_269231_a733d1 | brand=U.S. Polo Kids | page=79 | route=https://www.myntra.com/us-polo-assn-kids | seen=3813 | expected=5351
2026-09-30 16:16:22 | INFO    | PDP       | Processed 48 target products for U.S. Polo Kids in 3s (1011.35 products/min). | run_id=run_20260930_154906_269231_a733d1 | brand=U.S. Polo Kids | saved=48 | elapsed_label=3s | products_per_minute=1011.35
2026-09-30 16:16:22 | INFO    | LISTING   | Listing U.S. Polo Kids route https://www.myntra.com/us-polo-assn-kids page 80 -> https://www.myntra.com/gateway/v4/search/us-polo-assn-kids?rows=50&o=3950&plaEnabled=false&xdEnabled=false&isFacet=true&p=80 | run_id=run_20260930_154906_269231_a733d1 | brand=U.S. Polo Kids | page=80 | route=https://www.myntra.com/us-polo-assn-kids | seen=3861 | expected=5351
2026-09-30 16:16:25 | INFO    | PDP       | Processed 50 target products for U.S. Polo Kids in 3s (1155.31 products/min). | run_id=run_20260930_154906_269231_a733d1 | brand=U.S. Polo Kids | saved=50 | elapsed_label=3s | products_per_minute=1155.31
2026-09-30 16:16:25 | INFO    | LISTING   | Listing U.S. Polo Kids route https://www.myntra.com/us-polo-assn-kids page 81 -> https://www.myntra.com/gateway/v4/search/us-polo-assn-kids?rows=50&o=4000&plaEnabled=false&xdEnabled=false&isFacet=true&p=81 | run_id=run_20260930_154906_269231_a733d1 | brand=U.S. Polo Kids | page=81 | route=https://www.myntra.com/us-polo-assn-kids | seen=3911 | expected=5351
2026-09-30 16:16:29 | INFO    | PDP       | Processed 48 target products for U.S. Polo Kids in 3s (1086.55 products/min). | run_id=run_20260930_154906_269231_a733d1 | brand=U.S. Polo Kids | saved=48 | elapsed_label=3s | products_per_minute=1086.55
2026-09-30 16:16:29 | INFO    | LISTING   | Listing U.S. Polo Kids route https://www.myntra.com/us-polo-assn-kids page 82 -> https://www.myntra.com/gateway/v4/search/us-polo-assn-kids?rows=50&o=4050&plaEnabled=false&xdEnabled=false&isFacet=true&p=82 | run_id=run_20260930_154906_269231_a733d1 | brand=U.S. Polo Kids | page=82 | route=https://www.myntra.com/us-polo-assn-kids | seen=3959 | expected=5351
2026-09-30 16:16:32 | INFO    | PDP       | Processed 49 target products for U.S. Polo Kids in 3s (1063.11 products/min). | run_id=run_20260930_154906_269231_a733d1 | brand=U.S. Polo Kids | saved=49 | elapsed_label=3s | products_per_minute=1063.11
2026-09-30 16:16:32 | INFO    | LISTING   | Listing U.S. Polo Kids route https://www.myntra.com/us-polo-assn-kids page 83 -> https://www.myntra.com/gateway/v4/search/us-polo-assn-kids?rows=50&o=4100&plaEnabled=false&xdEnabled=false&isFacet=true&p=83 | run_id=run_20260930_154906_269231_a733d1 | brand=U.S. Polo Kids | page=83 | route=https://www.myntra.com/us-polo-assn-kids | seen=4008 | expected=5351
2026-09-30 16:16:36 | INFO    | PDP       | Processed 50 target products for U.S. Polo Kids in 3s (983.4 products/min). | run_id=run_20260930_154906_269231_a733d1 | brand=U.S. Polo Kids | saved=50 | elapsed_label=3s | products_per_minute=983.4
2026-09-30 16:16:36 | INFO    | LISTING   | Listing U.S. Polo Kids route https://www.myntra.com/us-polo-assn-kids page 84 -> https://www.myntra.com/gateway/v4/search/us-polo-assn-kids?rows=50&o=4150&plaEnabled=false&xdEnabled=false&isFacet=true&p=84 | run_id=run_20260930_154906_269231_a733d1 | brand=U.S. Polo Kids | page=84 | route=https://www.myntra.com/us-polo-assn-kids | seen=4058 | expected=5351
2026-09-30 16:16:40 | INFO    | PDP       | Processed 50 target products for U.S. Polo Kids in 3s (1075.45 products/min). | run_id=run_20260930_154906_269231_a733d1 | brand=U.S. Polo Kids | saved=50 | elapsed_label=3s | products_per_minute=1075.45
2026-09-30 16:16:40 | INFO    | LISTING   | Listing U.S. Polo Kids route https://www.myntra.com/us-polo-assn-kids page 85 -> https://www.myntra.com/gateway/v4/search/us-polo-assn-kids?rows=50&o=4200&plaEnabled=false&xdEnabled=false&isFacet=true&p=85 | run_id=run_20260930_154906_269231_a733d1 | brand=U.S. Polo Kids | page=85 | route=https://www.myntra.com/us-polo-assn-kids | seen=4108 | expected=5351
2026-09-30 16:16:44 | INFO    | PDP       | Processed 50 target products for U.S. Polo Kids in 4s (847.04 products/min). | run_id=run_20260930_154906_269231_a733d1 | brand=U.S. Polo Kids | saved=50 | elapsed_label=4s | products_per_minute=847.04
2026-09-30 16:16:44 | INFO    | LISTING   | Listing U.S. Polo Kids route https://www.myntra.com/us-polo-assn-kids page 86 -> https://www.myntra.com/gateway/v4/search/us-polo-assn-kids?rows=50&o=4250&plaEnabled=false&xdEnabled=false&isFacet=true&p=86 | run_id=run_20260930_154906_269231_a733d1 | brand=U.S. Polo Kids | page=86 | route=https://www.myntra.com/us-polo-assn-kids | seen=4158 | expected=5351
2026-09-30 16:16:49 | INFO    | PDP       | Processed 49 target products for U.S. Polo Kids in 5s (645.31 products/min). | run_id=run_20260930_154906_269231_a733d1 | brand=U.S. Polo Kids | saved=49 | elapsed_label=5s | products_per_minute=645.31
2026-09-30 16:16:50 | INFO    | LISTING   | Listing U.S. Polo Kids route https://www.myntra.com/us-polo-assn-kids page 87 -> https://www.myntra.com/gateway/v4/search/us-polo-assn-kids?rows=50&o=4300&plaEnabled=false&xdEnabled=false&isFacet=true&p=87 | run_id=run_20260930_154906_269231_a733d1 | brand=U.S. Polo Kids | page=87 | route=https://www.myntra.com/us-polo-assn-kids | seen=4207 | expected=5351
2026-09-30 16:16:53 | INFO    | PDP       | Processed 50 target products for U.S. Polo Kids in 3s (1081.0 products/min). | run_id=run_20260930_154906_269231_a733d1 | brand=U.S. Polo Kids | saved=50 | elapsed_label=3s | products_per_minute=1081.0
2026-09-30 16:16:53 | INFO    | LISTING   | Listing U.S. Polo Kids route https://www.myntra.com/us-polo-assn-kids page 88 -> https://www.myntra.com/gateway/v4/search/us-polo-assn-kids?rows=50&o=4350&plaEnabled=false&xdEnabled=false&isFacet=true&p=88 | run_id=run_20260930_154906_269231_a733d1 | brand=U.S. Polo Kids | page=88 | route=https://www.myntra.com/us-polo-assn-kids | seen=4257 | expected=5351
2026-09-30 16:16:57 | INFO    | PDP       | Processed 50 target products for U.S. Polo Kids in 3s (1067.53 products/min). | run_id=run_20260930_154906_269231_a733d1 | brand=U.S. Polo Kids | saved=50 | elapsed_label=3s | products_per_minute=1067.53
2026-09-30 16:16:57 | INFO    | LISTING   | Listing U.S. Polo Kids route https://www.myntra.com/us-polo-assn-kids page 89 -> https://www.myntra.com/gateway/v4/search/us-polo-assn-kids?rows=50&o=4400&plaEnabled=false&xdEnabled=false&isFacet=true&p=89 | run_id=run_20260930_154906_269231_a733d1 | brand=U.S. Polo Kids | page=89 | route=https://www.myntra.com/us-polo-assn-kids | seen=4307 | expected=5351
2026-09-30 16:17:00 | INFO    | PDP       | Processed 50 target products for U.S. Polo Kids in 3s (967.93 products/min). | run_id=run_20260930_154906_269231_a733d1 | brand=U.S. Polo Kids | saved=50 | elapsed_label=3s | products_per_minute=967.93
2026-09-30 16:17:01 | INFO    | LISTING   | Listing U.S. Polo Kids route https://www.myntra.com/us-polo-assn-kids page 90 -> https://www.myntra.com/gateway/v4/search/us-polo-assn-kids?rows=50&o=4450&plaEnabled=false&xdEnabled=false&isFacet=true&p=90 | run_id=run_20260930_154906_269231_a733d1 | brand=U.S. Polo Kids | page=90 | route=https://www.myntra.com/us-polo-assn-kids | seen=4357 | expected=5351
2026-09-30 16:17:04 | INFO    | PDP       | Processed 47 target products for U.S. Polo Kids in 3s (901.55 products/min). | run_id=run_20260930_154906_269231_a733d1 | brand=U.S. Polo Kids | saved=47 | elapsed_label=3s | products_per_minute=901.55
2026-09-30 16:17:04 | INFO    | LISTING   | Listing U.S. Polo Kids route https://www.myntra.com/us-polo-assn-kids page 91 -> https://www.myntra.com/gateway/v4/search/us-polo-assn-kids?rows=50&o=4500&plaEnabled=false&xdEnabled=false&isFacet=true&p=91 | run_id=run_20260930_154906_269231_a733d1 | brand=U.S. Polo Kids | page=91 | route=https://www.myntra.com/us-polo-assn-kids | seen=4404 | expected=5351
2026-09-30 16:17:08 | INFO    | PDP       | Processed 50 target products for U.S. Polo Kids in 3s (949.7 products/min). | run_id=run_20260930_154906_269231_a733d1 | brand=U.S. Polo Kids | saved=50 | elapsed_label=3s | products_per_minute=949.7
2026-09-30 16:17:08 | INFO    | LISTING   | Listing U.S. Polo Kids route https://www.myntra.com/us-polo-assn-kids page 92 -> https://www.myntra.com/gateway/v4/search/us-polo-assn-kids?rows=50&o=4550&plaEnabled=false&xdEnabled=false&isFacet=true&p=92 | run_id=run_20260930_154906_269231_a733d1 | brand=U.S. Polo Kids | page=92 | route=https://www.myntra.com/us-polo-assn-kids | seen=4454 | expected=5351
2026-09-30 16:17:12 | INFO    | PDP       | Processed 50 target products for U.S. Polo Kids in 3s (916.49 products/min). | run_id=run_20260930_154906_269231_a733d1 | brand=U.S. Polo Kids | saved=50 | elapsed_label=3s | products_per_minute=916.49
2026-09-30 16:17:13 | INFO    | LISTING   | Listing U.S. Polo Kids route https://www.myntra.com/us-polo-assn-kids page 93 -> https://www.myntra.com/gateway/v4/search/us-polo-assn-kids?rows=50&o=4600&plaEnabled=false&xdEnabled=false&isFacet=true&p=93 | run_id=run_20260930_154906_269231_a733d1 | brand=U.S. Polo Kids | page=93 | route=https://www.myntra.com/us-polo-assn-kids | seen=4504 | expected=5351
2026-09-30 16:17:17 | INFO    | PDP       | Processed 50 target products for U.S. Polo Kids in 3s (863.2 products/min). | run_id=run_20260930_154906_269231_a733d1 | brand=U.S. Polo Kids | saved=50 | elapsed_label=3s | products_per_minute=863.2
2026-09-30 16:17:17 | INFO    | LISTING   | Listing U.S. Polo Kids route https://www.myntra.com/us-polo-assn-kids page 94 -> https://www.myntra.com/gateway/v4/search/us-polo-assn-kids?rows=50&o=4650&plaEnabled=false&xdEnabled=false&isFacet=true&p=94 | run_id=run_20260930_154906_269231_a733d1 | brand=U.S. Polo Kids | page=94 | route=https://www.myntra.com/us-polo-assn-kids | seen=4554 | expected=5351
2026-09-30 16:17:21 | INFO    | PDP       | Processed 48 target products for U.S. Polo Kids in 4s (806.69 products/min). | run_id=run_20260930_154906_269231_a733d1 | brand=U.S. Polo Kids | saved=48 | elapsed_label=4s | products_per_minute=806.69
2026-09-30 16:17:21 | INFO    | LISTING   | Listing U.S. Polo Kids route https://www.myntra.com/us-polo-assn-kids page 95 -> https://www.myntra.com/gateway/v4/search/us-polo-assn-kids?rows=50&o=4700&plaEnabled=false&xdEnabled=false&isFacet=true&p=95 | run_id=run_20260930_154906_269231_a733d1 | brand=U.S. Polo Kids | page=95 | route=https://www.myntra.com/us-polo-assn-kids | seen=4602 | expected=5351
2026-09-30 16:17:25 | INFO    | PDP       | Processed 50 target products for U.S. Polo Kids in 3s (857.71 products/min). | run_id=run_20260930_154906_269231_a733d1 | brand=U.S. Polo Kids | saved=50 | elapsed_label=3s | products_per_minute=857.71
2026-09-30 16:17:25 | INFO    | LISTING   | Listing U.S. Polo Kids route https://www.myntra.com/us-polo-assn-kids page 96 -> https://www.myntra.com/gateway/v4/search/us-polo-assn-kids?rows=50&o=4750&plaEnabled=false&xdEnabled=false&isFacet=true&p=96 | run_id=run_20260930_154906_269231_a733d1 | brand=U.S. Polo Kids | page=96 | route=https://www.myntra.com/us-polo-assn-kids | seen=4652 | expected=5351
2026-09-30 16:17:30 | INFO    | PDP       | Processed 50 target products for U.S. Polo Kids in 4s (855.95 products/min). | run_id=run_20260930_154906_269231_a733d1 | brand=U.S. Polo Kids | saved=50 | elapsed_label=4s | products_per_minute=855.95
2026-09-30 16:17:30 | INFO    | LISTING   | Listing U.S. Polo Kids route https://www.myntra.com/us-polo-assn-kids page 97 -> https://www.myntra.com/gateway/v4/search/us-polo-assn-kids?rows=50&o=4800&plaEnabled=false&xdEnabled=false&isFacet=true&p=97 | run_id=run_20260930_154906_269231_a733d1 | brand=U.S. Polo Kids | page=97 | route=https://www.myntra.com/us-polo-assn-kids | seen=4702 | expected=5351
2026-09-30 16:17:34 | INFO    | PDP       | Processed 50 target products for U.S. Polo Kids in 4s (746.91 products/min). | run_id=run_20260930_154906_269231_a733d1 | brand=U.S. Polo Kids | saved=50 | elapsed_label=4s | products_per_minute=746.91
2026-09-30 16:17:35 | INFO    | LISTING   | Listing U.S. Polo Kids route https://www.myntra.com/us-polo-assn-kids page 98 -> https://www.myntra.com/gateway/v4/search/us-polo-assn-kids?rows=50&o=4850&plaEnabled=false&xdEnabled=false&isFacet=true&p=98 | run_id=run_20260930_154906_269231_a733d1 | brand=U.S. Polo Kids | page=98 | route=https://www.myntra.com/us-polo-assn-kids | seen=4752 | expected=5351
2026-09-30 16:17:38 | INFO    | PDP       | Processed 50 target products for U.S. Polo Kids in 3s (968.93 products/min). | run_id=run_20260930_154906_269231_a733d1 | brand=U.S. Polo Kids | saved=50 | elapsed_label=3s | products_per_minute=968.93
2026-09-30 16:17:38 | INFO    | LISTING   | Listing U.S. Polo Kids route https://www.myntra.com/us-polo-assn-kids page 99 -> https://www.myntra.com/gateway/v4/search/us-polo-assn-kids?rows=50&o=4900&plaEnabled=false&xdEnabled=false&isFacet=true&p=99 | run_id=run_20260930_154906_269231_a733d1 | brand=U.S. Polo Kids | page=99 | route=https://www.myntra.com/us-polo-assn-kids | seen=4802 | expected=5351
2026-09-30 16:17:42 | INFO    | PDP       | Processed 49 target products for U.S. Polo Kids in 3s (853.02 products/min). | run_id=run_20260930_154906_269231_a733d1 | brand=U.S. Polo Kids | saved=49 | elapsed_label=3s | products_per_minute=853.02
2026-09-30 16:17:43 | INFO    | LISTING   | Listing U.S. Polo Kids route https://www.myntra.com/us-polo-assn-kids page 100 -> https://www.myntra.com/gateway/v4/search/us-polo-assn-kids?rows=50&o=4950&plaEnabled=false&xdEnabled=false&isFacet=true&p=100 | run_id=run_20260930_154906_269231_a733d1 | brand=U.S. Polo Kids | page=100 | route=https://www.myntra.com/us-polo-assn-kids | seen=4851 | expected=5351
2026-09-30 16:17:46 | INFO    | PDP       | Processed 50 target products for U.S. Polo Kids in 3s (1013.66 products/min). | run_id=run_20260930_154906_269231_a733d1 | brand=U.S. Polo Kids | saved=50 | elapsed_label=3s | products_per_minute=1013.66
2026-09-30 16:17:46 | INFO    | LISTING   | Listing U.S. Polo Kids route https://www.myntra.com/us-polo-assn-kids page 101 -> https://www.myntra.com/gateway/v4/search/us-polo-assn-kids?rows=50&o=5000&plaEnabled=false&xdEnabled=false&isFacet=true&p=101 | run_id=run_20260930_154906_269231_a733d1 | brand=U.S. Polo Kids | page=101 | route=https://www.myntra.com/us-polo-assn-kids | seen=4901 | expected=5351
2026-09-30 16:17:50 | INFO    | PDP       | Processed 50 target products for U.S. Polo Kids in 3s (949.92 products/min). | run_id=run_20260930_154906_269231_a733d1 | brand=U.S. Polo Kids | saved=50 | elapsed_label=3s | products_per_minute=949.92
2026-09-30 16:17:50 | INFO    | LISTING   | Listing U.S. Polo Kids route https://www.myntra.com/us-polo-assn-kids page 102 -> https://www.myntra.com/gateway/v4/search/us-polo-assn-kids?rows=50&o=5050&plaEnabled=false&xdEnabled=false&isFacet=true&p=102 | run_id=run_20260930_154906_269231_a733d1 | brand=U.S. Polo Kids | page=102 | route=https://www.myntra.com/us-polo-assn-kids | seen=4951 | expected=5351
2026-09-30 16:17:55 | INFO    | PDP       | Processed 49 target products for U.S. Polo Kids in 3s (937.99 products/min). | run_id=run_20260930_154906_269231_a733d1 | brand=U.S. Polo Kids | saved=49 | elapsed_label=3s | products_per_minute=937.99
2026-09-30 16:17:55 | INFO    | LISTING   | Listing U.S. Polo Kids route https://www.myntra.com/us-polo-assn-kids page 103 -> https://www.myntra.com/gateway/v4/search/us-polo-assn-kids?rows=50&o=5100&plaEnabled=false&xdEnabled=false&isFacet=true&p=103 | run_id=run_20260930_154906_269231_a733d1 | brand=U.S. Polo Kids | page=103 | route=https://www.myntra.com/us-polo-assn-kids | seen=5000 | expected=5351
2026-09-30 16:17:58 | INFO    | PDP       | Processed 50 target products for U.S. Polo Kids in 2s (1252.41 products/min). | run_id=run_20260930_154906_269231_a733d1 | brand=U.S. Polo Kids | saved=50 | elapsed_label=2s | products_per_minute=1252.41
2026-09-30 16:17:58 | INFO    | LISTING   | Listing U.S. Polo Kids route https://www.myntra.com/us-polo-assn-kids page 104 -> https://www.myntra.com/gateway/v4/search/us-polo-assn-kids?rows=50&o=5150&plaEnabled=false&xdEnabled=false&isFacet=true&p=104 | run_id=run_20260930_154906_269231_a733d1 | brand=U.S. Polo Kids | page=104 | route=https://www.myntra.com/us-polo-assn-kids | seen=5050 | expected=5351
2026-09-30 16:18:02 | INFO    | PDP       | Processed 50 target products for U.S. Polo Kids in 3s (1058.58 products/min). | run_id=run_20260930_154906_269231_a733d1 | brand=U.S. Polo Kids | saved=50 | elapsed_label=3s | products_per_minute=1058.58
2026-09-30 16:18:02 | INFO    | LISTING   | Listing U.S. Polo Kids route https://www.myntra.com/us-polo-assn-kids page 105 -> https://www.myntra.com/gateway/v4/search/us-polo-assn-kids?rows=50&o=5200&plaEnabled=false&xdEnabled=false&isFacet=true&p=105 | run_id=run_20260930_154906_269231_a733d1 | brand=U.S. Polo Kids | page=105 | route=https://www.myntra.com/us-polo-assn-kids | seen=5100 | expected=5351
2026-09-30 16:18:05 | INFO    | PDP       | Processed 49 target products for U.S. Polo Kids in 3s (1040.21 products/min). | run_id=run_20260930_154906_269231_a733d1 | brand=U.S. Polo Kids | saved=49 | elapsed_label=3s | products_per_minute=1040.21
2026-09-30 16:18:05 | INFO    | LISTING   | Listing U.S. Polo Kids route https://www.myntra.com/us-polo-assn-kids page 106 -> https://www.myntra.com/gateway/v4/search/us-polo-assn-kids?rows=50&o=5250&plaEnabled=false&xdEnabled=false&isFacet=true&p=106 | run_id=run_20260930_154906_269231_a733d1 | brand=U.S. Polo Kids | page=106 | route=https://www.myntra.com/us-polo-assn-kids | seen=5149 | expected=5351
2026-09-30 16:18:09 | INFO    | PDP       | Processed 50 target products for U.S. Polo Kids in 3s (1120.58 products/min). | run_id=run_20260930_154906_269231_a733d1 | brand=U.S. Polo Kids | saved=50 | elapsed_label=3s | products_per_minute=1120.58
2026-09-30 16:18:09 | INFO    | LISTING   | Listing U.S. Polo Kids route https://www.myntra.com/us-polo-assn-kids page 107 -> https://www.myntra.com/gateway/v4/search/us-polo-assn-kids?rows=50&o=5300&plaEnabled=false&xdEnabled=false&isFacet=true&p=107 | run_id=run_20260930_154906_269231_a733d1 | brand=U.S. Polo Kids | page=107 | route=https://www.myntra.com/us-polo-assn-kids | seen=5199 | expected=5351
2026-09-30 16:18:13 | INFO    | PDP       | Processed 50 target products for U.S. Polo Kids in 3s (1011.27 products/min). | run_id=run_20260930_154906_269231_a733d1 | brand=U.S. Polo Kids | saved=50 | elapsed_label=3s | products_per_minute=1011.27
2026-09-30 16:18:13 | INFO    | LISTING   | Listing U.S. Polo Kids route https://www.myntra.com/us-polo-assn-kids page 108 -> https://www.myntra.com/gateway/v4/search/us-polo-assn-kids?rows=50&o=5350&plaEnabled=false&xdEnabled=false&isFacet=true&p=108 | run_id=run_20260930_154906_269231_a733d1 | brand=U.S. Polo Kids | page=108 | route=https://www.myntra.com/us-polo-assn-kids | seen=5249 | expected=5351
2026-09-30 16:18:16 | INFO    | PDP       | Processed 45 target products for U.S. Polo Kids in 3s (1060.99 products/min). | run_id=run_20260930_154906_269231_a733d1 | brand=U.S. Polo Kids | saved=45 | elapsed_label=3s | products_per_minute=1060.99
2026-09-30 16:18:16 | INFO    | LISTING   | Listing U.S. Polo Kids route https://www.myntra.com/us-polo-assn-kids page 109 -> https://www.myntra.com/gateway/v4/search/us-polo-assn-kids?rows=50&o=5400&plaEnabled=false&xdEnabled=false&isFacet=true&p=109 | run_id=run_20260930_154906_269231_a733d1 | brand=U.S. Polo Kids | page=109 | route=https://www.myntra.com/us-polo-assn-kids | seen=5294 | expected=5351
2026-09-30 16:18:17 | WARNING | LISTING   | Empty listing page for U.S. Polo Kids on page 109 before expected end; continuing. | run_id=run_20260930_154906_269231_a733d1 | brand=U.S. Polo Kids | page=109 | route=https://www.myntra.com/us-polo-assn-kids
2026-09-30 16:18:17 | INFO    | LISTING   | Listing U.S. Polo Kids route https://www.myntra.com/us-polo-assn-kids page 110 -> https://www.myntra.com/gateway/v4/search/us-polo-assn-kids?rows=50&o=5450&plaEnabled=false&xdEnabled=false&isFacet=true&p=110 | run_id=run_20260930_154906_269231_a733d1 | brand=U.S. Polo Kids | page=110 | route=https://www.myntra.com/us-polo-assn-kids | seen=5294 | expected=5351
2026-09-30 16:18:17 | WARNING | NETWORK   | JSON request failed for https://www.myntra.com/gateway/v4/search/us-polo-assn-kids?rows=50&o=5450&plaEnabled=false&xdEnabled=false&isFacet=true&p=110 on attempt 1/3: HTTP Error 400:  | run_id=run_20260930_154906_269231_a733d1 | route=https://www.myntra.com/gateway/v4/search/us-polo-assn-kids?rows=50&o=5450&plaEnabled=false&xdEnabled=false&isFacet=true&p=110 | attempt=1/3
2026-09-30 16:18:19 | WARNING | NETWORK   | JSON request failed for https://www.myntra.com/gateway/v4/search/us-polo-assn-kids?rows=50&o=5450&plaEnabled=false&xdEnabled=false&isFacet=true&p=110 on attempt 2/3: HTTP Error 400:  | run_id=run_20260930_154906_269231_a733d1 | route=https://www.myntra.com/gateway/v4/search/us-polo-assn-kids?rows=50&o=5450&plaEnabled=false&xdEnabled=false&isFacet=true&p=110 | attempt=2/3
2026-09-30 16:18:22 | WARNING | NETWORK   | JSON request failed for https://www.myntra.com/gateway/v4/search/us-polo-assn-kids?rows=50&o=5450&plaEnabled=false&xdEnabled=false&isFacet=true&p=110 on attempt 3/3: HTTP Error 400:  | run_id=run_20260930_154906_269231_a733d1 | route=https://www.myntra.com/gateway/v4/search/us-polo-assn-kids?rows=50&o=5450&plaEnabled=false&xdEnabled=false&isFacet=true&p=110 | attempt=3/3
2026-09-30 16:18:22 | WARNING | NETWORK   | JSON request failed for https://www.myntra.com/gateway/v4/search/us-polo-assn-kids?rows=50&o=5449&plaEnabled=false&xdEnabled=false&isFacet=true&p=110 on attempt 1/3: HTTP Error 400:  | run_id=run_20260930_154906_269231_a733d1 | route=https://www.myntra.com/gateway/v4/search/us-polo-assn-kids?rows=50&o=5449&plaEnabled=false&xdEnabled=false&isFacet=true&p=110 | attempt=1/3
2026-09-30 16:18:24 | WARNING | NETWORK   | JSON request failed for https://www.myntra.com/gateway/v4/search/us-polo-assn-kids?rows=50&o=5449&plaEnabled=false&xdEnabled=false&isFacet=true&p=110 on attempt 2/3: HTTP Error 400:  | run_id=run_20260930_154906_269231_a733d1 | route=https://www.myntra.com/gateway/v4/search/us-polo-assn-kids?rows=50&o=5449&plaEnabled=false&xdEnabled=false&isFacet=true&p=110 | attempt=2/3
2026-09-30 16:18:27 | WARNING | NETWORK   | JSON request failed for https://www.myntra.com/gateway/v4/search/us-polo-assn-kids?rows=50&o=5449&plaEnabled=false&xdEnabled=false&isFacet=true&p=110 on attempt 3/3: HTTP Error 400:  | run_id=run_20260930_154906_269231_a733d1 | route=https://www.myntra.com/gateway/v4/search/us-polo-assn-kids?rows=50&o=5449&plaEnabled=false&xdEnabled=false&isFacet=true&p=110 | attempt=3/3
2026-09-30 16:18:27 | WARNING | LISTING   | Route fetch failed for https://www.myntra.com/us-polo-assn-kids page 110 (Failed to fetch JSON payload from https://www.myntra.com/gateway/v4/search/us-polo-assn-kids?rows=50&o=5449&plaEnabled=false&xdEnabled=false&isFacet=true&p=110: HTTP Error 400: ). Will retry with another pass or fallback route. | run_id=run_20260930_154906_269231_a733d1 | brand=U.S. Polo Kids | page=110 | route=https://www.myntra.com/us-polo-assn-kids
2026-09-30 16:18:27 | INFO    | BRAND     | Skipping redundant route https://www.myntra.com/u.s.-polo-assn.-kids for U.S. Polo Kids (96% of first page already captured). | run_id=run_20260930_154906_269231_a733d1 | brand=U.S. Polo Kids | route=https://www.myntra.com/u.s.-polo-assn.-kids
2026-09-30 16:18:27 | WARNING | BRAND     | Brand U.S. Polo Kids finished below expected count: saw 5294 unique shirts products vs expected 5351. | run_id=run_20260930_154906_269231_a733d1 | brand=U.S. Polo Kids | seen=5294 | expected=5351
2026-09-30 16:18:27 | INFO    | BRAND     | Brand scrape completed in 6m 50s (774.41 products/min). | run_id=run_20260930_154906_269231_a733d1 | brand=U.S. Polo Kids | status=COMPLETED | saved=5294 | seen=5294 | expected=5351 | elapsed_label=6m 50s | products_per_minute=774.41
2026-09-30 16:18:27 | WARNING | AUDIT     | Audit pass 1 found 3 incomplete brands; retrying them: Kidbea, Hopscotch, H&M (Kids) | run_id=run_20260930_154906_269231_a733d1 | attempt=1
2026-09-30 16:18:27 | INFO    | BRAND     | Resolving brand routes. | run_id=run_20260930_154906_269231_a733d1 | brand=Kidbea
2026-09-30 16:18:27 | INFO    | BRAND     | Resolved Kidbea -> 1 routes (best brand total=888): https://www.myntra.com/kidbea | run_id=run_20260930_154906_269231_a733d1 | brand=Kidbea | expected=888
2026-09-30 16:18:27 | INFO    | BRAND     | Starting brand scrape. | run_id=run_20260930_154906_269231_a733d1 | brand=Kidbea | expected=888
2026-09-30 16:18:27 | INFO    | LISTING   | Listing Kidbea route https://www.myntra.com/kidbea page 1 -> https://www.myntra.com/gateway/v4/search/kidbea?rows=50&o=0&plaEnabled=false&xdEnabled=false&isFacet=true&p=1 | run_id=run_20260930_154906_269231_a733d1 | brand=Kidbea | page=1 | route=https://www.myntra.com/kidbea | seen=0 | expected=888
2026-09-30 16:18:29 | INFO    | LISTING   | Listing Kidbea route https://www.myntra.com/kidbea page 2 -> https://www.myntra.com/gateway/v4/search/kidbea?rows=50&o=50&plaEnabled=false&xdEnabled=false&isFacet=true&p=2 | run_id=run_20260930_154906_269231_a733d1 | brand=Kidbea | page=2 | route=https://www.myntra.com/kidbea | seen=40 | expected=888
2026-09-30 16:18:29 | INFO    | LISTING   | Listing Kidbea route https://www.myntra.com/kidbea page 3 -> https://www.myntra.com/gateway/v4/search/kidbea?rows=50&o=100&plaEnabled=false&xdEnabled=false&isFacet=true&p=3 | run_id=run_20260930_154906_269231_a733d1 | brand=Kidbea | page=3 | route=https://www.myntra.com/kidbea | seen=89 | expected=888
2026-09-30 16:18:30 | INFO    | LISTING   | Listing Kidbea route https://www.myntra.com/kidbea page 4 -> https://www.myntra.com/gateway/v4/search/kidbea?rows=50&o=150&plaEnabled=false&xdEnabled=false&isFacet=true&p=4 | run_id=run_20260930_154906_269231_a733d1 | brand=Kidbea | page=4 | route=https://www.myntra.com/kidbea | seen=132 | expected=888
2026-09-30 16:18:30 | INFO    | LISTING   | Listing Kidbea route https://www.myntra.com/kidbea page 5 -> https://www.myntra.com/gateway/v4/search/kidbea?rows=50&o=200&plaEnabled=false&xdEnabled=false&isFacet=true&p=5 | run_id=run_20260930_154906_269231_a733d1 | brand=Kidbea | page=5 | route=https://www.myntra.com/kidbea | seen=175 | expected=888
2026-09-30 16:18:31 | INFO    | LISTING   | Listing Kidbea route https://www.myntra.com/kidbea page 6 -> https://www.myntra.com/gateway/v4/search/kidbea?rows=50&o=250&plaEnabled=false&xdEnabled=false&isFacet=true&p=6 | run_id=run_20260930_154906_269231_a733d1 | brand=Kidbea | page=6 | route=https://www.myntra.com/kidbea | seen=222 | expected=888
2026-09-30 16:18:32 | INFO    | LISTING   | Listing Kidbea route https://www.myntra.com/kidbea page 7 -> https://www.myntra.com/gateway/v4/search/kidbea?rows=50&o=300&plaEnabled=false&xdEnabled=false&isFacet=true&p=7 | run_id=run_20260930_154906_269231_a733d1 | brand=Kidbea | page=7 | route=https://www.myntra.com/kidbea | seen=261 | expected=888
2026-09-30 16:18:32 | INFO    | LISTING   | Listing Kidbea route https://www.myntra.com/kidbea page 8 -> https://www.myntra.com/gateway/v4/search/kidbea?rows=50&o=350&plaEnabled=false&xdEnabled=false&isFacet=true&p=8 | run_id=run_20260930_154906_269231_a733d1 | brand=Kidbea | page=8 | route=https://www.myntra.com/kidbea | seen=294 | expected=888
2026-09-30 16:18:33 | INFO    | LISTING   | Listing Kidbea route https://www.myntra.com/kidbea page 9 -> https://www.myntra.com/gateway/v4/search/kidbea?rows=50&o=400&plaEnabled=false&xdEnabled=false&isFacet=true&p=9 | run_id=run_20260930_154906_269231_a733d1 | brand=Kidbea | page=9 | route=https://www.myntra.com/kidbea | seen=320 | expected=888
2026-09-30 16:18:34 | INFO    | LISTING   | Listing Kidbea route https://www.myntra.com/kidbea page 10 -> https://www.myntra.com/gateway/v4/search/kidbea?rows=50&o=450&plaEnabled=false&xdEnabled=false&isFacet=true&p=10 | run_id=run_20260930_154906_269231_a733d1 | brand=Kidbea | page=10 | route=https://www.myntra.com/kidbea | seen=364 | expected=888
2026-09-30 16:18:35 | INFO    | LISTING   | Listing Kidbea route https://www.myntra.com/kidbea page 11 -> https://www.myntra.com/gateway/v4/search/kidbea?rows=50&o=500&plaEnabled=false&xdEnabled=false&isFacet=true&p=11 | run_id=run_20260930_154906_269231_a733d1 | brand=Kidbea | page=11 | route=https://www.myntra.com/kidbea | seen=412 | expected=888
2026-09-30 16:18:36 | INFO    | LISTING   | Listing Kidbea route https://www.myntra.com/kidbea page 12 -> https://www.myntra.com/gateway/v4/search/kidbea?rows=50&o=550&plaEnabled=false&xdEnabled=false&isFacet=true&p=12 | run_id=run_20260930_154906_269231_a733d1 | brand=Kidbea | page=12 | route=https://www.myntra.com/kidbea | seen=461 | expected=888
2026-09-30 16:18:36 | INFO    | LISTING   | Listing Kidbea route https://www.myntra.com/kidbea page 13 -> https://www.myntra.com/gateway/v4/search/kidbea?rows=50&o=600&plaEnabled=false&xdEnabled=false&isFacet=true&p=13 | run_id=run_20260930_154906_269231_a733d1 | brand=Kidbea | page=13 | route=https://www.myntra.com/kidbea | seen=485 | expected=888
2026-09-30 16:18:37 | INFO    | LISTING   | Listing Kidbea route https://www.myntra.com/kidbea page 14 -> https://www.myntra.com/gateway/v4/search/kidbea?rows=50&o=650&plaEnabled=false&xdEnabled=false&isFacet=true&p=14 | run_id=run_20260930_154906_269231_a733d1 | brand=Kidbea | page=14 | route=https://www.myntra.com/kidbea | seen=532 | expected=888
2026-09-30 16:18:38 | INFO    | LISTING   | Listing Kidbea route https://www.myntra.com/kidbea page 15 -> https://www.myntra.com/gateway/v4/search/kidbea?rows=50&o=700&plaEnabled=false&xdEnabled=false&isFacet=true&p=15 | run_id=run_20260930_154906_269231_a733d1 | brand=Kidbea | page=15 | route=https://www.myntra.com/kidbea | seen=576 | expected=888
2026-09-30 16:18:38 | INFO    | LISTING   | Listing Kidbea route https://www.myntra.com/kidbea page 16 -> https://www.myntra.com/gateway/v4/search/kidbea?rows=50&o=750&plaEnabled=false&xdEnabled=false&isFacet=true&p=16 | run_id=run_20260930_154906_269231_a733d1 | brand=Kidbea | page=16 | route=https://www.myntra.com/kidbea | seen=615 | expected=888
2026-09-30 16:18:39 | INFO    | LISTING   | Listing Kidbea route https://www.myntra.com/kidbea page 17 -> https://www.myntra.com/gateway/v4/search/kidbea?rows=50&o=800&plaEnabled=false&xdEnabled=false&isFacet=true&p=17 | run_id=run_20260930_154906_269231_a733d1 | brand=Kidbea | page=17 | route=https://www.myntra.com/kidbea | seen=665 | expected=888
2026-09-30 16:18:40 | INFO    | LISTING   | Listing Kidbea route https://www.myntra.com/kidbea page 18 -> https://www.myntra.com/gateway/v4/search/kidbea?rows=50&o=850&plaEnabled=false&xdEnabled=false&isFacet=true&p=18 | run_id=run_20260930_154906_269231_a733d1 | brand=Kidbea | page=18 | route=https://www.myntra.com/kidbea | seen=697 | expected=888
2026-09-30 16:18:40 | INFO    | LISTING   | Listing Kidbea route https://www.myntra.com/kidbea page 19 -> https://www.myntra.com/gateway/v4/search/kidbea?rows=50&o=900&plaEnabled=false&xdEnabled=false&isFacet=true&p=19 | run_id=run_20260930_154906_269231_a733d1 | brand=Kidbea | page=19 | route=https://www.myntra.com/kidbea | seen=740 | expected=888
2026-09-30 16:18:41 | INFO    | LISTING   | Listing Kidbea route https://www.myntra.com/kidbea page 20 -> https://www.myntra.com/gateway/v4/search/kidbea?rows=50&o=950&plaEnabled=false&xdEnabled=false&isFacet=true&p=20 | run_id=run_20260930_154906_269231_a733d1 | brand=Kidbea | page=20 | route=https://www.myntra.com/kidbea | seen=787 | expected=888
2026-09-30 16:18:42 | WARNING | LISTING   | Empty listing page for Kidbea on page 20 before expected end; continuing. | run_id=run_20260930_154906_269231_a733d1 | brand=Kidbea | page=20 | route=https://www.myntra.com/kidbea
2026-09-30 16:18:42 | INFO    | LISTING   | Listing Kidbea route https://www.myntra.com/kidbea page 21 -> https://www.myntra.com/gateway/v4/search/kidbea?rows=50&o=1000&plaEnabled=false&xdEnabled=false&isFacet=true&p=21 | run_id=run_20260930_154906_269231_a733d1 | brand=Kidbea | page=21 | route=https://www.myntra.com/kidbea | seen=787 | expected=888
2026-09-30 16:18:43 | WARNING | NETWORK   | JSON request failed for https://www.myntra.com/gateway/v4/search/kidbea?rows=50&o=1000&plaEnabled=false&xdEnabled=false&isFacet=true&p=21 on attempt 1/3: HTTP Error 400:  | run_id=run_20260930_154906_269231_a733d1 | route=https://www.myntra.com/gateway/v4/search/kidbea?rows=50&o=1000&plaEnabled=false&xdEnabled=false&isFacet=true&p=21 | attempt=1/3
2026-09-30 16:18:45 | WARNING | NETWORK   | JSON request failed for https://www.myntra.com/gateway/v4/search/kidbea?rows=50&o=1000&plaEnabled=false&xdEnabled=false&isFacet=true&p=21 on attempt 2/3: HTTP Error 400:  | run_id=run_20260930_154906_269231_a733d1 | route=https://www.myntra.com/gateway/v4/search/kidbea?rows=50&o=1000&plaEnabled=false&xdEnabled=false&isFacet=true&p=21 | attempt=2/3
2026-09-30 16:18:47 | WARNING | NETWORK   | JSON request failed for https://www.myntra.com/gateway/v4/search/kidbea?rows=50&o=1000&plaEnabled=false&xdEnabled=false&isFacet=true&p=21 on attempt 3/3: HTTP Error 400:  | run_id=run_20260930_154906_269231_a733d1 | route=https://www.myntra.com/gateway/v4/search/kidbea?rows=50&o=1000&plaEnabled=false&xdEnabled=false&isFacet=true&p=21 | attempt=3/3
2026-09-30 16:18:48 | WARNING | NETWORK   | JSON request failed for https://www.myntra.com/gateway/v4/search/kidbea?rows=50&o=999&plaEnabled=false&xdEnabled=false&isFacet=true&p=21 on attempt 1/3: HTTP Error 400:  | run_id=run_20260930_154906_269231_a733d1 | route=https://www.myntra.com/gateway/v4/search/kidbea?rows=50&o=999&plaEnabled=false&xdEnabled=false&isFacet=true&p=21 | attempt=1/3
2026-09-30 16:18:50 | WARNING | NETWORK   | JSON request failed for https://www.myntra.com/gateway/v4/search/kidbea?rows=50&o=999&plaEnabled=false&xdEnabled=false&isFacet=true&p=21 on attempt 2/3: HTTP Error 400:  | run_id=run_20260930_154906_269231_a733d1 | route=https://www.myntra.com/gateway/v4/search/kidbea?rows=50&o=999&plaEnabled=false&xdEnabled=false&isFacet=true&p=21 | attempt=2/3
2026-09-30 16:18:53 | WARNING | NETWORK   | JSON request failed for https://www.myntra.com/gateway/v4/search/kidbea?rows=50&o=999&plaEnabled=false&xdEnabled=false&isFacet=true&p=21 on attempt 3/3: HTTP Error 400:  | run_id=run_20260930_154906_269231_a733d1 | route=https://www.myntra.com/gateway/v4/search/kidbea?rows=50&o=999&plaEnabled=false&xdEnabled=false&isFacet=true&p=21 | attempt=3/3
2026-09-30 16:18:53 | WARNING | LISTING   | Route fetch failed for https://www.myntra.com/kidbea page 21 (Failed to fetch JSON payload from https://www.myntra.com/gateway/v4/search/kidbea?rows=50&o=999&plaEnabled=false&xdEnabled=false&isFacet=true&p=21: HTTP Error 400: ). Will retry with another pass or fallback route. | run_id=run_20260930_154906_269231_a733d1 | brand=Kidbea | page=21 | route=https://www.myntra.com/kidbea
2026-09-30 16:18:53 | WARNING | LISTING   | Retrying route https://www.myntra.com/kidbea for Kidbea (pass 1/2) after incomplete coverage: 787/888 unique products seen. | run_id=run_20260930_154906_269231_a733d1 | brand=Kidbea | route=https://www.myntra.com/kidbea | seen=787 | expected=888 | attempt=1/2
2026-09-30 16:18:53 | INFO    | LISTING   | Listing Kidbea route https://www.myntra.com/kidbea page 1 -> https://www.myntra.com/gateway/v4/search/kidbea?rows=50&o=0&plaEnabled=false&xdEnabled=false&isFacet=true&p=1 | run_id=run_20260930_154906_269231_a733d1 | brand=Kidbea | page=1 | route=https://www.myntra.com/kidbea | seen=787 | expected=888
2026-09-30 16:18:54 | INFO    | LISTING   | Listing Kidbea route https://www.myntra.com/kidbea page 2 -> https://www.myntra.com/gateway/v4/search/kidbea?rows=50&o=50&plaEnabled=false&xdEnabled=false&isFacet=true&p=2 | run_id=run_20260930_154906_269231_a733d1 | brand=Kidbea | page=2 | route=https://www.myntra.com/kidbea | seen=787 | expected=888
2026-09-30 16:18:55 | INFO    | LISTING   | Listing Kidbea route https://www.myntra.com/kidbea page 3 -> https://www.myntra.com/gateway/v4/search/kidbea?rows=50&o=100&plaEnabled=false&xdEnabled=false&isFacet=true&p=3 | run_id=run_20260930_154906_269231_a733d1 | brand=Kidbea | page=3 | route=https://www.myntra.com/kidbea | seen=787 | expected=888
2026-09-30 16:18:56 | WARNING | LISTING   | Route https://www.myntra.com/kidbea for Kidbea stalled for 3 consecutive pages before reaching expected total; restarting route pass. | run_id=run_20260930_154906_269231_a733d1 | brand=Kidbea | page=3 | route=https://www.myntra.com/kidbea | seen=787 | expected=888
2026-09-30 16:18:56 | WARNING | LISTING   | Retrying route https://www.myntra.com/kidbea for Kidbea (pass 2/2) after incomplete coverage: 787/888 unique products seen. | run_id=run_20260930_154906_269231_a733d1 | brand=Kidbea | route=https://www.myntra.com/kidbea | seen=787 | expected=888 | attempt=2/2
2026-09-30 16:18:56 | INFO    | LISTING   | Listing Kidbea route https://www.myntra.com/kidbea page 1 -> https://www.myntra.com/gateway/v4/search/kidbea?rows=50&o=0&plaEnabled=false&xdEnabled=false&isFacet=true&p=1 | run_id=run_20260930_154906_269231_a733d1 | brand=Kidbea | page=1 | route=https://www.myntra.com/kidbea | seen=787 | expected=888
2026-09-30 16:18:57 | INFO    | LISTING   | Listing Kidbea route https://www.myntra.com/kidbea page 2 -> https://www.myntra.com/gateway/v4/search/kidbea?rows=50&o=50&plaEnabled=false&xdEnabled=false&isFacet=true&p=2 | run_id=run_20260930_154906_269231_a733d1 | brand=Kidbea | page=2 | route=https://www.myntra.com/kidbea | seen=787 | expected=888
2026-09-30 16:18:58 | INFO    | LISTING   | Listing Kidbea route https://www.myntra.com/kidbea page 3 -> https://www.myntra.com/gateway/v4/search/kidbea?rows=50&o=100&plaEnabled=false&xdEnabled=false&isFacet=true&p=3 | run_id=run_20260930_154906_269231_a733d1 | brand=Kidbea | page=3 | route=https://www.myntra.com/kidbea | seen=787 | expected=888
2026-09-30 16:18:58 | WARNING | LISTING   | Route https://www.myntra.com/kidbea for Kidbea stalled for 3 consecutive pages before reaching expected total; restarting route pass. | run_id=run_20260930_154906_269231_a733d1 | brand=Kidbea | page=3 | route=https://www.myntra.com/kidbea | seen=787 | expected=888
2026-09-30 16:18:58 | WARNING | BRAND     | Brand Kidbea finished below expected count: saw 787 unique shirts products vs expected 888. | run_id=run_20260930_154906_269231_a733d1 | brand=Kidbea | seen=787 | expected=888
2026-09-30 16:18:58 | INFO    | BRAND     | Brand scrape completed in 31s (1501.76 products/min). | run_id=run_20260930_154906_269231_a733d1 | brand=Kidbea | status=COMPLETED | saved=788 | seen=788 | expected=888 | elapsed_label=31s | products_per_minute=1501.76
2026-09-30 16:18:58 | INFO    | AUDIT     | Audit retry completed for Kidbea: saved=0, shortfall_before=100 | run_id=run_20260930_154906_269231_a733d1 | brand=Kidbea | saved=0
2026-09-30 16:18:58 | INFO    | BRAND     | Resolving brand routes. | run_id=run_20260930_154906_269231_a733d1 | brand=Hopscotch
2026-09-30 16:19:01 | INFO    | BRAND     | Resolved Hopscotch -> 1 routes (best brand total=5129): https://www.myntra.com/hopscotch | run_id=run_20260930_154906_269231_a733d1 | brand=Hopscotch | expected=5129
2026-09-30 16:19:01 | INFO    | BRAND     | Starting brand scrape. | run_id=run_20260930_154906_269231_a733d1 | brand=Hopscotch | expected=5129
2026-09-30 16:19:01 | INFO    | LISTING   | Listing Hopscotch route https://www.myntra.com/hopscotch page 1 -> https://www.myntra.com/gateway/v4/search/hopscotch?rows=50&o=0&plaEnabled=false&xdEnabled=false&isFacet=true&p=1 | run_id=run_20260930_154906_269231_a733d1 | brand=Hopscotch | page=1 | route=https://www.myntra.com/hopscotch | seen=0 | expected=5129
2026-09-30 16:19:02 | INFO    | LISTING   | Listing Hopscotch route https://www.myntra.com/hopscotch page 2 -> https://www.myntra.com/gateway/v4/search/hopscotch?rows=50&o=50&plaEnabled=false&xdEnabled=false&isFacet=true&p=2 | run_id=run_20260930_154906_269231_a733d1 | brand=Hopscotch | page=2 | route=https://www.myntra.com/hopscotch | seen=46 | expected=5129
2026-09-30 16:19:03 | INFO    | LISTING   | Listing Hopscotch route https://www.myntra.com/hopscotch page 3 -> https://www.myntra.com/gateway/v4/search/hopscotch?rows=50&o=100&plaEnabled=false&xdEnabled=false&isFacet=true&p=3 | run_id=run_20260930_154906_269231_a733d1 | brand=Hopscotch | page=3 | route=https://www.myntra.com/hopscotch | seen=93 | expected=5129
2026-09-30 16:19:04 | INFO    | LISTING   | Listing Hopscotch route https://www.myntra.com/hopscotch page 4 -> https://www.myntra.com/gateway/v4/search/hopscotch?rows=50&o=150&plaEnabled=false&xdEnabled=false&isFacet=true&p=4 | run_id=run_20260930_154906_269231_a733d1 | brand=Hopscotch | page=4 | route=https://www.myntra.com/hopscotch | seen=140 | expected=5129
2026-09-30 16:19:04 | INFO    | LISTING   | Listing Hopscotch route https://www.myntra.com/hopscotch page 5 -> https://www.myntra.com/gateway/v4/search/hopscotch?rows=50&o=200&plaEnabled=false&xdEnabled=false&isFacet=true&p=5 | run_id=run_20260930_154906_269231_a733d1 | brand=Hopscotch | page=5 | route=https://www.myntra.com/hopscotch | seen=187 | expected=5129
2026-09-30 16:19:05 | INFO    | LISTING   | Listing Hopscotch route https://www.myntra.com/hopscotch page 6 -> https://www.myntra.com/gateway/v4/search/hopscotch?rows=50&o=250&plaEnabled=false&xdEnabled=false&isFacet=true&p=6 | run_id=run_20260930_154906_269231_a733d1 | brand=Hopscotch | page=6 | route=https://www.myntra.com/hopscotch | seen=236 | expected=5129
2026-09-30 16:19:05 | INFO    | LISTING   | Listing Hopscotch route https://www.myntra.com/hopscotch page 7 -> https://www.myntra.com/gateway/v4/search/hopscotch?rows=50&o=300&plaEnabled=false&xdEnabled=false&isFacet=true&p=7 | run_id=run_20260930_154906_269231_a733d1 | brand=Hopscotch | page=7 | route=https://www.myntra.com/hopscotch | seen=284 | expected=5129
2026-09-30 16:19:06 | INFO    | LISTING   | Listing Hopscotch route https://www.myntra.com/hopscotch page 8 -> https://www.myntra.com/gateway/v4/search/hopscotch?rows=50&o=350&plaEnabled=false&xdEnabled=false&isFacet=true&p=8 | run_id=run_20260930_154906_269231_a733d1 | brand=Hopscotch | page=8 | route=https://www.myntra.com/hopscotch | seen=333 | expected=5129
2026-09-30 16:19:07 | INFO    | LISTING   | Listing Hopscotch route https://www.myntra.com/hopscotch page 9 -> https://www.myntra.com/gateway/v4/search/hopscotch?rows=50&o=400&plaEnabled=false&xdEnabled=false&isFacet=true&p=9 | run_id=run_20260930_154906_269231_a733d1 | brand=Hopscotch | page=9 | route=https://www.myntra.com/hopscotch | seen=381 | expected=5129
2026-09-30 16:19:07 | INFO    | LISTING   | Listing Hopscotch route https://www.myntra.com/hopscotch page 10 -> https://www.myntra.com/gateway/v4/search/hopscotch?rows=50&o=450&plaEnabled=false&xdEnabled=false&isFacet=true&p=10 | run_id=run_20260930_154906_269231_a733d1 | brand=Hopscotch | page=10 | route=https://www.myntra.com/hopscotch | seen=424 | expected=5129
2026-09-30 16:19:08 | INFO    | LISTING   | Listing Hopscotch route https://www.myntra.com/hopscotch page 11 -> https://www.myntra.com/gateway/v4/search/hopscotch?rows=50&o=500&plaEnabled=false&xdEnabled=false&isFacet=true&p=11 | run_id=run_20260930_154906_269231_a733d1 | brand=Hopscotch | page=11 | route=https://www.myntra.com/hopscotch | seen=473 | expected=5129
2026-09-30 16:19:08 | INFO    | LISTING   | Listing Hopscotch route https://www.myntra.com/hopscotch page 12 -> https://www.myntra.com/gateway/v4/search/hopscotch?rows=50&o=550&plaEnabled=false&xdEnabled=false&isFacet=true&p=12 | run_id=run_20260930_154906_269231_a733d1 | brand=Hopscotch | page=12 | route=https://www.myntra.com/hopscotch | seen=520 | expected=5129
2026-09-30 16:19:09 | INFO    | LISTING   | Listing Hopscotch route https://www.myntra.com/hopscotch page 13 -> https://www.myntra.com/gateway/v4/search/hopscotch?rows=50&o=600&plaEnabled=false&xdEnabled=false&isFacet=true&p=13 | run_id=run_20260930_154906_269231_a733d1 | brand=Hopscotch | page=13 | route=https://www.myntra.com/hopscotch | seen=570 | expected=5129
2026-09-30 16:19:10 | INFO    | LISTING   | Listing Hopscotch route https://www.myntra.com/hopscotch page 14 -> https://www.myntra.com/gateway/v4/search/hopscotch?rows=50&o=650&plaEnabled=false&xdEnabled=false&isFacet=true&p=14 | run_id=run_20260930_154906_269231_a733d1 | brand=Hopscotch | page=14 | route=https://www.myntra.com/hopscotch | seen=620 | expected=5129
2026-09-30 16:19:10 | INFO    | LISTING   | Listing Hopscotch route https://www.myntra.com/hopscotch page 15 -> https://www.myntra.com/gateway/v4/search/hopscotch?rows=50&o=700&plaEnabled=false&xdEnabled=false&isFacet=true&p=15 | run_id=run_20260930_154906_269231_a733d1 | brand=Hopscotch | page=15 | route=https://www.myntra.com/hopscotch | seen=669 | expected=5129
2026-09-30 16:19:11 | INFO    | LISTING   | Listing Hopscotch route https://www.myntra.com/hopscotch page 16 -> https://www.myntra.com/gateway/v4/search/hopscotch?rows=50&o=750&plaEnabled=false&xdEnabled=false&isFacet=true&p=16 | run_id=run_20260930_154906_269231_a733d1 | brand=Hopscotch | page=16 | route=https://www.myntra.com/hopscotch | seen=713 | expected=5129
2026-09-30 16:19:12 | INFO    | LISTING   | Listing Hopscotch route https://www.myntra.com/hopscotch page 17 -> https://www.myntra.com/gateway/v4/search/hopscotch?rows=50&o=800&plaEnabled=false&xdEnabled=false&isFacet=true&p=17 | run_id=run_20260930_154906_269231_a733d1 | brand=Hopscotch | page=17 | route=https://www.myntra.com/hopscotch | seen=762 | expected=5129
2026-09-30 16:19:12 | INFO    | LISTING   | Listing Hopscotch route https://www.myntra.com/hopscotch page 18 -> https://www.myntra.com/gateway/v4/search/hopscotch?rows=50&o=850&plaEnabled=false&xdEnabled=false&isFacet=true&p=18 | run_id=run_20260930_154906_269231_a733d1 | brand=Hopscotch | page=18 | route=https://www.myntra.com/hopscotch | seen=812 | expected=5129
2026-09-30 16:19:13 | INFO    | LISTING   | Listing Hopscotch route https://www.myntra.com/hopscotch page 19 -> https://www.myntra.com/gateway/v4/search/hopscotch?rows=50&o=900&plaEnabled=false&xdEnabled=false&isFacet=true&p=19 | run_id=run_20260930_154906_269231_a733d1 | brand=Hopscotch | page=19 | route=https://www.myntra.com/hopscotch | seen=860 | expected=5129
2026-09-30 16:19:14 | INFO    | LISTING   | Listing Hopscotch route https://www.myntra.com/hopscotch page 20 -> https://www.myntra.com/gateway/v4/search/hopscotch?rows=50&o=950&plaEnabled=false&xdEnabled=false&isFacet=true&p=20 | run_id=run_20260930_154906_269231_a733d1 | brand=Hopscotch | page=20 | route=https://www.myntra.com/hopscotch | seen=906 | expected=5129
2026-09-30 16:19:14 | INFO    | LISTING   | Listing Hopscotch route https://www.myntra.com/hopscotch page 21 -> https://www.myntra.com/gateway/v4/search/hopscotch?rows=50&o=1000&plaEnabled=false&xdEnabled=false&isFacet=true&p=21 | run_id=run_20260930_154906_269231_a733d1 | brand=Hopscotch | page=21 | route=https://www.myntra.com/hopscotch | seen=953 | expected=5129
2026-09-30 16:19:15 | INFO    | LISTING   | Listing Hopscotch route https://www.myntra.com/hopscotch page 22 -> https://www.myntra.com/gateway/v4/search/hopscotch?rows=50&o=1050&plaEnabled=false&xdEnabled=false&isFacet=true&p=22 | run_id=run_20260930_154906_269231_a733d1 | brand=Hopscotch | page=22 | route=https://www.myntra.com/hopscotch | seen=999 | expected=5129
2026-09-30 16:19:15 | INFO    | LISTING   | Listing Hopscotch route https://www.myntra.com/hopscotch page 23 -> https://www.myntra.com/gateway/v4/search/hopscotch?rows=50&o=1100&plaEnabled=false&xdEnabled=false&isFacet=true&p=23 | run_id=run_20260930_154906_269231_a733d1 | brand=Hopscotch | page=23 | route=https://www.myntra.com/hopscotch | seen=1048 | expected=5129
2026-09-30 16:19:16 | INFO    | LISTING   | Listing Hopscotch route https://www.myntra.com/hopscotch page 24 -> https://www.myntra.com/gateway/v4/search/hopscotch?rows=50&o=1150&plaEnabled=false&xdEnabled=false&isFacet=true&p=24 | run_id=run_20260930_154906_269231_a733d1 | brand=Hopscotch | page=24 | route=https://www.myntra.com/hopscotch | seen=1094 | expected=5129
2026-09-30 16:19:17 | INFO    | LISTING   | Listing Hopscotch route https://www.myntra.com/hopscotch page 25 -> https://www.myntra.com/gateway/v4/search/hopscotch?rows=50&o=1200&plaEnabled=false&xdEnabled=false&isFacet=true&p=25 | run_id=run_20260930_154906_269231_a733d1 | brand=Hopscotch | page=25 | route=https://www.myntra.com/hopscotch | seen=1143 | expected=5129
2026-09-30 16:19:18 | INFO    | LISTING   | Listing Hopscotch route https://www.myntra.com/hopscotch page 26 -> https://www.myntra.com/gateway/v4/search/hopscotch?rows=50&o=1250&plaEnabled=false&xdEnabled=false&isFacet=true&p=26 | run_id=run_20260930_154906_269231_a733d1 | brand=Hopscotch | page=26 | route=https://www.myntra.com/hopscotch | seen=1192 | expected=5129
2026-09-30 16:19:18 | INFO    | LISTING   | Listing Hopscotch route https://www.myntra.com/hopscotch page 27 -> https://www.myntra.com/gateway/v4/search/hopscotch?rows=50&o=1300&plaEnabled=false&xdEnabled=false&isFacet=true&p=27 | run_id=run_20260930_154906_269231_a733d1 | brand=Hopscotch | page=27 | route=https://www.myntra.com/hopscotch | seen=1239 | expected=5129
2026-09-30 16:19:19 | INFO    | LISTING   | Listing Hopscotch route https://www.myntra.com/hopscotch page 28 -> https://www.myntra.com/gateway/v4/search/hopscotch?rows=50&o=1350&plaEnabled=false&xdEnabled=false&isFacet=true&p=28 | run_id=run_20260930_154906_269231_a733d1 | brand=Hopscotch | page=28 | route=https://www.myntra.com/hopscotch | seen=1289 | expected=5129
2026-09-30 16:19:20 | INFO    | LISTING   | Listing Hopscotch route https://www.myntra.com/hopscotch page 29 -> https://www.myntra.com/gateway/v4/search/hopscotch?rows=50&o=1400&plaEnabled=false&xdEnabled=false&isFacet=true&p=29 | run_id=run_20260930_154906_269231_a733d1 | brand=Hopscotch | page=29 | route=https://www.myntra.com/hopscotch | seen=1339 | expected=5129
2026-09-30 16:19:20 | INFO    | LISTING   | Listing Hopscotch route https://www.myntra.com/hopscotch page 30 -> https://www.myntra.com/gateway/v4/search/hopscotch?rows=50&o=1450&plaEnabled=false&xdEnabled=false&isFacet=true&p=30 | run_id=run_20260930_154906_269231_a733d1 | brand=Hopscotch | page=30 | route=https://www.myntra.com/hopscotch | seen=1388 | expected=5129
2026-09-30 16:19:21 | INFO    | LISTING   | Listing Hopscotch route https://www.myntra.com/hopscotch page 31 -> https://www.myntra.com/gateway/v4/search/hopscotch?rows=50&o=1500&plaEnabled=false&xdEnabled=false&isFacet=true&p=31 | run_id=run_20260930_154906_269231_a733d1 | brand=Hopscotch | page=31 | route=https://www.myntra.com/hopscotch | seen=1436 | expected=5129
2026-09-30 16:19:22 | INFO    | LISTING   | Listing Hopscotch route https://www.myntra.com/hopscotch page 32 -> https://www.myntra.com/gateway/v4/search/hopscotch?rows=50&o=1550&plaEnabled=false&xdEnabled=false&isFacet=true&p=32 | run_id=run_20260930_154906_269231_a733d1 | brand=Hopscotch | page=32 | route=https://www.myntra.com/hopscotch | seen=1470 | expected=5129
2026-09-30 16:19:22 | INFO    | LISTING   | Listing Hopscotch route https://www.myntra.com/hopscotch page 33 -> https://www.myntra.com/gateway/v4/search/hopscotch?rows=50&o=1600&plaEnabled=false&xdEnabled=false&isFacet=true&p=33 | run_id=run_20260930_154906_269231_a733d1 | brand=Hopscotch | page=33 | route=https://www.myntra.com/hopscotch | seen=1511 | expected=5129
2026-09-30 16:19:23 | INFO    | LISTING   | Listing Hopscotch route https://www.myntra.com/hopscotch page 34 -> https://www.myntra.com/gateway/v4/search/hopscotch?rows=50&o=1650&plaEnabled=false&xdEnabled=false&isFacet=true&p=34 | run_id=run_20260930_154906_269231_a733d1 | brand=Hopscotch | page=34 | route=https://www.myntra.com/hopscotch | seen=1561 | expected=5129
2026-09-30 16:19:23 | INFO    | LISTING   | Listing Hopscotch route https://www.myntra.com/hopscotch page 35 -> https://www.myntra.com/gateway/v4/search/hopscotch?rows=50&o=1700&plaEnabled=false&xdEnabled=false&isFacet=true&p=35 | run_id=run_20260930_154906_269231_a733d1 | brand=Hopscotch | page=35 | route=https://www.myntra.com/hopscotch | seen=1582 | expected=5129
2026-09-30 16:19:24 | INFO    | LISTING   | Listing Hopscotch route https://www.myntra.com/hopscotch page 36 -> https://www.myntra.com/gateway/v4/search/hopscotch?rows=50&o=1750&plaEnabled=false&xdEnabled=false&isFacet=true&p=36 | run_id=run_20260930_154906_269231_a733d1 | brand=Hopscotch | page=36 | route=https://www.myntra.com/hopscotch | seen=1632 | expected=5129
2026-09-30 16:19:25 | INFO    | LISTING   | Listing Hopscotch route https://www.myntra.com/hopscotch page 37 -> https://www.myntra.com/gateway/v4/search/hopscotch?rows=50&o=1800&plaEnabled=false&xdEnabled=false&isFacet=true&p=37 | run_id=run_20260930_154906_269231_a733d1 | brand=Hopscotch | page=37 | route=https://www.myntra.com/hopscotch | seen=1682 | expected=5129
2026-09-30 16:19:25 | INFO    | LISTING   | Listing Hopscotch route https://www.myntra.com/hopscotch page 38 -> https://www.myntra.com/gateway/v4/search/hopscotch?rows=50&o=1850&plaEnabled=false&xdEnabled=false&isFacet=true&p=38 | run_id=run_20260930_154906_269231_a733d1 | brand=Hopscotch | page=38 | route=https://www.myntra.com/hopscotch | seen=1732 | expected=5129
2026-09-30 16:19:26 | INFO    | LISTING   | Listing Hopscotch route https://www.myntra.com/hopscotch page 39 -> https://www.myntra.com/gateway/v4/search/hopscotch?rows=50&o=1900&plaEnabled=false&xdEnabled=false&isFacet=true&p=39 | run_id=run_20260930_154906_269231_a733d1 | brand=Hopscotch | page=39 | route=https://www.myntra.com/hopscotch | seen=1782 | expected=5129
2026-09-30 16:19:27 | INFO    | LISTING   | Listing Hopscotch route https://www.myntra.com/hopscotch page 40 -> https://www.myntra.com/gateway/v4/search/hopscotch?rows=50&o=1950&plaEnabled=false&xdEnabled=false&isFacet=true&p=40 | run_id=run_20260930_154906_269231_a733d1 | brand=Hopscotch | page=40 | route=https://www.myntra.com/hopscotch | seen=1832 | expected=5129
2026-09-30 16:19:27 | INFO    | LISTING   | Listing Hopscotch route https://www.myntra.com/hopscotch page 41 -> https://www.myntra.com/gateway/v4/search/hopscotch?rows=50&o=2000&plaEnabled=false&xdEnabled=false&isFacet=true&p=41 | run_id=run_20260930_154906_269231_a733d1 | brand=Hopscotch | page=41 | route=https://www.myntra.com/hopscotch | seen=1882 | expected=5129
2026-09-30 16:19:28 | INFO    | LISTING   | Listing Hopscotch route https://www.myntra.com/hopscotch page 42 -> https://www.myntra.com/gateway/v4/search/hopscotch?rows=50&o=2050&plaEnabled=false&xdEnabled=false&isFacet=true&p=42 | run_id=run_20260930_154906_269231_a733d1 | brand=Hopscotch | page=42 | route=https://www.myntra.com/hopscotch | seen=1932 | expected=5129
2026-09-30 16:19:28 | INFO    | LISTING   | Listing Hopscotch route https://www.myntra.com/hopscotch page 43 -> https://www.myntra.com/gateway/v4/search/hopscotch?rows=50&o=2100&plaEnabled=false&xdEnabled=false&isFacet=true&p=43 | run_id=run_20260930_154906_269231_a733d1 | brand=Hopscotch | page=43 | route=https://www.myntra.com/hopscotch | seen=1982 | expected=5129
2026-09-30 16:19:29 | INFO    | LISTING   | Listing Hopscotch route https://www.myntra.com/hopscotch page 44 -> https://www.myntra.com/gateway/v4/search/hopscotch?rows=50&o=2150&plaEnabled=false&xdEnabled=false&isFacet=true&p=44 | run_id=run_20260930_154906_269231_a733d1 | brand=Hopscotch | page=44 | route=https://www.myntra.com/hopscotch | seen=2032 | expected=5129
2026-09-30 16:19:30 | INFO    | LISTING   | Listing Hopscotch route https://www.myntra.com/hopscotch page 45 -> https://www.myntra.com/gateway/v4/search/hopscotch?rows=50&o=2200&plaEnabled=false&xdEnabled=false&isFacet=true&p=45 | run_id=run_20260930_154906_269231_a733d1 | brand=Hopscotch | page=45 | route=https://www.myntra.com/hopscotch | seen=2082 | expected=5129
2026-09-30 16:19:30 | INFO    | LISTING   | Listing Hopscotch route https://www.myntra.com/hopscotch page 46 -> https://www.myntra.com/gateway/v4/search/hopscotch?rows=50&o=2250&plaEnabled=false&xdEnabled=false&isFacet=true&p=46 | run_id=run_20260930_154906_269231_a733d1 | brand=Hopscotch | page=46 | route=https://www.myntra.com/hopscotch | seen=2132 | expected=5129
2026-09-30 16:19:31 | INFO    | LISTING   | Listing Hopscotch route https://www.myntra.com/hopscotch page 47 -> https://www.myntra.com/gateway/v4/search/hopscotch?rows=50&o=2300&plaEnabled=false&xdEnabled=false&isFacet=true&p=47 | run_id=run_20260930_154906_269231_a733d1 | brand=Hopscotch | page=47 | route=https://www.myntra.com/hopscotch | seen=2182 | expected=5129
2026-09-30 16:19:31 | INFO    | LISTING   | Listing Hopscotch route https://www.myntra.com/hopscotch page 48 -> https://www.myntra.com/gateway/v4/search/hopscotch?rows=50&o=2350&plaEnabled=false&xdEnabled=false&isFacet=true&p=48 | run_id=run_20260930_154906_269231_a733d1 | brand=Hopscotch | page=48 | route=https://www.myntra.com/hopscotch | seen=2231 | expected=5129
2026-09-30 16:19:32 | INFO    | LISTING   | Listing Hopscotch route https://www.myntra.com/hopscotch page 49 -> https://www.myntra.com/gateway/v4/search/hopscotch?rows=50&o=2400&plaEnabled=false&xdEnabled=false&isFacet=true&p=49 | run_id=run_20260930_154906_269231_a733d1 | brand=Hopscotch | page=49 | route=https://www.myntra.com/hopscotch | seen=2273 | expected=5129
2026-09-30 16:19:33 | INFO    | LISTING   | Listing Hopscotch route https://www.myntra.com/hopscotch page 50 -> https://www.myntra.com/gateway/v4/search/hopscotch?rows=50&o=2450&plaEnabled=false&xdEnabled=false&isFacet=true&p=50 | run_id=run_20260930_154906_269231_a733d1 | brand=Hopscotch | page=50 | route=https://www.myntra.com/hopscotch | seen=2315 | expected=5129
2026-09-30 16:19:33 | INFO    | LISTING   | Listing Hopscotch route https://www.myntra.com/hopscotch page 51 -> https://www.myntra.com/gateway/v4/search/hopscotch?rows=50&o=2500&plaEnabled=false&xdEnabled=false&isFacet=true&p=51 | run_id=run_20260930_154906_269231_a733d1 | brand=Hopscotch | page=51 | route=https://www.myntra.com/hopscotch | seen=2361 | expected=5129
2026-09-30 16:19:34 | INFO    | LISTING   | Listing Hopscotch route https://www.myntra.com/hopscotch page 52 -> https://www.myntra.com/gateway/v4/search/hopscotch?rows=50&o=2550&plaEnabled=false&xdEnabled=false&isFacet=true&p=52 | run_id=run_20260930_154906_269231_a733d1 | brand=Hopscotch | page=52 | route=https://www.myntra.com/hopscotch | seen=2395 | expected=5129
2026-09-30 16:19:34 | INFO    | LISTING   | Listing Hopscotch route https://www.myntra.com/hopscotch page 53 -> https://www.myntra.com/gateway/v4/search/hopscotch?rows=50&o=2600&plaEnabled=false&xdEnabled=false&isFacet=true&p=53 | run_id=run_20260930_154906_269231_a733d1 | brand=Hopscotch | page=53 | route=https://www.myntra.com/hopscotch | seen=2425 | expected=5129
2026-09-30 16:19:35 | INFO    | LISTING   | Listing Hopscotch route https://www.myntra.com/hopscotch page 54 -> https://www.myntra.com/gateway/v4/search/hopscotch?rows=50&o=2650&plaEnabled=false&xdEnabled=false&isFacet=true&p=54 | run_id=run_20260930_154906_269231_a733d1 | brand=Hopscotch | page=54 | route=https://www.myntra.com/hopscotch | seen=2472 | expected=5129
2026-09-30 16:19:36 | INFO    | LISTING   | Listing Hopscotch route https://www.myntra.com/hopscotch page 55 -> https://www.myntra.com/gateway/v4/search/hopscotch?rows=50&o=2700&plaEnabled=false&xdEnabled=false&isFacet=true&p=55 | run_id=run_20260930_154906_269231_a733d1 | brand=Hopscotch | page=55 | route=https://www.myntra.com/hopscotch | seen=2519 | expected=5129
2026-09-30 16:19:36 | INFO    | LISTING   | Listing Hopscotch route https://www.myntra.com/hopscotch page 56 -> https://www.myntra.com/gateway/v4/search/hopscotch?rows=50&o=2750&plaEnabled=false&xdEnabled=false&isFacet=true&p=56 | run_id=run_20260930_154906_269231_a733d1 | brand=Hopscotch | page=56 | route=https://www.myntra.com/hopscotch | seen=2562 | expected=5129
2026-09-30 16:19:37 | INFO    | LISTING   | Listing Hopscotch route https://www.myntra.com/hopscotch page 57 -> https://www.myntra.com/gateway/v4/search/hopscotch?rows=50&o=2800&plaEnabled=false&xdEnabled=false&isFacet=true&p=57 | run_id=run_20260930_154906_269231_a733d1 | brand=Hopscotch | page=57 | route=https://www.myntra.com/hopscotch | seen=2612 | expected=5129
2026-09-30 16:19:37 | INFO    | LISTING   | Listing Hopscotch route https://www.myntra.com/hopscotch page 58 -> https://www.myntra.com/gateway/v4/search/hopscotch?rows=50&o=2850&plaEnabled=false&xdEnabled=false&isFacet=true&p=58 | run_id=run_20260930_154906_269231_a733d1 | brand=Hopscotch | page=58 | route=https://www.myntra.com/hopscotch | seen=2661 | expected=5129
2026-09-30 16:19:38 | INFO    | LISTING   | Listing Hopscotch route https://www.myntra.com/hopscotch page 59 -> https://www.myntra.com/gateway/v4/search/hopscotch?rows=50&o=2900&plaEnabled=false&xdEnabled=false&isFacet=true&p=59 | run_id=run_20260930_154906_269231_a733d1 | brand=Hopscotch | page=59 | route=https://www.myntra.com/hopscotch | seen=2709 | expected=5129
2026-09-30 16:19:39 | INFO    | LISTING   | Listing Hopscotch route https://www.myntra.com/hopscotch page 60 -> https://www.myntra.com/gateway/v4/search/hopscotch?rows=50&o=2950&plaEnabled=false&xdEnabled=false&isFacet=true&p=60 | run_id=run_20260930_154906_269231_a733d1 | brand=Hopscotch | page=60 | route=https://www.myntra.com/hopscotch | seen=2755 | expected=5129
2026-09-30 16:19:39 | INFO    | LISTING   | Listing Hopscotch route https://www.myntra.com/hopscotch page 61 -> https://www.myntra.com/gateway/v4/search/hopscotch?rows=50&o=3000&plaEnabled=false&xdEnabled=false&isFacet=true&p=61 | run_id=run_20260930_154906_269231_a733d1 | brand=Hopscotch | page=61 | route=https://www.myntra.com/hopscotch | seen=2803 | expected=5129
2026-09-30 16:19:40 | INFO    | LISTING   | Listing Hopscotch route https://www.myntra.com/hopscotch page 62 -> https://www.myntra.com/gateway/v4/search/hopscotch?rows=50&o=3050&plaEnabled=false&xdEnabled=false&isFacet=true&p=62 | run_id=run_20260930_154906_269231_a733d1 | brand=Hopscotch | page=62 | route=https://www.myntra.com/hopscotch | seen=2852 | expected=5129
2026-09-30 16:19:40 | INFO    | LISTING   | Listing Hopscotch route https://www.myntra.com/hopscotch page 63 -> https://www.myntra.com/gateway/v4/search/hopscotch?rows=50&o=3100&plaEnabled=false&xdEnabled=false&isFacet=true&p=63 | run_id=run_20260930_154906_269231_a733d1 | brand=Hopscotch | page=63 | route=https://www.myntra.com/hopscotch | seen=2899 | expected=5129
2026-09-30 16:19:41 | INFO    | LISTING   | Listing Hopscotch route https://www.myntra.com/hopscotch page 64 -> https://www.myntra.com/gateway/v4/search/hopscotch?rows=50&o=3150&plaEnabled=false&xdEnabled=false&isFacet=true&p=64 | run_id=run_20260930_154906_269231_a733d1 | brand=Hopscotch | page=64 | route=https://www.myntra.com/hopscotch | seen=2945 | expected=5129
2026-09-30 16:19:42 | INFO    | LISTING   | Listing Hopscotch route https://www.myntra.com/hopscotch page 65 -> https://www.myntra.com/gateway/v4/search/hopscotch?rows=50&o=3200&plaEnabled=false&xdEnabled=false&isFacet=true&p=65 | run_id=run_20260930_154906_269231_a733d1 | brand=Hopscotch | page=65 | route=https://www.myntra.com/hopscotch | seen=2990 | expected=5129
2026-09-30 16:19:42 | INFO    | LISTING   | Listing Hopscotch route https://www.myntra.com/hopscotch page 66 -> https://www.myntra.com/gateway/v4/search/hopscotch?rows=50&o=3250&plaEnabled=false&xdEnabled=false&isFacet=true&p=66 | run_id=run_20260930_154906_269231_a733d1 | brand=Hopscotch | page=66 | route=https://www.myntra.com/hopscotch | seen=3040 | expected=5129
2026-09-30 16:19:43 | INFO    | LISTING   | Listing Hopscotch route https://www.myntra.com/hopscotch page 67 -> https://www.myntra.com/gateway/v4/search/hopscotch?rows=50&o=3300&plaEnabled=false&xdEnabled=false&isFacet=true&p=67 | run_id=run_20260930_154906_269231_a733d1 | brand=Hopscotch | page=67 | route=https://www.myntra.com/hopscotch | seen=3090 | expected=5129
2026-09-30 16:19:43 | INFO    | LISTING   | Listing Hopscotch route https://www.myntra.com/hopscotch page 68 -> https://www.myntra.com/gateway/v4/search/hopscotch?rows=50&o=3350&plaEnabled=false&xdEnabled=false&isFacet=true&p=68 | run_id=run_20260930_154906_269231_a733d1 | brand=Hopscotch | page=68 | route=https://www.myntra.com/hopscotch | seen=3140 | expected=5129
2026-09-30 16:19:44 | INFO    | LISTING   | Listing Hopscotch route https://www.myntra.com/hopscotch page 69 -> https://www.myntra.com/gateway/v4/search/hopscotch?rows=50&o=3400&plaEnabled=false&xdEnabled=false&isFacet=true&p=69 | run_id=run_20260930_154906_269231_a733d1 | brand=Hopscotch | page=69 | route=https://www.myntra.com/hopscotch | seen=3189 | expected=5129
2026-09-30 16:19:44 | INFO    | LISTING   | Listing Hopscotch route https://www.myntra.com/hopscotch page 70 -> https://www.myntra.com/gateway/v4/search/hopscotch?rows=50&o=3450&plaEnabled=false&xdEnabled=false&isFacet=true&p=70 | run_id=run_20260930_154906_269231_a733d1 | brand=Hopscotch | page=70 | route=https://www.myntra.com/hopscotch | seen=3237 | expected=5129
2026-09-30 16:19:45 | INFO    | LISTING   | Listing Hopscotch route https://www.myntra.com/hopscotch page 71 -> https://www.myntra.com/gateway/v4/search/hopscotch?rows=50&o=3500&plaEnabled=false&xdEnabled=false&isFacet=true&p=71 | run_id=run_20260930_154906_269231_a733d1 | brand=Hopscotch | page=71 | route=https://www.myntra.com/hopscotch | seen=3287 | expected=5129
2026-09-30 16:19:46 | INFO    | LISTING   | Listing Hopscotch route https://www.myntra.com/hopscotch page 72 -> https://www.myntra.com/gateway/v4/search/hopscotch?rows=50&o=3550&plaEnabled=false&xdEnabled=false&isFacet=true&p=72 | run_id=run_20260930_154906_269231_a733d1 | brand=Hopscotch | page=72 | route=https://www.myntra.com/hopscotch | seen=3333 | expected=5129
2026-09-30 16:19:46 | INFO    | LISTING   | Listing Hopscotch route https://www.myntra.com/hopscotch page 73 -> https://www.myntra.com/gateway/v4/search/hopscotch?rows=50&o=3600&plaEnabled=false&xdEnabled=false&isFacet=true&p=73 | run_id=run_20260930_154906_269231_a733d1 | brand=Hopscotch | page=73 | route=https://www.myntra.com/hopscotch | seen=3383 | expected=5129
2026-09-30 16:19:47 | INFO    | LISTING   | Listing Hopscotch route https://www.myntra.com/hopscotch page 74 -> https://www.myntra.com/gateway/v4/search/hopscotch?rows=50&o=3650&plaEnabled=false&xdEnabled=false&isFacet=true&p=74 | run_id=run_20260930_154906_269231_a733d1 | brand=Hopscotch | page=74 | route=https://www.myntra.com/hopscotch | seen=3432 | expected=5129
2026-09-30 16:19:47 | INFO    | LISTING   | Listing Hopscotch route https://www.myntra.com/hopscotch page 75 -> https://www.myntra.com/gateway/v4/search/hopscotch?rows=50&o=3700&plaEnabled=false&xdEnabled=false&isFacet=true&p=75 | run_id=run_20260930_154906_269231_a733d1 | brand=Hopscotch | page=75 | route=https://www.myntra.com/hopscotch | seen=3479 | expected=5129
2026-09-30 16:19:48 | INFO    | LISTING   | Listing Hopscotch route https://www.myntra.com/hopscotch page 76 -> https://www.myntra.com/gateway/v4/search/hopscotch?rows=50&o=3750&plaEnabled=false&xdEnabled=false&isFacet=true&p=76 | run_id=run_20260930_154906_269231_a733d1 | brand=Hopscotch | page=76 | route=https://www.myntra.com/hopscotch | seen=3527 | expected=5129
2026-09-30 16:19:49 | INFO    | LISTING   | Listing Hopscotch route https://www.myntra.com/hopscotch page 77 -> https://www.myntra.com/gateway/v4/search/hopscotch?rows=50&o=3800&plaEnabled=false&xdEnabled=false&isFacet=true&p=77 | run_id=run_20260930_154906_269231_a733d1 | brand=Hopscotch | page=77 | route=https://www.myntra.com/hopscotch | seen=3572 | expected=5129
2026-09-30 16:19:49 | INFO    | LISTING   | Listing Hopscotch route https://www.myntra.com/hopscotch page 78 -> https://www.myntra.com/gateway/v4/search/hopscotch?rows=50&o=3850&plaEnabled=false&xdEnabled=false&isFacet=true&p=78 | run_id=run_20260930_154906_269231_a733d1 | brand=Hopscotch | page=78 | route=https://www.myntra.com/hopscotch | seen=3620 | expected=5129
2026-09-30 16:19:50 | INFO    | LISTING   | Listing Hopscotch route https://www.myntra.com/hopscotch page 79 -> https://www.myntra.com/gateway/v4/search/hopscotch?rows=50&o=3900&plaEnabled=false&xdEnabled=false&isFacet=true&p=79 | run_id=run_20260930_154906_269231_a733d1 | brand=Hopscotch | page=79 | route=https://www.myntra.com/hopscotch | seen=3663 | expected=5129
2026-09-30 16:19:51 | INFO    | LISTING   | Listing Hopscotch route https://www.myntra.com/hopscotch page 80 -> https://www.myntra.com/gateway/v4/search/hopscotch?rows=50&o=3950&plaEnabled=false&xdEnabled=false&isFacet=true&p=80 | run_id=run_20260930_154906_269231_a733d1 | brand=Hopscotch | page=80 | route=https://www.myntra.com/hopscotch | seen=3711 | expected=5129
2026-09-30 16:19:51 | INFO    | LISTING   | Listing Hopscotch route https://www.myntra.com/hopscotch page 81 -> https://www.myntra.com/gateway/v4/search/hopscotch?rows=50&o=4000&plaEnabled=false&xdEnabled=false&isFacet=true&p=81 | run_id=run_20260930_154906_269231_a733d1 | brand=Hopscotch | page=81 | route=https://www.myntra.com/hopscotch | seen=3757 | expected=5129
2026-09-30 16:19:52 | INFO    | LISTING   | Listing Hopscotch route https://www.myntra.com/hopscotch page 82 -> https://www.myntra.com/gateway/v4/search/hopscotch?rows=50&o=4050&plaEnabled=false&xdEnabled=false&isFacet=true&p=82 | run_id=run_20260930_154906_269231_a733d1 | brand=Hopscotch | page=82 | route=https://www.myntra.com/hopscotch | seen=3800 | expected=5129
2026-09-30 16:19:52 | INFO    | LISTING   | Listing Hopscotch route https://www.myntra.com/hopscotch page 83 -> https://www.myntra.com/gateway/v4/search/hopscotch?rows=50&o=4100&plaEnabled=false&xdEnabled=false&isFacet=true&p=83 | run_id=run_20260930_154906_269231_a733d1 | brand=Hopscotch | page=83 | route=https://www.myntra.com/hopscotch | seen=3850 | expected=5129
2026-09-30 16:19:53 | INFO    | LISTING   | Listing Hopscotch route https://www.myntra.com/hopscotch page 84 -> https://www.myntra.com/gateway/v4/search/hopscotch?rows=50&o=4150&plaEnabled=false&xdEnabled=false&isFacet=true&p=84 | run_id=run_20260930_154906_269231_a733d1 | brand=Hopscotch | page=84 | route=https://www.myntra.com/hopscotch | seen=3897 | expected=5129
2026-09-30 16:19:54 | INFO    | LISTING   | Listing Hopscotch route https://www.myntra.com/hopscotch page 85 -> https://www.myntra.com/gateway/v4/search/hopscotch?rows=50&o=4200&plaEnabled=false&xdEnabled=false&isFacet=true&p=85 | run_id=run_20260930_154906_269231_a733d1 | brand=Hopscotch | page=85 | route=https://www.myntra.com/hopscotch | seen=3939 | expected=5129
2026-09-30 16:19:54 | INFO    | LISTING   | Listing Hopscotch route https://www.myntra.com/hopscotch page 86 -> https://www.myntra.com/gateway/v4/search/hopscotch?rows=50&o=4250&plaEnabled=false&xdEnabled=false&isFacet=true&p=86 | run_id=run_20260930_154906_269231_a733d1 | brand=Hopscotch | page=86 | route=https://www.myntra.com/hopscotch | seen=3987 | expected=5129
2026-09-30 16:19:55 | INFO    | LISTING   | Listing Hopscotch route https://www.myntra.com/hopscotch page 87 -> https://www.myntra.com/gateway/v4/search/hopscotch?rows=50&o=4300&plaEnabled=false&xdEnabled=false&isFacet=true&p=87 | run_id=run_20260930_154906_269231_a733d1 | brand=Hopscotch | page=87 | route=https://www.myntra.com/hopscotch | seen=4037 | expected=5129
2026-09-30 16:19:56 | INFO    | LISTING   | Listing Hopscotch route https://www.myntra.com/hopscotch page 88 -> https://www.myntra.com/gateway/v4/search/hopscotch?rows=50&o=4350&plaEnabled=false&xdEnabled=false&isFacet=true&p=88 | run_id=run_20260930_154906_269231_a733d1 | brand=Hopscotch | page=88 | route=https://www.myntra.com/hopscotch | seen=4087 | expected=5129
2026-09-30 16:19:56 | INFO    | LISTING   | Listing Hopscotch route https://www.myntra.com/hopscotch page 89 -> https://www.myntra.com/gateway/v4/search/hopscotch?rows=50&o=4400&plaEnabled=false&xdEnabled=false&isFacet=true&p=89 | run_id=run_20260930_154906_269231_a733d1 | brand=Hopscotch | page=89 | route=https://www.myntra.com/hopscotch | seen=4137 | expected=5129
2026-09-30 16:19:57 | INFO    | LISTING   | Listing Hopscotch route https://www.myntra.com/hopscotch page 90 -> https://www.myntra.com/gateway/v4/search/hopscotch?rows=50&o=4450&plaEnabled=false&xdEnabled=false&isFacet=true&p=90 | run_id=run_20260930_154906_269231_a733d1 | brand=Hopscotch | page=90 | route=https://www.myntra.com/hopscotch | seen=4185 | expected=5129
2026-09-30 16:19:57 | INFO    | LISTING   | Listing Hopscotch route https://www.myntra.com/hopscotch page 91 -> https://www.myntra.com/gateway/v4/search/hopscotch?rows=50&o=4500&plaEnabled=false&xdEnabled=false&isFacet=true&p=91 | run_id=run_20260930_154906_269231_a733d1 | brand=Hopscotch | page=91 | route=https://www.myntra.com/hopscotch | seen=4233 | expected=5129
2026-09-30 16:19:58 | INFO    | LISTING   | Listing Hopscotch route https://www.myntra.com/hopscotch page 92 -> https://www.myntra.com/gateway/v4/search/hopscotch?rows=50&o=4550&plaEnabled=false&xdEnabled=false&isFacet=true&p=92 | run_id=run_20260930_154906_269231_a733d1 | brand=Hopscotch | page=92 | route=https://www.myntra.com/hopscotch | seen=4283 | expected=5129
2026-09-30 16:19:59 | INFO    | LISTING   | Listing Hopscotch route https://www.myntra.com/hopscotch page 93 -> https://www.myntra.com/gateway/v4/search/hopscotch?rows=50&o=4600&plaEnabled=false&xdEnabled=false&isFacet=true&p=93 | run_id=run_20260930_154906_269231_a733d1 | brand=Hopscotch | page=93 | route=https://www.myntra.com/hopscotch | seen=4328 | expected=5129
2026-09-30 16:19:59 | INFO    | LISTING   | Listing Hopscotch route https://www.myntra.com/hopscotch page 94 -> https://www.myntra.com/gateway/v4/search/hopscotch?rows=50&o=4650&plaEnabled=false&xdEnabled=false&isFacet=true&p=94 | run_id=run_20260930_154906_269231_a733d1 | brand=Hopscotch | page=94 | route=https://www.myntra.com/hopscotch | seen=4373 | expected=5129
2026-09-30 16:20:00 | INFO    | LISTING   | Listing Hopscotch route https://www.myntra.com/hopscotch page 95 -> https://www.myntra.com/gateway/v4/search/hopscotch?rows=50&o=4700&plaEnabled=false&xdEnabled=false&isFacet=true&p=95 | run_id=run_20260930_154906_269231_a733d1 | brand=Hopscotch | page=95 | route=https://www.myntra.com/hopscotch | seen=4423 | expected=5129
2026-09-30 16:20:00 | INFO    | LISTING   | Listing Hopscotch route https://www.myntra.com/hopscotch page 96 -> https://www.myntra.com/gateway/v4/search/hopscotch?rows=50&o=4750&plaEnabled=false&xdEnabled=false&isFacet=true&p=96 | run_id=run_20260930_154906_269231_a733d1 | brand=Hopscotch | page=96 | route=https://www.myntra.com/hopscotch | seen=4471 | expected=5129
2026-09-30 16:20:01 | INFO    | LISTING   | Listing Hopscotch route https://www.myntra.com/hopscotch page 97 -> https://www.myntra.com/gateway/v4/search/hopscotch?rows=50&o=4800&plaEnabled=false&xdEnabled=false&isFacet=true&p=97 | run_id=run_20260930_154906_269231_a733d1 | brand=Hopscotch | page=97 | route=https://www.myntra.com/hopscotch | seen=4512 | expected=5129
2026-09-30 16:20:02 | INFO    | LISTING   | Listing Hopscotch route https://www.myntra.com/hopscotch page 98 -> https://www.myntra.com/gateway/v4/search/hopscotch?rows=50&o=4850&plaEnabled=false&xdEnabled=false&isFacet=true&p=98 | run_id=run_20260930_154906_269231_a733d1 | brand=Hopscotch | page=98 | route=https://www.myntra.com/hopscotch | seen=4562 | expected=5129
2026-09-30 16:20:02 | INFO    | LISTING   | Listing Hopscotch route https://www.myntra.com/hopscotch page 99 -> https://www.myntra.com/gateway/v4/search/hopscotch?rows=50&o=4900&plaEnabled=false&xdEnabled=false&isFacet=true&p=99 | run_id=run_20260930_154906_269231_a733d1 | brand=Hopscotch | page=99 | route=https://www.myntra.com/hopscotch | seen=4612 | expected=5129
2026-09-30 16:20:03 | INFO    | LISTING   | Listing Hopscotch route https://www.myntra.com/hopscotch page 100 -> https://www.myntra.com/gateway/v4/search/hopscotch?rows=50&o=4950&plaEnabled=false&xdEnabled=false&isFacet=true&p=100 | run_id=run_20260930_154906_269231_a733d1 | brand=Hopscotch | page=100 | route=https://www.myntra.com/hopscotch | seen=4662 | expected=5129
2026-09-30 16:20:03 | INFO    | LISTING   | Listing Hopscotch route https://www.myntra.com/hopscotch page 101 -> https://www.myntra.com/gateway/v4/search/hopscotch?rows=50&o=5000&plaEnabled=false&xdEnabled=false&isFacet=true&p=101 | run_id=run_20260930_154906_269231_a733d1 | brand=Hopscotch | page=101 | route=https://www.myntra.com/hopscotch | seen=4710 | expected=5129
2026-09-30 16:20:04 | INFO    | LISTING   | Listing Hopscotch route https://www.myntra.com/hopscotch page 102 -> https://www.myntra.com/gateway/v4/search/hopscotch?rows=50&o=5050&plaEnabled=false&xdEnabled=false&isFacet=true&p=102 | run_id=run_20260930_154906_269231_a733d1 | brand=Hopscotch | page=102 | route=https://www.myntra.com/hopscotch | seen=4758 | expected=5129
2026-09-30 16:20:05 | INFO    | LISTING   | Listing Hopscotch route https://www.myntra.com/hopscotch page 103 -> https://www.myntra.com/gateway/v4/search/hopscotch?rows=50&o=5100&plaEnabled=false&xdEnabled=false&isFacet=true&p=103 | run_id=run_20260930_154906_269231_a733d1 | brand=Hopscotch | page=103 | route=https://www.myntra.com/hopscotch | seen=4804 | expected=5129
2026-09-30 16:20:06 | INFO    | PDP       | Processed 1 target products for Hopscotch in 1s (105.12 products/min). | run_id=run_20260930_154906_269231_a733d1 | brand=Hopscotch | saved=1 | elapsed_label=1s | products_per_minute=105.12
2026-09-30 16:20:06 | WARNING | LISTING   | Retrying route https://www.myntra.com/hopscotch for Hopscotch (pass 1/2) after incomplete coverage: 4854/5129 unique products seen. | run_id=run_20260930_154906_269231_a733d1 | brand=Hopscotch | route=https://www.myntra.com/hopscotch | seen=4854 | expected=5129 | attempt=1/2
2026-09-30 16:20:06 | INFO    | LISTING   | Listing Hopscotch route https://www.myntra.com/hopscotch page 1 -> https://www.myntra.com/gateway/v4/search/hopscotch?rows=50&o=0&plaEnabled=false&xdEnabled=false&isFacet=true&p=1 | run_id=run_20260930_154906_269231_a733d1 | brand=Hopscotch | page=1 | route=https://www.myntra.com/hopscotch | seen=4854 | expected=5129
2026-09-30 16:20:07 | INFO    | LISTING   | Listing Hopscotch route https://www.myntra.com/hopscotch page 2 -> https://www.myntra.com/gateway/v4/search/hopscotch?rows=50&o=50&plaEnabled=false&xdEnabled=false&isFacet=true&p=2 | run_id=run_20260930_154906_269231_a733d1 | brand=Hopscotch | page=2 | route=https://www.myntra.com/hopscotch | seen=4854 | expected=5129
2026-09-30 16:20:07 | INFO    | LISTING   | Listing Hopscotch route https://www.myntra.com/hopscotch page 3 -> https://www.myntra.com/gateway/v4/search/hopscotch?rows=50&o=100&plaEnabled=false&xdEnabled=false&isFacet=true&p=3 | run_id=run_20260930_154906_269231_a733d1 | brand=Hopscotch | page=3 | route=https://www.myntra.com/hopscotch | seen=4854 | expected=5129
2026-09-30 16:20:08 | WARNING | LISTING   | Route https://www.myntra.com/hopscotch for Hopscotch stalled for 3 consecutive pages before reaching expected total; restarting route pass. | run_id=run_20260930_154906_269231_a733d1 | brand=Hopscotch | page=3 | route=https://www.myntra.com/hopscotch | seen=4854 | expected=5129
2026-09-30 16:20:08 | WARNING | LISTING   | Retrying route https://www.myntra.com/hopscotch for Hopscotch (pass 2/2) after incomplete coverage: 4854/5129 unique products seen. | run_id=run_20260930_154906_269231_a733d1 | brand=Hopscotch | route=https://www.myntra.com/hopscotch | seen=4854 | expected=5129 | attempt=2/2
2026-09-30 16:20:08 | INFO    | LISTING   | Listing Hopscotch route https://www.myntra.com/hopscotch page 1 -> https://www.myntra.com/gateway/v4/search/hopscotch?rows=50&o=0&plaEnabled=false&xdEnabled=false&isFacet=true&p=1 | run_id=run_20260930_154906_269231_a733d1 | brand=Hopscotch | page=1 | route=https://www.myntra.com/hopscotch | seen=4854 | expected=5129
2026-09-30 16:20:09 | INFO    | LISTING   | Listing Hopscotch route https://www.myntra.com/hopscotch page 2 -> https://www.myntra.com/gateway/v4/search/hopscotch?rows=50&o=50&plaEnabled=false&xdEnabled=false&isFacet=true&p=2 | run_id=run_20260930_154906_269231_a733d1 | brand=Hopscotch | page=2 | route=https://www.myntra.com/hopscotch | seen=4854 | expected=5129
2026-09-30 16:20:09 | INFO    | LISTING   | Listing Hopscotch route https://www.myntra.com/hopscotch page 3 -> https://www.myntra.com/gateway/v4/search/hopscotch?rows=50&o=100&plaEnabled=false&xdEnabled=false&isFacet=true&p=3 | run_id=run_20260930_154906_269231_a733d1 | brand=Hopscotch | page=3 | route=https://www.myntra.com/hopscotch | seen=4854 | expected=5129
2026-09-30 16:20:10 | WARNING | LISTING   | Route https://www.myntra.com/hopscotch for Hopscotch stalled for 3 consecutive pages before reaching expected total; restarting route pass. | run_id=run_20260930_154906_269231_a733d1 | brand=Hopscotch | page=3 | route=https://www.myntra.com/hopscotch | seen=4854 | expected=5129
2026-09-30 16:20:10 | WARNING | BRAND     | Brand Hopscotch finished below expected count: saw 4854 unique shirts products vs expected 5129. | run_id=run_20260930_154906_269231_a733d1 | brand=Hopscotch | seen=4854 | expected=5129
2026-09-30 16:20:10 | INFO    | BRAND     | Brand scrape completed in 1m 12s (4070.08 products/min). | run_id=run_20260930_154906_269231_a733d1 | brand=Hopscotch | status=COMPLETED | saved=4854 | seen=4854 | expected=5129 | elapsed_label=1m 12s | products_per_minute=4070.08
2026-09-30 16:20:10 | INFO    | AUDIT     | Audit retry completed for Hopscotch: saved=1, shortfall_before=162 | run_id=run_20260930_154906_269231_a733d1 | brand=Hopscotch | saved=1
2026-09-30 16:20:10 | INFO    | BRAND     | Resolving brand routes. | run_id=run_20260930_154906_269231_a733d1 | brand=H&M (Kids)
2026-09-30 16:20:11 | INFO    | BRAND     | Resolved H&M (Kids) -> 2 routes (best brand total=6204): https://www.myntra.com/h-and-m-kids, https://www.myntra.com/kids-hm | run_id=run_20260930_154906_269231_a733d1 | brand=H&M (Kids) | expected=6204
2026-09-30 16:20:11 | INFO    | BRAND     | Starting brand scrape. | run_id=run_20260930_154906_269231_a733d1 | brand=H&M (Kids) | expected=6204
2026-09-30 16:20:11 | INFO    | LISTING   | Listing H&M (Kids) route https://www.myntra.com/h-and-m-kids page 1 -> https://www.myntra.com/gateway/v4/search/h-and-m-kids?rows=50&o=0&plaEnabled=false&xdEnabled=false&isFacet=true&p=1 | run_id=run_20260930_154906_269231_a733d1 | brand=H&M (Kids) | page=1 | route=https://www.myntra.com/h-and-m-kids | seen=0 | expected=6204
2026-09-30 16:20:12 | INFO    | LISTING   | Listing H&M (Kids) route https://www.myntra.com/h-and-m-kids page 2 -> https://www.myntra.com/gateway/v4/search/h-and-m-kids?rows=50&o=50&plaEnabled=false&xdEnabled=false&isFacet=true&p=2 | run_id=run_20260930_154906_269231_a733d1 | brand=H&M (Kids) | page=2 | route=https://www.myntra.com/h-and-m-kids | seen=45 | expected=6204
2026-09-30 16:20:13 | INFO    | LISTING   | Listing H&M (Kids) route https://www.myntra.com/h-and-m-kids page 3 -> https://www.myntra.com/gateway/v4/search/h-and-m-kids?rows=50&o=100&plaEnabled=false&xdEnabled=false&isFacet=true&p=3 | run_id=run_20260930_154906_269231_a733d1 | brand=H&M (Kids) | page=3 | route=https://www.myntra.com/h-and-m-kids | seen=95 | expected=6204
2026-09-30 16:20:13 | INFO    | LISTING   | Listing H&M (Kids) route https://www.myntra.com/h-and-m-kids page 4 -> https://www.myntra.com/gateway/v4/search/h-and-m-kids?rows=50&o=150&plaEnabled=false&xdEnabled=false&isFacet=true&p=4 | run_id=run_20260930_154906_269231_a733d1 | brand=H&M (Kids) | page=4 | route=https://www.myntra.com/h-and-m-kids | seen=142 | expected=6204
2026-09-30 16:20:14 | INFO    | LISTING   | Listing H&M (Kids) route https://www.myntra.com/h-and-m-kids page 5 -> https://www.myntra.com/gateway/v4/search/h-and-m-kids?rows=50&o=200&plaEnabled=false&xdEnabled=false&isFacet=true&p=5 | run_id=run_20260930_154906_269231_a733d1 | brand=H&M (Kids) | page=5 | route=https://www.myntra.com/h-and-m-kids | seen=191 | expected=6204
2026-09-30 16:20:14 | INFO    | LISTING   | Listing H&M (Kids) route https://www.myntra.com/h-and-m-kids page 6 -> https://www.myntra.com/gateway/v4/search/h-and-m-kids?rows=50&o=250&plaEnabled=false&xdEnabled=false&isFacet=true&p=6 | run_id=run_20260930_154906_269231_a733d1 | brand=H&M (Kids) | page=6 | route=https://www.myntra.com/h-and-m-kids | seen=241 | expected=6204
2026-09-30 16:20:15 | INFO    | LISTING   | Listing H&M (Kids) route https://www.myntra.com/h-and-m-kids page 7 -> https://www.myntra.com/gateway/v4/search/h-and-m-kids?rows=50&o=300&plaEnabled=false&xdEnabled=false&isFacet=true&p=7 | run_id=run_20260930_154906_269231_a733d1 | brand=H&M (Kids) | page=7 | route=https://www.myntra.com/h-and-m-kids | seen=289 | expected=6204
2026-09-30 16:20:16 | INFO    | LISTING   | Listing H&M (Kids) route https://www.myntra.com/h-and-m-kids page 8 -> https://www.myntra.com/gateway/v4/search/h-and-m-kids?rows=50&o=350&plaEnabled=false&xdEnabled=false&isFacet=true&p=8 | run_id=run_20260930_154906_269231_a733d1 | brand=H&M (Kids) | page=8 | route=https://www.myntra.com/h-and-m-kids | seen=337 | expected=6204
2026-09-30 16:20:16 | INFO    | LISTING   | Listing H&M (Kids) route https://www.myntra.com/h-and-m-kids page 9 -> https://www.myntra.com/gateway/v4/search/h-and-m-kids?rows=50&o=400&plaEnabled=false&xdEnabled=false&isFacet=true&p=9 | run_id=run_20260930_154906_269231_a733d1 | brand=H&M (Kids) | page=9 | route=https://www.myntra.com/h-and-m-kids | seen=385 | expected=6204
2026-09-30 16:20:17 | INFO    | LISTING   | Listing H&M (Kids) route https://www.myntra.com/h-and-m-kids page 10 -> https://www.myntra.com/gateway/v4/search/h-and-m-kids?rows=50&o=450&plaEnabled=false&xdEnabled=false&isFacet=true&p=10 | run_id=run_20260930_154906_269231_a733d1 | brand=H&M (Kids) | page=10 | route=https://www.myntra.com/h-and-m-kids | seen=432 | expected=6204
2026-09-30 16:20:17 | INFO    | LISTING   | Listing H&M (Kids) route https://www.myntra.com/h-and-m-kids page 11 -> https://www.myntra.com/gateway/v4/search/h-and-m-kids?rows=50&o=500&plaEnabled=false&xdEnabled=false&isFacet=true&p=11 | run_id=run_20260930_154906_269231_a733d1 | brand=H&M (Kids) | page=11 | route=https://www.myntra.com/h-and-m-kids | seen=480 | expected=6204
2026-09-30 16:20:18 | INFO    | LISTING   | Listing H&M (Kids) route https://www.myntra.com/h-and-m-kids page 12 -> https://www.myntra.com/gateway/v4/search/h-and-m-kids?rows=50&o=550&plaEnabled=false&xdEnabled=false&isFacet=true&p=12 | run_id=run_20260930_154906_269231_a733d1 | brand=H&M (Kids) | page=12 | route=https://www.myntra.com/h-and-m-kids | seen=523 | expected=6204
2026-09-30 16:20:19 | INFO    | LISTING   | Listing H&M (Kids) route https://www.myntra.com/h-and-m-kids page 13 -> https://www.myntra.com/gateway/v4/search/h-and-m-kids?rows=50&o=600&plaEnabled=false&xdEnabled=false&isFacet=true&p=13 | run_id=run_20260930_154906_269231_a733d1 | brand=H&M (Kids) | page=13 | route=https://www.myntra.com/h-and-m-kids | seen=569 | expected=6204
2026-09-30 16:20:20 | INFO    | LISTING   | Listing H&M (Kids) route https://www.myntra.com/h-and-m-kids page 14 -> https://www.myntra.com/gateway/v4/search/h-and-m-kids?rows=50&o=650&plaEnabled=false&xdEnabled=false&isFacet=true&p=14 | run_id=run_20260930_154906_269231_a733d1 | brand=H&M (Kids) | page=14 | route=https://www.myntra.com/h-and-m-kids | seen=618 | expected=6204
2026-09-30 16:20:20 | INFO    | LISTING   | Listing H&M (Kids) route https://www.myntra.com/h-and-m-kids page 15 -> https://www.myntra.com/gateway/v4/search/h-and-m-kids?rows=50&o=700&plaEnabled=false&xdEnabled=false&isFacet=true&p=15 | run_id=run_20260930_154906_269231_a733d1 | brand=H&M (Kids) | page=15 | route=https://www.myntra.com/h-and-m-kids | seen=665 | expected=6204
2026-09-30 16:20:21 | INFO    | LISTING   | Listing H&M (Kids) route https://www.myntra.com/h-and-m-kids page 16 -> https://www.myntra.com/gateway/v4/search/h-and-m-kids?rows=50&o=750&plaEnabled=false&xdEnabled=false&isFacet=true&p=16 | run_id=run_20260930_154906_269231_a733d1 | brand=H&M (Kids) | page=16 | route=https://www.myntra.com/h-and-m-kids | seen=714 | expected=6204
2026-09-30 16:20:22 | INFO    | LISTING   | Listing H&M (Kids) route https://www.myntra.com/h-and-m-kids page 17 -> https://www.myntra.com/gateway/v4/search/h-and-m-kids?rows=50&o=800&plaEnabled=false&xdEnabled=false&isFacet=true&p=17 | run_id=run_20260930_154906_269231_a733d1 | brand=H&M (Kids) | page=17 | route=https://www.myntra.com/h-and-m-kids | seen=760 | expected=6204
2026-09-30 16:20:22 | INFO    | LISTING   | Listing H&M (Kids) route https://www.myntra.com/h-and-m-kids page 18 -> https://www.myntra.com/gateway/v4/search/h-and-m-kids?rows=50&o=850&plaEnabled=false&xdEnabled=false&isFacet=true&p=18 | run_id=run_20260930_154906_269231_a733d1 | brand=H&M (Kids) | page=18 | route=https://www.myntra.com/h-and-m-kids | seen=807 | expected=6204
2026-09-30 16:20:23 | INFO    | LISTING   | Listing H&M (Kids) route https://www.myntra.com/h-and-m-kids page 19 -> https://www.myntra.com/gateway/v4/search/h-and-m-kids?rows=50&o=900&plaEnabled=false&xdEnabled=false&isFacet=true&p=19 | run_id=run_20260930_154906_269231_a733d1 | brand=H&M (Kids) | page=19 | route=https://www.myntra.com/h-and-m-kids | seen=857 | expected=6204
2026-09-30 16:20:23 | INFO    | LISTING   | Listing H&M (Kids) route https://www.myntra.com/h-and-m-kids page 20 -> https://www.myntra.com/gateway/v4/search/h-and-m-kids?rows=50&o=950&plaEnabled=false&xdEnabled=false&isFacet=true&p=20 | run_id=run_20260930_154906_269231_a733d1 | brand=H&M (Kids) | page=20 | route=https://www.myntra.com/h-and-m-kids | seen=907 | expected=6204
2026-09-30 16:20:24 | INFO    | LISTING   | Listing H&M (Kids) route https://www.myntra.com/h-and-m-kids page 21 -> https://www.myntra.com/gateway/v4/search/h-and-m-kids?rows=50&o=1000&plaEnabled=false&xdEnabled=false&isFacet=true&p=21 | run_id=run_20260930_154906_269231_a733d1 | brand=H&M (Kids) | page=21 | route=https://www.myntra.com/h-and-m-kids | seen=955 | expected=6204
2026-09-30 16:20:25 | INFO    | LISTING   | Listing H&M (Kids) route https://www.myntra.com/h-and-m-kids page 22 -> https://www.myntra.com/gateway/v4/search/h-and-m-kids?rows=50&o=1050&plaEnabled=false&xdEnabled=false&isFacet=true&p=22 | run_id=run_20260930_154906_269231_a733d1 | brand=H&M (Kids) | page=22 | route=https://www.myntra.com/h-and-m-kids | seen=1004 | expected=6204
2026-09-30 16:20:25 | INFO    | LISTING   | Listing H&M (Kids) route https://www.myntra.com/h-and-m-kids page 23 -> https://www.myntra.com/gateway/v4/search/h-and-m-kids?rows=50&o=1100&plaEnabled=false&xdEnabled=false&isFacet=true&p=23 | run_id=run_20260930_154906_269231_a733d1 | brand=H&M (Kids) | page=23 | route=https://www.myntra.com/h-and-m-kids | seen=1053 | expected=6204
2026-09-30 16:20:26 | INFO    | LISTING   | Listing H&M (Kids) route https://www.myntra.com/h-and-m-kids page 24 -> https://www.myntra.com/gateway/v4/search/h-and-m-kids?rows=50&o=1150&plaEnabled=false&xdEnabled=false&isFacet=true&p=24 | run_id=run_20260930_154906_269231_a733d1 | brand=H&M (Kids) | page=24 | route=https://www.myntra.com/h-and-m-kids | seen=1076 | expected=6204
2026-09-30 16:20:26 | INFO    | LISTING   | Listing H&M (Kids) route https://www.myntra.com/h-and-m-kids page 25 -> https://www.myntra.com/gateway/v4/search/h-and-m-kids?rows=50&o=1200&plaEnabled=false&xdEnabled=false&isFacet=true&p=25 | run_id=run_20260930_154906_269231_a733d1 | brand=H&M (Kids) | page=25 | route=https://www.myntra.com/h-and-m-kids | seen=1095 | expected=6204
2026-09-30 16:20:27 | INFO    | LISTING   | Listing H&M (Kids) route https://www.myntra.com/h-and-m-kids page 26 -> https://www.myntra.com/gateway/v4/search/h-and-m-kids?rows=50&o=1250&plaEnabled=false&xdEnabled=false&isFacet=true&p=26 | run_id=run_20260930_154906_269231_a733d1 | brand=H&M (Kids) | page=26 | route=https://www.myntra.com/h-and-m-kids | seen=1119 | expected=6204
2026-09-30 16:20:27 | INFO    | LISTING   | Listing H&M (Kids) route https://www.myntra.com/h-and-m-kids page 27 -> https://www.myntra.com/gateway/v4/search/h-and-m-kids?rows=50&o=1300&plaEnabled=false&xdEnabled=false&isFacet=true&p=27 | run_id=run_20260930_154906_269231_a733d1 | brand=H&M (Kids) | page=27 | route=https://www.myntra.com/h-and-m-kids | seen=1144 | expected=6204
2026-09-30 16:20:28 | INFO    | LISTING   | Listing H&M (Kids) route https://www.myntra.com/h-and-m-kids page 28 -> https://www.myntra.com/gateway/v4/search/h-and-m-kids?rows=50&o=1350&plaEnabled=false&xdEnabled=false&isFacet=true&p=28 | run_id=run_20260930_154906_269231_a733d1 | brand=H&M (Kids) | page=28 | route=https://www.myntra.com/h-and-m-kids | seen=1178 | expected=6204
2026-09-30 16:20:29 | INFO    | LISTING   | Listing H&M (Kids) route https://www.myntra.com/h-and-m-kids page 29 -> https://www.myntra.com/gateway/v4/search/h-and-m-kids?rows=50&o=1400&plaEnabled=false&xdEnabled=false&isFacet=true&p=29 | run_id=run_20260930_154906_269231_a733d1 | brand=H&M (Kids) | page=29 | route=https://www.myntra.com/h-and-m-kids | seen=1225 | expected=6204
2026-09-30 16:20:29 | INFO    | LISTING   | Listing H&M (Kids) route https://www.myntra.com/h-and-m-kids page 30 -> https://www.myntra.com/gateway/v4/search/h-and-m-kids?rows=50&o=1450&plaEnabled=false&xdEnabled=false&isFacet=true&p=30 | run_id=run_20260930_154906_269231_a733d1 | brand=H&M (Kids) | page=30 | route=https://www.myntra.com/h-and-m-kids | seen=1272 | expected=6204
2026-09-30 16:20:30 | INFO    | LISTING   | Listing H&M (Kids) route https://www.myntra.com/h-and-m-kids page 31 -> https://www.myntra.com/gateway/v4/search/h-and-m-kids?rows=50&o=1500&plaEnabled=false&xdEnabled=false&isFacet=true&p=31 | run_id=run_20260930_154906_269231_a733d1 | brand=H&M (Kids) | page=31 | route=https://www.myntra.com/h-and-m-kids | seen=1309 | expected=6204
2026-09-30 16:20:30 | INFO    | LISTING   | Listing H&M (Kids) route https://www.myntra.com/h-and-m-kids page 32 -> https://www.myntra.com/gateway/v4/search/h-and-m-kids?rows=50&o=1550&plaEnabled=false&xdEnabled=false&isFacet=true&p=32 | run_id=run_20260930_154906_269231_a733d1 | brand=H&M (Kids) | page=32 | route=https://www.myntra.com/h-and-m-kids | seen=1347 | expected=6204
2026-09-30 16:20:31 | INFO    | LISTING   | Listing H&M (Kids) route https://www.myntra.com/h-and-m-kids page 33 -> https://www.myntra.com/gateway/v4/search/h-and-m-kids?rows=50&o=1600&plaEnabled=false&xdEnabled=false&isFacet=true&p=33 | run_id=run_20260930_154906_269231_a733d1 | brand=H&M (Kids) | page=33 | route=https://www.myntra.com/h-and-m-kids | seen=1381 | expected=6204
2026-09-30 16:20:31 | INFO    | LISTING   | Listing H&M (Kids) route https://www.myntra.com/h-and-m-kids page 34 -> https://www.myntra.com/gateway/v4/search/h-and-m-kids?rows=50&o=1650&plaEnabled=false&xdEnabled=false&isFacet=true&p=34 | run_id=run_20260930_154906_269231_a733d1 | brand=H&M (Kids) | page=34 | route=https://www.myntra.com/h-and-m-kids | seen=1401 | expected=6204
2026-09-30 16:20:32 | INFO    | LISTING   | Listing H&M (Kids) route https://www.myntra.com/h-and-m-kids page 35 -> https://www.myntra.com/gateway/v4/search/h-and-m-kids?rows=50&o=1700&plaEnabled=false&xdEnabled=false&isFacet=true&p=35 | run_id=run_20260930_154906_269231_a733d1 | brand=H&M (Kids) | page=35 | route=https://www.myntra.com/h-and-m-kids | seen=1437 | expected=6204
2026-09-30 16:20:33 | INFO    | LISTING   | Listing H&M (Kids) route https://www.myntra.com/h-and-m-kids page 36 -> https://www.myntra.com/gateway/v4/search/h-and-m-kids?rows=50&o=1750&plaEnabled=false&xdEnabled=false&isFacet=true&p=36 | run_id=run_20260930_154906_269231_a733d1 | brand=H&M (Kids) | page=36 | route=https://www.myntra.com/h-and-m-kids | seen=1461 | expected=6204
2026-09-30 16:20:33 | INFO    | LISTING   | Listing H&M (Kids) route https://www.myntra.com/h-and-m-kids page 37 -> https://www.myntra.com/gateway/v4/search/h-and-m-kids?rows=50&o=1800&plaEnabled=false&xdEnabled=false&isFacet=true&p=37 | run_id=run_20260930_154906_269231_a733d1 | brand=H&M (Kids) | page=37 | route=https://www.myntra.com/h-and-m-kids | seen=1502 | expected=6204
2026-09-30 16:20:34 | INFO    | LISTING   | Listing H&M (Kids) route https://www.myntra.com/h-and-m-kids page 38 -> https://www.myntra.com/gateway/v4/search/h-and-m-kids?rows=50&o=1850&plaEnabled=false&xdEnabled=false&isFacet=true&p=38 | run_id=run_20260930_154906_269231_a733d1 | brand=H&M (Kids) | page=38 | route=https://www.myntra.com/h-and-m-kids | seen=1547 | expected=6204
2026-09-30 16:20:34 | INFO    | LISTING   | Listing H&M (Kids) route https://www.myntra.com/h-and-m-kids page 39 -> https://www.myntra.com/gateway/v4/search/h-and-m-kids?rows=50&o=1900&plaEnabled=false&xdEnabled=false&isFacet=true&p=39 | run_id=run_20260930_154906_269231_a733d1 | brand=H&M (Kids) | page=39 | route=https://www.myntra.com/h-and-m-kids | seen=1591 | expected=6204
2026-09-30 16:20:35 | INFO    | LISTING   | Listing H&M (Kids) route https://www.myntra.com/h-and-m-kids page 40 -> https://www.myntra.com/gateway/v4/search/h-and-m-kids?rows=50&o=1950&plaEnabled=false&xdEnabled=false&isFacet=true&p=40 | run_id=run_20260930_154906_269231_a733d1 | brand=H&M (Kids) | page=40 | route=https://www.myntra.com/h-and-m-kids | seen=1637 | expected=6204
2026-09-30 16:20:35 | INFO    | LISTING   | Listing H&M (Kids) route https://www.myntra.com/h-and-m-kids page 41 -> https://www.myntra.com/gateway/v4/search/h-and-m-kids?rows=50&o=2000&plaEnabled=false&xdEnabled=false&isFacet=true&p=41 | run_id=run_20260930_154906_269231_a733d1 | brand=H&M (Kids) | page=41 | route=https://www.myntra.com/h-and-m-kids | seen=1681 | expected=6204
2026-09-30 16:20:36 | INFO    | LISTING   | Listing H&M (Kids) route https://www.myntra.com/h-and-m-kids page 42 -> https://www.myntra.com/gateway/v4/search/h-and-m-kids?rows=50&o=2050&plaEnabled=false&xdEnabled=false&isFacet=true&p=42 | run_id=run_20260930_154906_269231_a733d1 | brand=H&M (Kids) | page=42 | route=https://www.myntra.com/h-and-m-kids | seen=1727 | expected=6204
2026-09-30 16:20:37 | INFO    | LISTING   | Listing H&M (Kids) route https://www.myntra.com/h-and-m-kids page 43 -> https://www.myntra.com/gateway/v4/search/h-and-m-kids?rows=50&o=2100&plaEnabled=false&xdEnabled=false&isFacet=true&p=43 | run_id=run_20260930_154906_269231_a733d1 | brand=H&M (Kids) | page=43 | route=https://www.myntra.com/h-and-m-kids | seen=1773 | expected=6204
2026-09-30 16:20:37 | INFO    | LISTING   | Listing H&M (Kids) route https://www.myntra.com/h-and-m-kids page 44 -> https://www.myntra.com/gateway/v4/search/h-and-m-kids?rows=50&o=2150&plaEnabled=false&xdEnabled=false&isFacet=true&p=44 | run_id=run_20260930_154906_269231_a733d1 | brand=H&M (Kids) | page=44 | route=https://www.myntra.com/h-and-m-kids | seen=1817 | expected=6204
2026-09-30 16:20:38 | INFO    | LISTING   | Listing H&M (Kids) route https://www.myntra.com/h-and-m-kids page 45 -> https://www.myntra.com/gateway/v4/search/h-and-m-kids?rows=50&o=2200&plaEnabled=false&xdEnabled=false&isFacet=true&p=45 | run_id=run_20260930_154906_269231_a733d1 | brand=H&M (Kids) | page=45 | route=https://www.myntra.com/h-and-m-kids | seen=1866 | expected=6204
2026-09-30 16:20:38 | INFO    | LISTING   | Listing H&M (Kids) route https://www.myntra.com/h-and-m-kids page 46 -> https://www.myntra.com/gateway/v4/search/h-and-m-kids?rows=50&o=2250&plaEnabled=false&xdEnabled=false&isFacet=true&p=46 | run_id=run_20260930_154906_269231_a733d1 | brand=H&M (Kids) | page=46 | route=https://www.myntra.com/h-and-m-kids | seen=1913 | expected=6204
2026-09-30 16:20:39 | INFO    | LISTING   | Listing H&M (Kids) route https://www.myntra.com/h-and-m-kids page 47 -> https://www.myntra.com/gateway/v4/search/h-and-m-kids?rows=50&o=2300&plaEnabled=false&xdEnabled=false&isFacet=true&p=47 | run_id=run_20260930_154906_269231_a733d1 | brand=H&M (Kids) | page=47 | route=https://www.myntra.com/h-and-m-kids | seen=1962 | expected=6204
2026-09-30 16:20:40 | INFO    | LISTING   | Listing H&M (Kids) route https://www.myntra.com/h-and-m-kids page 48 -> https://www.myntra.com/gateway/v4/search/h-and-m-kids?rows=50&o=2350&plaEnabled=false&xdEnabled=false&isFacet=true&p=48 | run_id=run_20260930_154906_269231_a733d1 | brand=H&M (Kids) | page=48 | route=https://www.myntra.com/h-and-m-kids | seen=2012 | expected=6204
2026-09-30 16:20:40 | INFO    | LISTING   | Listing H&M (Kids) route https://www.myntra.com/h-and-m-kids page 49 -> https://www.myntra.com/gateway/v4/search/h-and-m-kids?rows=50&o=2400&plaEnabled=false&xdEnabled=false&isFacet=true&p=49 | run_id=run_20260930_154906_269231_a733d1 | brand=H&M (Kids) | page=49 | route=https://www.myntra.com/h-and-m-kids | seen=2061 | expected=6204
2026-09-30 16:20:41 | INFO    | LISTING   | Listing H&M (Kids) route https://www.myntra.com/h-and-m-kids page 50 -> https://www.myntra.com/gateway/v4/search/h-and-m-kids?rows=50&o=2450&plaEnabled=false&xdEnabled=false&isFacet=true&p=50 | run_id=run_20260930_154906_269231_a733d1 | brand=H&M (Kids) | page=50 | route=https://www.myntra.com/h-and-m-kids | seen=2111 | expected=6204
2026-09-30 16:20:41 | INFO    | LISTING   | Listing H&M (Kids) route https://www.myntra.com/h-and-m-kids page 51 -> https://www.myntra.com/gateway/v4/search/h-and-m-kids?rows=50&o=2500&plaEnabled=false&xdEnabled=false&isFacet=true&p=51 | run_id=run_20260930_154906_269231_a733d1 | brand=H&M (Kids) | page=51 | route=https://www.myntra.com/h-and-m-kids | seen=2159 | expected=6204
2026-09-30 16:20:42 | INFO    | LISTING   | Listing H&M (Kids) route https://www.myntra.com/h-and-m-kids page 52 -> https://www.myntra.com/gateway/v4/search/h-and-m-kids?rows=50&o=2550&plaEnabled=false&xdEnabled=false&isFacet=true&p=52 | run_id=run_20260930_154906_269231_a733d1 | brand=H&M (Kids) | page=52 | route=https://www.myntra.com/h-and-m-kids | seen=2208 | expected=6204
2026-09-30 16:20:42 | INFO    | LISTING   | Listing H&M (Kids) route https://www.myntra.com/h-and-m-kids page 53 -> https://www.myntra.com/gateway/v4/search/h-and-m-kids?rows=50&o=2600&plaEnabled=false&xdEnabled=false&isFacet=true&p=53 | run_id=run_20260930_154906_269231_a733d1 | brand=H&M (Kids) | page=53 | route=https://www.myntra.com/h-and-m-kids | seen=2258 | expected=6204
2026-09-30 16:20:43 | INFO    | LISTING   | Listing H&M (Kids) route https://www.myntra.com/h-and-m-kids page 54 -> https://www.myntra.com/gateway/v4/search/h-and-m-kids?rows=50&o=2650&plaEnabled=false&xdEnabled=false&isFacet=true&p=54 | run_id=run_20260930_154906_269231_a733d1 | brand=H&M (Kids) | page=54 | route=https://www.myntra.com/h-and-m-kids | seen=2308 | expected=6204
2026-09-30 16:20:43 | INFO    | LISTING   | Listing H&M (Kids) route https://www.myntra.com/h-and-m-kids page 55 -> https://www.myntra.com/gateway/v4/search/h-and-m-kids?rows=50&o=2700&plaEnabled=false&xdEnabled=false&isFacet=true&p=55 | run_id=run_20260930_154906_269231_a733d1 | brand=H&M (Kids) | page=55 | route=https://www.myntra.com/h-and-m-kids | seen=2357 | expected=6204
2026-09-30 16:20:44 | INFO    | LISTING   | Listing H&M (Kids) route https://www.myntra.com/h-and-m-kids page 56 -> https://www.myntra.com/gateway/v4/search/h-and-m-kids?rows=50&o=2750&plaEnabled=false&xdEnabled=false&isFacet=true&p=56 | run_id=run_20260930_154906_269231_a733d1 | brand=H&M (Kids) | page=56 | route=https://www.myntra.com/h-and-m-kids | seen=2407 | expected=6204
2026-09-30 16:20:45 | INFO    | LISTING   | Listing H&M (Kids) route https://www.myntra.com/h-and-m-kids page 57 -> https://www.myntra.com/gateway/v4/search/h-and-m-kids?rows=50&o=2800&plaEnabled=false&xdEnabled=false&isFacet=true&p=57 | run_id=run_20260930_154906_269231_a733d1 | brand=H&M (Kids) | page=57 | route=https://www.myntra.com/h-and-m-kids | seen=2457 | expected=6204
2026-09-30 16:20:45 | INFO    | LISTING   | Listing H&M (Kids) route https://www.myntra.com/h-and-m-kids page 58 -> https://www.myntra.com/gateway/v4/search/h-and-m-kids?rows=50&o=2850&plaEnabled=false&xdEnabled=false&isFacet=true&p=58 | run_id=run_20260930_154906_269231_a733d1 | brand=H&M (Kids) | page=58 | route=https://www.myntra.com/h-and-m-kids | seen=2505 | expected=6204
2026-09-30 16:20:46 | INFO    | LISTING   | Listing H&M (Kids) route https://www.myntra.com/h-and-m-kids page 59 -> https://www.myntra.com/gateway/v4/search/h-and-m-kids?rows=50&o=2900&plaEnabled=false&xdEnabled=false&isFacet=true&p=59 | run_id=run_20260930_154906_269231_a733d1 | brand=H&M (Kids) | page=59 | route=https://www.myntra.com/h-and-m-kids | seen=2554 | expected=6204
2026-09-30 16:20:47 | INFO    | LISTING   | Listing H&M (Kids) route https://www.myntra.com/h-and-m-kids page 60 -> https://www.myntra.com/gateway/v4/search/h-and-m-kids?rows=50&o=2950&plaEnabled=false&xdEnabled=false&isFacet=true&p=60 | run_id=run_20260930_154906_269231_a733d1 | brand=H&M (Kids) | page=60 | route=https://www.myntra.com/h-and-m-kids | seen=2604 | expected=6204
2026-09-30 16:20:47 | INFO    | LISTING   | Listing H&M (Kids) route https://www.myntra.com/h-and-m-kids page 61 -> https://www.myntra.com/gateway/v4/search/h-and-m-kids?rows=50&o=3000&plaEnabled=false&xdEnabled=false&isFacet=true&p=61 | run_id=run_20260930_154906_269231_a733d1 | brand=H&M (Kids) | page=61 | route=https://www.myntra.com/h-and-m-kids | seen=2653 | expected=6204
2026-09-30 16:20:48 | INFO    | LISTING   | Listing H&M (Kids) route https://www.myntra.com/h-and-m-kids page 62 -> https://www.myntra.com/gateway/v4/search/h-and-m-kids?rows=50&o=3050&plaEnabled=false&xdEnabled=false&isFacet=true&p=62 | run_id=run_20260930_154906_269231_a733d1 | brand=H&M (Kids) | page=62 | route=https://www.myntra.com/h-and-m-kids | seen=2703 | expected=6204
2026-09-30 16:20:48 | INFO    | LISTING   | Listing H&M (Kids) route https://www.myntra.com/h-and-m-kids page 63 -> https://www.myntra.com/gateway/v4/search/h-and-m-kids?rows=50&o=3100&plaEnabled=false&xdEnabled=false&isFacet=true&p=63 | run_id=run_20260930_154906_269231_a733d1 | brand=H&M (Kids) | page=63 | route=https://www.myntra.com/h-and-m-kids | seen=2751 | expected=6204
2026-09-30 16:20:49 | INFO    | LISTING   | Listing H&M (Kids) route https://www.myntra.com/h-and-m-kids page 64 -> https://www.myntra.com/gateway/v4/search/h-and-m-kids?rows=50&o=3150&plaEnabled=false&xdEnabled=false&isFacet=true&p=64 | run_id=run_20260930_154906_269231_a733d1 | brand=H&M (Kids) | page=64 | route=https://www.myntra.com/h-and-m-kids | seen=2797 | expected=6204
2026-09-30 16:20:50 | INFO    | LISTING   | Listing H&M (Kids) route https://www.myntra.com/h-and-m-kids page 65 -> https://www.myntra.com/gateway/v4/search/h-and-m-kids?rows=50&o=3200&plaEnabled=false&xdEnabled=false&isFacet=true&p=65 | run_id=run_20260930_154906_269231_a733d1 | brand=H&M (Kids) | page=65 | route=https://www.myntra.com/h-and-m-kids | seen=2838 | expected=6204
2026-09-30 16:20:50 | INFO    | LISTING   | Listing H&M (Kids) route https://www.myntra.com/h-and-m-kids page 66 -> https://www.myntra.com/gateway/v4/search/h-and-m-kids?rows=50&o=3250&plaEnabled=false&xdEnabled=false&isFacet=true&p=66 | run_id=run_20260930_154906_269231_a733d1 | brand=H&M (Kids) | page=66 | route=https://www.myntra.com/h-and-m-kids | seen=2874 | expected=6204
2026-09-30 16:20:51 | INFO    | LISTING   | Listing H&M (Kids) route https://www.myntra.com/h-and-m-kids page 67 -> https://www.myntra.com/gateway/v4/search/h-and-m-kids?rows=50&o=3300&plaEnabled=false&xdEnabled=false&isFacet=true&p=67 | run_id=run_20260930_154906_269231_a733d1 | brand=H&M (Kids) | page=67 | route=https://www.myntra.com/h-and-m-kids | seen=2913 | expected=6204
2026-09-30 16:20:52 | INFO    | LISTING   | Listing H&M (Kids) route https://www.myntra.com/h-and-m-kids page 68 -> https://www.myntra.com/gateway/v4/search/h-and-m-kids?rows=50&o=3350&plaEnabled=false&xdEnabled=false&isFacet=true&p=68 | run_id=run_20260930_154906_269231_a733d1 | brand=H&M (Kids) | page=68 | route=https://www.myntra.com/h-and-m-kids | seen=2946 | expected=6204
2026-09-30 16:20:52 | INFO    | LISTING   | Listing H&M (Kids) route https://www.myntra.com/h-and-m-kids page 69 -> https://www.myntra.com/gateway/v4/search/h-and-m-kids?rows=50&o=3400&plaEnabled=false&xdEnabled=false&isFacet=true&p=69 | run_id=run_20260930_154906_269231_a733d1 | brand=H&M (Kids) | page=69 | route=https://www.myntra.com/h-and-m-kids | seen=2985 | expected=6204
2026-09-30 16:20:53 | INFO    | LISTING   | Listing H&M (Kids) route https://www.myntra.com/h-and-m-kids page 70 -> https://www.myntra.com/gateway/v4/search/h-and-m-kids?rows=50&o=3450&plaEnabled=false&xdEnabled=false&isFacet=true&p=70 | run_id=run_20260930_154906_269231_a733d1 | brand=H&M (Kids) | page=70 | route=https://www.myntra.com/h-and-m-kids | seen=3030 | expected=6204
2026-09-30 16:20:53 | INFO    | LISTING   | Listing H&M (Kids) route https://www.myntra.com/h-and-m-kids page 71 -> https://www.myntra.com/gateway/v4/search/h-and-m-kids?rows=50&o=3500&plaEnabled=false&xdEnabled=false&isFacet=true&p=71 | run_id=run_20260930_154906_269231_a733d1 | brand=H&M (Kids) | page=71 | route=https://www.myntra.com/h-and-m-kids | seen=3078 | expected=6204
2026-09-30 16:20:54 | INFO    | LISTING   | Listing H&M (Kids) route https://www.myntra.com/h-and-m-kids page 72 -> https://www.myntra.com/gateway/v4/search/h-and-m-kids?rows=50&o=3550&plaEnabled=false&xdEnabled=false&isFacet=true&p=72 | run_id=run_20260930_154906_269231_a733d1 | brand=H&M (Kids) | page=72 | route=https://www.myntra.com/h-and-m-kids | seen=3122 | expected=6204
2026-09-30 16:20:55 | INFO    | LISTING   | Listing H&M (Kids) route https://www.myntra.com/h-and-m-kids page 73 -> https://www.myntra.com/gateway/v4/search/h-and-m-kids?rows=50&o=3600&plaEnabled=false&xdEnabled=false&isFacet=true&p=73 | run_id=run_20260930_154906_269231_a733d1 | brand=H&M (Kids) | page=73 | route=https://www.myntra.com/h-and-m-kids | seen=3163 | expected=6204
2026-09-30 16:20:55 | INFO    | LISTING   | Listing H&M (Kids) route https://www.myntra.com/h-and-m-kids page 74 -> https://www.myntra.com/gateway/v4/search/h-and-m-kids?rows=50&o=3650&plaEnabled=false&xdEnabled=false&isFacet=true&p=74 | run_id=run_20260930_154906_269231_a733d1 | brand=H&M (Kids) | page=74 | route=https://www.myntra.com/h-and-m-kids | seen=3207 | expected=6204
2026-09-30 16:20:56 | INFO    | LISTING   | Listing H&M (Kids) route https://www.myntra.com/h-and-m-kids page 75 -> https://www.myntra.com/gateway/v4/search/h-and-m-kids?rows=50&o=3700&plaEnabled=false&xdEnabled=false&isFacet=true&p=75 | run_id=run_20260930_154906_269231_a733d1 | brand=H&M (Kids) | page=75 | route=https://www.myntra.com/h-and-m-kids | seen=3247 | expected=6204
2026-09-30 16:20:56 | INFO    | LISTING   | Listing H&M (Kids) route https://www.myntra.com/h-and-m-kids page 76 -> https://www.myntra.com/gateway/v4/search/h-and-m-kids?rows=50&o=3750&plaEnabled=false&xdEnabled=false&isFacet=true&p=76 | run_id=run_20260930_154906_269231_a733d1 | brand=H&M (Kids) | page=76 | route=https://www.myntra.com/h-and-m-kids | seen=3287 | expected=6204
2026-09-30 16:20:57 | INFO    | LISTING   | Listing H&M (Kids) route https://www.myntra.com/h-and-m-kids page 77 -> https://www.myntra.com/gateway/v4/search/h-and-m-kids?rows=50&o=3800&plaEnabled=false&xdEnabled=false&isFacet=true&p=77 | run_id=run_20260930_154906_269231_a733d1 | brand=H&M (Kids) | page=77 | route=https://www.myntra.com/h-and-m-kids | seen=3315 | expected=6204
2026-09-30 16:20:57 | INFO    | LISTING   | Listing H&M (Kids) route https://www.myntra.com/h-and-m-kids page 78 -> https://www.myntra.com/gateway/v4/search/h-and-m-kids?rows=50&o=3850&plaEnabled=false&xdEnabled=false&isFacet=true&p=78 | run_id=run_20260930_154906_269231_a733d1 | brand=H&M (Kids) | page=78 | route=https://www.myntra.com/h-and-m-kids | seen=3343 | expected=6204
2026-09-30 16:20:58 | INFO    | LISTING   | Listing H&M (Kids) route https://www.myntra.com/h-and-m-kids page 79 -> https://www.myntra.com/gateway/v4/search/h-and-m-kids?rows=50&o=3900&plaEnabled=false&xdEnabled=false&isFacet=true&p=79 | run_id=run_20260930_154906_269231_a733d1 | brand=H&M (Kids) | page=79 | route=https://www.myntra.com/h-and-m-kids | seen=3387 | expected=6204
2026-09-30 16:20:58 | INFO    | LISTING   | Listing H&M (Kids) route https://www.myntra.com/h-and-m-kids page 80 -> https://www.myntra.com/gateway/v4/search/h-and-m-kids?rows=50&o=3950&plaEnabled=false&xdEnabled=false&isFacet=true&p=80 | run_id=run_20260930_154906_269231_a733d1 | brand=H&M (Kids) | page=80 | route=https://www.myntra.com/h-and-m-kids | seen=3423 | expected=6204
2026-09-30 16:20:59 | INFO    | LISTING   | Listing H&M (Kids) route https://www.myntra.com/h-and-m-kids page 81 -> https://www.myntra.com/gateway/v4/search/h-and-m-kids?rows=50&o=4000&plaEnabled=false&xdEnabled=false&isFacet=true&p=81 | run_id=run_20260930_154906_269231_a733d1 | brand=H&M (Kids) | page=81 | route=https://www.myntra.com/h-and-m-kids | seen=3463 | expected=6204
2026-09-30 16:20:59 | INFO    | LISTING   | Listing H&M (Kids) route https://www.myntra.com/h-and-m-kids page 82 -> https://www.myntra.com/gateway/v4/search/h-and-m-kids?rows=50&o=4050&plaEnabled=false&xdEnabled=false&isFacet=true&p=82 | run_id=run_20260930_154906_269231_a733d1 | brand=H&M (Kids) | page=82 | route=https://www.myntra.com/h-and-m-kids | seen=3491 | expected=6204
2026-09-30 16:21:00 | INFO    | LISTING   | Listing H&M (Kids) route https://www.myntra.com/h-and-m-kids page 83 -> https://www.myntra.com/gateway/v4/search/h-and-m-kids?rows=50&o=4100&plaEnabled=false&xdEnabled=false&isFacet=true&p=83 | run_id=run_20260930_154906_269231_a733d1 | brand=H&M (Kids) | page=83 | route=https://www.myntra.com/h-and-m-kids | seen=3540 | expected=6204
2026-09-30 16:21:01 | INFO    | LISTING   | Listing H&M (Kids) route https://www.myntra.com/h-and-m-kids page 84 -> https://www.myntra.com/gateway/v4/search/h-and-m-kids?rows=50&o=4150&plaEnabled=false&xdEnabled=false&isFacet=true&p=84 | run_id=run_20260930_154906_269231_a733d1 | brand=H&M (Kids) | page=84 | route=https://www.myntra.com/h-and-m-kids | seen=3589 | expected=6204
2026-09-30 16:21:01 | INFO    | LISTING   | Listing H&M (Kids) route https://www.myntra.com/h-and-m-kids page 85 -> https://www.myntra.com/gateway/v4/search/h-and-m-kids?rows=50&o=4200&plaEnabled=false&xdEnabled=false&isFacet=true&p=85 | run_id=run_20260930_154906_269231_a733d1 | brand=H&M (Kids) | page=85 | route=https://www.myntra.com/h-and-m-kids | seen=3639 | expected=6204
2026-09-30 16:21:02 | INFO    | LISTING   | Listing H&M (Kids) route https://www.myntra.com/h-and-m-kids page 86 -> https://www.myntra.com/gateway/v4/search/h-and-m-kids?rows=50&o=4250&plaEnabled=false&xdEnabled=false&isFacet=true&p=86 | run_id=run_20260930_154906_269231_a733d1 | brand=H&M (Kids) | page=86 | route=https://www.myntra.com/h-and-m-kids | seen=3681 | expected=6204
2026-09-30 16:21:03 | INFO    | LISTING   | Listing H&M (Kids) route https://www.myntra.com/h-and-m-kids page 87 -> https://www.myntra.com/gateway/v4/search/h-and-m-kids?rows=50&o=4300&plaEnabled=false&xdEnabled=false&isFacet=true&p=87 | run_id=run_20260930_154906_269231_a733d1 | brand=H&M (Kids) | page=87 | route=https://www.myntra.com/h-and-m-kids | seen=3729 | expected=6204
2026-09-30 16:21:03 | INFO    | LISTING   | Listing H&M (Kids) route https://www.myntra.com/h-and-m-kids page 88 -> https://www.myntra.com/gateway/v4/search/h-and-m-kids?rows=50&o=4350&plaEnabled=false&xdEnabled=false&isFacet=true&p=88 | run_id=run_20260930_154906_269231_a733d1 | brand=H&M (Kids) | page=88 | route=https://www.myntra.com/h-and-m-kids | seen=3778 | expected=6204
2026-09-30 16:21:04 | INFO    | LISTING   | Listing H&M (Kids) route https://www.myntra.com/h-and-m-kids page 89 -> https://www.myntra.com/gateway/v4/search/h-and-m-kids?rows=50&o=4400&plaEnabled=false&xdEnabled=false&isFacet=true&p=89 | run_id=run_20260930_154906_269231_a733d1 | brand=H&M (Kids) | page=89 | route=https://www.myntra.com/h-and-m-kids | seen=3818 | expected=6204
2026-09-30 16:21:04 | INFO    | LISTING   | Listing H&M (Kids) route https://www.myntra.com/h-and-m-kids page 90 -> https://www.myntra.com/gateway/v4/search/h-and-m-kids?rows=50&o=4450&plaEnabled=false&xdEnabled=false&isFacet=true&p=90 | run_id=run_20260930_154906_269231_a733d1 | brand=H&M (Kids) | page=90 | route=https://www.myntra.com/h-and-m-kids | seen=3866 | expected=6204
2026-09-30 16:21:05 | INFO    | LISTING   | Listing H&M (Kids) route https://www.myntra.com/h-and-m-kids page 91 -> https://www.myntra.com/gateway/v4/search/h-and-m-kids?rows=50&o=4500&plaEnabled=false&xdEnabled=false&isFacet=true&p=91 | run_id=run_20260930_154906_269231_a733d1 | brand=H&M (Kids) | page=91 | route=https://www.myntra.com/h-and-m-kids | seen=3914 | expected=6204
2026-09-30 16:21:05 | INFO    | LISTING   | Listing H&M (Kids) route https://www.myntra.com/h-and-m-kids page 92 -> https://www.myntra.com/gateway/v4/search/h-and-m-kids?rows=50&o=4550&plaEnabled=false&xdEnabled=false&isFacet=true&p=92 | run_id=run_20260930_154906_269231_a733d1 | brand=H&M (Kids) | page=92 | route=https://www.myntra.com/h-and-m-kids | seen=3962 | expected=6204
2026-09-30 16:21:06 | INFO    | LISTING   | Listing H&M (Kids) route https://www.myntra.com/h-and-m-kids page 93 -> https://www.myntra.com/gateway/v4/search/h-and-m-kids?rows=50&o=4600&plaEnabled=false&xdEnabled=false&isFacet=true&p=93 | run_id=run_20260930_154906_269231_a733d1 | brand=H&M (Kids) | page=93 | route=https://www.myntra.com/h-and-m-kids | seen=4011 | expected=6204
2026-09-30 16:21:06 | INFO    | LISTING   | Listing H&M (Kids) route https://www.myntra.com/h-and-m-kids page 94 -> https://www.myntra.com/gateway/v4/search/h-and-m-kids?rows=50&o=4650&plaEnabled=false&xdEnabled=false&isFacet=true&p=94 | run_id=run_20260930_154906_269231_a733d1 | brand=H&M (Kids) | page=94 | route=https://www.myntra.com/h-and-m-kids | seen=4059 | expected=6204
2026-09-30 16:21:07 | INFO    | LISTING   | Listing H&M (Kids) route https://www.myntra.com/h-and-m-kids page 95 -> https://www.myntra.com/gateway/v4/search/h-and-m-kids?rows=50&o=4700&plaEnabled=false&xdEnabled=false&isFacet=true&p=95 | run_id=run_20260930_154906_269231_a733d1 | brand=H&M (Kids) | page=95 | route=https://www.myntra.com/h-and-m-kids | seen=4104 | expected=6204
2026-09-30 16:21:08 | INFO    | LISTING   | Listing H&M (Kids) route https://www.myntra.com/h-and-m-kids page 96 -> https://www.myntra.com/gateway/v4/search/h-and-m-kids?rows=50&o=4750&plaEnabled=false&xdEnabled=false&isFacet=true&p=96 | run_id=run_20260930_154906_269231_a733d1 | brand=H&M (Kids) | page=96 | route=https://www.myntra.com/h-and-m-kids | seen=4154 | expected=6204
2026-09-30 16:21:08 | INFO    | LISTING   | Listing H&M (Kids) route https://www.myntra.com/h-and-m-kids page 97 -> https://www.myntra.com/gateway/v4/search/h-and-m-kids?rows=50&o=4800&plaEnabled=false&xdEnabled=false&isFacet=true&p=97 | run_id=run_20260930_154906_269231_a733d1 | brand=H&M (Kids) | page=97 | route=https://www.myntra.com/h-and-m-kids | seen=4200 | expected=6204
2026-09-30 16:21:09 | INFO    | LISTING   | Listing H&M (Kids) route https://www.myntra.com/h-and-m-kids page 98 -> https://www.myntra.com/gateway/v4/search/h-and-m-kids?rows=50&o=4850&plaEnabled=false&xdEnabled=false&isFacet=true&p=98 | run_id=run_20260930_154906_269231_a733d1 | brand=H&M (Kids) | page=98 | route=https://www.myntra.com/h-and-m-kids | seen=4248 | expected=6204
2026-09-30 16:21:09 | INFO    | LISTING   | Listing H&M (Kids) route https://www.myntra.com/h-and-m-kids page 99 -> https://www.myntra.com/gateway/v4/search/h-and-m-kids?rows=50&o=4900&plaEnabled=false&xdEnabled=false&isFacet=true&p=99 | run_id=run_20260930_154906_269231_a733d1 | brand=H&M (Kids) | page=99 | route=https://www.myntra.com/h-and-m-kids | seen=4294 | expected=6204
2026-09-30 16:21:11 | INFO    | PDP       | Processed 1 target products for H&M (Kids) in 1s (65.82 products/min). | run_id=run_20260930_154906_269231_a733d1 | brand=H&M (Kids) | saved=1 | elapsed_label=1s | products_per_minute=65.82
2026-09-30 16:21:11 | INFO    | LISTING   | Listing H&M (Kids) route https://www.myntra.com/h-and-m-kids page 100 -> https://www.myntra.com/gateway/v4/search/h-and-m-kids?rows=50&o=4950&plaEnabled=false&xdEnabled=false&isFacet=true&p=100 | run_id=run_20260930_154906_269231_a733d1 | brand=H&M (Kids) | page=100 | route=https://www.myntra.com/h-and-m-kids | seen=4342 | expected=6204
2026-09-30 16:21:11 | INFO    | LISTING   | Listing H&M (Kids) route https://www.myntra.com/h-and-m-kids page 101 -> https://www.myntra.com/gateway/v4/search/h-and-m-kids?rows=50&o=5000&plaEnabled=false&xdEnabled=false&isFacet=true&p=101 | run_id=run_20260930_154906_269231_a733d1 | brand=H&M (Kids) | page=101 | route=https://www.myntra.com/h-and-m-kids | seen=4392 | expected=6204
2026-09-30 16:21:12 | INFO    | LISTING   | Listing H&M (Kids) route https://www.myntra.com/h-and-m-kids page 102 -> https://www.myntra.com/gateway/v4/search/h-and-m-kids?rows=50&o=5050&plaEnabled=false&xdEnabled=false&isFacet=true&p=102 | run_id=run_20260930_154906_269231_a733d1 | brand=H&M (Kids) | page=102 | route=https://www.myntra.com/h-and-m-kids | seen=4441 | expected=6204
2026-09-30 16:21:12 | INFO    | LISTING   | Listing H&M (Kids) route https://www.myntra.com/h-and-m-kids page 103 -> https://www.myntra.com/gateway/v4/search/h-and-m-kids?rows=50&o=5100&plaEnabled=false&xdEnabled=false&isFacet=true&p=103 | run_id=run_20260930_154906_269231_a733d1 | brand=H&M (Kids) | page=103 | route=https://www.myntra.com/h-and-m-kids | seen=4486 | expected=6204
2026-09-30 16:21:13 | INFO    | LISTING   | Listing H&M (Kids) route https://www.myntra.com/h-and-m-kids page 104 -> https://www.myntra.com/gateway/v4/search/h-and-m-kids?rows=50&o=5150&plaEnabled=false&xdEnabled=false&isFacet=true&p=104 | run_id=run_20260930_154906_269231_a733d1 | brand=H&M (Kids) | page=104 | route=https://www.myntra.com/h-and-m-kids | seen=4532 | expected=6204
2026-09-30 16:21:13 | INFO    | LISTING   | Listing H&M (Kids) route https://www.myntra.com/h-and-m-kids page 105 -> https://www.myntra.com/gateway/v4/search/h-and-m-kids?rows=50&o=5200&plaEnabled=false&xdEnabled=false&isFacet=true&p=105 | run_id=run_20260930_154906_269231_a733d1 | brand=H&M (Kids) | page=105 | route=https://www.myntra.com/h-and-m-kids | seen=4578 | expected=6204
2026-09-30 16:21:14 | INFO    | LISTING   | Listing H&M (Kids) route https://www.myntra.com/h-and-m-kids page 106 -> https://www.myntra.com/gateway/v4/search/h-and-m-kids?rows=50&o=5250&plaEnabled=false&xdEnabled=false&isFacet=true&p=106 | run_id=run_20260930_154906_269231_a733d1 | brand=H&M (Kids) | page=106 | route=https://www.myntra.com/h-and-m-kids | seen=4622 | expected=6204
2026-09-30 16:21:14 | INFO    | LISTING   | Listing H&M (Kids) route https://www.myntra.com/h-and-m-kids page 107 -> https://www.myntra.com/gateway/v4/search/h-and-m-kids?rows=50&o=5300&plaEnabled=false&xdEnabled=false&isFacet=true&p=107 | run_id=run_20260930_154906_269231_a733d1 | brand=H&M (Kids) | page=107 | route=https://www.myntra.com/h-and-m-kids | seen=4672 | expected=6204
2026-09-30 16:21:15 | INFO    | LISTING   | Listing H&M (Kids) route https://www.myntra.com/h-and-m-kids page 108 -> https://www.myntra.com/gateway/v4/search/h-and-m-kids?rows=50&o=5350&plaEnabled=false&xdEnabled=false&isFacet=true&p=108 | run_id=run_20260930_154906_269231_a733d1 | brand=H&M (Kids) | page=108 | route=https://www.myntra.com/h-and-m-kids | seen=4722 | expected=6204
2026-09-30 16:21:16 | INFO    | LISTING   | Listing H&M (Kids) route https://www.myntra.com/h-and-m-kids page 109 -> https://www.myntra.com/gateway/v4/search/h-and-m-kids?rows=50&o=5400&plaEnabled=false&xdEnabled=false&isFacet=true&p=109 | run_id=run_20260930_154906_269231_a733d1 | brand=H&M (Kids) | page=109 | route=https://www.myntra.com/h-and-m-kids | seen=4771 | expected=6204
2026-09-30 16:21:16 | INFO    | LISTING   | Listing H&M (Kids) route https://www.myntra.com/h-and-m-kids page 110 -> https://www.myntra.com/gateway/v4/search/h-and-m-kids?rows=50&o=5450&plaEnabled=false&xdEnabled=false&isFacet=true&p=110 | run_id=run_20260930_154906_269231_a733d1 | brand=H&M (Kids) | page=110 | route=https://www.myntra.com/h-and-m-kids | seen=4820 | expected=6204
2026-09-30 16:21:17 | INFO    | LISTING   | Listing H&M (Kids) route https://www.myntra.com/h-and-m-kids page 111 -> https://www.myntra.com/gateway/v4/search/h-and-m-kids?rows=50&o=5500&plaEnabled=false&xdEnabled=false&isFacet=true&p=111 | run_id=run_20260930_154906_269231_a733d1 | brand=H&M (Kids) | page=111 | route=https://www.myntra.com/h-and-m-kids | seen=4863 | expected=6204
2026-09-30 16:21:17 | INFO    | LISTING   | Listing H&M (Kids) route https://www.myntra.com/h-and-m-kids page 112 -> https://www.myntra.com/gateway/v4/search/h-and-m-kids?rows=50&o=5550&plaEnabled=false&xdEnabled=false&isFacet=true&p=112 | run_id=run_20260930_154906_269231_a733d1 | brand=H&M (Kids) | page=112 | route=https://www.myntra.com/h-and-m-kids | seen=4907 | expected=6204
2026-09-30 16:21:18 | INFO    | LISTING   | Listing H&M (Kids) route https://www.myntra.com/h-and-m-kids page 113 -> https://www.myntra.com/gateway/v4/search/h-and-m-kids?rows=50&o=5600&plaEnabled=false&xdEnabled=false&isFacet=true&p=113 | run_id=run_20260930_154906_269231_a733d1 | brand=H&M (Kids) | page=113 | route=https://www.myntra.com/h-and-m-kids | seen=4954 | expected=6204
2026-09-30 16:21:18 | INFO    | LISTING   | Listing H&M (Kids) route https://www.myntra.com/h-and-m-kids page 114 -> https://www.myntra.com/gateway/v4/search/h-and-m-kids?rows=50&o=5650&plaEnabled=false&xdEnabled=false&isFacet=true&p=114 | run_id=run_20260930_154906_269231_a733d1 | brand=H&M (Kids) | page=114 | route=https://www.myntra.com/h-and-m-kids | seen=5004 | expected=6204
2026-09-30 16:21:19 | INFO    | LISTING   | Listing H&M (Kids) route https://www.myntra.com/h-and-m-kids page 115 -> https://www.myntra.com/gateway/v4/search/h-and-m-kids?rows=50&o=5700&plaEnabled=false&xdEnabled=false&isFacet=true&p=115 | run_id=run_20260930_154906_269231_a733d1 | brand=H&M (Kids) | page=115 | route=https://www.myntra.com/h-and-m-kids | seen=5053 | expected=6204
2026-09-30 16:21:19 | INFO    | LISTING   | Listing H&M (Kids) route https://www.myntra.com/h-and-m-kids page 116 -> https://www.myntra.com/gateway/v4/search/h-and-m-kids?rows=50&o=5750&plaEnabled=false&xdEnabled=false&isFacet=true&p=116 | run_id=run_20260930_154906_269231_a733d1 | brand=H&M (Kids) | page=116 | route=https://www.myntra.com/h-and-m-kids | seen=5099 | expected=6204
2026-09-30 16:21:20 | INFO    | LISTING   | Listing H&M (Kids) route https://www.myntra.com/h-and-m-kids page 117 -> https://www.myntra.com/gateway/v4/search/h-and-m-kids?rows=50&o=5800&plaEnabled=false&xdEnabled=false&isFacet=true&p=117 | run_id=run_20260930_154906_269231_a733d1 | brand=H&M (Kids) | page=117 | route=https://www.myntra.com/h-and-m-kids | seen=5149 | expected=6204
2026-09-30 16:21:20 | INFO    | LISTING   | Listing H&M (Kids) route https://www.myntra.com/h-and-m-kids page 118 -> https://www.myntra.com/gateway/v4/search/h-and-m-kids?rows=50&o=5850&plaEnabled=false&xdEnabled=false&isFacet=true&p=118 | run_id=run_20260930_154906_269231_a733d1 | brand=H&M (Kids) | page=118 | route=https://www.myntra.com/h-and-m-kids | seen=5198 | expected=6204
2026-09-30 16:21:21 | INFO    | LISTING   | Listing H&M (Kids) route https://www.myntra.com/h-and-m-kids page 119 -> https://www.myntra.com/gateway/v4/search/h-and-m-kids?rows=50&o=5900&plaEnabled=false&xdEnabled=false&isFacet=true&p=119 | run_id=run_20260930_154906_269231_a733d1 | brand=H&M (Kids) | page=119 | route=https://www.myntra.com/h-and-m-kids | seen=5244 | expected=6204
2026-09-30 16:21:22 | INFO    | LISTING   | Listing H&M (Kids) route https://www.myntra.com/h-and-m-kids page 120 -> https://www.myntra.com/gateway/v4/search/h-and-m-kids?rows=50&o=5950&plaEnabled=false&xdEnabled=false&isFacet=true&p=120 | run_id=run_20260930_154906_269231_a733d1 | brand=H&M (Kids) | page=120 | route=https://www.myntra.com/h-and-m-kids | seen=5293 | expected=6204
2026-09-30 16:21:22 | INFO    | LISTING   | Listing H&M (Kids) route https://www.myntra.com/h-and-m-kids page 121 -> https://www.myntra.com/gateway/v4/search/h-and-m-kids?rows=50&o=6000&plaEnabled=false&xdEnabled=false&isFacet=true&p=121 | run_id=run_20260930_154906_269231_a733d1 | brand=H&M (Kids) | page=121 | route=https://www.myntra.com/h-and-m-kids | seen=5341 | expected=6204
2026-09-30 16:21:23 | INFO    | LISTING   | Listing H&M (Kids) route https://www.myntra.com/h-and-m-kids page 122 -> https://www.myntra.com/gateway/v4/search/h-and-m-kids?rows=50&o=6050&plaEnabled=false&xdEnabled=false&isFacet=true&p=122 | run_id=run_20260930_154906_269231_a733d1 | brand=H&M (Kids) | page=122 | route=https://www.myntra.com/h-and-m-kids | seen=5390 | expected=6204
2026-09-30 16:21:23 | INFO    | LISTING   | Listing H&M (Kids) route https://www.myntra.com/h-and-m-kids page 123 -> https://www.myntra.com/gateway/v4/search/h-and-m-kids?rows=50&o=6100&plaEnabled=false&xdEnabled=false&isFacet=true&p=123 | run_id=run_20260930_154906_269231_a733d1 | brand=H&M (Kids) | page=123 | route=https://www.myntra.com/h-and-m-kids | seen=5438 | expected=6204
2026-09-30 16:21:24 | INFO    | LISTING   | Listing H&M (Kids) route https://www.myntra.com/h-and-m-kids page 124 -> https://www.myntra.com/gateway/v4/search/h-and-m-kids?rows=50&o=6150&plaEnabled=false&xdEnabled=false&isFacet=true&p=124 | run_id=run_20260930_154906_269231_a733d1 | brand=H&M (Kids) | page=124 | route=https://www.myntra.com/h-and-m-kids | seen=5488 | expected=6204
2026-09-30 16:21:24 | INFO    | LISTING   | Listing H&M (Kids) route https://www.myntra.com/h-and-m-kids page 125 -> https://www.myntra.com/gateway/v4/search/h-and-m-kids?rows=50&o=6200&plaEnabled=false&xdEnabled=false&isFacet=true&p=125 | run_id=run_20260930_154906_269231_a733d1 | brand=H&M (Kids) | page=125 | route=https://www.myntra.com/h-and-m-kids | seen=5536 | expected=6204
2026-09-30 16:21:26 | INFO    | PDP       | Processed 2 target products for H&M (Kids) in 1s (213.8 products/min). | run_id=run_20260930_154906_269231_a733d1 | brand=H&M (Kids) | saved=2 | elapsed_label=1s | products_per_minute=213.8
2026-09-30 16:21:26 | WARNING | LISTING   | Retrying route https://www.myntra.com/h-and-m-kids for H&M (Kids) (pass 1/2) after incomplete coverage: 5585/6204 unique products seen. | run_id=run_20260930_154906_269231_a733d1 | brand=H&M (Kids) | route=https://www.myntra.com/h-and-m-kids | seen=5585 | expected=6204 | attempt=1/2
2026-09-30 16:21:26 | INFO    | LISTING   | Listing H&M (Kids) route https://www.myntra.com/h-and-m-kids page 1 -> https://www.myntra.com/gateway/v4/search/h-and-m-kids?rows=50&o=0&plaEnabled=false&xdEnabled=false&isFacet=true&p=1 | run_id=run_20260930_154906_269231_a733d1 | brand=H&M (Kids) | page=1 | route=https://www.myntra.com/h-and-m-kids | seen=5585 | expected=6204
2026-09-30 16:21:27 | INFO    | LISTING   | Listing H&M (Kids) route https://www.myntra.com/h-and-m-kids page 2 -> https://www.myntra.com/gateway/v4/search/h-and-m-kids?rows=50&o=50&plaEnabled=false&xdEnabled=false&isFacet=true&p=2 | run_id=run_20260930_154906_269231_a733d1 | brand=H&M (Kids) | page=2 | route=https://www.myntra.com/h-and-m-kids | seen=5585 | expected=6204
2026-09-30 16:21:28 | INFO    | LISTING   | Listing H&M (Kids) route https://www.myntra.com/h-and-m-kids page 3 -> https://www.myntra.com/gateway/v4/search/h-and-m-kids?rows=50&o=100&plaEnabled=false&xdEnabled=false&isFacet=true&p=3 | run_id=run_20260930_154906_269231_a733d1 | brand=H&M (Kids) | page=3 | route=https://www.myntra.com/h-and-m-kids | seen=5585 | expected=6204
2026-09-30 16:21:28 | WARNING | LISTING   | Route https://www.myntra.com/h-and-m-kids for H&M (Kids) stalled for 3 consecutive pages before reaching expected total; restarting route pass. | run_id=run_20260930_154906_269231_a733d1 | brand=H&M (Kids) | page=3 | route=https://www.myntra.com/h-and-m-kids | seen=5585 | expected=6204
2026-09-30 16:21:28 | WARNING | LISTING   | Retrying route https://www.myntra.com/h-and-m-kids for H&M (Kids) (pass 2/2) after incomplete coverage: 5585/6204 unique products seen. | run_id=run_20260930_154906_269231_a733d1 | brand=H&M (Kids) | route=https://www.myntra.com/h-and-m-kids | seen=5585 | expected=6204 | attempt=2/2
2026-09-30 16:21:28 | INFO    | LISTING   | Listing H&M (Kids) route https://www.myntra.com/h-and-m-kids page 1 -> https://www.myntra.com/gateway/v4/search/h-and-m-kids?rows=50&o=0&plaEnabled=false&xdEnabled=false&isFacet=true&p=1 | run_id=run_20260930_154906_269231_a733d1 | brand=H&M (Kids) | page=1 | route=https://www.myntra.com/h-and-m-kids | seen=5585 | expected=6204
2026-09-30 16:21:30 | INFO    | LISTING   | Listing H&M (Kids) route https://www.myntra.com/h-and-m-kids page 2 -> https://www.myntra.com/gateway/v4/search/h-and-m-kids?rows=50&o=50&plaEnabled=false&xdEnabled=false&isFacet=true&p=2 | run_id=run_20260930_154906_269231_a733d1 | brand=H&M (Kids) | page=2 | route=https://www.myntra.com/h-and-m-kids | seen=5585 | expected=6204
2026-09-30 16:21:31 | INFO    | LISTING   | Listing H&M (Kids) route https://www.myntra.com/h-and-m-kids page 3 -> https://www.myntra.com/gateway/v4/search/h-and-m-kids?rows=50&o=100&plaEnabled=false&xdEnabled=false&isFacet=true&p=3 | run_id=run_20260930_154906_269231_a733d1 | brand=H&M (Kids) | page=3 | route=https://www.myntra.com/h-and-m-kids | seen=5585 | expected=6204
2026-09-30 16:21:31 | WARNING | LISTING   | Route https://www.myntra.com/h-and-m-kids for H&M (Kids) stalled for 3 consecutive pages before reaching expected total; restarting route pass. | run_id=run_20260930_154906_269231_a733d1 | brand=H&M (Kids) | page=3 | route=https://www.myntra.com/h-and-m-kids | seen=5585 | expected=6204
2026-09-30 16:21:31 | INFO    | BRAND     | Skipping redundant route https://www.myntra.com/kids-hm for H&M (Kids) (100% of first page already captured). | run_id=run_20260930_154906_269231_a733d1 | brand=H&M (Kids) | route=https://www.myntra.com/kids-hm
2026-09-30 16:21:31 | WARNING | BRAND     | Brand H&M (Kids) finished below expected count: saw 5585 unique shirts products vs expected 6204. | run_id=run_20260930_154906_269231_a733d1 | brand=H&M (Kids) | seen=5585 | expected=6204
2026-09-30 16:21:31 | INFO    | BRAND     | Brand scrape completed in 1m 21s (4128.7 products/min). | run_id=run_20260930_154906_269231_a733d1 | brand=H&M (Kids) | status=COMPLETED | saved=5587 | seen=5585 | expected=6204 | elapsed_label=1m 21s | products_per_minute=4128.7
2026-09-30 16:21:31 | INFO    | AUDIT     | Audit retry completed for H&M (Kids): saved=3, shortfall_before=348 | run_id=run_20260930_154906_269231_a733d1 | brand=H&M (Kids) | saved=3
2026-09-30 16:21:31 | WARNING | AUDIT     | Audit pass 2 found 3 incomplete brands; retrying them: Kidbea, Hopscotch, H&M (Kids) | run_id=run_20260930_154906_269231_a733d1 | attempt=2
2026-09-30 16:21:31 | INFO    | BRAND     | Resolving brand routes. | run_id=run_20260930_154906_269231_a733d1 | brand=Kidbea
2026-09-30 16:21:32 | INFO    | BRAND     | Resolved Kidbea -> 1 routes (best brand total=888): https://www.myntra.com/kidbea | run_id=run_20260930_154906_269231_a733d1 | brand=Kidbea | expected=888
2026-09-30 16:21:32 | INFO    | BRAND     | Starting brand scrape. | run_id=run_20260930_154906_269231_a733d1 | brand=Kidbea | expected=888
2026-09-30 16:21:32 | INFO    | LISTING   | Listing Kidbea route https://www.myntra.com/kidbea page 1 -> https://www.myntra.com/gateway/v4/search/kidbea?rows=50&o=0&plaEnabled=false&xdEnabled=false&isFacet=true&p=1 | run_id=run_20260930_154906_269231_a733d1 | brand=Kidbea | page=1 | route=https://www.myntra.com/kidbea | seen=0 | expected=888
2026-09-30 16:21:33 | INFO    | LISTING   | Listing Kidbea route https://www.myntra.com/kidbea page 2 -> https://www.myntra.com/gateway/v4/search/kidbea?rows=50&o=50&plaEnabled=false&xdEnabled=false&isFacet=true&p=2 | run_id=run_20260930_154906_269231_a733d1 | brand=Kidbea | page=2 | route=https://www.myntra.com/kidbea | seen=40 | expected=888
2026-09-30 16:21:33 | INFO    | LISTING   | Listing Kidbea route https://www.myntra.com/kidbea page 3 -> https://www.myntra.com/gateway/v4/search/kidbea?rows=50&o=100&plaEnabled=false&xdEnabled=false&isFacet=true&p=3 | run_id=run_20260930_154906_269231_a733d1 | brand=Kidbea | page=3 | route=https://www.myntra.com/kidbea | seen=89 | expected=888
2026-09-30 16:21:34 | INFO    | LISTING   | Listing Kidbea route https://www.myntra.com/kidbea page 4 -> https://www.myntra.com/gateway/v4/search/kidbea?rows=50&o=150&plaEnabled=false&xdEnabled=false&isFacet=true&p=4 | run_id=run_20260930_154906_269231_a733d1 | brand=Kidbea | page=4 | route=https://www.myntra.com/kidbea | seen=132 | expected=888
2026-09-30 16:21:34 | INFO    | LISTING   | Listing Kidbea route https://www.myntra.com/kidbea page 5 -> https://www.myntra.com/gateway/v4/search/kidbea?rows=50&o=200&plaEnabled=false&xdEnabled=false&isFacet=true&p=5 | run_id=run_20260930_154906_269231_a733d1 | brand=Kidbea | page=5 | route=https://www.myntra.com/kidbea | seen=175 | expected=888
2026-09-30 16:21:35 | INFO    | LISTING   | Listing Kidbea route https://www.myntra.com/kidbea page 6 -> https://www.myntra.com/gateway/v4/search/kidbea?rows=50&o=250&plaEnabled=false&xdEnabled=false&isFacet=true&p=6 | run_id=run_20260930_154906_269231_a733d1 | brand=Kidbea | page=6 | route=https://www.myntra.com/kidbea | seen=222 | expected=888
2026-09-30 16:21:36 | INFO    | LISTING   | Listing Kidbea route https://www.myntra.com/kidbea page 7 -> https://www.myntra.com/gateway/v4/search/kidbea?rows=50&o=300&plaEnabled=false&xdEnabled=false&isFacet=true&p=7 | run_id=run_20260930_154906_269231_a733d1 | brand=Kidbea | page=7 | route=https://www.myntra.com/kidbea | seen=261 | expected=888
2026-09-30 16:21:36 | INFO    | LISTING   | Listing Kidbea route https://www.myntra.com/kidbea page 8 -> https://www.myntra.com/gateway/v4/search/kidbea?rows=50&o=350&plaEnabled=false&xdEnabled=false&isFacet=true&p=8 | run_id=run_20260930_154906_269231_a733d1 | brand=Kidbea | page=8 | route=https://www.myntra.com/kidbea | seen=294 | expected=888
2026-09-30 16:21:37 | INFO    | LISTING   | Listing Kidbea route https://www.myntra.com/kidbea page 9 -> https://www.myntra.com/gateway/v4/search/kidbea?rows=50&o=400&plaEnabled=false&xdEnabled=false&isFacet=true&p=9 | run_id=run_20260930_154906_269231_a733d1 | brand=Kidbea | page=9 | route=https://www.myntra.com/kidbea | seen=320 | expected=888
2026-09-30 16:21:37 | INFO    | LISTING   | Listing Kidbea route https://www.myntra.com/kidbea page 10 -> https://www.myntra.com/gateway/v4/search/kidbea?rows=50&o=450&plaEnabled=false&xdEnabled=false&isFacet=true&p=10 | run_id=run_20260930_154906_269231_a733d1 | brand=Kidbea | page=10 | route=https://www.myntra.com/kidbea | seen=364 | expected=888
2026-09-30 16:21:38 | INFO    | LISTING   | Listing Kidbea route https://www.myntra.com/kidbea page 11 -> https://www.myntra.com/gateway/v4/search/kidbea?rows=50&o=500&plaEnabled=false&xdEnabled=false&isFacet=true&p=11 | run_id=run_20260930_154906_269231_a733d1 | brand=Kidbea | page=11 | route=https://www.myntra.com/kidbea | seen=412 | expected=888
2026-09-30 16:21:39 | INFO    | LISTING   | Listing Kidbea route https://www.myntra.com/kidbea page 12 -> https://www.myntra.com/gateway/v4/search/kidbea?rows=50&o=550&plaEnabled=false&xdEnabled=false&isFacet=true&p=12 | run_id=run_20260930_154906_269231_a733d1 | brand=Kidbea | page=12 | route=https://www.myntra.com/kidbea | seen=461 | expected=888
2026-09-30 16:21:39 | INFO    | LISTING   | Listing Kidbea route https://www.myntra.com/kidbea page 13 -> https://www.myntra.com/gateway/v4/search/kidbea?rows=50&o=600&plaEnabled=false&xdEnabled=false&isFacet=true&p=13 | run_id=run_20260930_154906_269231_a733d1 | brand=Kidbea | page=13 | route=https://www.myntra.com/kidbea | seen=485 | expected=888
2026-09-30 16:21:40 | INFO    | LISTING   | Listing Kidbea route https://www.myntra.com/kidbea page 14 -> https://www.myntra.com/gateway/v4/search/kidbea?rows=50&o=650&plaEnabled=false&xdEnabled=false&isFacet=true&p=14 | run_id=run_20260930_154906_269231_a733d1 | brand=Kidbea | page=14 | route=https://www.myntra.com/kidbea | seen=532 | expected=888
2026-09-30 16:21:41 | INFO    | LISTING   | Listing Kidbea route https://www.myntra.com/kidbea page 15 -> https://www.myntra.com/gateway/v4/search/kidbea?rows=50&o=700&plaEnabled=false&xdEnabled=false&isFacet=true&p=15 | run_id=run_20260930_154906_269231_a733d1 | brand=Kidbea | page=15 | route=https://www.myntra.com/kidbea | seen=576 | expected=888
2026-09-30 16:21:41 | INFO    | LISTING   | Listing Kidbea route https://www.myntra.com/kidbea page 16 -> https://www.myntra.com/gateway/v4/search/kidbea?rows=50&o=750&plaEnabled=false&xdEnabled=false&isFacet=true&p=16 | run_id=run_20260930_154906_269231_a733d1 | brand=Kidbea | page=16 | route=https://www.myntra.com/kidbea | seen=615 | expected=888
2026-09-30 16:21:42 | INFO    | LISTING   | Listing Kidbea route https://www.myntra.com/kidbea page 17 -> https://www.myntra.com/gateway/v4/search/kidbea?rows=50&o=800&plaEnabled=false&xdEnabled=false&isFacet=true&p=17 | run_id=run_20260930_154906_269231_a733d1 | brand=Kidbea | page=17 | route=https://www.myntra.com/kidbea | seen=665 | expected=888
2026-09-30 16:21:43 | INFO    | LISTING   | Listing Kidbea route https://www.myntra.com/kidbea page 18 -> https://www.myntra.com/gateway/v4/search/kidbea?rows=50&o=850&plaEnabled=false&xdEnabled=false&isFacet=true&p=18 | run_id=run_20260930_154906_269231_a733d1 | brand=Kidbea | page=18 | route=https://www.myntra.com/kidbea | seen=697 | expected=888
2026-09-30 16:21:44 | INFO    | LISTING   | Listing Kidbea route https://www.myntra.com/kidbea page 19 -> https://www.myntra.com/gateway/v4/search/kidbea?rows=50&o=900&plaEnabled=false&xdEnabled=false&isFacet=true&p=19 | run_id=run_20260930_154906_269231_a733d1 | brand=Kidbea | page=19 | route=https://www.myntra.com/kidbea | seen=740 | expected=888
2026-09-30 16:21:44 | INFO    | LISTING   | Listing Kidbea route https://www.myntra.com/kidbea page 20 -> https://www.myntra.com/gateway/v4/search/kidbea?rows=50&o=950&plaEnabled=false&xdEnabled=false&isFacet=true&p=20 | run_id=run_20260930_154906_269231_a733d1 | brand=Kidbea | page=20 | route=https://www.myntra.com/kidbea | seen=787 | expected=888
2026-09-30 16:21:45 | WARNING | LISTING   | Empty listing page for Kidbea on page 20 before expected end; continuing. | run_id=run_20260930_154906_269231_a733d1 | brand=Kidbea | page=20 | route=https://www.myntra.com/kidbea
2026-09-30 16:21:45 | INFO    | LISTING   | Listing Kidbea route https://www.myntra.com/kidbea page 21 -> https://www.myntra.com/gateway/v4/search/kidbea?rows=50&o=1000&plaEnabled=false&xdEnabled=false&isFacet=true&p=21 | run_id=run_20260930_154906_269231_a733d1 | brand=Kidbea | page=21 | route=https://www.myntra.com/kidbea | seen=787 | expected=888
2026-09-30 16:21:45 | WARNING | NETWORK   | JSON request failed for https://www.myntra.com/gateway/v4/search/kidbea?rows=50&o=1000&plaEnabled=false&xdEnabled=false&isFacet=true&p=21 on attempt 1/3: HTTP Error 400:  | run_id=run_20260930_154906_269231_a733d1 | route=https://www.myntra.com/gateway/v4/search/kidbea?rows=50&o=1000&plaEnabled=false&xdEnabled=false&isFacet=true&p=21 | attempt=1/3
2026-09-30 16:21:47 | WARNING | NETWORK   | JSON request failed for https://www.myntra.com/gateway/v4/search/kidbea?rows=50&o=1000&plaEnabled=false&xdEnabled=false&isFacet=true&p=21 on attempt 2/3: HTTP Error 400:  | run_id=run_20260930_154906_269231_a733d1 | route=https://www.myntra.com/gateway/v4/search/kidbea?rows=50&o=1000&plaEnabled=false&xdEnabled=false&isFacet=true&p=21 | attempt=2/3
2026-09-30 16:21:50 | WARNING | NETWORK   | JSON request failed for https://www.myntra.com/gateway/v4/search/kidbea?rows=50&o=1000&plaEnabled=false&xdEnabled=false&isFacet=true&p=21 on attempt 3/3: HTTP Error 400:  | run_id=run_20260930_154906_269231_a733d1 | route=https://www.myntra.com/gateway/v4/search/kidbea?rows=50&o=1000&plaEnabled=false&xdEnabled=false&isFacet=true&p=21 | attempt=3/3
2026-09-30 16:21:50 | WARNING | NETWORK   | JSON request failed for https://www.myntra.com/gateway/v4/search/kidbea?rows=50&o=999&plaEnabled=false&xdEnabled=false&isFacet=true&p=21 on attempt 1/3: HTTP Error 400:  | run_id=run_20260930_154906_269231_a733d1 | route=https://www.myntra.com/gateway/v4/search/kidbea?rows=50&o=999&plaEnabled=false&xdEnabled=false&isFacet=true&p=21 | attempt=1/3
2026-09-30 16:21:52 | WARNING | NETWORK   | JSON request failed for https://www.myntra.com/gateway/v4/search/kidbea?rows=50&o=999&plaEnabled=false&xdEnabled=false&isFacet=true&p=21 on attempt 2/3: HTTP Error 400:  | run_id=run_20260930_154906_269231_a733d1 | route=https://www.myntra.com/gateway/v4/search/kidbea?rows=50&o=999&plaEnabled=false&xdEnabled=false&isFacet=true&p=21 | attempt=2/3
2026-09-30 16:21:55 | WARNING | NETWORK   | JSON request failed for https://www.myntra.com/gateway/v4/search/kidbea?rows=50&o=999&plaEnabled=false&xdEnabled=false&isFacet=true&p=21 on attempt 3/3: HTTP Error 400:  | run_id=run_20260930_154906_269231_a733d1 | route=https://www.myntra.com/gateway/v4/search/kidbea?rows=50&o=999&plaEnabled=false&xdEnabled=false&isFacet=true&p=21 | attempt=3/3
2026-09-30 16:21:55 | WARNING | LISTING   | Route fetch failed for https://www.myntra.com/kidbea page 21 (Failed to fetch JSON payload from https://www.myntra.com/gateway/v4/search/kidbea?rows=50&o=999&plaEnabled=false&xdEnabled=false&isFacet=true&p=21: HTTP Error 400: ). Will retry with another pass or fallback route. | run_id=run_20260930_154906_269231_a733d1 | brand=Kidbea | page=21 | route=https://www.myntra.com/kidbea
2026-09-30 16:21:55 | WARNING | LISTING   | Retrying route https://www.myntra.com/kidbea for Kidbea (pass 1/2) after incomplete coverage: 787/888 unique products seen. | run_id=run_20260930_154906_269231_a733d1 | brand=Kidbea | route=https://www.myntra.com/kidbea | seen=787 | expected=888 | attempt=1/2
2026-09-30 16:21:55 | INFO    | LISTING   | Listing Kidbea route https://www.myntra.com/kidbea page 1 -> https://www.myntra.com/gateway/v4/search/kidbea?rows=50&o=0&plaEnabled=false&xdEnabled=false&isFacet=true&p=1 | run_id=run_20260930_154906_269231_a733d1 | brand=Kidbea | page=1 | route=https://www.myntra.com/kidbea | seen=787 | expected=888
2026-09-30 16:21:56 | INFO    | LISTING   | Listing Kidbea route https://www.myntra.com/kidbea page 2 -> https://www.myntra.com/gateway/v4/search/kidbea?rows=50&o=50&plaEnabled=false&xdEnabled=false&isFacet=true&p=2 | run_id=run_20260930_154906_269231_a733d1 | brand=Kidbea | page=2 | route=https://www.myntra.com/kidbea | seen=787 | expected=888
2026-09-30 16:21:57 | INFO    | LISTING   | Listing Kidbea route https://www.myntra.com/kidbea page 3 -> https://www.myntra.com/gateway/v4/search/kidbea?rows=50&o=100&plaEnabled=false&xdEnabled=false&isFacet=true&p=3 | run_id=run_20260930_154906_269231_a733d1 | brand=Kidbea | page=3 | route=https://www.myntra.com/kidbea | seen=787 | expected=888
2026-09-30 16:21:57 | WARNING | LISTING   | Route https://www.myntra.com/kidbea for Kidbea stalled for 3 consecutive pages before reaching expected total; restarting route pass. | run_id=run_20260930_154906_269231_a733d1 | brand=Kidbea | page=3 | route=https://www.myntra.com/kidbea | seen=787 | expected=888
2026-09-30 16:21:57 | WARNING | LISTING   | Retrying route https://www.myntra.com/kidbea for Kidbea (pass 2/2) after incomplete coverage: 787/888 unique products seen. | run_id=run_20260930_154906_269231_a733d1 | brand=Kidbea | route=https://www.myntra.com/kidbea | seen=787 | expected=888 | attempt=2/2
2026-09-30 16:21:57 | INFO    | LISTING   | Listing Kidbea route https://www.myntra.com/kidbea page 1 -> https://www.myntra.com/gateway/v4/search/kidbea?rows=50&o=0&plaEnabled=false&xdEnabled=false&isFacet=true&p=1 | run_id=run_20260930_154906_269231_a733d1 | brand=Kidbea | page=1 | route=https://www.myntra.com/kidbea | seen=787 | expected=888
2026-09-30 16:21:59 | INFO    | LISTING   | Listing Kidbea route https://www.myntra.com/kidbea page 2 -> https://www.myntra.com/gateway/v4/search/kidbea?rows=50&o=50&plaEnabled=false&xdEnabled=false&isFacet=true&p=2 | run_id=run_20260930_154906_269231_a733d1 | brand=Kidbea | page=2 | route=https://www.myntra.com/kidbea | seen=787 | expected=888
2026-09-30 16:21:59 | INFO    | LISTING   | Listing Kidbea route https://www.myntra.com/kidbea page 3 -> https://www.myntra.com/gateway/v4/search/kidbea?rows=50&o=100&plaEnabled=false&xdEnabled=false&isFacet=true&p=3 | run_id=run_20260930_154906_269231_a733d1 | brand=Kidbea | page=3 | route=https://www.myntra.com/kidbea | seen=787 | expected=888
2026-09-30 16:22:00 | WARNING | LISTING   | Route https://www.myntra.com/kidbea for Kidbea stalled for 3 consecutive pages before reaching expected total; restarting route pass. | run_id=run_20260930_154906_269231_a733d1 | brand=Kidbea | page=3 | route=https://www.myntra.com/kidbea | seen=787 | expected=888
2026-09-30 16:22:00 | WARNING | BRAND     | Brand Kidbea finished below expected count: saw 787 unique shirts products vs expected 888. | run_id=run_20260930_154906_269231_a733d1 | brand=Kidbea | seen=787 | expected=888
2026-09-30 16:22:00 | INFO    | BRAND     | Brand scrape completed in 29s (1648.11 products/min). | run_id=run_20260930_154906_269231_a733d1 | brand=Kidbea | status=COMPLETED | saved=788 | seen=788 | expected=888 | elapsed_label=29s | products_per_minute=1648.11
2026-09-30 16:22:00 | INFO    | AUDIT     | Audit retry completed for Kidbea: saved=0, shortfall_before=98 | run_id=run_20260930_154906_269231_a733d1 | brand=Kidbea | saved=0
2026-09-30 16:22:00 | INFO    | BRAND     | Resolving brand routes. | run_id=run_20260930_154906_269231_a733d1 | brand=Hopscotch
2026-09-30 16:22:00 | INFO    | BRAND     | Resolved Hopscotch -> 1 routes (best brand total=5129): https://www.myntra.com/hopscotch | run_id=run_20260930_154906_269231_a733d1 | brand=Hopscotch | expected=5129
2026-09-30 16:22:00 | INFO    | BRAND     | Starting brand scrape. | run_id=run_20260930_154906_269231_a733d1 | brand=Hopscotch | expected=5129
2026-09-30 16:22:00 | INFO    | LISTING   | Listing Hopscotch route https://www.myntra.com/hopscotch page 1 -> https://www.myntra.com/gateway/v4/search/hopscotch?rows=50&o=0&plaEnabled=false&xdEnabled=false&isFacet=true&p=1 | run_id=run_20260930_154906_269231_a733d1 | brand=Hopscotch | page=1 | route=https://www.myntra.com/hopscotch | seen=0 | expected=5129
2026-09-30 16:22:01 | INFO    | LISTING   | Listing Hopscotch route https://www.myntra.com/hopscotch page 2 -> https://www.myntra.com/gateway/v4/search/hopscotch?rows=50&o=50&plaEnabled=false&xdEnabled=false&isFacet=true&p=2 | run_id=run_20260930_154906_269231_a733d1 | brand=Hopscotch | page=2 | route=https://www.myntra.com/hopscotch | seen=46 | expected=5129
2026-09-30 16:22:02 | INFO    | LISTING   | Listing Hopscotch route https://www.myntra.com/hopscotch page 3 -> https://www.myntra.com/gateway/v4/search/hopscotch?rows=50&o=100&plaEnabled=false&xdEnabled=false&isFacet=true&p=3 | run_id=run_20260930_154906_269231_a733d1 | brand=Hopscotch | page=3 | route=https://www.myntra.com/hopscotch | seen=93 | expected=5129
2026-09-30 16:22:02 | INFO    | LISTING   | Listing Hopscotch route https://www.myntra.com/hopscotch page 4 -> https://www.myntra.com/gateway/v4/search/hopscotch?rows=50&o=150&plaEnabled=false&xdEnabled=false&isFacet=true&p=4 | run_id=run_20260930_154906_269231_a733d1 | brand=Hopscotch | page=4 | route=https://www.myntra.com/hopscotch | seen=140 | expected=5129
2026-09-30 16:22:03 | INFO    | LISTING   | Listing Hopscotch route https://www.myntra.com/hopscotch page 5 -> https://www.myntra.com/gateway/v4/search/hopscotch?rows=50&o=200&plaEnabled=false&xdEnabled=false&isFacet=true&p=5 | run_id=run_20260930_154906_269231_a733d1 | brand=Hopscotch | page=5 | route=https://www.myntra.com/hopscotch | seen=187 | expected=5129
2026-09-30 16:22:04 | INFO    | LISTING   | Listing Hopscotch route https://www.myntra.com/hopscotch page 6 -> https://www.myntra.com/gateway/v4/search/hopscotch?rows=50&o=250&plaEnabled=false&xdEnabled=false&isFacet=true&p=6 | run_id=run_20260930_154906_269231_a733d1 | brand=Hopscotch | page=6 | route=https://www.myntra.com/hopscotch | seen=236 | expected=5129
2026-09-30 16:22:04 | INFO    | LISTING   | Listing Hopscotch route https://www.myntra.com/hopscotch page 7 -> https://www.myntra.com/gateway/v4/search/hopscotch?rows=50&o=300&plaEnabled=false&xdEnabled=false&isFacet=true&p=7 | run_id=run_20260930_154906_269231_a733d1 | brand=Hopscotch | page=7 | route=https://www.myntra.com/hopscotch | seen=284 | expected=5129
2026-09-30 16:22:05 | INFO    | LISTING   | Listing Hopscotch route https://www.myntra.com/hopscotch page 8 -> https://www.myntra.com/gateway/v4/search/hopscotch?rows=50&o=350&plaEnabled=false&xdEnabled=false&isFacet=true&p=8 | run_id=run_20260930_154906_269231_a733d1 | brand=Hopscotch | page=8 | route=https://www.myntra.com/hopscotch | seen=333 | expected=5129
2026-09-30 16:22:06 | INFO    | LISTING   | Listing Hopscotch route https://www.myntra.com/hopscotch page 9 -> https://www.myntra.com/gateway/v4/search/hopscotch?rows=50&o=400&plaEnabled=false&xdEnabled=false&isFacet=true&p=9 | run_id=run_20260930_154906_269231_a733d1 | brand=Hopscotch | page=9 | route=https://www.myntra.com/hopscotch | seen=381 | expected=5129
2026-09-30 16:22:06 | INFO    | LISTING   | Listing Hopscotch route https://www.myntra.com/hopscotch page 10 -> https://www.myntra.com/gateway/v4/search/hopscotch?rows=50&o=450&plaEnabled=false&xdEnabled=false&isFacet=true&p=10 | run_id=run_20260930_154906_269231_a733d1 | brand=Hopscotch | page=10 | route=https://www.myntra.com/hopscotch | seen=424 | expected=5129
2026-09-30 16:22:07 | INFO    | LISTING   | Listing Hopscotch route https://www.myntra.com/hopscotch page 11 -> https://www.myntra.com/gateway/v4/search/hopscotch?rows=50&o=500&plaEnabled=false&xdEnabled=false&isFacet=true&p=11 | run_id=run_20260930_154906_269231_a733d1 | brand=Hopscotch | page=11 | route=https://www.myntra.com/hopscotch | seen=473 | expected=5129
2026-09-30 16:22:08 | INFO    | LISTING   | Listing Hopscotch route https://www.myntra.com/hopscotch page 12 -> https://www.myntra.com/gateway/v4/search/hopscotch?rows=50&o=550&plaEnabled=false&xdEnabled=false&isFacet=true&p=12 | run_id=run_20260930_154906_269231_a733d1 | brand=Hopscotch | page=12 | route=https://www.myntra.com/hopscotch | seen=520 | expected=5129
2026-09-30 16:22:08 | INFO    | LISTING   | Listing Hopscotch route https://www.myntra.com/hopscotch page 13 -> https://www.myntra.com/gateway/v4/search/hopscotch?rows=50&o=600&plaEnabled=false&xdEnabled=false&isFacet=true&p=13 | run_id=run_20260930_154906_269231_a733d1 | brand=Hopscotch | page=13 | route=https://www.myntra.com/hopscotch | seen=570 | expected=5129
2026-09-30 16:22:09 | INFO    | LISTING   | Listing Hopscotch route https://www.myntra.com/hopscotch page 14 -> https://www.myntra.com/gateway/v4/search/hopscotch?rows=50&o=650&plaEnabled=false&xdEnabled=false&isFacet=true&p=14 | run_id=run_20260930_154906_269231_a733d1 | brand=Hopscotch | page=14 | route=https://www.myntra.com/hopscotch | seen=620 | expected=5129
2026-09-30 16:22:09 | INFO    | LISTING   | Listing Hopscotch route https://www.myntra.com/hopscotch page 15 -> https://www.myntra.com/gateway/v4/search/hopscotch?rows=50&o=700&plaEnabled=false&xdEnabled=false&isFacet=true&p=15 | run_id=run_20260930_154906_269231_a733d1 | brand=Hopscotch | page=15 | route=https://www.myntra.com/hopscotch | seen=669 | expected=5129
2026-09-30 16:22:10 | INFO    | LISTING   | Listing Hopscotch route https://www.myntra.com/hopscotch page 16 -> https://www.myntra.com/gateway/v4/search/hopscotch?rows=50&o=750&plaEnabled=false&xdEnabled=false&isFacet=true&p=16 | run_id=run_20260930_154906_269231_a733d1 | brand=Hopscotch | page=16 | route=https://www.myntra.com/hopscotch | seen=713 | expected=5129
2026-09-30 16:22:10 | INFO    | LISTING   | Listing Hopscotch route https://www.myntra.com/hopscotch page 17 -> https://www.myntra.com/gateway/v4/search/hopscotch?rows=50&o=800&plaEnabled=false&xdEnabled=false&isFacet=true&p=17 | run_id=run_20260930_154906_269231_a733d1 | brand=Hopscotch | page=17 | route=https://www.myntra.com/hopscotch | seen=761 | expected=5129
2026-09-30 16:22:11 | INFO    | LISTING   | Listing Hopscotch route https://www.myntra.com/hopscotch page 18 -> https://www.myntra.com/gateway/v4/search/hopscotch?rows=50&o=850&plaEnabled=false&xdEnabled=false&isFacet=true&p=18 | run_id=run_20260930_154906_269231_a733d1 | brand=Hopscotch | page=18 | route=https://www.myntra.com/hopscotch | seen=811 | expected=5129
2026-09-30 16:22:12 | INFO    | LISTING   | Listing Hopscotch route https://www.myntra.com/hopscotch page 19 -> https://www.myntra.com/gateway/v4/search/hopscotch?rows=50&o=900&plaEnabled=false&xdEnabled=false&isFacet=true&p=19 | run_id=run_20260930_154906_269231_a733d1 | brand=Hopscotch | page=19 | route=https://www.myntra.com/hopscotch | seen=859 | expected=5129
2026-09-30 16:22:12 | INFO    | LISTING   | Listing Hopscotch route https://www.myntra.com/hopscotch page 20 -> https://www.myntra.com/gateway/v4/search/hopscotch?rows=50&o=950&plaEnabled=false&xdEnabled=false&isFacet=true&p=20 | run_id=run_20260930_154906_269231_a733d1 | brand=Hopscotch | page=20 | route=https://www.myntra.com/hopscotch | seen=904 | expected=5129
2026-09-30 16:22:13 | INFO    | LISTING   | Listing Hopscotch route https://www.myntra.com/hopscotch page 21 -> https://www.myntra.com/gateway/v4/search/hopscotch?rows=50&o=1000&plaEnabled=false&xdEnabled=false&isFacet=true&p=21 | run_id=run_20260930_154906_269231_a733d1 | brand=Hopscotch | page=21 | route=https://www.myntra.com/hopscotch | seen=951 | expected=5129
2026-09-30 16:22:13 | INFO    | LISTING   | Listing Hopscotch route https://www.myntra.com/hopscotch page 22 -> https://www.myntra.com/gateway/v4/search/hopscotch?rows=50&o=1050&plaEnabled=false&xdEnabled=false&isFacet=true&p=22 | run_id=run_20260930_154906_269231_a733d1 | brand=Hopscotch | page=22 | route=https://www.myntra.com/hopscotch | seen=997 | expected=5129
2026-09-30 16:22:14 | INFO    | LISTING   | Listing Hopscotch route https://www.myntra.com/hopscotch page 23 -> https://www.myntra.com/gateway/v4/search/hopscotch?rows=50&o=1100&plaEnabled=false&xdEnabled=false&isFacet=true&p=23 | run_id=run_20260930_154906_269231_a733d1 | brand=Hopscotch | page=23 | route=https://www.myntra.com/hopscotch | seen=1046 | expected=5129
2026-09-30 16:22:14 | INFO    | LISTING   | Listing Hopscotch route https://www.myntra.com/hopscotch page 24 -> https://www.myntra.com/gateway/v4/search/hopscotch?rows=50&o=1150&plaEnabled=false&xdEnabled=false&isFacet=true&p=24 | run_id=run_20260930_154906_269231_a733d1 | brand=Hopscotch | page=24 | route=https://www.myntra.com/hopscotch | seen=1092 | expected=5129
2026-09-30 16:22:15 | INFO    | LISTING   | Listing Hopscotch route https://www.myntra.com/hopscotch page 25 -> https://www.myntra.com/gateway/v4/search/hopscotch?rows=50&o=1200&plaEnabled=false&xdEnabled=false&isFacet=true&p=25 | run_id=run_20260930_154906_269231_a733d1 | brand=Hopscotch | page=25 | route=https://www.myntra.com/hopscotch | seen=1142 | expected=5129
2026-09-30 16:22:15 | INFO    | LISTING   | Listing Hopscotch route https://www.myntra.com/hopscotch page 26 -> https://www.myntra.com/gateway/v4/search/hopscotch?rows=50&o=1250&plaEnabled=false&xdEnabled=false&isFacet=true&p=26 | run_id=run_20260930_154906_269231_a733d1 | brand=Hopscotch | page=26 | route=https://www.myntra.com/hopscotch | seen=1190 | expected=5129
2026-09-30 16:22:16 | INFO    | LISTING   | Listing Hopscotch route https://www.myntra.com/hopscotch page 27 -> https://www.myntra.com/gateway/v4/search/hopscotch?rows=50&o=1300&plaEnabled=false&xdEnabled=false&isFacet=true&p=27 | run_id=run_20260930_154906_269231_a733d1 | brand=Hopscotch | page=27 | route=https://www.myntra.com/hopscotch | seen=1237 | expected=5129
2026-09-30 16:22:17 | INFO    | LISTING   | Listing Hopscotch route https://www.myntra.com/hopscotch page 28 -> https://www.myntra.com/gateway/v4/search/hopscotch?rows=50&o=1350&plaEnabled=false&xdEnabled=false&isFacet=true&p=28 | run_id=run_20260930_154906_269231_a733d1 | brand=Hopscotch | page=28 | route=https://www.myntra.com/hopscotch | seen=1287 | expected=5129
2026-09-30 16:22:17 | INFO    | LISTING   | Listing Hopscotch route https://www.myntra.com/hopscotch page 29 -> https://www.myntra.com/gateway/v4/search/hopscotch?rows=50&o=1400&plaEnabled=false&xdEnabled=false&isFacet=true&p=29 | run_id=run_20260930_154906_269231_a733d1 | brand=Hopscotch | page=29 | route=https://www.myntra.com/hopscotch | seen=1337 | expected=5129
2026-09-30 16:22:18 | INFO    | LISTING   | Listing Hopscotch route https://www.myntra.com/hopscotch page 30 -> https://www.myntra.com/gateway/v4/search/hopscotch?rows=50&o=1450&plaEnabled=false&xdEnabled=false&isFacet=true&p=30 | run_id=run_20260930_154906_269231_a733d1 | brand=Hopscotch | page=30 | route=https://www.myntra.com/hopscotch | seen=1386 | expected=5129
2026-09-30 16:22:18 | INFO    | LISTING   | Listing Hopscotch route https://www.myntra.com/hopscotch page 31 -> https://www.myntra.com/gateway/v4/search/hopscotch?rows=50&o=1500&plaEnabled=false&xdEnabled=false&isFacet=true&p=31 | run_id=run_20260930_154906_269231_a733d1 | brand=Hopscotch | page=31 | route=https://www.myntra.com/hopscotch | seen=1434 | expected=5129
2026-09-30 16:22:19 | INFO    | LISTING   | Listing Hopscotch route https://www.myntra.com/hopscotch page 32 -> https://www.myntra.com/gateway/v4/search/hopscotch?rows=50&o=1550&plaEnabled=false&xdEnabled=false&isFacet=true&p=32 | run_id=run_20260930_154906_269231_a733d1 | brand=Hopscotch | page=32 | route=https://www.myntra.com/hopscotch | seen=1468 | expected=5129
2026-09-30 16:22:19 | INFO    | LISTING   | Listing Hopscotch route https://www.myntra.com/hopscotch page 33 -> https://www.myntra.com/gateway/v4/search/hopscotch?rows=50&o=1600&plaEnabled=false&xdEnabled=false&isFacet=true&p=33 | run_id=run_20260930_154906_269231_a733d1 | brand=Hopscotch | page=33 | route=https://www.myntra.com/hopscotch | seen=1509 | expected=5129
2026-09-30 16:22:20 | INFO    | LISTING   | Listing Hopscotch route https://www.myntra.com/hopscotch page 34 -> https://www.myntra.com/gateway/v4/search/hopscotch?rows=50&o=1650&plaEnabled=false&xdEnabled=false&isFacet=true&p=34 | run_id=run_20260930_154906_269231_a733d1 | brand=Hopscotch | page=34 | route=https://www.myntra.com/hopscotch | seen=1559 | expected=5129
2026-09-30 16:22:20 | INFO    | LISTING   | Listing Hopscotch route https://www.myntra.com/hopscotch page 35 -> https://www.myntra.com/gateway/v4/search/hopscotch?rows=50&o=1700&plaEnabled=false&xdEnabled=false&isFacet=true&p=35 | run_id=run_20260930_154906_269231_a733d1 | brand=Hopscotch | page=35 | route=https://www.myntra.com/hopscotch | seen=1580 | expected=5129
2026-09-30 16:22:21 | INFO    | LISTING   | Listing Hopscotch route https://www.myntra.com/hopscotch page 36 -> https://www.myntra.com/gateway/v4/search/hopscotch?rows=50&o=1750&plaEnabled=false&xdEnabled=false&isFacet=true&p=36 | run_id=run_20260930_154906_269231_a733d1 | brand=Hopscotch | page=36 | route=https://www.myntra.com/hopscotch | seen=1630 | expected=5129
2026-09-30 16:22:21 | INFO    | LISTING   | Listing Hopscotch route https://www.myntra.com/hopscotch page 37 -> https://www.myntra.com/gateway/v4/search/hopscotch?rows=50&o=1800&plaEnabled=false&xdEnabled=false&isFacet=true&p=37 | run_id=run_20260930_154906_269231_a733d1 | brand=Hopscotch | page=37 | route=https://www.myntra.com/hopscotch | seen=1680 | expected=5129
2026-09-30 16:22:22 | INFO    | LISTING   | Listing Hopscotch route https://www.myntra.com/hopscotch page 38 -> https://www.myntra.com/gateway/v4/search/hopscotch?rows=50&o=1850&plaEnabled=false&xdEnabled=false&isFacet=true&p=38 | run_id=run_20260930_154906_269231_a733d1 | brand=Hopscotch | page=38 | route=https://www.myntra.com/hopscotch | seen=1730 | expected=5129
2026-09-30 16:22:22 | INFO    | LISTING   | Listing Hopscotch route https://www.myntra.com/hopscotch page 39 -> https://www.myntra.com/gateway/v4/search/hopscotch?rows=50&o=1900&plaEnabled=false&xdEnabled=false&isFacet=true&p=39 | run_id=run_20260930_154906_269231_a733d1 | brand=Hopscotch | page=39 | route=https://www.myntra.com/hopscotch | seen=1780 | expected=5129
2026-09-30 16:22:23 | INFO    | LISTING   | Listing Hopscotch route https://www.myntra.com/hopscotch page 40 -> https://www.myntra.com/gateway/v4/search/hopscotch?rows=50&o=1950&plaEnabled=false&xdEnabled=false&isFacet=true&p=40 | run_id=run_20260930_154906_269231_a733d1 | brand=Hopscotch | page=40 | route=https://www.myntra.com/hopscotch | seen=1830 | expected=5129
2026-09-30 16:22:24 | INFO    | LISTING   | Listing Hopscotch route https://www.myntra.com/hopscotch page 41 -> https://www.myntra.com/gateway/v4/search/hopscotch?rows=50&o=2000&plaEnabled=false&xdEnabled=false&isFacet=true&p=41 | run_id=run_20260930_154906_269231_a733d1 | brand=Hopscotch | page=41 | route=https://www.myntra.com/hopscotch | seen=1880 | expected=5129
2026-09-30 16:22:24 | INFO    | LISTING   | Listing Hopscotch route https://www.myntra.com/hopscotch page 42 -> https://www.myntra.com/gateway/v4/search/hopscotch?rows=50&o=2050&plaEnabled=false&xdEnabled=false&isFacet=true&p=42 | run_id=run_20260930_154906_269231_a733d1 | brand=Hopscotch | page=42 | route=https://www.myntra.com/hopscotch | seen=1930 | expected=5129
2026-09-30 16:22:25 | INFO    | LISTING   | Listing Hopscotch route https://www.myntra.com/hopscotch page 43 -> https://www.myntra.com/gateway/v4/search/hopscotch?rows=50&o=2100&plaEnabled=false&xdEnabled=false&isFacet=true&p=43 | run_id=run_20260930_154906_269231_a733d1 | brand=Hopscotch | page=43 | route=https://www.myntra.com/hopscotch | seen=1980 | expected=5129
2026-09-30 16:22:25 | INFO    | LISTING   | Listing Hopscotch route https://www.myntra.com/hopscotch page 44 -> https://www.myntra.com/gateway/v4/search/hopscotch?rows=50&o=2150&plaEnabled=false&xdEnabled=false&isFacet=true&p=44 | run_id=run_20260930_154906_269231_a733d1 | brand=Hopscotch | page=44 | route=https://www.myntra.com/hopscotch | seen=2030 | expected=5129
2026-09-30 16:22:26 | INFO    | LISTING   | Listing Hopscotch route https://www.myntra.com/hopscotch page 45 -> https://www.myntra.com/gateway/v4/search/hopscotch?rows=50&o=2200&plaEnabled=false&xdEnabled=false&isFacet=true&p=45 | run_id=run_20260930_154906_269231_a733d1 | brand=Hopscotch | page=45 | route=https://www.myntra.com/hopscotch | seen=2080 | expected=5129
2026-09-30 16:22:26 | INFO    | LISTING   | Listing Hopscotch route https://www.myntra.com/hopscotch page 46 -> https://www.myntra.com/gateway/v4/search/hopscotch?rows=50&o=2250&plaEnabled=false&xdEnabled=false&isFacet=true&p=46 | run_id=run_20260930_154906_269231_a733d1 | brand=Hopscotch | page=46 | route=https://www.myntra.com/hopscotch | seen=2130 | expected=5129
2026-09-30 16:22:27 | INFO    | LISTING   | Listing Hopscotch route https://www.myntra.com/hopscotch page 47 -> https://www.myntra.com/gateway/v4/search/hopscotch?rows=50&o=2300&plaEnabled=false&xdEnabled=false&isFacet=true&p=47 | run_id=run_20260930_154906_269231_a733d1 | brand=Hopscotch | page=47 | route=https://www.myntra.com/hopscotch | seen=2180 | expected=5129
2026-09-30 16:22:27 | INFO    | LISTING   | Listing Hopscotch route https://www.myntra.com/hopscotch page 48 -> https://www.myntra.com/gateway/v4/search/hopscotch?rows=50&o=2350&plaEnabled=false&xdEnabled=false&isFacet=true&p=48 | run_id=run_20260930_154906_269231_a733d1 | brand=Hopscotch | page=48 | route=https://www.myntra.com/hopscotch | seen=2229 | expected=5129
2026-09-30 16:22:28 | INFO    | LISTING   | Listing Hopscotch route https://www.myntra.com/hopscotch page 49 -> https://www.myntra.com/gateway/v4/search/hopscotch?rows=50&o=2400&plaEnabled=false&xdEnabled=false&isFacet=true&p=49 | run_id=run_20260930_154906_269231_a733d1 | brand=Hopscotch | page=49 | route=https://www.myntra.com/hopscotch | seen=2271 | expected=5129
2026-09-30 16:22:28 | INFO    | LISTING   | Listing Hopscotch route https://www.myntra.com/hopscotch page 50 -> https://www.myntra.com/gateway/v4/search/hopscotch?rows=50&o=2450&plaEnabled=false&xdEnabled=false&isFacet=true&p=50 | run_id=run_20260930_154906_269231_a733d1 | brand=Hopscotch | page=50 | route=https://www.myntra.com/hopscotch | seen=2313 | expected=5129
2026-09-30 16:22:29 | INFO    | LISTING   | Listing Hopscotch route https://www.myntra.com/hopscotch page 51 -> https://www.myntra.com/gateway/v4/search/hopscotch?rows=50&o=2500&plaEnabled=false&xdEnabled=false&isFacet=true&p=51 | run_id=run_20260930_154906_269231_a733d1 | brand=Hopscotch | page=51 | route=https://www.myntra.com/hopscotch | seen=2359 | expected=5129
2026-09-30 16:22:30 | INFO    | LISTING   | Listing Hopscotch route https://www.myntra.com/hopscotch page 52 -> https://www.myntra.com/gateway/v4/search/hopscotch?rows=50&o=2550&plaEnabled=false&xdEnabled=false&isFacet=true&p=52 | run_id=run_20260930_154906_269231_a733d1 | brand=Hopscotch | page=52 | route=https://www.myntra.com/hopscotch | seen=2394 | expected=5129
2026-09-30 16:22:30 | INFO    | LISTING   | Listing Hopscotch route https://www.myntra.com/hopscotch page 53 -> https://www.myntra.com/gateway/v4/search/hopscotch?rows=50&o=2600&plaEnabled=false&xdEnabled=false&isFacet=true&p=53 | run_id=run_20260930_154906_269231_a733d1 | brand=Hopscotch | page=53 | route=https://www.myntra.com/hopscotch | seen=2423 | expected=5129
2026-09-30 16:22:31 | INFO    | LISTING   | Listing Hopscotch route https://www.myntra.com/hopscotch page 54 -> https://www.myntra.com/gateway/v4/search/hopscotch?rows=50&o=2650&plaEnabled=false&xdEnabled=false&isFacet=true&p=54 | run_id=run_20260930_154906_269231_a733d1 | brand=Hopscotch | page=54 | route=https://www.myntra.com/hopscotch | seen=2470 | expected=5129
2026-09-30 16:22:31 | INFO    | LISTING   | Listing Hopscotch route https://www.myntra.com/hopscotch page 55 -> https://www.myntra.com/gateway/v4/search/hopscotch?rows=50&o=2700&plaEnabled=false&xdEnabled=false&isFacet=true&p=55 | run_id=run_20260930_154906_269231_a733d1 | brand=Hopscotch | page=55 | route=https://www.myntra.com/hopscotch | seen=2517 | expected=5129
2026-09-30 16:22:32 | INFO    | LISTING   | Listing Hopscotch route https://www.myntra.com/hopscotch page 56 -> https://www.myntra.com/gateway/v4/search/hopscotch?rows=50&o=2750&plaEnabled=false&xdEnabled=false&isFacet=true&p=56 | run_id=run_20260930_154906_269231_a733d1 | brand=Hopscotch | page=56 | route=https://www.myntra.com/hopscotch | seen=2560 | expected=5129
2026-09-30 16:22:32 | INFO    | LISTING   | Listing Hopscotch route https://www.myntra.com/hopscotch page 57 -> https://www.myntra.com/gateway/v4/search/hopscotch?rows=50&o=2800&plaEnabled=false&xdEnabled=false&isFacet=true&p=57 | run_id=run_20260930_154906_269231_a733d1 | brand=Hopscotch | page=57 | route=https://www.myntra.com/hopscotch | seen=2610 | expected=5129
2026-09-30 16:22:33 | INFO    | LISTING   | Listing Hopscotch route https://www.myntra.com/hopscotch page 58 -> https://www.myntra.com/gateway/v4/search/hopscotch?rows=50&o=2850&plaEnabled=false&xdEnabled=false&isFacet=true&p=58 | run_id=run_20260930_154906_269231_a733d1 | brand=Hopscotch | page=58 | route=https://www.myntra.com/hopscotch | seen=2659 | expected=5129
2026-09-30 16:22:33 | INFO    | LISTING   | Listing Hopscotch route https://www.myntra.com/hopscotch page 59 -> https://www.myntra.com/gateway/v4/search/hopscotch?rows=50&o=2900&plaEnabled=false&xdEnabled=false&isFacet=true&p=59 | run_id=run_20260930_154906_269231_a733d1 | brand=Hopscotch | page=59 | route=https://www.myntra.com/hopscotch | seen=2707 | expected=5129
2026-09-30 16:22:34 | INFO    | LISTING   | Listing Hopscotch route https://www.myntra.com/hopscotch page 60 -> https://www.myntra.com/gateway/v4/search/hopscotch?rows=50&o=2950&plaEnabled=false&xdEnabled=false&isFacet=true&p=60 | run_id=run_20260930_154906_269231_a733d1 | brand=Hopscotch | page=60 | route=https://www.myntra.com/hopscotch | seen=2753 | expected=5129
2026-09-30 16:22:34 | INFO    | LISTING   | Listing Hopscotch route https://www.myntra.com/hopscotch page 61 -> https://www.myntra.com/gateway/v4/search/hopscotch?rows=50&o=3000&plaEnabled=false&xdEnabled=false&isFacet=true&p=61 | run_id=run_20260930_154906_269231_a733d1 | brand=Hopscotch | page=61 | route=https://www.myntra.com/hopscotch | seen=2801 | expected=5129
2026-09-30 16:22:35 | INFO    | LISTING   | Listing Hopscotch route https://www.myntra.com/hopscotch page 62 -> https://www.myntra.com/gateway/v4/search/hopscotch?rows=50&o=3050&plaEnabled=false&xdEnabled=false&isFacet=true&p=62 | run_id=run_20260930_154906_269231_a733d1 | brand=Hopscotch | page=62 | route=https://www.myntra.com/hopscotch | seen=2850 | expected=5129
2026-09-30 16:22:36 | INFO    | LISTING   | Listing Hopscotch route https://www.myntra.com/hopscotch page 63 -> https://www.myntra.com/gateway/v4/search/hopscotch?rows=50&o=3100&plaEnabled=false&xdEnabled=false&isFacet=true&p=63 | run_id=run_20260930_154906_269231_a733d1 | brand=Hopscotch | page=63 | route=https://www.myntra.com/hopscotch | seen=2897 | expected=5129
2026-09-30 16:22:36 | INFO    | LISTING   | Listing Hopscotch route https://www.myntra.com/hopscotch page 64 -> https://www.myntra.com/gateway/v4/search/hopscotch?rows=50&o=3150&plaEnabled=false&xdEnabled=false&isFacet=true&p=64 | run_id=run_20260930_154906_269231_a733d1 | brand=Hopscotch | page=64 | route=https://www.myntra.com/hopscotch | seen=2943 | expected=5129
2026-09-30 16:22:37 | INFO    | LISTING   | Listing Hopscotch route https://www.myntra.com/hopscotch page 65 -> https://www.myntra.com/gateway/v4/search/hopscotch?rows=50&o=3200&plaEnabled=false&xdEnabled=false&isFacet=true&p=65 | run_id=run_20260930_154906_269231_a733d1 | brand=Hopscotch | page=65 | route=https://www.myntra.com/hopscotch | seen=2988 | expected=5129
2026-09-30 16:22:37 | INFO    | LISTING   | Listing Hopscotch route https://www.myntra.com/hopscotch page 66 -> https://www.myntra.com/gateway/v4/search/hopscotch?rows=50&o=3250&plaEnabled=false&xdEnabled=false&isFacet=true&p=66 | run_id=run_20260930_154906_269231_a733d1 | brand=Hopscotch | page=66 | route=https://www.myntra.com/hopscotch | seen=3038 | expected=5129
2026-09-30 16:22:38 | INFO    | LISTING   | Listing Hopscotch route https://www.myntra.com/hopscotch page 67 -> https://www.myntra.com/gateway/v4/search/hopscotch?rows=50&o=3300&plaEnabled=false&xdEnabled=false&isFacet=true&p=67 | run_id=run_20260930_154906_269231_a733d1 | brand=Hopscotch | page=67 | route=https://www.myntra.com/hopscotch | seen=3088 | expected=5129
2026-09-30 16:22:39 | INFO    | LISTING   | Listing Hopscotch route https://www.myntra.com/hopscotch page 68 -> https://www.myntra.com/gateway/v4/search/hopscotch?rows=50&o=3350&plaEnabled=false&xdEnabled=false&isFacet=true&p=68 | run_id=run_20260930_154906_269231_a733d1 | brand=Hopscotch | page=68 | route=https://www.myntra.com/hopscotch | seen=3138 | expected=5129
2026-09-30 16:22:39 | INFO    | LISTING   | Listing Hopscotch route https://www.myntra.com/hopscotch page 69 -> https://www.myntra.com/gateway/v4/search/hopscotch?rows=50&o=3400&plaEnabled=false&xdEnabled=false&isFacet=true&p=69 | run_id=run_20260930_154906_269231_a733d1 | brand=Hopscotch | page=69 | route=https://www.myntra.com/hopscotch | seen=3187 | expected=5129
2026-09-30 16:22:40 | INFO    | LISTING   | Listing Hopscotch route https://www.myntra.com/hopscotch page 70 -> https://www.myntra.com/gateway/v4/search/hopscotch?rows=50&o=3450&plaEnabled=false&xdEnabled=false&isFacet=true&p=70 | run_id=run_20260930_154906_269231_a733d1 | brand=Hopscotch | page=70 | route=https://www.myntra.com/hopscotch | seen=3235 | expected=5129
2026-09-30 16:22:40 | INFO    | LISTING   | Listing Hopscotch route https://www.myntra.com/hopscotch page 71 -> https://www.myntra.com/gateway/v4/search/hopscotch?rows=50&o=3500&plaEnabled=false&xdEnabled=false&isFacet=true&p=71 | run_id=run_20260930_154906_269231_a733d1 | brand=Hopscotch | page=71 | route=https://www.myntra.com/hopscotch | seen=3285 | expected=5129
2026-09-30 16:22:41 | INFO    | LISTING   | Listing Hopscotch route https://www.myntra.com/hopscotch page 72 -> https://www.myntra.com/gateway/v4/search/hopscotch?rows=50&o=3550&plaEnabled=false&xdEnabled=false&isFacet=true&p=72 | run_id=run_20260930_154906_269231_a733d1 | brand=Hopscotch | page=72 | route=https://www.myntra.com/hopscotch | seen=3331 | expected=5129
2026-09-30 16:22:41 | INFO    | LISTING   | Listing Hopscotch route https://www.myntra.com/hopscotch page 73 -> https://www.myntra.com/gateway/v4/search/hopscotch?rows=50&o=3600&plaEnabled=false&xdEnabled=false&isFacet=true&p=73 | run_id=run_20260930_154906_269231_a733d1 | brand=Hopscotch | page=73 | route=https://www.myntra.com/hopscotch | seen=3381 | expected=5129
2026-09-30 16:22:42 | INFO    | LISTING   | Listing Hopscotch route https://www.myntra.com/hopscotch page 74 -> https://www.myntra.com/gateway/v4/search/hopscotch?rows=50&o=3650&plaEnabled=false&xdEnabled=false&isFacet=true&p=74 | run_id=run_20260930_154906_269231_a733d1 | brand=Hopscotch | page=74 | route=https://www.myntra.com/hopscotch | seen=3430 | expected=5129
2026-09-30 16:22:43 | INFO    | LISTING   | Listing Hopscotch route https://www.myntra.com/hopscotch page 75 -> https://www.myntra.com/gateway/v4/search/hopscotch?rows=50&o=3700&plaEnabled=false&xdEnabled=false&isFacet=true&p=75 | run_id=run_20260930_154906_269231_a733d1 | brand=Hopscotch | page=75 | route=https://www.myntra.com/hopscotch | seen=3478 | expected=5129
2026-09-30 16:22:43 | INFO    | LISTING   | Listing Hopscotch route https://www.myntra.com/hopscotch page 76 -> https://www.myntra.com/gateway/v4/search/hopscotch?rows=50&o=3750&plaEnabled=false&xdEnabled=false&isFacet=true&p=76 | run_id=run_20260930_154906_269231_a733d1 | brand=Hopscotch | page=76 | route=https://www.myntra.com/hopscotch | seen=3526 | expected=5129
2026-09-30 16:22:44 | INFO    | LISTING   | Listing Hopscotch route https://www.myntra.com/hopscotch page 77 -> https://www.myntra.com/gateway/v4/search/hopscotch?rows=50&o=3800&plaEnabled=false&xdEnabled=false&isFacet=true&p=77 | run_id=run_20260930_154906_269231_a733d1 | brand=Hopscotch | page=77 | route=https://www.myntra.com/hopscotch | seen=3570 | expected=5129
2026-09-30 16:22:44 | INFO    | LISTING   | Listing Hopscotch route https://www.myntra.com/hopscotch page 78 -> https://www.myntra.com/gateway/v4/search/hopscotch?rows=50&o=3850&plaEnabled=false&xdEnabled=false&isFacet=true&p=78 | run_id=run_20260930_154906_269231_a733d1 | brand=Hopscotch | page=78 | route=https://www.myntra.com/hopscotch | seen=3618 | expected=5129
2026-09-30 16:22:45 | INFO    | LISTING   | Listing Hopscotch route https://www.myntra.com/hopscotch page 79 -> https://www.myntra.com/gateway/v4/search/hopscotch?rows=50&o=3900&plaEnabled=false&xdEnabled=false&isFacet=true&p=79 | run_id=run_20260930_154906_269231_a733d1 | brand=Hopscotch | page=79 | route=https://www.myntra.com/hopscotch | seen=3661 | expected=5129
2026-09-30 16:22:45 | INFO    | LISTING   | Listing Hopscotch route https://www.myntra.com/hopscotch page 80 -> https://www.myntra.com/gateway/v4/search/hopscotch?rows=50&o=3950&plaEnabled=false&xdEnabled=false&isFacet=true&p=80 | run_id=run_20260930_154906_269231_a733d1 | brand=Hopscotch | page=80 | route=https://www.myntra.com/hopscotch | seen=3709 | expected=5129
2026-09-30 16:22:46 | INFO    | LISTING   | Listing Hopscotch route https://www.myntra.com/hopscotch page 81 -> https://www.myntra.com/gateway/v4/search/hopscotch?rows=50&o=4000&plaEnabled=false&xdEnabled=false&isFacet=true&p=81 | run_id=run_20260930_154906_269231_a733d1 | brand=Hopscotch | page=81 | route=https://www.myntra.com/hopscotch | seen=3755 | expected=5129
2026-09-30 16:22:46 | INFO    | LISTING   | Listing Hopscotch route https://www.myntra.com/hopscotch page 82 -> https://www.myntra.com/gateway/v4/search/hopscotch?rows=50&o=4050&plaEnabled=false&xdEnabled=false&isFacet=true&p=82 | run_id=run_20260930_154906_269231_a733d1 | brand=Hopscotch | page=82 | route=https://www.myntra.com/hopscotch | seen=3798 | expected=5129
2026-09-30 16:22:47 | INFO    | LISTING   | Listing Hopscotch route https://www.myntra.com/hopscotch page 83 -> https://www.myntra.com/gateway/v4/search/hopscotch?rows=50&o=4100&plaEnabled=false&xdEnabled=false&isFacet=true&p=83 | run_id=run_20260930_154906_269231_a733d1 | brand=Hopscotch | page=83 | route=https://www.myntra.com/hopscotch | seen=3848 | expected=5129
2026-09-30 16:22:48 | INFO    | LISTING   | Listing Hopscotch route https://www.myntra.com/hopscotch page 84 -> https://www.myntra.com/gateway/v4/search/hopscotch?rows=50&o=4150&plaEnabled=false&xdEnabled=false&isFacet=true&p=84 | run_id=run_20260930_154906_269231_a733d1 | brand=Hopscotch | page=84 | route=https://www.myntra.com/hopscotch | seen=3895 | expected=5129
2026-09-30 16:22:48 | INFO    | LISTING   | Listing Hopscotch route https://www.myntra.com/hopscotch page 85 -> https://www.myntra.com/gateway/v4/search/hopscotch?rows=50&o=4200&plaEnabled=false&xdEnabled=false&isFacet=true&p=85 | run_id=run_20260930_154906_269231_a733d1 | brand=Hopscotch | page=85 | route=https://www.myntra.com/hopscotch | seen=3937 | expected=5129
2026-09-30 16:22:49 | INFO    | LISTING   | Listing Hopscotch route https://www.myntra.com/hopscotch page 86 -> https://www.myntra.com/gateway/v4/search/hopscotch?rows=50&o=4250&plaEnabled=false&xdEnabled=false&isFacet=true&p=86 | run_id=run_20260930_154906_269231_a733d1 | brand=Hopscotch | page=86 | route=https://www.myntra.com/hopscotch | seen=3985 | expected=5129
2026-09-30 16:22:49 | INFO    | LISTING   | Listing Hopscotch route https://www.myntra.com/hopscotch page 87 -> https://www.myntra.com/gateway/v4/search/hopscotch?rows=50&o=4300&plaEnabled=false&xdEnabled=false&isFacet=true&p=87 | run_id=run_20260930_154906_269231_a733d1 | brand=Hopscotch | page=87 | route=https://www.myntra.com/hopscotch | seen=4035 | expected=5129
2026-09-30 16:22:50 | INFO    | LISTING   | Listing Hopscotch route https://www.myntra.com/hopscotch page 88 -> https://www.myntra.com/gateway/v4/search/hopscotch?rows=50&o=4350&plaEnabled=false&xdEnabled=false&isFacet=true&p=88 | run_id=run_20260930_154906_269231_a733d1 | brand=Hopscotch | page=88 | route=https://www.myntra.com/hopscotch | seen=4085 | expected=5129
2026-09-30 16:22:50 | INFO    | LISTING   | Listing Hopscotch route https://www.myntra.com/hopscotch page 89 -> https://www.myntra.com/gateway/v4/search/hopscotch?rows=50&o=4400&plaEnabled=false&xdEnabled=false&isFacet=true&p=89 | run_id=run_20260930_154906_269231_a733d1 | brand=Hopscotch | page=89 | route=https://www.myntra.com/hopscotch | seen=4135 | expected=5129
2026-09-30 16:22:51 | INFO    | LISTING   | Listing Hopscotch route https://www.myntra.com/hopscotch page 90 -> https://www.myntra.com/gateway/v4/search/hopscotch?rows=50&o=4450&plaEnabled=false&xdEnabled=false&isFacet=true&p=90 | run_id=run_20260930_154906_269231_a733d1 | brand=Hopscotch | page=90 | route=https://www.myntra.com/hopscotch | seen=4183 | expected=5129
2026-09-30 16:22:51 | INFO    | LISTING   | Listing Hopscotch route https://www.myntra.com/hopscotch page 91 -> https://www.myntra.com/gateway/v4/search/hopscotch?rows=50&o=4500&plaEnabled=false&xdEnabled=false&isFacet=true&p=91 | run_id=run_20260930_154906_269231_a733d1 | brand=Hopscotch | page=91 | route=https://www.myntra.com/hopscotch | seen=4231 | expected=5129
2026-09-30 16:22:52 | INFO    | LISTING   | Listing Hopscotch route https://www.myntra.com/hopscotch page 92 -> https://www.myntra.com/gateway/v4/search/hopscotch?rows=50&o=4550&plaEnabled=false&xdEnabled=false&isFacet=true&p=92 | run_id=run_20260930_154906_269231_a733d1 | brand=Hopscotch | page=92 | route=https://www.myntra.com/hopscotch | seen=4281 | expected=5129
2026-09-30 16:22:52 | INFO    | LISTING   | Listing Hopscotch route https://www.myntra.com/hopscotch page 93 -> https://www.myntra.com/gateway/v4/search/hopscotch?rows=50&o=4600&plaEnabled=false&xdEnabled=false&isFacet=true&p=93 | run_id=run_20260930_154906_269231_a733d1 | brand=Hopscotch | page=93 | route=https://www.myntra.com/hopscotch | seen=4326 | expected=5129
2026-09-30 16:22:53 | INFO    | LISTING   | Listing Hopscotch route https://www.myntra.com/hopscotch page 94 -> https://www.myntra.com/gateway/v4/search/hopscotch?rows=50&o=4650&plaEnabled=false&xdEnabled=false&isFacet=true&p=94 | run_id=run_20260930_154906_269231_a733d1 | brand=Hopscotch | page=94 | route=https://www.myntra.com/hopscotch | seen=4371 | expected=5129
2026-09-30 16:22:53 | INFO    | LISTING   | Listing Hopscotch route https://www.myntra.com/hopscotch page 95 -> https://www.myntra.com/gateway/v4/search/hopscotch?rows=50&o=4700&plaEnabled=false&xdEnabled=false&isFacet=true&p=95 | run_id=run_20260930_154906_269231_a733d1 | brand=Hopscotch | page=95 | route=https://www.myntra.com/hopscotch | seen=4421 | expected=5129
2026-09-30 16:22:54 | INFO    | LISTING   | Listing Hopscotch route https://www.myntra.com/hopscotch page 96 -> https://www.myntra.com/gateway/v4/search/hopscotch?rows=50&o=4750&plaEnabled=false&xdEnabled=false&isFacet=true&p=96 | run_id=run_20260930_154906_269231_a733d1 | brand=Hopscotch | page=96 | route=https://www.myntra.com/hopscotch | seen=4469 | expected=5129
2026-09-30 16:22:54 | INFO    | LISTING   | Listing Hopscotch route https://www.myntra.com/hopscotch page 97 -> https://www.myntra.com/gateway/v4/search/hopscotch?rows=50&o=4800&plaEnabled=false&xdEnabled=false&isFacet=true&p=97 | run_id=run_20260930_154906_269231_a733d1 | brand=Hopscotch | page=97 | route=https://www.myntra.com/hopscotch | seen=4510 | expected=5129
2026-09-30 16:22:55 | INFO    | LISTING   | Listing Hopscotch route https://www.myntra.com/hopscotch page 98 -> https://www.myntra.com/gateway/v4/search/hopscotch?rows=50&o=4850&plaEnabled=false&xdEnabled=false&isFacet=true&p=98 | run_id=run_20260930_154906_269231_a733d1 | brand=Hopscotch | page=98 | route=https://www.myntra.com/hopscotch | seen=4560 | expected=5129
2026-09-30 16:22:55 | INFO    | LISTING   | Listing Hopscotch route https://www.myntra.com/hopscotch page 99 -> https://www.myntra.com/gateway/v4/search/hopscotch?rows=50&o=4900&plaEnabled=false&xdEnabled=false&isFacet=true&p=99 | run_id=run_20260930_154906_269231_a733d1 | brand=Hopscotch | page=99 | route=https://www.myntra.com/hopscotch | seen=4610 | expected=5129
2026-09-30 16:22:56 | INFO    | LISTING   | Listing Hopscotch route https://www.myntra.com/hopscotch page 100 -> https://www.myntra.com/gateway/v4/search/hopscotch?rows=50&o=4950&plaEnabled=false&xdEnabled=false&isFacet=true&p=100 | run_id=run_20260930_154906_269231_a733d1 | brand=Hopscotch | page=100 | route=https://www.myntra.com/hopscotch | seen=4660 | expected=5129
2026-09-30 16:22:57 | INFO    | PDP       | Processed 1 target products for Hopscotch in 1s (104.77 products/min). | run_id=run_20260930_154906_269231_a733d1 | brand=Hopscotch | saved=1 | elapsed_label=1s | products_per_minute=104.77
2026-09-30 16:22:57 | INFO    | LISTING   | Listing Hopscotch route https://www.myntra.com/hopscotch page 101 -> https://www.myntra.com/gateway/v4/search/hopscotch?rows=50&o=5000&plaEnabled=false&xdEnabled=false&isFacet=true&p=101 | run_id=run_20260930_154906_269231_a733d1 | brand=Hopscotch | page=101 | route=https://www.myntra.com/hopscotch | seen=4708 | expected=5129
2026-09-30 16:22:58 | INFO    | LISTING   | Listing Hopscotch route https://www.myntra.com/hopscotch page 102 -> https://www.myntra.com/gateway/v4/search/hopscotch?rows=50&o=5050&plaEnabled=false&xdEnabled=false&isFacet=true&p=102 | run_id=run_20260930_154906_269231_a733d1 | brand=Hopscotch | page=102 | route=https://www.myntra.com/hopscotch | seen=4756 | expected=5129
2026-09-30 16:22:58 | INFO    | LISTING   | Listing Hopscotch route https://www.myntra.com/hopscotch page 103 -> https://www.myntra.com/gateway/v4/search/hopscotch?rows=50&o=5100&plaEnabled=false&xdEnabled=false&isFacet=true&p=103 | run_id=run_20260930_154906_269231_a733d1 | brand=Hopscotch | page=103 | route=https://www.myntra.com/hopscotch | seen=4802 | expected=5129
2026-09-30 16:22:59 | WARNING | LISTING   | Retrying route https://www.myntra.com/hopscotch for Hopscotch (pass 1/2) after incomplete coverage: 4852/5129 unique products seen. | run_id=run_20260930_154906_269231_a733d1 | brand=Hopscotch | route=https://www.myntra.com/hopscotch | seen=4852 | expected=5129 | attempt=1/2
2026-09-30 16:22:59 | INFO    | LISTING   | Listing Hopscotch route https://www.myntra.com/hopscotch page 1 -> https://www.myntra.com/gateway/v4/search/hopscotch?rows=50&o=0&plaEnabled=false&xdEnabled=false&isFacet=true&p=1 | run_id=run_20260930_154906_269231_a733d1 | brand=Hopscotch | page=1 | route=https://www.myntra.com/hopscotch | seen=4852 | expected=5129
2026-09-30 16:23:00 | INFO    | LISTING   | Listing Hopscotch route https://www.myntra.com/hopscotch page 2 -> https://www.myntra.com/gateway/v4/search/hopscotch?rows=50&o=50&plaEnabled=false&xdEnabled=false&isFacet=true&p=2 | run_id=run_20260930_154906_269231_a733d1 | brand=Hopscotch | page=2 | route=https://www.myntra.com/hopscotch | seen=4852 | expected=5129
2026-09-30 16:23:01 | INFO    | LISTING   | Listing Hopscotch route https://www.myntra.com/hopscotch page 3 -> https://www.myntra.com/gateway/v4/search/hopscotch?rows=50&o=100&plaEnabled=false&xdEnabled=false&isFacet=true&p=3 | run_id=run_20260930_154906_269231_a733d1 | brand=Hopscotch | page=3 | route=https://www.myntra.com/hopscotch | seen=4852 | expected=5129
2026-09-30 16:23:01 | WARNING | LISTING   | Route https://www.myntra.com/hopscotch for Hopscotch stalled for 3 consecutive pages before reaching expected total; restarting route pass. | run_id=run_20260930_154906_269231_a733d1 | brand=Hopscotch | page=3 | route=https://www.myntra.com/hopscotch | seen=4852 | expected=5129
2026-09-30 16:23:01 | WARNING | LISTING   | Retrying route https://www.myntra.com/hopscotch for Hopscotch (pass 2/2) after incomplete coverage: 4852/5129 unique products seen. | run_id=run_20260930_154906_269231_a733d1 | brand=Hopscotch | route=https://www.myntra.com/hopscotch | seen=4852 | expected=5129 | attempt=2/2
2026-09-30 16:23:01 | INFO    | LISTING   | Listing Hopscotch route https://www.myntra.com/hopscotch page 1 -> https://www.myntra.com/gateway/v4/search/hopscotch?rows=50&o=0&plaEnabled=false&xdEnabled=false&isFacet=true&p=1 | run_id=run_20260930_154906_269231_a733d1 | brand=Hopscotch | page=1 | route=https://www.myntra.com/hopscotch | seen=4852 | expected=5129
2026-09-30 16:23:02 | INFO    | LISTING   | Listing Hopscotch route https://www.myntra.com/hopscotch page 2 -> https://www.myntra.com/gateway/v4/search/hopscotch?rows=50&o=50&plaEnabled=false&xdEnabled=false&isFacet=true&p=2 | run_id=run_20260930_154906_269231_a733d1 | brand=Hopscotch | page=2 | route=https://www.myntra.com/hopscotch | seen=4852 | expected=5129
2026-09-30 16:23:03 | INFO    | LISTING   | Listing Hopscotch route https://www.myntra.com/hopscotch page 3 -> https://www.myntra.com/gateway/v4/search/hopscotch?rows=50&o=100&plaEnabled=false&xdEnabled=false&isFacet=true&p=3 | run_id=run_20260930_154906_269231_a733d1 | brand=Hopscotch | page=3 | route=https://www.myntra.com/hopscotch | seen=4852 | expected=5129
2026-09-30 16:23:04 | WARNING | LISTING   | Route https://www.myntra.com/hopscotch for Hopscotch stalled for 3 consecutive pages before reaching expected total; restarting route pass. | run_id=run_20260930_154906_269231_a733d1 | brand=Hopscotch | page=3 | route=https://www.myntra.com/hopscotch | seen=4852 | expected=5129
2026-09-30 16:23:04 | WARNING | BRAND     | Brand Hopscotch finished below expected count: saw 4852 unique shirts products vs expected 5129. | run_id=run_20260930_154906_269231_a733d1 | brand=Hopscotch | seen=4852 | expected=5129
2026-09-30 16:23:04 | INFO    | BRAND     | Brand scrape completed in 1m 4s (4570.1 products/min). | run_id=run_20260930_154906_269231_a733d1 | brand=Hopscotch | status=COMPLETED | saved=4855 | seen=4854 | expected=5129 | elapsed_label=1m 4s | products_per_minute=4570.1
2026-09-30 16:23:04 | INFO    | AUDIT     | Audit retry completed for Hopscotch: saved=1, shortfall_before=163 | run_id=run_20260930_154906_269231_a733d1 | brand=Hopscotch | saved=1
2026-09-30 16:23:04 | INFO    | BRAND     | Resolving brand routes. | run_id=run_20260930_154906_269231_a733d1 | brand=H&M (Kids)
2026-09-30 16:23:05 | INFO    | BRAND     | Resolved H&M (Kids) -> 2 routes (best brand total=6204): https://www.myntra.com/h-and-m-kids, https://www.myntra.com/kids-hm | run_id=run_20260930_154906_269231_a733d1 | brand=H&M (Kids) | expected=6204
2026-09-30 16:23:05 | INFO    | BRAND     | Starting brand scrape. | run_id=run_20260930_154906_269231_a733d1 | brand=H&M (Kids) | expected=6204
2026-09-30 16:23:05 | INFO    | LISTING   | Listing H&M (Kids) route https://www.myntra.com/h-and-m-kids page 1 -> https://www.myntra.com/gateway/v4/search/h-and-m-kids?rows=50&o=0&plaEnabled=false&xdEnabled=false&isFacet=true&p=1 | run_id=run_20260930_154906_269231_a733d1 | brand=H&M (Kids) | page=1 | route=https://www.myntra.com/h-and-m-kids | seen=0 | expected=6204
2026-09-30 16:23:06 | INFO    | LISTING   | Listing H&M (Kids) route https://www.myntra.com/h-and-m-kids page 2 -> https://www.myntra.com/gateway/v4/search/h-and-m-kids?rows=50&o=50&plaEnabled=false&xdEnabled=false&isFacet=true&p=2 | run_id=run_20260930_154906_269231_a733d1 | brand=H&M (Kids) | page=2 | route=https://www.myntra.com/h-and-m-kids | seen=45 | expected=6204
2026-09-30 16:23:07 | INFO    | LISTING   | Listing H&M (Kids) route https://www.myntra.com/h-and-m-kids page 3 -> https://www.myntra.com/gateway/v4/search/h-and-m-kids?rows=50&o=100&plaEnabled=false&xdEnabled=false&isFacet=true&p=3 | run_id=run_20260930_154906_269231_a733d1 | brand=H&M (Kids) | page=3 | route=https://www.myntra.com/h-and-m-kids | seen=95 | expected=6204
2026-09-30 16:23:07 | INFO    | LISTING   | Listing H&M (Kids) route https://www.myntra.com/h-and-m-kids page 4 -> https://www.myntra.com/gateway/v4/search/h-and-m-kids?rows=50&o=150&plaEnabled=false&xdEnabled=false&isFacet=true&p=4 | run_id=run_20260930_154906_269231_a733d1 | brand=H&M (Kids) | page=4 | route=https://www.myntra.com/h-and-m-kids | seen=142 | expected=6204
2026-09-30 16:23:08 | INFO    | LISTING   | Listing H&M (Kids) route https://www.myntra.com/h-and-m-kids page 5 -> https://www.myntra.com/gateway/v4/search/h-and-m-kids?rows=50&o=200&plaEnabled=false&xdEnabled=false&isFacet=true&p=5 | run_id=run_20260930_154906_269231_a733d1 | brand=H&M (Kids) | page=5 | route=https://www.myntra.com/h-and-m-kids | seen=191 | expected=6204
2026-09-30 16:23:09 | INFO    | LISTING   | Listing H&M (Kids) route https://www.myntra.com/h-and-m-kids page 6 -> https://www.myntra.com/gateway/v4/search/h-and-m-kids?rows=50&o=250&plaEnabled=false&xdEnabled=false&isFacet=true&p=6 | run_id=run_20260930_154906_269231_a733d1 | brand=H&M (Kids) | page=6 | route=https://www.myntra.com/h-and-m-kids | seen=241 | expected=6204
2026-09-30 16:23:10 | INFO    | LISTING   | Listing H&M (Kids) route https://www.myntra.com/h-and-m-kids page 7 -> https://www.myntra.com/gateway/v4/search/h-and-m-kids?rows=50&o=300&plaEnabled=false&xdEnabled=false&isFacet=true&p=7 | run_id=run_20260930_154906_269231_a733d1 | brand=H&M (Kids) | page=7 | route=https://www.myntra.com/h-and-m-kids | seen=289 | expected=6204
2026-09-30 16:23:11 | INFO    | LISTING   | Listing H&M (Kids) route https://www.myntra.com/h-and-m-kids page 8 -> https://www.myntra.com/gateway/v4/search/h-and-m-kids?rows=50&o=350&plaEnabled=false&xdEnabled=false&isFacet=true&p=8 | run_id=run_20260930_154906_269231_a733d1 | brand=H&M (Kids) | page=8 | route=https://www.myntra.com/h-and-m-kids | seen=337 | expected=6204
2026-09-30 16:23:11 | INFO    | LISTING   | Listing H&M (Kids) route https://www.myntra.com/h-and-m-kids page 9 -> https://www.myntra.com/gateway/v4/search/h-and-m-kids?rows=50&o=400&plaEnabled=false&xdEnabled=false&isFacet=true&p=9 | run_id=run_20260930_154906_269231_a733d1 | brand=H&M (Kids) | page=9 | route=https://www.myntra.com/h-and-m-kids | seen=385 | expected=6204
2026-09-30 16:23:12 | INFO    | LISTING   | Listing H&M (Kids) route https://www.myntra.com/h-and-m-kids page 10 -> https://www.myntra.com/gateway/v4/search/h-and-m-kids?rows=50&o=450&plaEnabled=false&xdEnabled=false&isFacet=true&p=10 | run_id=run_20260930_154906_269231_a733d1 | brand=H&M (Kids) | page=10 | route=https://www.myntra.com/h-and-m-kids | seen=432 | expected=6204
2026-09-30 16:23:13 | INFO    | LISTING   | Listing H&M (Kids) route https://www.myntra.com/h-and-m-kids page 11 -> https://www.myntra.com/gateway/v4/search/h-and-m-kids?rows=50&o=500&plaEnabled=false&xdEnabled=false&isFacet=true&p=11 | run_id=run_20260930_154906_269231_a733d1 | brand=H&M (Kids) | page=11 | route=https://www.myntra.com/h-and-m-kids | seen=480 | expected=6204
2026-09-30 16:23:13 | INFO    | LISTING   | Listing H&M (Kids) route https://www.myntra.com/h-and-m-kids page 12 -> https://www.myntra.com/gateway/v4/search/h-and-m-kids?rows=50&o=550&plaEnabled=false&xdEnabled=false&isFacet=true&p=12 | run_id=run_20260930_154906_269231_a733d1 | brand=H&M (Kids) | page=12 | route=https://www.myntra.com/h-and-m-kids | seen=522 | expected=6204
2026-09-30 16:23:14 | INFO    | LISTING   | Listing H&M (Kids) route https://www.myntra.com/h-and-m-kids page 13 -> https://www.myntra.com/gateway/v4/search/h-and-m-kids?rows=50&o=600&plaEnabled=false&xdEnabled=false&isFacet=true&p=13 | run_id=run_20260930_154906_269231_a733d1 | brand=H&M (Kids) | page=13 | route=https://www.myntra.com/h-and-m-kids | seen=568 | expected=6204
2026-09-30 16:23:15 | INFO    | LISTING   | Listing H&M (Kids) route https://www.myntra.com/h-and-m-kids page 14 -> https://www.myntra.com/gateway/v4/search/h-and-m-kids?rows=50&o=650&plaEnabled=false&xdEnabled=false&isFacet=true&p=14 | run_id=run_20260930_154906_269231_a733d1 | brand=H&M (Kids) | page=14 | route=https://www.myntra.com/h-and-m-kids | seen=617 | expected=6204
2026-09-30 16:23:15 | INFO    | LISTING   | Listing H&M (Kids) route https://www.myntra.com/h-and-m-kids page 15 -> https://www.myntra.com/gateway/v4/search/h-and-m-kids?rows=50&o=700&plaEnabled=false&xdEnabled=false&isFacet=true&p=15 | run_id=run_20260930_154906_269231_a733d1 | brand=H&M (Kids) | page=15 | route=https://www.myntra.com/h-and-m-kids | seen=665 | expected=6204
2026-09-30 16:23:16 | INFO    | LISTING   | Listing H&M (Kids) route https://www.myntra.com/h-and-m-kids page 16 -> https://www.myntra.com/gateway/v4/search/h-and-m-kids?rows=50&o=750&plaEnabled=false&xdEnabled=false&isFacet=true&p=16 | run_id=run_20260930_154906_269231_a733d1 | brand=H&M (Kids) | page=16 | route=https://www.myntra.com/h-and-m-kids | seen=714 | expected=6204
2026-09-30 16:23:17 | INFO    | LISTING   | Listing H&M (Kids) route https://www.myntra.com/h-and-m-kids page 17 -> https://www.myntra.com/gateway/v4/search/h-and-m-kids?rows=50&o=800&plaEnabled=false&xdEnabled=false&isFacet=true&p=17 | run_id=run_20260930_154906_269231_a733d1 | brand=H&M (Kids) | page=17 | route=https://www.myntra.com/h-and-m-kids | seen=760 | expected=6204
2026-09-30 16:23:18 | INFO    | LISTING   | Listing H&M (Kids) route https://www.myntra.com/h-and-m-kids page 18 -> https://www.myntra.com/gateway/v4/search/h-and-m-kids?rows=50&o=850&plaEnabled=false&xdEnabled=false&isFacet=true&p=18 | run_id=run_20260930_154906_269231_a733d1 | brand=H&M (Kids) | page=18 | route=https://www.myntra.com/h-and-m-kids | seen=805 | expected=6204
2026-09-30 16:23:18 | INFO    | LISTING   | Listing H&M (Kids) route https://www.myntra.com/h-and-m-kids page 19 -> https://www.myntra.com/gateway/v4/search/h-and-m-kids?rows=50&o=900&plaEnabled=false&xdEnabled=false&isFacet=true&p=19 | run_id=run_20260930_154906_269231_a733d1 | brand=H&M (Kids) | page=19 | route=https://www.myntra.com/h-and-m-kids | seen=855 | expected=6204
2026-09-30 16:23:19 | INFO    | LISTING   | Listing H&M (Kids) route https://www.myntra.com/h-and-m-kids page 20 -> https://www.myntra.com/gateway/v4/search/h-and-m-kids?rows=50&o=950&plaEnabled=false&xdEnabled=false&isFacet=true&p=20 | run_id=run_20260930_154906_269231_a733d1 | brand=H&M (Kids) | page=20 | route=https://www.myntra.com/h-and-m-kids | seen=905 | expected=6204
2026-09-30 16:23:20 | INFO    | LISTING   | Listing H&M (Kids) route https://www.myntra.com/h-and-m-kids page 21 -> https://www.myntra.com/gateway/v4/search/h-and-m-kids?rows=50&o=1000&plaEnabled=false&xdEnabled=false&isFacet=true&p=21 | run_id=run_20260930_154906_269231_a733d1 | brand=H&M (Kids) | page=21 | route=https://www.myntra.com/h-and-m-kids | seen=953 | expected=6204
2026-09-30 16:23:20 | INFO    | LISTING   | Listing H&M (Kids) route https://www.myntra.com/h-and-m-kids page 22 -> https://www.myntra.com/gateway/v4/search/h-and-m-kids?rows=50&o=1050&plaEnabled=false&xdEnabled=false&isFacet=true&p=22 | run_id=run_20260930_154906_269231_a733d1 | brand=H&M (Kids) | page=22 | route=https://www.myntra.com/h-and-m-kids | seen=1002 | expected=6204
2026-09-30 16:23:21 | INFO    | LISTING   | Listing H&M (Kids) route https://www.myntra.com/h-and-m-kids page 23 -> https://www.myntra.com/gateway/v4/search/h-and-m-kids?rows=50&o=1100&plaEnabled=false&xdEnabled=false&isFacet=true&p=23 | run_id=run_20260930_154906_269231_a733d1 | brand=H&M (Kids) | page=23 | route=https://www.myntra.com/h-and-m-kids | seen=1051 | expected=6204
2026-09-30 16:23:22 | INFO    | LISTING   | Listing H&M (Kids) route https://www.myntra.com/h-and-m-kids page 24 -> https://www.myntra.com/gateway/v4/search/h-and-m-kids?rows=50&o=1150&plaEnabled=false&xdEnabled=false&isFacet=true&p=24 | run_id=run_20260930_154906_269231_a733d1 | brand=H&M (Kids) | page=24 | route=https://www.myntra.com/h-and-m-kids | seen=1075 | expected=6204
2026-09-30 16:23:22 | INFO    | LISTING   | Listing H&M (Kids) route https://www.myntra.com/h-and-m-kids page 25 -> https://www.myntra.com/gateway/v4/search/h-and-m-kids?rows=50&o=1200&plaEnabled=false&xdEnabled=false&isFacet=true&p=25 | run_id=run_20260930_154906_269231_a733d1 | brand=H&M (Kids) | page=25 | route=https://www.myntra.com/h-and-m-kids | seen=1093 | expected=6204
2026-09-30 16:23:23 | INFO    | LISTING   | Listing H&M (Kids) route https://www.myntra.com/h-and-m-kids page 26 -> https://www.myntra.com/gateway/v4/search/h-and-m-kids?rows=50&o=1250&plaEnabled=false&xdEnabled=false&isFacet=true&p=26 | run_id=run_20260930_154906_269231_a733d1 | brand=H&M (Kids) | page=26 | route=https://www.myntra.com/h-and-m-kids | seen=1119 | expected=6204
2026-09-30 16:23:23 | INFO    | LISTING   | Listing H&M (Kids) route https://www.myntra.com/h-and-m-kids page 27 -> https://www.myntra.com/gateway/v4/search/h-and-m-kids?rows=50&o=1300&plaEnabled=false&xdEnabled=false&isFacet=true&p=27 | run_id=run_20260930_154906_269231_a733d1 | brand=H&M (Kids) | page=27 | route=https://www.myntra.com/h-and-m-kids | seen=1144 | expected=6204
2026-09-30 16:23:24 | INFO    | LISTING   | Listing H&M (Kids) route https://www.myntra.com/h-and-m-kids page 28 -> https://www.myntra.com/gateway/v4/search/h-and-m-kids?rows=50&o=1350&plaEnabled=false&xdEnabled=false&isFacet=true&p=28 | run_id=run_20260930_154906_269231_a733d1 | brand=H&M (Kids) | page=28 | route=https://www.myntra.com/h-and-m-kids | seen=1176 | expected=6204
2026-09-30 16:23:25 | INFO    | LISTING   | Listing H&M (Kids) route https://www.myntra.com/h-and-m-kids page 29 -> https://www.myntra.com/gateway/v4/search/h-and-m-kids?rows=50&o=1400&plaEnabled=false&xdEnabled=false&isFacet=true&p=29 | run_id=run_20260930_154906_269231_a733d1 | brand=H&M (Kids) | page=29 | route=https://www.myntra.com/h-and-m-kids | seen=1224 | expected=6204
2026-09-30 16:23:26 | INFO    | LISTING   | Listing H&M (Kids) route https://www.myntra.com/h-and-m-kids page 30 -> https://www.myntra.com/gateway/v4/search/h-and-m-kids?rows=50&o=1450&plaEnabled=false&xdEnabled=false&isFacet=true&p=30 | run_id=run_20260930_154906_269231_a733d1 | brand=H&M (Kids) | page=30 | route=https://www.myntra.com/h-and-m-kids | seen=1271 | expected=6204
2026-09-30 16:23:26 | INFO    | LISTING   | Listing H&M (Kids) route https://www.myntra.com/h-and-m-kids page 31 -> https://www.myntra.com/gateway/v4/search/h-and-m-kids?rows=50&o=1500&plaEnabled=false&xdEnabled=false&isFacet=true&p=31 | run_id=run_20260930_154906_269231_a733d1 | brand=H&M (Kids) | page=31 | route=https://www.myntra.com/h-and-m-kids | seen=1307 | expected=6204
2026-09-30 16:23:27 | INFO    | LISTING   | Listing H&M (Kids) route https://www.myntra.com/h-and-m-kids page 32 -> https://www.myntra.com/gateway/v4/search/h-and-m-kids?rows=50&o=1550&plaEnabled=false&xdEnabled=false&isFacet=true&p=32 | run_id=run_20260930_154906_269231_a733d1 | brand=H&M (Kids) | page=32 | route=https://www.myntra.com/h-and-m-kids | seen=1346 | expected=6204
2026-09-30 16:23:28 | INFO    | LISTING   | Listing H&M (Kids) route https://www.myntra.com/h-and-m-kids page 33 -> https://www.myntra.com/gateway/v4/search/h-and-m-kids?rows=50&o=1600&plaEnabled=false&xdEnabled=false&isFacet=true&p=33 | run_id=run_20260930_154906_269231_a733d1 | brand=H&M (Kids) | page=33 | route=https://www.myntra.com/h-and-m-kids | seen=1381 | expected=6204
2026-09-30 16:23:28 | INFO    | LISTING   | Listing H&M (Kids) route https://www.myntra.com/h-and-m-kids page 34 -> https://www.myntra.com/gateway/v4/search/h-and-m-kids?rows=50&o=1650&plaEnabled=false&xdEnabled=false&isFacet=true&p=34 | run_id=run_20260930_154906_269231_a733d1 | brand=H&M (Kids) | page=34 | route=https://www.myntra.com/h-and-m-kids | seen=1399 | expected=6204
2026-09-30 16:23:29 | INFO    | LISTING   | Listing H&M (Kids) route https://www.myntra.com/h-and-m-kids page 35 -> https://www.myntra.com/gateway/v4/search/h-and-m-kids?rows=50&o=1700&plaEnabled=false&xdEnabled=false&isFacet=true&p=35 | run_id=run_20260930_154906_269231_a733d1 | brand=H&M (Kids) | page=35 | route=https://www.myntra.com/h-and-m-kids | seen=1435 | expected=6204
2026-09-30 16:23:29 | INFO    | LISTING   | Listing H&M (Kids) route https://www.myntra.com/h-and-m-kids page 36 -> https://www.myntra.com/gateway/v4/search/h-and-m-kids?rows=50&o=1750&plaEnabled=false&xdEnabled=false&isFacet=true&p=36 | run_id=run_20260930_154906_269231_a733d1 | brand=H&M (Kids) | page=36 | route=https://www.myntra.com/h-and-m-kids | seen=1460 | expected=6204
2026-09-30 16:23:30 | INFO    | LISTING   | Listing H&M (Kids) route https://www.myntra.com/h-and-m-kids page 37 -> https://www.myntra.com/gateway/v4/search/h-and-m-kids?rows=50&o=1800&plaEnabled=false&xdEnabled=false&isFacet=true&p=37 | run_id=run_20260930_154906_269231_a733d1 | brand=H&M (Kids) | page=37 | route=https://www.myntra.com/h-and-m-kids | seen=1500 | expected=6204
2026-09-30 16:23:31 | INFO    | LISTING   | Listing H&M (Kids) route https://www.myntra.com/h-and-m-kids page 38 -> https://www.myntra.com/gateway/v4/search/h-and-m-kids?rows=50&o=1850&plaEnabled=false&xdEnabled=false&isFacet=true&p=38 | run_id=run_20260930_154906_269231_a733d1 | brand=H&M (Kids) | page=38 | route=https://www.myntra.com/h-and-m-kids | seen=1545 | expected=6204
2026-09-30 16:23:31 | INFO    | LISTING   | Listing H&M (Kids) route https://www.myntra.com/h-and-m-kids page 39 -> https://www.myntra.com/gateway/v4/search/h-and-m-kids?rows=50&o=1900&plaEnabled=false&xdEnabled=false&isFacet=true&p=39 | run_id=run_20260930_154906_269231_a733d1 | brand=H&M (Kids) | page=39 | route=https://www.myntra.com/h-and-m-kids | seen=1589 | expected=6204
2026-09-30 16:23:32 | INFO    | LISTING   | Listing H&M (Kids) route https://www.myntra.com/h-and-m-kids page 40 -> https://www.myntra.com/gateway/v4/search/h-and-m-kids?rows=50&o=1950&plaEnabled=false&xdEnabled=false&isFacet=true&p=40 | run_id=run_20260930_154906_269231_a733d1 | brand=H&M (Kids) | page=40 | route=https://www.myntra.com/h-and-m-kids | seen=1635 | expected=6204
2026-09-30 16:23:33 | INFO    | LISTING   | Listing H&M (Kids) route https://www.myntra.com/h-and-m-kids page 41 -> https://www.myntra.com/gateway/v4/search/h-and-m-kids?rows=50&o=2000&plaEnabled=false&xdEnabled=false&isFacet=true&p=41 | run_id=run_20260930_154906_269231_a733d1 | brand=H&M (Kids) | page=41 | route=https://www.myntra.com/h-and-m-kids | seen=1679 | expected=6204
2026-09-30 16:23:34 | INFO    | LISTING   | Listing H&M (Kids) route https://www.myntra.com/h-and-m-kids page 42 -> https://www.myntra.com/gateway/v4/search/h-and-m-kids?rows=50&o=2050&plaEnabled=false&xdEnabled=false&isFacet=true&p=42 | run_id=run_20260930_154906_269231_a733d1 | brand=H&M (Kids) | page=42 | route=https://www.myntra.com/h-and-m-kids | seen=1725 | expected=6204
2026-09-30 16:23:34 | INFO    | LISTING   | Listing H&M (Kids) route https://www.myntra.com/h-and-m-kids page 43 -> https://www.myntra.com/gateway/v4/search/h-and-m-kids?rows=50&o=2100&plaEnabled=false&xdEnabled=false&isFacet=true&p=43 | run_id=run_20260930_154906_269231_a733d1 | brand=H&M (Kids) | page=43 | route=https://www.myntra.com/h-and-m-kids | seen=1771 | expected=6204
2026-09-30 16:23:35 | INFO    | LISTING   | Listing H&M (Kids) route https://www.myntra.com/h-and-m-kids page 44 -> https://www.myntra.com/gateway/v4/search/h-and-m-kids?rows=50&o=2150&plaEnabled=false&xdEnabled=false&isFacet=true&p=44 | run_id=run_20260930_154906_269231_a733d1 | brand=H&M (Kids) | page=44 | route=https://www.myntra.com/h-and-m-kids | seen=1815 | expected=6204
2026-09-30 16:23:36 | INFO    | LISTING   | Listing H&M (Kids) route https://www.myntra.com/h-and-m-kids page 45 -> https://www.myntra.com/gateway/v4/search/h-and-m-kids?rows=50&o=2200&plaEnabled=false&xdEnabled=false&isFacet=true&p=45 | run_id=run_20260930_154906_269231_a733d1 | brand=H&M (Kids) | page=45 | route=https://www.myntra.com/h-and-m-kids | seen=1864 | expected=6204
2026-09-30 16:23:36 | INFO    | LISTING   | Listing H&M (Kids) route https://www.myntra.com/h-and-m-kids page 46 -> https://www.myntra.com/gateway/v4/search/h-and-m-kids?rows=50&o=2250&plaEnabled=false&xdEnabled=false&isFacet=true&p=46 | run_id=run_20260930_154906_269231_a733d1 | brand=H&M (Kids) | page=46 | route=https://www.myntra.com/h-and-m-kids | seen=1911 | expected=6204
2026-09-30 16:23:37 | INFO    | LISTING   | Listing H&M (Kids) route https://www.myntra.com/h-and-m-kids page 47 -> https://www.myntra.com/gateway/v4/search/h-and-m-kids?rows=50&o=2300&plaEnabled=false&xdEnabled=false&isFacet=true&p=47 | run_id=run_20260930_154906_269231_a733d1 | brand=H&M (Kids) | page=47 | route=https://www.myntra.com/h-and-m-kids | seen=1960 | expected=6204
2026-09-30 16:23:37 | INFO    | LISTING   | Listing H&M (Kids) route https://www.myntra.com/h-and-m-kids page 48 -> https://www.myntra.com/gateway/v4/search/h-and-m-kids?rows=50&o=2350&plaEnabled=false&xdEnabled=false&isFacet=true&p=48 | run_id=run_20260930_154906_269231_a733d1 | brand=H&M (Kids) | page=48 | route=https://www.myntra.com/h-and-m-kids | seen=2010 | expected=6204
2026-09-30 16:23:38 | INFO    | LISTING   | Listing H&M (Kids) route https://www.myntra.com/h-and-m-kids page 49 -> https://www.myntra.com/gateway/v4/search/h-and-m-kids?rows=50&o=2400&plaEnabled=false&xdEnabled=false&isFacet=true&p=49 | run_id=run_20260930_154906_269231_a733d1 | brand=H&M (Kids) | page=49 | route=https://www.myntra.com/h-and-m-kids | seen=2059 | expected=6204
2026-09-30 16:23:39 | INFO    | LISTING   | Listing H&M (Kids) route https://www.myntra.com/h-and-m-kids page 50 -> https://www.myntra.com/gateway/v4/search/h-and-m-kids?rows=50&o=2450&plaEnabled=false&xdEnabled=false&isFacet=true&p=50 | run_id=run_20260930_154906_269231_a733d1 | brand=H&M (Kids) | page=50 | route=https://www.myntra.com/h-and-m-kids | seen=2109 | expected=6204
2026-09-30 16:23:39 | INFO    | LISTING   | Listing H&M (Kids) route https://www.myntra.com/h-and-m-kids page 51 -> https://www.myntra.com/gateway/v4/search/h-and-m-kids?rows=50&o=2500&plaEnabled=false&xdEnabled=false&isFacet=true&p=51 | run_id=run_20260930_154906_269231_a733d1 | brand=H&M (Kids) | page=51 | route=https://www.myntra.com/h-and-m-kids | seen=2157 | expected=6204
2026-09-30 16:23:40 | INFO    | LISTING   | Listing H&M (Kids) route https://www.myntra.com/h-and-m-kids page 52 -> https://www.myntra.com/gateway/v4/search/h-and-m-kids?rows=50&o=2550&plaEnabled=false&xdEnabled=false&isFacet=true&p=52 | run_id=run_20260930_154906_269231_a733d1 | brand=H&M (Kids) | page=52 | route=https://www.myntra.com/h-and-m-kids | seen=2206 | expected=6204
2026-09-30 16:23:41 | INFO    | LISTING   | Listing H&M (Kids) route https://www.myntra.com/h-and-m-kids page 53 -> https://www.myntra.com/gateway/v4/search/h-and-m-kids?rows=50&o=2600&plaEnabled=false&xdEnabled=false&isFacet=true&p=53 | run_id=run_20260930_154906_269231_a733d1 | brand=H&M (Kids) | page=53 | route=https://www.myntra.com/h-and-m-kids | seen=2256 | expected=6204
2026-09-30 16:23:41 | INFO    | LISTING   | Listing H&M (Kids) route https://www.myntra.com/h-and-m-kids page 54 -> https://www.myntra.com/gateway/v4/search/h-and-m-kids?rows=50&o=2650&plaEnabled=false&xdEnabled=false&isFacet=true&p=54 | run_id=run_20260930_154906_269231_a733d1 | brand=H&M (Kids) | page=54 | route=https://www.myntra.com/h-and-m-kids | seen=2306 | expected=6204
2026-09-30 16:23:42 | INFO    | LISTING   | Listing H&M (Kids) route https://www.myntra.com/h-and-m-kids page 55 -> https://www.myntra.com/gateway/v4/search/h-and-m-kids?rows=50&o=2700&plaEnabled=false&xdEnabled=false&isFacet=true&p=55 | run_id=run_20260930_154906_269231_a733d1 | brand=H&M (Kids) | page=55 | route=https://www.myntra.com/h-and-m-kids | seen=2355 | expected=6204
2026-09-30 16:23:43 | INFO    | LISTING   | Listing H&M (Kids) route https://www.myntra.com/h-and-m-kids page 56 -> https://www.myntra.com/gateway/v4/search/h-and-m-kids?rows=50&o=2750&plaEnabled=false&xdEnabled=false&isFacet=true&p=56 | run_id=run_20260930_154906_269231_a733d1 | brand=H&M (Kids) | page=56 | route=https://www.myntra.com/h-and-m-kids | seen=2405 | expected=6204
2026-09-30 16:23:43 | INFO    | LISTING   | Listing H&M (Kids) route https://www.myntra.com/h-and-m-kids page 57 -> https://www.myntra.com/gateway/v4/search/h-and-m-kids?rows=50&o=2800&plaEnabled=false&xdEnabled=false&isFacet=true&p=57 | run_id=run_20260930_154906_269231_a733d1 | brand=H&M (Kids) | page=57 | route=https://www.myntra.com/h-and-m-kids | seen=2455 | expected=6204
2026-09-30 16:23:44 | INFO    | LISTING   | Listing H&M (Kids) route https://www.myntra.com/h-and-m-kids page 58 -> https://www.myntra.com/gateway/v4/search/h-and-m-kids?rows=50&o=2850&plaEnabled=false&xdEnabled=false&isFacet=true&p=58 | run_id=run_20260930_154906_269231_a733d1 | brand=H&M (Kids) | page=58 | route=https://www.myntra.com/h-and-m-kids | seen=2503 | expected=6204
2026-09-30 16:23:44 | INFO    | LISTING   | Listing H&M (Kids) route https://www.myntra.com/h-and-m-kids page 59 -> https://www.myntra.com/gateway/v4/search/h-and-m-kids?rows=50&o=2900&plaEnabled=false&xdEnabled=false&isFacet=true&p=59 | run_id=run_20260930_154906_269231_a733d1 | brand=H&M (Kids) | page=59 | route=https://www.myntra.com/h-and-m-kids | seen=2552 | expected=6204
2026-09-30 16:23:45 | INFO    | LISTING   | Listing H&M (Kids) route https://www.myntra.com/h-and-m-kids page 60 -> https://www.myntra.com/gateway/v4/search/h-and-m-kids?rows=50&o=2950&plaEnabled=false&xdEnabled=false&isFacet=true&p=60 | run_id=run_20260930_154906_269231_a733d1 | brand=H&M (Kids) | page=60 | route=https://www.myntra.com/h-and-m-kids | seen=2602 | expected=6204
2026-09-30 16:23:46 | INFO    | LISTING   | Listing H&M (Kids) route https://www.myntra.com/h-and-m-kids page 61 -> https://www.myntra.com/gateway/v4/search/h-and-m-kids?rows=50&o=3000&plaEnabled=false&xdEnabled=false&isFacet=true&p=61 | run_id=run_20260930_154906_269231_a733d1 | brand=H&M (Kids) | page=61 | route=https://www.myntra.com/h-and-m-kids | seen=2651 | expected=6204
2026-09-30 16:23:46 | INFO    | LISTING   | Listing H&M (Kids) route https://www.myntra.com/h-and-m-kids page 62 -> https://www.myntra.com/gateway/v4/search/h-and-m-kids?rows=50&o=3050&plaEnabled=false&xdEnabled=false&isFacet=true&p=62 | run_id=run_20260930_154906_269231_a733d1 | brand=H&M (Kids) | page=62 | route=https://www.myntra.com/h-and-m-kids | seen=2701 | expected=6204
2026-09-30 16:23:47 | INFO    | LISTING   | Listing H&M (Kids) route https://www.myntra.com/h-and-m-kids page 63 -> https://www.myntra.com/gateway/v4/search/h-and-m-kids?rows=50&o=3100&plaEnabled=false&xdEnabled=false&isFacet=true&p=63 | run_id=run_20260930_154906_269231_a733d1 | brand=H&M (Kids) | page=63 | route=https://www.myntra.com/h-and-m-kids | seen=2749 | expected=6204
2026-09-30 16:23:48 | INFO    | LISTING   | Listing H&M (Kids) route https://www.myntra.com/h-and-m-kids page 64 -> https://www.myntra.com/gateway/v4/search/h-and-m-kids?rows=50&o=3150&plaEnabled=false&xdEnabled=false&isFacet=true&p=64 | run_id=run_20260930_154906_269231_a733d1 | brand=H&M (Kids) | page=64 | route=https://www.myntra.com/h-and-m-kids | seen=2795 | expected=6204
2026-09-30 16:23:48 | INFO    | LISTING   | Listing H&M (Kids) route https://www.myntra.com/h-and-m-kids page 65 -> https://www.myntra.com/gateway/v4/search/h-and-m-kids?rows=50&o=3200&plaEnabled=false&xdEnabled=false&isFacet=true&p=65 | run_id=run_20260930_154906_269231_a733d1 | brand=H&M (Kids) | page=65 | route=https://www.myntra.com/h-and-m-kids | seen=2836 | expected=6204
2026-09-30 16:23:49 | INFO    | LISTING   | Listing H&M (Kids) route https://www.myntra.com/h-and-m-kids page 66 -> https://www.myntra.com/gateway/v4/search/h-and-m-kids?rows=50&o=3250&plaEnabled=false&xdEnabled=false&isFacet=true&p=66 | run_id=run_20260930_154906_269231_a733d1 | brand=H&M (Kids) | page=66 | route=https://www.myntra.com/h-and-m-kids | seen=2872 | expected=6204
2026-09-30 16:23:50 | INFO    | LISTING   | Listing H&M (Kids) route https://www.myntra.com/h-and-m-kids page 67 -> https://www.myntra.com/gateway/v4/search/h-and-m-kids?rows=50&o=3300&plaEnabled=false&xdEnabled=false&isFacet=true&p=67 | run_id=run_20260930_154906_269231_a733d1 | brand=H&M (Kids) | page=67 | route=https://www.myntra.com/h-and-m-kids | seen=2911 | expected=6204
2026-09-30 16:23:50 | INFO    | LISTING   | Listing H&M (Kids) route https://www.myntra.com/h-and-m-kids page 68 -> https://www.myntra.com/gateway/v4/search/h-and-m-kids?rows=50&o=3350&plaEnabled=false&xdEnabled=false&isFacet=true&p=68 | run_id=run_20260930_154906_269231_a733d1 | brand=H&M (Kids) | page=68 | route=https://www.myntra.com/h-and-m-kids | seen=2945 | expected=6204
2026-09-30 16:23:51 | INFO    | LISTING   | Listing H&M (Kids) route https://www.myntra.com/h-and-m-kids page 69 -> https://www.myntra.com/gateway/v4/search/h-and-m-kids?rows=50&o=3400&plaEnabled=false&xdEnabled=false&isFacet=true&p=69 | run_id=run_20260930_154906_269231_a733d1 | brand=H&M (Kids) | page=69 | route=https://www.myntra.com/h-and-m-kids | seen=2983 | expected=6204
2026-09-30 16:23:52 | INFO    | LISTING   | Listing H&M (Kids) route https://www.myntra.com/h-and-m-kids page 70 -> https://www.myntra.com/gateway/v4/search/h-and-m-kids?rows=50&o=3450&plaEnabled=false&xdEnabled=false&isFacet=true&p=70 | run_id=run_20260930_154906_269231_a733d1 | brand=H&M (Kids) | page=70 | route=https://www.myntra.com/h-and-m-kids | seen=3028 | expected=6204
2026-09-30 16:23:52 | INFO    | LISTING   | Listing H&M (Kids) route https://www.myntra.com/h-and-m-kids page 71 -> https://www.myntra.com/gateway/v4/search/h-and-m-kids?rows=50&o=3500&plaEnabled=false&xdEnabled=false&isFacet=true&p=71 | run_id=run_20260930_154906_269231_a733d1 | brand=H&M (Kids) | page=71 | route=https://www.myntra.com/h-and-m-kids | seen=3076 | expected=6204
2026-09-30 16:23:53 | INFO    | LISTING   | Listing H&M (Kids) route https://www.myntra.com/h-and-m-kids page 72 -> https://www.myntra.com/gateway/v4/search/h-and-m-kids?rows=50&o=3550&plaEnabled=false&xdEnabled=false&isFacet=true&p=72 | run_id=run_20260930_154906_269231_a733d1 | brand=H&M (Kids) | page=72 | route=https://www.myntra.com/h-and-m-kids | seen=3121 | expected=6204
2026-09-30 16:23:54 | INFO    | LISTING   | Listing H&M (Kids) route https://www.myntra.com/h-and-m-kids page 73 -> https://www.myntra.com/gateway/v4/search/h-and-m-kids?rows=50&o=3600&plaEnabled=false&xdEnabled=false&isFacet=true&p=73 | run_id=run_20260930_154906_269231_a733d1 | brand=H&M (Kids) | page=73 | route=https://www.myntra.com/h-and-m-kids | seen=3161 | expected=6204
2026-09-30 16:23:55 | INFO    | LISTING   | Listing H&M (Kids) route https://www.myntra.com/h-and-m-kids page 74 -> https://www.myntra.com/gateway/v4/search/h-and-m-kids?rows=50&o=3650&plaEnabled=false&xdEnabled=false&isFacet=true&p=74 | run_id=run_20260930_154906_269231_a733d1 | brand=H&M (Kids) | page=74 | route=https://www.myntra.com/h-and-m-kids | seen=3205 | expected=6204
2026-09-30 16:23:55 | INFO    | LISTING   | Listing H&M (Kids) route https://www.myntra.com/h-and-m-kids page 75 -> https://www.myntra.com/gateway/v4/search/h-and-m-kids?rows=50&o=3700&plaEnabled=false&xdEnabled=false&isFacet=true&p=75 | run_id=run_20260930_154906_269231_a733d1 | brand=H&M (Kids) | page=75 | route=https://www.myntra.com/h-and-m-kids | seen=3246 | expected=6204
2026-09-30 16:23:56 | INFO    | LISTING   | Listing H&M (Kids) route https://www.myntra.com/h-and-m-kids page 76 -> https://www.myntra.com/gateway/v4/search/h-and-m-kids?rows=50&o=3750&plaEnabled=false&xdEnabled=false&isFacet=true&p=76 | run_id=run_20260930_154906_269231_a733d1 | brand=H&M (Kids) | page=76 | route=https://www.myntra.com/h-and-m-kids | seen=3286 | expected=6204
2026-09-30 16:23:57 | INFO    | LISTING   | Listing H&M (Kids) route https://www.myntra.com/h-and-m-kids page 77 -> https://www.myntra.com/gateway/v4/search/h-and-m-kids?rows=50&o=3800&plaEnabled=false&xdEnabled=false&isFacet=true&p=77 | run_id=run_20260930_154906_269231_a733d1 | brand=H&M (Kids) | page=77 | route=https://www.myntra.com/h-and-m-kids | seen=3313 | expected=6204
2026-09-30 16:23:57 | INFO    | LISTING   | Listing H&M (Kids) route https://www.myntra.com/h-and-m-kids page 78 -> https://www.myntra.com/gateway/v4/search/h-and-m-kids?rows=50&o=3850&plaEnabled=false&xdEnabled=false&isFacet=true&p=78 | run_id=run_20260930_154906_269231_a733d1 | brand=H&M (Kids) | page=78 | route=https://www.myntra.com/h-and-m-kids | seen=3341 | expected=6204
2026-09-30 16:23:58 | INFO    | LISTING   | Listing H&M (Kids) route https://www.myntra.com/h-and-m-kids page 79 -> https://www.myntra.com/gateway/v4/search/h-and-m-kids?rows=50&o=3900&plaEnabled=false&xdEnabled=false&isFacet=true&p=79 | run_id=run_20260930_154906_269231_a733d1 | brand=H&M (Kids) | page=79 | route=https://www.myntra.com/h-and-m-kids | seen=3385 | expected=6204
2026-09-30 16:23:58 | INFO    | LISTING   | Listing H&M (Kids) route https://www.myntra.com/h-and-m-kids page 80 -> https://www.myntra.com/gateway/v4/search/h-and-m-kids?rows=50&o=3950&plaEnabled=false&xdEnabled=false&isFacet=true&p=80 | run_id=run_20260930_154906_269231_a733d1 | brand=H&M (Kids) | page=80 | route=https://www.myntra.com/h-and-m-kids | seen=3422 | expected=6204
2026-09-30 16:23:59 | INFO    | LISTING   | Listing H&M (Kids) route https://www.myntra.com/h-and-m-kids page 81 -> https://www.myntra.com/gateway/v4/search/h-and-m-kids?rows=50&o=4000&plaEnabled=false&xdEnabled=false&isFacet=true&p=81 | run_id=run_20260930_154906_269231_a733d1 | brand=H&M (Kids) | page=81 | route=https://www.myntra.com/h-and-m-kids | seen=3461 | expected=6204
2026-09-30 16:24:00 | INFO    | LISTING   | Listing H&M (Kids) route https://www.myntra.com/h-and-m-kids page 82 -> https://www.myntra.com/gateway/v4/search/h-and-m-kids?rows=50&o=4050&plaEnabled=false&xdEnabled=false&isFacet=true&p=82 | run_id=run_20260930_154906_269231_a733d1 | brand=H&M (Kids) | page=82 | route=https://www.myntra.com/h-and-m-kids | seen=3489 | expected=6204
2026-09-30 16:24:00 | INFO    | LISTING   | Listing H&M (Kids) route https://www.myntra.com/h-and-m-kids page 83 -> https://www.myntra.com/gateway/v4/search/h-and-m-kids?rows=50&o=4100&plaEnabled=false&xdEnabled=false&isFacet=true&p=83 | run_id=run_20260930_154906_269231_a733d1 | brand=H&M (Kids) | page=83 | route=https://www.myntra.com/h-and-m-kids | seen=3538 | expected=6204
2026-09-30 16:24:01 | INFO    | LISTING   | Listing H&M (Kids) route https://www.myntra.com/h-and-m-kids page 84 -> https://www.myntra.com/gateway/v4/search/h-and-m-kids?rows=50&o=4150&plaEnabled=false&xdEnabled=false&isFacet=true&p=84 | run_id=run_20260930_154906_269231_a733d1 | brand=H&M (Kids) | page=84 | route=https://www.myntra.com/h-and-m-kids | seen=3587 | expected=6204
2026-09-30 16:24:01 | INFO    | LISTING   | Listing H&M (Kids) route https://www.myntra.com/h-and-m-kids page 85 -> https://www.myntra.com/gateway/v4/search/h-and-m-kids?rows=50&o=4200&plaEnabled=false&xdEnabled=false&isFacet=true&p=85 | run_id=run_20260930_154906_269231_a733d1 | brand=H&M (Kids) | page=85 | route=https://www.myntra.com/h-and-m-kids | seen=3637 | expected=6204
2026-09-30 16:24:02 | INFO    | LISTING   | Listing H&M (Kids) route https://www.myntra.com/h-and-m-kids page 86 -> https://www.myntra.com/gateway/v4/search/h-and-m-kids?rows=50&o=4250&plaEnabled=false&xdEnabled=false&isFacet=true&p=86 | run_id=run_20260930_154906_269231_a733d1 | brand=H&M (Kids) | page=86 | route=https://www.myntra.com/h-and-m-kids | seen=3679 | expected=6204
2026-09-30 16:24:03 | INFO    | LISTING   | Listing H&M (Kids) route https://www.myntra.com/h-and-m-kids page 87 -> https://www.myntra.com/gateway/v4/search/h-and-m-kids?rows=50&o=4300&plaEnabled=false&xdEnabled=false&isFacet=true&p=87 | run_id=run_20260930_154906_269231_a733d1 | brand=H&M (Kids) | page=87 | route=https://www.myntra.com/h-and-m-kids | seen=3727 | expected=6204
2026-09-30 16:24:03 | INFO    | LISTING   | Listing H&M (Kids) route https://www.myntra.com/h-and-m-kids page 88 -> https://www.myntra.com/gateway/v4/search/h-and-m-kids?rows=50&o=4350&plaEnabled=false&xdEnabled=false&isFacet=true&p=88 | run_id=run_20260930_154906_269231_a733d1 | brand=H&M (Kids) | page=88 | route=https://www.myntra.com/h-and-m-kids | seen=3776 | expected=6204
2026-09-30 16:24:04 | INFO    | LISTING   | Listing H&M (Kids) route https://www.myntra.com/h-and-m-kids page 89 -> https://www.myntra.com/gateway/v4/search/h-and-m-kids?rows=50&o=4400&plaEnabled=false&xdEnabled=false&isFacet=true&p=89 | run_id=run_20260930_154906_269231_a733d1 | brand=H&M (Kids) | page=89 | route=https://www.myntra.com/h-and-m-kids | seen=3816 | expected=6204
2026-09-30 16:24:05 | INFO    | LISTING   | Listing H&M (Kids) route https://www.myntra.com/h-and-m-kids page 90 -> https://www.myntra.com/gateway/v4/search/h-and-m-kids?rows=50&o=4450&plaEnabled=false&xdEnabled=false&isFacet=true&p=90 | run_id=run_20260930_154906_269231_a733d1 | brand=H&M (Kids) | page=90 | route=https://www.myntra.com/h-and-m-kids | seen=3864 | expected=6204
2026-09-30 16:24:05 | INFO    | LISTING   | Listing H&M (Kids) route https://www.myntra.com/h-and-m-kids page 91 -> https://www.myntra.com/gateway/v4/search/h-and-m-kids?rows=50&o=4500&plaEnabled=false&xdEnabled=false&isFacet=true&p=91 | run_id=run_20260930_154906_269231_a733d1 | brand=H&M (Kids) | page=91 | route=https://www.myntra.com/h-and-m-kids | seen=3912 | expected=6204
2026-09-30 16:24:06 | INFO    | LISTING   | Listing H&M (Kids) route https://www.myntra.com/h-and-m-kids page 92 -> https://www.myntra.com/gateway/v4/search/h-and-m-kids?rows=50&o=4550&plaEnabled=false&xdEnabled=false&isFacet=true&p=92 | run_id=run_20260930_154906_269231_a733d1 | brand=H&M (Kids) | page=92 | route=https://www.myntra.com/h-and-m-kids | seen=3959 | expected=6204
2026-09-30 16:24:07 | INFO    | LISTING   | Listing H&M (Kids) route https://www.myntra.com/h-and-m-kids page 93 -> https://www.myntra.com/gateway/v4/search/h-and-m-kids?rows=50&o=4600&plaEnabled=false&xdEnabled=false&isFacet=true&p=93 | run_id=run_20260930_154906_269231_a733d1 | brand=H&M (Kids) | page=93 | route=https://www.myntra.com/h-and-m-kids | seen=4008 | expected=6204
2026-09-30 16:24:07 | INFO    | LISTING   | Listing H&M (Kids) route https://www.myntra.com/h-and-m-kids page 94 -> https://www.myntra.com/gateway/v4/search/h-and-m-kids?rows=50&o=4650&plaEnabled=false&xdEnabled=false&isFacet=true&p=94 | run_id=run_20260930_154906_269231_a733d1 | brand=H&M (Kids) | page=94 | route=https://www.myntra.com/h-and-m-kids | seen=4056 | expected=6204
2026-09-30 16:24:08 | INFO    | LISTING   | Listing H&M (Kids) route https://www.myntra.com/h-and-m-kids page 95 -> https://www.myntra.com/gateway/v4/search/h-and-m-kids?rows=50&o=4700&plaEnabled=false&xdEnabled=false&isFacet=true&p=95 | run_id=run_20260930_154906_269231_a733d1 | brand=H&M (Kids) | page=95 | route=https://www.myntra.com/h-and-m-kids | seen=4101 | expected=6204
2026-09-30 16:24:09 | INFO    | LISTING   | Listing H&M (Kids) route https://www.myntra.com/h-and-m-kids page 96 -> https://www.myntra.com/gateway/v4/search/h-and-m-kids?rows=50&o=4750&plaEnabled=false&xdEnabled=false&isFacet=true&p=96 | run_id=run_20260930_154906_269231_a733d1 | brand=H&M (Kids) | page=96 | route=https://www.myntra.com/h-and-m-kids | seen=4151 | expected=6204
2026-09-30 16:24:10 | INFO    | LISTING   | Listing H&M (Kids) route https://www.myntra.com/h-and-m-kids page 97 -> https://www.myntra.com/gateway/v4/search/h-and-m-kids?rows=50&o=4800&plaEnabled=false&xdEnabled=false&isFacet=true&p=97 | run_id=run_20260930_154906_269231_a733d1 | brand=H&M (Kids) | page=97 | route=https://www.myntra.com/h-and-m-kids | seen=4197 | expected=6204
2026-09-30 16:24:10 | INFO    | LISTING   | Listing H&M (Kids) route https://www.myntra.com/h-and-m-kids page 98 -> https://www.myntra.com/gateway/v4/search/h-and-m-kids?rows=50&o=4850&plaEnabled=false&xdEnabled=false&isFacet=true&p=98 | run_id=run_20260930_154906_269231_a733d1 | brand=H&M (Kids) | page=98 | route=https://www.myntra.com/h-and-m-kids | seen=4245 | expected=6204
2026-09-30 16:24:11 | INFO    | LISTING   | Listing H&M (Kids) route https://www.myntra.com/h-and-m-kids page 99 -> https://www.myntra.com/gateway/v4/search/h-and-m-kids?rows=50&o=4900&plaEnabled=false&xdEnabled=false&isFacet=true&p=99 | run_id=run_20260930_154906_269231_a733d1 | brand=H&M (Kids) | page=99 | route=https://www.myntra.com/h-and-m-kids | seen=4291 | expected=6204
2026-09-30 16:24:12 | INFO    | LISTING   | Listing H&M (Kids) route https://www.myntra.com/h-and-m-kids page 100 -> https://www.myntra.com/gateway/v4/search/h-and-m-kids?rows=50&o=4950&plaEnabled=false&xdEnabled=false&isFacet=true&p=100 | run_id=run_20260930_154906_269231_a733d1 | brand=H&M (Kids) | page=100 | route=https://www.myntra.com/h-and-m-kids | seen=4339 | expected=6204
2026-09-30 16:24:12 | INFO    | LISTING   | Listing H&M (Kids) route https://www.myntra.com/h-and-m-kids page 101 -> https://www.myntra.com/gateway/v4/search/h-and-m-kids?rows=50&o=5000&plaEnabled=false&xdEnabled=false&isFacet=true&p=101 | run_id=run_20260930_154906_269231_a733d1 | brand=H&M (Kids) | page=101 | route=https://www.myntra.com/h-and-m-kids | seen=4389 | expected=6204
2026-09-30 16:24:13 | INFO    | LISTING   | Listing H&M (Kids) route https://www.myntra.com/h-and-m-kids page 102 -> https://www.myntra.com/gateway/v4/search/h-and-m-kids?rows=50&o=5050&plaEnabled=false&xdEnabled=false&isFacet=true&p=102 | run_id=run_20260930_154906_269231_a733d1 | brand=H&M (Kids) | page=102 | route=https://www.myntra.com/h-and-m-kids | seen=4438 | expected=6204
2026-09-30 16:24:14 | INFO    | LISTING   | Listing H&M (Kids) route https://www.myntra.com/h-and-m-kids page 103 -> https://www.myntra.com/gateway/v4/search/h-and-m-kids?rows=50&o=5100&plaEnabled=false&xdEnabled=false&isFacet=true&p=103 | run_id=run_20260930_154906_269231_a733d1 | brand=H&M (Kids) | page=103 | route=https://www.myntra.com/h-and-m-kids | seen=4483 | expected=6204
2026-09-30 16:24:14 | INFO    | LISTING   | Listing H&M (Kids) route https://www.myntra.com/h-and-m-kids page 104 -> https://www.myntra.com/gateway/v4/search/h-and-m-kids?rows=50&o=5150&plaEnabled=false&xdEnabled=false&isFacet=true&p=104 | run_id=run_20260930_154906_269231_a733d1 | brand=H&M (Kids) | page=104 | route=https://www.myntra.com/h-and-m-kids | seen=4529 | expected=6204
2026-09-30 16:24:15 | INFO    | LISTING   | Listing H&M (Kids) route https://www.myntra.com/h-and-m-kids page 105 -> https://www.myntra.com/gateway/v4/search/h-and-m-kids?rows=50&o=5200&plaEnabled=false&xdEnabled=false&isFacet=true&p=105 | run_id=run_20260930_154906_269231_a733d1 | brand=H&M (Kids) | page=105 | route=https://www.myntra.com/h-and-m-kids | seen=4574 | expected=6204
2026-09-30 16:24:16 | INFO    | LISTING   | Listing H&M (Kids) route https://www.myntra.com/h-and-m-kids page 106 -> https://www.myntra.com/gateway/v4/search/h-and-m-kids?rows=50&o=5250&plaEnabled=false&xdEnabled=false&isFacet=true&p=106 | run_id=run_20260930_154906_269231_a733d1 | brand=H&M (Kids) | page=106 | route=https://www.myntra.com/h-and-m-kids | seen=4619 | expected=6204
2026-09-30 16:24:17 | INFO    | LISTING   | Listing H&M (Kids) route https://www.myntra.com/h-and-m-kids page 107 -> https://www.myntra.com/gateway/v4/search/h-and-m-kids?rows=50&o=5300&plaEnabled=false&xdEnabled=false&isFacet=true&p=107 | run_id=run_20260930_154906_269231_a733d1 | brand=H&M (Kids) | page=107 | route=https://www.myntra.com/h-and-m-kids | seen=4669 | expected=6204
2026-09-30 16:24:17 | INFO    | LISTING   | Listing H&M (Kids) route https://www.myntra.com/h-and-m-kids page 108 -> https://www.myntra.com/gateway/v4/search/h-and-m-kids?rows=50&o=5350&plaEnabled=false&xdEnabled=false&isFacet=true&p=108 | run_id=run_20260930_154906_269231_a733d1 | brand=H&M (Kids) | page=108 | route=https://www.myntra.com/h-and-m-kids | seen=4719 | expected=6204
2026-09-30 16:24:18 | INFO    | LISTING   | Listing H&M (Kids) route https://www.myntra.com/h-and-m-kids page 109 -> https://www.myntra.com/gateway/v4/search/h-and-m-kids?rows=50&o=5400&plaEnabled=false&xdEnabled=false&isFacet=true&p=109 | run_id=run_20260930_154906_269231_a733d1 | brand=H&M (Kids) | page=109 | route=https://www.myntra.com/h-and-m-kids | seen=4768 | expected=6204
2026-09-30 16:24:18 | INFO    | LISTING   | Listing H&M (Kids) route https://www.myntra.com/h-and-m-kids page 110 -> https://www.myntra.com/gateway/v4/search/h-and-m-kids?rows=50&o=5450&plaEnabled=false&xdEnabled=false&isFacet=true&p=110 | run_id=run_20260930_154906_269231_a733d1 | brand=H&M (Kids) | page=110 | route=https://www.myntra.com/h-and-m-kids | seen=4817 | expected=6204
2026-09-30 16:24:19 | INFO    | LISTING   | Listing H&M (Kids) route https://www.myntra.com/h-and-m-kids page 111 -> https://www.myntra.com/gateway/v4/search/h-and-m-kids?rows=50&o=5500&plaEnabled=false&xdEnabled=false&isFacet=true&p=111 | run_id=run_20260930_154906_269231_a733d1 | brand=H&M (Kids) | page=111 | route=https://www.myntra.com/h-and-m-kids | seen=4861 | expected=6204
2026-09-30 16:24:20 | INFO    | LISTING   | Listing H&M (Kids) route https://www.myntra.com/h-and-m-kids page 112 -> https://www.myntra.com/gateway/v4/search/h-and-m-kids?rows=50&o=5550&plaEnabled=false&xdEnabled=false&isFacet=true&p=112 | run_id=run_20260930_154906_269231_a733d1 | brand=H&M (Kids) | page=112 | route=https://www.myntra.com/h-and-m-kids | seen=4905 | expected=6204
2026-09-30 16:24:21 | INFO    | LISTING   | Listing H&M (Kids) route https://www.myntra.com/h-and-m-kids page 113 -> https://www.myntra.com/gateway/v4/search/h-and-m-kids?rows=50&o=5600&plaEnabled=false&xdEnabled=false&isFacet=true&p=113 | run_id=run_20260930_154906_269231_a733d1 | brand=H&M (Kids) | page=113 | route=https://www.myntra.com/h-and-m-kids | seen=4953 | expected=6204
2026-09-30 16:24:22 | INFO    | LISTING   | Listing H&M (Kids) route https://www.myntra.com/h-and-m-kids page 114 -> https://www.myntra.com/gateway/v4/search/h-and-m-kids?rows=50&o=5650&plaEnabled=false&xdEnabled=false&isFacet=true&p=114 | run_id=run_20260930_154906_269231_a733d1 | brand=H&M (Kids) | page=114 | route=https://www.myntra.com/h-and-m-kids | seen=5003 | expected=6204
2026-09-30 16:24:22 | INFO    | LISTING   | Listing H&M (Kids) route https://www.myntra.com/h-and-m-kids page 115 -> https://www.myntra.com/gateway/v4/search/h-and-m-kids?rows=50&o=5700&plaEnabled=false&xdEnabled=false&isFacet=true&p=115 | run_id=run_20260930_154906_269231_a733d1 | brand=H&M (Kids) | page=115 | route=https://www.myntra.com/h-and-m-kids | seen=5050 | expected=6204
2026-09-30 16:24:23 | INFO    | LISTING   | Listing H&M (Kids) route https://www.myntra.com/h-and-m-kids page 116 -> https://www.myntra.com/gateway/v4/search/h-and-m-kids?rows=50&o=5750&plaEnabled=false&xdEnabled=false&isFacet=true&p=116 | run_id=run_20260930_154906_269231_a733d1 | brand=H&M (Kids) | page=116 | route=https://www.myntra.com/h-and-m-kids | seen=5098 | expected=6204
2026-09-30 16:24:24 | INFO    | LISTING   | Listing H&M (Kids) route https://www.myntra.com/h-and-m-kids page 117 -> https://www.myntra.com/gateway/v4/search/h-and-m-kids?rows=50&o=5800&plaEnabled=false&xdEnabled=false&isFacet=true&p=117 | run_id=run_20260930_154906_269231_a733d1 | brand=H&M (Kids) | page=117 | route=https://www.myntra.com/h-and-m-kids | seen=5148 | expected=6204
2026-09-30 16:24:24 | INFO    | LISTING   | Listing H&M (Kids) route https://www.myntra.com/h-and-m-kids page 118 -> https://www.myntra.com/gateway/v4/search/h-and-m-kids?rows=50&o=5850&plaEnabled=false&xdEnabled=false&isFacet=true&p=118 | run_id=run_20260930_154906_269231_a733d1 | brand=H&M (Kids) | page=118 | route=https://www.myntra.com/h-and-m-kids | seen=5196 | expected=6204
2026-09-30 16:24:25 | INFO    | LISTING   | Listing H&M (Kids) route https://www.myntra.com/h-and-m-kids page 119 -> https://www.myntra.com/gateway/v4/search/h-and-m-kids?rows=50&o=5900&plaEnabled=false&xdEnabled=false&isFacet=true&p=119 | run_id=run_20260930_154906_269231_a733d1 | brand=H&M (Kids) | page=119 | route=https://www.myntra.com/h-and-m-kids | seen=5243 | expected=6204
2026-09-30 16:24:26 | INFO    | LISTING   | Listing H&M (Kids) route https://www.myntra.com/h-and-m-kids page 120 -> https://www.myntra.com/gateway/v4/search/h-and-m-kids?rows=50&o=5950&plaEnabled=false&xdEnabled=false&isFacet=true&p=120 | run_id=run_20260930_154906_269231_a733d1 | brand=H&M (Kids) | page=120 | route=https://www.myntra.com/h-and-m-kids | seen=5292 | expected=6204
2026-09-30 16:24:27 | INFO    | LISTING   | Listing H&M (Kids) route https://www.myntra.com/h-and-m-kids page 121 -> https://www.myntra.com/gateway/v4/search/h-and-m-kids?rows=50&o=6000&plaEnabled=false&xdEnabled=false&isFacet=true&p=121 | run_id=run_20260930_154906_269231_a733d1 | brand=H&M (Kids) | page=121 | route=https://www.myntra.com/h-and-m-kids | seen=5340 | expected=6204
2026-09-30 16:24:27 | INFO    | LISTING   | Listing H&M (Kids) route https://www.myntra.com/h-and-m-kids page 122 -> https://www.myntra.com/gateway/v4/search/h-and-m-kids?rows=50&o=6050&plaEnabled=false&xdEnabled=false&isFacet=true&p=122 | run_id=run_20260930_154906_269231_a733d1 | brand=H&M (Kids) | page=122 | route=https://www.myntra.com/h-and-m-kids | seen=5389 | expected=6204
2026-09-30 16:24:28 | INFO    | LISTING   | Listing H&M (Kids) route https://www.myntra.com/h-and-m-kids page 123 -> https://www.myntra.com/gateway/v4/search/h-and-m-kids?rows=50&o=6100&plaEnabled=false&xdEnabled=false&isFacet=true&p=123 | run_id=run_20260930_154906_269231_a733d1 | brand=H&M (Kids) | page=123 | route=https://www.myntra.com/h-and-m-kids | seen=5437 | expected=6204
2026-09-30 16:24:28 | INFO    | LISTING   | Listing H&M (Kids) route https://www.myntra.com/h-and-m-kids page 124 -> https://www.myntra.com/gateway/v4/search/h-and-m-kids?rows=50&o=6150&plaEnabled=false&xdEnabled=false&isFacet=true&p=124 | run_id=run_20260930_154906_269231_a733d1 | brand=H&M (Kids) | page=124 | route=https://www.myntra.com/h-and-m-kids | seen=5487 | expected=6204
2026-09-30 16:24:30 | INFO    | LISTING   | Listing H&M (Kids) route https://www.myntra.com/h-and-m-kids page 125 -> https://www.myntra.com/gateway/v4/search/h-and-m-kids?rows=50&o=6200&plaEnabled=false&xdEnabled=false&isFacet=true&p=125 | run_id=run_20260930_154906_269231_a733d1 | brand=H&M (Kids) | page=125 | route=https://www.myntra.com/h-and-m-kids | seen=5535 | expected=6204
2026-09-30 16:24:31 | INFO    | PDP       | Processed 2 target products for H&M (Kids) in 0s (280.36 products/min). | run_id=run_20260930_154906_269231_a733d1 | brand=H&M (Kids) | saved=2 | elapsed_label=0s | products_per_minute=280.36
2026-09-30 16:24:31 | WARNING | LISTING   | Retrying route https://www.myntra.com/h-and-m-kids for H&M (Kids) (pass 1/2) after incomplete coverage: 5584/6204 unique products seen. | run_id=run_20260930_154906_269231_a733d1 | brand=H&M (Kids) | route=https://www.myntra.com/h-and-m-kids | seen=5584 | expected=6204 | attempt=1/2
2026-09-30 16:24:31 | INFO    | LISTING   | Listing H&M (Kids) route https://www.myntra.com/h-and-m-kids page 1 -> https://www.myntra.com/gateway/v4/search/h-and-m-kids?rows=50&o=0&plaEnabled=false&xdEnabled=false&isFacet=true&p=1 | run_id=run_20260930_154906_269231_a733d1 | brand=H&M (Kids) | page=1 | route=https://www.myntra.com/h-and-m-kids | seen=5584 | expected=6204
2026-09-30 16:24:32 | INFO    | LISTING   | Listing H&M (Kids) route https://www.myntra.com/h-and-m-kids page 2 -> https://www.myntra.com/gateway/v4/search/h-and-m-kids?rows=50&o=50&plaEnabled=false&xdEnabled=false&isFacet=true&p=2 | run_id=run_20260930_154906_269231_a733d1 | brand=H&M (Kids) | page=2 | route=https://www.myntra.com/h-and-m-kids | seen=5584 | expected=6204
2026-09-30 16:24:33 | INFO    | LISTING   | Listing H&M (Kids) route https://www.myntra.com/h-and-m-kids page 3 -> https://www.myntra.com/gateway/v4/search/h-and-m-kids?rows=50&o=100&plaEnabled=false&xdEnabled=false&isFacet=true&p=3 | run_id=run_20260930_154906_269231_a733d1 | brand=H&M (Kids) | page=3 | route=https://www.myntra.com/h-and-m-kids | seen=5584 | expected=6204
2026-09-30 16:24:33 | WARNING | LISTING   | Route https://www.myntra.com/h-and-m-kids for H&M (Kids) stalled for 3 consecutive pages before reaching expected total; restarting route pass. | run_id=run_20260930_154906_269231_a733d1 | brand=H&M (Kids) | page=3 | route=https://www.myntra.com/h-and-m-kids | seen=5584 | expected=6204
2026-09-30 16:24:33 | WARNING | LISTING   | Retrying route https://www.myntra.com/h-and-m-kids for H&M (Kids) (pass 2/2) after incomplete coverage: 5584/6204 unique products seen. | run_id=run_20260930_154906_269231_a733d1 | brand=H&M (Kids) | route=https://www.myntra.com/h-and-m-kids | seen=5584 | expected=6204 | attempt=2/2
2026-09-30 16:24:33 | INFO    | LISTING   | Listing H&M (Kids) route https://www.myntra.com/h-and-m-kids page 1 -> https://www.myntra.com/gateway/v4/search/h-and-m-kids?rows=50&o=0&plaEnabled=false&xdEnabled=false&isFacet=true&p=1 | run_id=run_20260930_154906_269231_a733d1 | brand=H&M (Kids) | page=1 | route=https://www.myntra.com/h-and-m-kids | seen=5584 | expected=6204
2026-09-30 16:24:35 | INFO    | LISTING   | Listing H&M (Kids) route https://www.myntra.com/h-and-m-kids page 2 -> https://www.myntra.com/gateway/v4/search/h-and-m-kids?rows=50&o=50&plaEnabled=false&xdEnabled=false&isFacet=true&p=2 | run_id=run_20260930_154906_269231_a733d1 | brand=H&M (Kids) | page=2 | route=https://www.myntra.com/h-and-m-kids | seen=5584 | expected=6204
2026-09-30 16:24:36 | INFO    | LISTING   | Listing H&M (Kids) route https://www.myntra.com/h-and-m-kids page 3 -> https://www.myntra.com/gateway/v4/search/h-and-m-kids?rows=50&o=100&plaEnabled=false&xdEnabled=false&isFacet=true&p=3 | run_id=run_20260930_154906_269231_a733d1 | brand=H&M (Kids) | page=3 | route=https://www.myntra.com/h-and-m-kids | seen=5584 | expected=6204
2026-09-30 16:24:36 | WARNING | LISTING   | Route https://www.myntra.com/h-and-m-kids for H&M (Kids) stalled for 3 consecutive pages before reaching expected total; restarting route pass. | run_id=run_20260930_154906_269231_a733d1 | brand=H&M (Kids) | page=3 | route=https://www.myntra.com/h-and-m-kids | seen=5584 | expected=6204
2026-09-30 16:24:36 | INFO    | BRAND     | Skipping redundant route https://www.myntra.com/kids-hm for H&M (Kids) (100% of first page already captured). | run_id=run_20260930_154906_269231_a733d1 | brand=H&M (Kids) | route=https://www.myntra.com/kids-hm
2026-09-30 16:24:36 | WARNING | BRAND     | Brand H&M (Kids) finished below expected count: saw 5584 unique shirts products vs expected 6204. | run_id=run_20260930_154906_269231_a733d1 | brand=H&M (Kids) | seen=5584 | expected=6204
2026-09-30 16:24:36 | INFO    | BRAND     | Brand scrape completed in 1m 33s (3622.24 products/min). | run_id=run_20260930_154906_269231_a733d1 | brand=H&M (Kids) | status=COMPLETED | saved=5589 | seen=5585 | expected=6204 | elapsed_label=1m 33s | products_per_minute=3622.24
2026-09-30 16:24:36 | INFO    | AUDIT     | Audit retry completed for H&M (Kids): saved=2, shortfall_before=347 | run_id=run_20260930_154906_269231_a733d1 | brand=H&M (Kids) | saved=2
2026-09-30 16:24:51 | INFO    | INVENTORY | Final inventory repair completed. | run_id=run_20260930_154906_269231_a733d1
2026-09-30 16:24:58 | INFO    | SNAPSHOT  | Final snapshot created. | run_id=run_20260930_154906_269231_a733d1
{
  "myntra": {
    "run_id": "run_20260930_154906_269231_a733d1",
    "brands_requested": 6,
    "brands_completed": 6,
    "saved_products": 21361,
    "listing_pages": 1002,
    "brands_not_currently_listed_on_myntra": [
      "H&M (Kids)",
      "U.S. Polo Kids"
    ],
    "marketplace_available_brand_count": 4551,
    "listing_products_seen": 50043,
    "listing_products_kept": 21361,
    "pdp_fetched": 21361,
    "pdp_failed": 0,
    "pdp_retry_recovered": 0,
    "pdp_skipped": 0,
    "products_saved": 21361,
    "strict_full_pdp_only": true,
    "failed_pdp_log": "/Users/turbom/Desktop/MYNTRA GTM BRANDS/Kids/logs/failed_pdp_products.jsonl",
    "brand_run_details": {
      "Kidbea": {
        "expected_brand_total": 888,
        "unique_target_products_seen": 788,
        "brand_completion_ratio": 0.8874,
        "routes_scraped": [
          {
            "url": "https://www.myntra.com/kidbea",
            "route_total_count": 888,
            "route_brand_count": 888,
            "route_unique_target_products_seen": 787,
            "route_total_pages_planned": 28,
            "route_completion_ratio": 0.8863,
            "route_fetch_error": "Failed to fetch JSON payload from https://www.myntra.com/gateway/v4/search/kidbea?rows=50&o=999&plaEnabled=false&xdEnabled=false&isFacet=true&p=21: HTTP Error 400: "
          }
        ],
        "saved_products": 788,
        "duration_seconds": 28.69,
        "duration_label": "29s",
        "products_per_minute": 1648.11,
        "db_product_count": 790,
        "audit_shortfall": 98,
        "audit_complete": false
      },
      "Hopscotch": {
        "expected_brand_total": 5129,
        "unique_target_products_seen": 4854,
        "brand_completion_ratio": 0.9464,
        "routes_scraped": [
          {
            "url": "https://www.myntra.com/hopscotch",
            "route_total_count": 5129,
            "route_brand_count": 5129,
            "route_unique_target_products_seen": 4852,
            "route_total_pages_planned": 103,
            "route_completion_ratio": 0.946,
            "route_fetch_error": null
          }
        ],
        "saved_products": 4855,
        "duration_seconds": 63.74,
        "duration_label": "1m 4s",
        "products_per_minute": 4570.1,
        "db_product_count": 4966,
        "audit_shortfall": 163,
        "audit_complete": false
      },
      "H&M (Kids)": {
        "expected_brand_total": 6204,
        "unique_target_products_seen": 5585,
        "brand_completion_ratio": 0.9002,
        "routes_scraped": [
          {
            "url": "https://www.myntra.com/h-and-m-kids",
            "route_total_count": 6204,
            "route_brand_count": 6204,
            "route_unique_target_products_seen": 5584,
            "route_total_pages_planned": 125,
            "route_completion_ratio": 0.9001,
            "route_fetch_error": null
          }
        ],
        "saved_products": 5589,
        "duration_seconds": 92.58,
        "duration_label": "1m 33s",
        "products_per_minute": 3622.24,
        "db_product_count": 5859,
        "audit_shortfall": 345,
        "audit_complete": false
      },
      "Next": {
        "expected_brand_total": 2318,
        "unique_target_products_seen": 2298,
        "brand_completion_ratio": 0.9914,
        "routes_scraped": [
          {
            "url": "https://www.myntra.com/next-kids",
            "route_total_count": 2318,
            "route_brand_count": 2318,
            "route_unique_target_products_seen": 2298,
            "route_total_pages_planned": 73,
            "route_completion_ratio": 0.9914,
            "route_fetch_error": "Failed to fetch JSON payload from https://www.myntra.com/gateway/v4/search/next-kids?rows=50&o=2399&plaEnabled=false&xdEnabled=false&isFacet=true&p=49: HTTP Error 400: "
          }
        ],
        "saved_products": 2298,
        "duration_seconds": 178.78,
        "duration_label": "2m 59s",
        "products_per_minute": 771.23,
        "db_product_count": 2321,
        "audit_shortfall": 0,
        "audit_complete": true
      },
      "Gini and Jony": {
        "expected_brand_total": 2550,
        "unique_target_products_seen": 2537,
        "brand_completion_ratio": 0.9949,
        "routes_scraped": [
          {
            "url": "https://www.myntra.com/gini-and-jony",
            "route_total_count": 2550,
            "route_brand_count": 2550,
            "route_unique_target_products_seen": 2537,
            "route_total_pages_planned": 80,
            "route_completion_ratio": 0.9949,
            "route_fetch_error": "Failed to fetch JSON payload from https://www.myntra.com/gateway/v4/search/gini-and-jony?rows=50&o=2649&plaEnabled=false&xdEnabled=false&isFacet=true&p=54: HTTP Error 400: "
          }
        ],
        "saved_products": 2537,
        "duration_seconds": 211.84,
        "duration_label": "3m 32s",
        "products_per_minute": 718.55,
        "db_product_count": 2559,
        "audit_shortfall": 0,
        "audit_complete": true
      },
      "U.S. Polo Kids": {
        "expected_brand_total": 5351,
        "unique_target_products_seen": 5294,
        "brand_completion_ratio": 0.9893,
        "routes_scraped": [
          {
            "url": "https://www.myntra.com/us-polo-assn-kids",
            "route_total_count": 5351,
            "route_brand_count": 5351,
            "route_unique_target_products_seen": 5294,
            "route_total_pages_planned": 168,
            "route_completion_ratio": 0.9893,
            "route_fetch_error": "Failed to fetch JSON payload from https://www.myntra.com/gateway/v4/search/us-polo-assn-kids?rows=50&o=5449&plaEnabled=false&xdEnabled=false&isFacet=true&p=110: HTTP Error 400: "
          }
        ],
        "saved_products": 5294,
        "duration_seconds": 410.17,
        "duration_label": "6m 50s",
        "products_per_minute": 774.41,
        "db_product_count": 5329,
        "audit_shortfall": 22,
        "audit_complete": true
      }
    },
    "brand_failures": {},
    "brands_failed": [],
    "brand_audit_runs": [
      {
        "pass": 1,
        "incomplete_brands": [
          {
            "brand": "Kidbea",
            "expected_brand_total": 890,
            "db_product_count": 790,
            "shortfall": 100,
            "is_complete": false
          },
          {
            "brand": "Hopscotch",
            "expected_brand_total": 5128,
            "db_product_count": 4966,
            "shortfall": 162,
            "is_complete": false
          },
          {
            "brand": "H&M (Kids)",
            "expected_brand_total": 6202,
            "db_product_count": 5854,
            "shortfall": 348,
            "is_complete": false
          }
        ]
      },
      {
        "pass": 2,
        "incomplete_brands": [
          {
            "brand": "Kidbea",
            "expected_brand_total": 888,
            "db_product_count": 790,
            "shortfall": 98,
            "is_complete": false
          },
          {
            "brand": "Hopscotch",
            "expected_brand_total": 5129,
            "db_product_count": 4966,
            "shortfall": 163,
            "is_complete": false
          },
          {
            "brand": "H&M (Kids)",
            "expected_brand_total": 6204,
            "db_product_count": 5857,
            "shortfall": 347,
            "is_complete": false
          }
        ]
      }
    ],
    "brand_audit_final": [
      {
        "brand": "Kidbea",
        "expected_brand_total": 888,
        "db_product_count": 790,
        "shortfall": 98,
        "is_complete": false
      },
      {
        "brand": "Hopscotch",
        "expected_brand_total": 5129,
        "db_product_count": 4966,
        "shortfall": 163,
        "is_complete": false
      },
      {
        "brand": "H&M (Kids)",
        "expected_brand_total": 6204,
        "db_product_count": 5859,
        "shortfall": 345,
        "is_complete": false
      },
      {
        "brand": "Next",
        "expected_brand_total": 2318,
        "db_product_count": 2321,
        "shortfall": 0,
        "is_complete": true
      },
      {
        "brand": "Gini and Jony",
        "expected_brand_total": 2550,
        "db_product_count": 2559,
        "shortfall": 0,
        "is_complete": true
      },
      {
        "brand": "U.S. Polo Kids",
        "expected_brand_total": 5351,
        "db_product_count": 5329,
        "shortfall": 22,
        "is_complete": true
      }
    ],
    "brands_incomplete_after_audit": [
      "Kidbea",
      "Hopscotch",
      "H&M (Kids)"
    ],
    "missing_target_brands_in_db": [],
    "periodic_snapshots": [],
    "periodic_snapshot_errors": [],
    "inventory_repair": {
      "scanned_rows": 152328,
      "updated_rows": 0,
      "scanned_products": 21848,
      "updated_products": 0
    },
    "snapshot": {
      "date": "2026-09-30T15:49:06+05:30",
      "snapshot_at": "2026-09-30T15:49:06+05:30",
      "products_snapshotted": 21824,
      "units_sold": 9314,
      "revenue": 10202699.0,
      "stock_added": 17626
    },
    "duration_seconds": 2151.95,
    "run_status": "COMPLETED_WITH_ERRORS"
  }
}
